{
"type": "FeatureCollection",
"name": "urban_centres",
"features": [
{ "type": "Feature", "properties": { "center_id": "T01N001", "tree_id": "T01", "parent_id": "T01N017", "child_ids": "", "level": 1, "type": "basic", "main": 1, "contour_v": 55.0, "peak_ntl": 86.804366152836621, "area_km2": 33.903847752574229, "min_ntl": 49.293895721435547, "max_ntl": 114.25871276855469, "tntl": 9183.4715766906738, "avg_ntl": 66.068140839501254, "std_ntl": 10.663836146586569, "perim_km": 43.00026711764481, "orient_deg": 163.81746243690645, "compact": 0.23041807620557339, "elongated": 1.4624270488893412, "ulig": 0.013458820404855873, "n_children": 0 }, "geometry": { "type": "Polygon", "coordinates": [ [ [ 50709.519868028903147, -5739.389423821150558 ], [ 50621.689454889055924, -5632.931085028700181 ], [ 50555.74212092885864, -5132.931085028700181 ], [ 50209.519868028903147, -4708.365881288191304 ], [ 49917.757198337712907, -4632.931085028700181 ], [ 50209.519868028903147, -4262.52757127143559 ], [ 50303.756837740322226, -4132.931085028700181 ], [ 50532.152875320214662, -3632.931085028700181 ], [ 50333.610672485898249, -3132.931085028700181 ], [ 50209.519868028903147, -2783.430467643396696 ], [ 50144.197623790838406, -2632.931085028700181 ], [ 49709.519868028903147, -2181.226096394340857 ], [ 49209.519868028903147, -2404.2852188902325 ], [ 48709.519868028903147, -2467.039002045552479 ], [ 48209.519868028903147, -2461.409865406050812 ], [ 47919.989026976734749, -2632.931085028700181 ], [ 48209.519868028903147, -2902.371502246998716 ], [ 48296.374434286277392, -3132.931085028700181 ], [ 48209.519868028903147, -3611.074547649433953 ], [ 48198.555470154809882, -3632.931085028700181 ], [ 47709.519868028903147, -3818.067364487767918 ], [ 47209.519868028903147, -3813.376315546760452 ], [ 46991.228487694999785, -3632.931085028700181 ], [ 47021.501005235375487, -3132.931085028700181 ], [ 47209.519868028903147, -2853.354147769437986 ], [ 47525.334435908720479, -2632.931085028700181 ], [ 47709.519868028903147, -2300.629868496936979 ], [ 47789.90147239122598, -2132.931085028700181 ], [ 47709.519868028903147, -2120.54117236485763 ], [ 47209.519868028903147, -2051.05660652257211 ], [ 46940.984468083741376, -2132.931085028700181 ], [ 46709.519868028903147, -2334.169988810957875 ], [ 46564.916530158297974, -2632.931085028700181 ], [ 46253.766355302053853, -3132.931085028700181 ], [ 46209.519868028903147, -3230.588079692039173 ], [ 46050.84846871944319, -3632.931085028700181 ], [ 45709.519868028903147, -3897.924790888180723 ], [ 45213.256005660616211, -4132.931085028700181 ], [ 45209.519868028903147, -4143.309311824894394 ], [ 45204.658980653941398, -4132.931085028700181 ], [ 44709.519868028903147, -3973.296462887505186 ], [ 44490.196358103858074, -3632.931085028700181 ], [ 44209.519868028903147, -3351.303595629957272 ], [ 43819.498470259670285, -3132.931085028700181 ], [ 43709.519868028903147, -3076.337953664566157 ], [ 43209.519868028903147, -3080.038513959618285 ], [ 43026.069886456694803, -3132.931085028700181 ], [ 42709.519868028903147, -3209.558254941177438 ], [ 42209.519868028903147, -3184.476219832795323 ], [ 42132.248906702894601, -3132.931085028700181 ], [ 41709.519868028903147, -2706.419642198612564 ], [ 41667.495810186956078, -2632.931085028700181 ], [ 41663.52853625730495, -2132.931085028700181 ], [ 41709.519868028903147, -2043.274383419775404 ], [ 42187.921380155807128, -1632.931085028700181 ], [ 42209.519868028903147, -1616.784696265080129 ], [ 42709.519868028903147, -1480.424411608924856 ], [ 43209.519868028903147, -1206.524145768635208 ], [ 43296.253372594335815, -1132.931085028700181 ], [ 43209.519868028903147, -998.506629689858528 ], [ 42941.800009421873256, -632.931085028700181 ], [ 42709.519868028903147, -450.348589285102207 ], [ 42364.323937096953159, -132.931085028700181 ], [ 42302.1593660190847, 367.068914971299819 ], [ 42395.411874555822578, 867.068914971299819 ], [ 42709.519868028903147, 1005.315748410197557 ], [ 43209.519868028903147, 1187.340974758844823 ], [ 43709.519868028903147, 1202.053668797685532 ], [ 44099.600668242157553, 867.068914971299819 ], [ 44209.519868028903147, 799.531039811001392 ], [ 44709.519868028903147, 538.716220288479235 ], [ 45209.519868028903147, 475.624103858935996 ], [ 45709.519868028903147, 670.75047319442092 ], [ 46092.957899914850714, 867.068914971299819 ], [ 46209.519868028903147, 932.015089358843397 ], [ 46709.519868028903147, 1181.91553424486483 ], [ 47081.437694211650523, 1367.068914971299819 ], [ 47168.096267121756682, 1867.068914971299819 ], [ 47209.519868028903147, 1967.78486597436131 ], [ 47709.519868028903147, 2018.468803945826949 ], [ 48209.519868028903147, 1978.038951257243752 ], [ 48709.519868028903147, 2085.915248761026305 ], [ 49209.519868028903147, 2040.758658602135256 ], [ 49432.211508986845729, 1867.068914971299819 ], [ 49680.357559386669891, 1367.068914971299819 ], [ 49709.519868028903147, 928.187398743451922 ], [ 49715.356448461025138, 867.068914971299819 ], [ 49709.519868028903147, 859.086814272988704 ], [ 49209.519868028903147, 585.729661879769992 ], [ 48709.519868028903147, 451.043238597558229 ], [ 48553.017530415338115, 367.068914971299819 ], [ 48624.177510834604618, -132.931085028700181 ], [ 48709.519868028903147, -226.809645051849657 ], [ 49013.674498825959745, -632.931085028700181 ], [ 49209.519868028903147, -928.778922833211254 ], [ 49381.63160895879264, -1132.931085028700181 ], [ 49674.002445545324008, -1632.931085028700181 ], [ 49709.519868028903147, -1917.393634942069184 ], [ 49855.761306754953694, -2132.931085028700181 ], [ 50209.519868028903147, -2449.177613092193496 ], [ 50709.519868028903147, -2193.116487616382074 ], [ 51209.519868028903147, -2254.156752541603055 ], [ 51709.519868028903147, -2435.473427493940108 ], [ 51871.45884913833288, -2632.931085028700181 ], [ 51709.519868028903147, -2924.136290098904283 ], [ 51544.802076080639381, -3132.931085028700181 ], [ 51209.519868028903147, -3442.812547273715609 ], [ 50850.703286552074132, -3632.931085028700181 ], [ 50762.531401868080138, -4132.931085028700181 ], [ 50767.809517710775253, -4632.931085028700181 ], [ 50939.394088483750238, -5132.931085028700181 ], [ 51209.519868028903147, -5425.671288348079543 ], [ 51250.447816479645553, -5632.931085028700181 ], [ 51209.519868028903147, -5699.908433591946959 ], [ 50709.519868028903147, -5739.389423821150558 ] ] ] } },
{ "type": "Feature", "properties": { "center_id": "T01N002", "tree_id": "T01", "parent_id": "T01N023", "child_ids": "", "level": 1, "type": "basic", "main": 0, "contour_v": 45.0, "peak_ntl": 135.68145588587859, "area_km2": 33.509831418515894, "min_ntl": 30.079124450683594, "max_ntl": 167.89590454101562, "tntl": 9503.7698669433594, "avg_ntl": 69.370582970389478, "std_ntl": 27.480328781785449, "perim_km": 29.970508268120177, "orient_deg": 139.90659397198729, "compact": 0.46880678724855618, "elongated": 1.5839747969070066, "ulig": 0.025877156928987288, "n_children": 0 }, "geometry": { "type": "Polygon", "coordinates": [ [ [ 32209.519868028906785, -10827.3511365402519 ], [ 31933.866779981613945, -10632.931085028700181 ], [ 31972.73610534470572, -10132.931085028700181 ], [ 31709.519868028906785, -9752.777029485529056 ], [ 31209.519868028906785, -9721.479059244244127 ], [ 31033.8060545252265, -9632.931085028700181 ], [ 30919.135953172775771, -9132.931085028700181 ], [ 31158.81084953905156, -8632.931085028700181 ], [ 30709.519868028906785, -8358.47992188311764 ], [ 30209.519868028906785, -8160.198946827455075 ], [ 30180.200658724814275, -8132.931085028700181 ], [ 29709.519868028906785, -7978.92807130656729 ], [ 29209.519868028906785, -7674.002254070946947 ], [ 29115.224673911139689, -7632.931085028700181 ], [ 28709.519868028906785, -7514.428184717631666 ], [ 28209.519868028906785, -7356.551926872663898 ], [ 27833.623909309568262, -7132.931085028700181 ], [ 27709.519868028906785, -6998.561175026348792 ], [ 27209.519868028906785, -6655.590742473912542 ], [ 27198.120866752444272, -6632.931085028700181 ], [ 27209.519868028906785, -6613.078381092564086 ], [ 27300.929067713452241, -6132.931085028700181 ], [ 27566.022245689320698, -5632.931085028700181 ], [ 27709.519868028906785, -5469.282291344643454 ], [ 28002.432996983206976, -5132.931085028700181 ], [ 28209.519868028906785, -4821.002580399115686 ], [ 28266.274277101420012, -4632.931085028700181 ], [ 28371.022911057403689, -4132.931085028700181 ], [ 28518.859027278518624, -3632.931085028700181 ], [ 28709.519868028906785, -3319.316772006175597 ], [ 28889.551861070391169, -3132.931085028700181 ], [ 29209.519868028906785, -2936.923556425201241 ], [ 29709.519868028906785, -2941.179805629508337 ], [ 30209.519868028906785, -3001.978639388122247 ], [ 30709.519868028906785, -2975.06039907495142 ], [ 31209.519868028906785, -3069.303758868045406 ], [ 31294.346940382496541, -3132.931085028700181 ], [ 31709.519868028906785, -3478.170566424916615 ], [ 31802.238169744636252, -3632.931085028700181 ], [ 32083.592931288421823, -4132.931085028700181 ], [ 32209.519868028906785, -4495.348991584163741 ], [ 32329.351325501531392, -4632.931085028700181 ], [ 32709.519868028906785, -4821.432643217238365 ], [ 33209.519868028903147, -4784.748564555702615 ], [ 33629.750498424851685, -5132.931085028700181 ], [ 33709.519868028903147, -5313.507174318321631 ], [ 33809.786058266108739, -5632.931085028700181 ], [ 34087.583316003103391, -6132.931085028700181 ], [ 34209.519868028903147, -6293.783306065030047 ], [ 34709.519868028903147, -6464.208652260480449 ], [ 35115.070708516097511, -6632.931085028700181 ], [ 35209.519868028903147, -6869.567164864944061 ], [ 35373.265318143879995, -7132.931085028700181 ], [ 35709.519868028903147, -7558.864715370844351 ], [ 36111.757154975784943, -7632.931085028700181 ], [ 35709.519868028903147, -7746.465528586835717 ], [ 35567.655202886919142, -8132.931085028700181 ], [ 35209.519868028903147, -8502.082931428973097 ], [ 34709.519868028903147, -8510.331985453463858 ], [ 34476.593495940018329, -8132.931085028700181 ], [ 34209.519868028903147, -7838.892938625620445 ], [ 33709.519868028903147, -7676.573820889359922 ], [ 33209.519868028903147, -7846.211925177063677 ], [ 32709.519868028906785, -8115.205715373100247 ], [ 32678.356418215360463, -8132.931085028700181 ], [ 32709.519868028906785, -8289.961153783719055 ], [ 32781.678953149719746, -8632.931085028700181 ], [ 33209.519868028903147, -9046.60195416471106 ], [ 33478.594906464408268, -9132.931085028700181 ], [ 33709.519868028903147, -9251.849169212757261 ], [ 34037.597570425263257, -9632.931085028700181 ], [ 33868.348218657265534, -10132.931085028700181 ], [ 33709.519868028903147, -10233.013246527450974 ], [ 33209.519868028903147, -10511.99783496731834 ], [ 32769.728083079811768, -10632.931085028700181 ], [ 32709.519868028906785, -10651.822334876516834 ], [ 32209.519868028906785, -10827.3511365402519 ] ] ] } },
{ "type": "Feature", "properties": { "center_id": "T01N003", "tree_id": "T01", "parent_id": "T01N025", "child_ids": "", "level": 1, "type": "basic", "main": 0, "contour_v": 42.0, "peak_ntl": 76.226762523398094, "area_km2": 33.503006613870284, "min_ntl": 35.886501312255859, "max_ntl": 87.359329223632812, "tntl": 7252.9338188171387, "avg_ntl": 53.725435694941766, "std_ntl": 11.151466020557343, "perim_km": 33.016147042434618, "orient_deg": 25.699647433260967, "compact": 0.38622543141361471, "elongated": 1.1135174732212907, "ulig": 0.014259436501458129, "n_children": 0 }, "geometry": { "type": "Polygon", "coordinates": [ [ [ 56709.519868028903147, -9497.705618230451364 ], [ 56209.519868028903147, -9613.689822416083189 ], [ 55709.519868028903147, -9549.687213492492447 ], [ 55209.519868028903147, -9410.276519738938077 ], [ 54709.519868028903147, -9147.052223836246412 ], [ 54597.613478043262148, -9132.931085028700181 ], [ 54336.746263344903127, -8632.931085028700181 ], [ 54621.10293947129685, -8132.931085028700181 ], [ 54709.519868028903147, -8009.20175544959784 ], [ 54904.5495908784942, -7632.931085028700181 ], [ 55209.519868028903147, -7146.379216014305712 ], [ 55227.606830391960102, -7132.931085028700181 ], [ 55209.519868028903147, -7032.81776022259146 ], [ 55165.332271678664256, -6632.931085028700181 ], [ 54975.126473663010984, -6132.931085028700181 ], [ 54888.730368759890553, -5632.931085028700181 ], [ 55018.14681061009469, -5132.931085028700181 ], [ 54709.519868028903147, -4779.669901963599841 ], [ 54209.519868028903147, -4796.183777007026947 ], [ 53709.519868028903147, -4836.32601153163705 ], [ 53209.519868028903147, -4865.993673470016802 ], [ 52709.519868028903147, -4755.139727704881807 ], [ 52411.706581491074758, -4632.931085028700181 ], [ 52500.333152980718296, -4132.931085028700181 ], [ 52709.519868028903147, -3935.906095709244255 ], [ 52931.828575384439318, -3632.931085028700181 ], [ 53209.519868028903147, -3369.580480155200348 ], [ 53540.231571383832488, -3132.931085028700181 ], [ 53709.519868028903147, -2941.971417162756552 ], [ 54209.519868028903147, -2948.971389859871124 ], [ 54406.003586319129681, -3132.931085028700181 ], [ 54709.519868028903147, -3364.549940629905905 ], [ 55055.148777986250934, -3632.931085028700181 ], [ 55209.519868028903147, -4124.546181885903934 ], [ 55454.351972195887356, -4132.931085028700181 ], [ 55209.519868028903147, -4159.570182940020459 ], [ 55008.342210795613937, -4632.931085028700181 ], [ 55209.519868028903147, -4788.339241594381747 ], [ 55709.519868028903147, -4995.750036595927668 ], [ 55936.825941866933135, -4632.931085028700181 ], [ 55714.350549074370065, -4132.931085028700181 ], [ 55869.896044096865808, -3632.931085028700181 ], [ 56209.519868028903147, -3411.727329713772633 ], [ 56701.947698779520579, -3132.931085028700181 ], [ 56709.519868028903147, -3129.367903328937246 ], [ 56783.716332234835136, -3132.931085028700181 ], [ 57209.519868028903147, -3161.422661301694461 ], [ 57709.519868028903147, -3425.79009196885454 ], [ 58209.519868028903147, -3614.220303281210363 ], [ 58505.214703936697333, -3632.931085028700181 ], [ 58709.519868028903147, -3654.408491589536425 ], [ 58734.483548883363255, -3632.931085028700181 ], [ 59184.336439321472426, -3132.931085028700181 ], [ 59209.519868028903147, -3105.617907610256225 ], [ 59635.9047533840494, -2632.931085028700181 ], [ 59709.519868028903147, -2583.444245661579771 ], [ 59955.536926866028807, -2632.931085028700181 ], [ 60209.519868028903147, -2727.899910248102969 ], [ 60477.748982305070967, -3132.931085028700181 ], [ 60709.519868028903147, -3527.134849745139945 ], [ 60909.465815872506937, -3632.931085028700181 ], [ 60982.225995810586028, -4132.931085028700181 ], [ 60709.519868028903147, -4390.544002204362187 ], [ 60602.0356708632753, -4632.931085028700181 ], [ 60230.71898976394732, -5132.931085028700181 ], [ 60209.519868028903147, -5317.969127795906388 ], [ 60149.42859378803405, -5632.931085028700181 ], [ 60209.519868028903147, -5665.863720245935838 ], [ 60709.519868028903147, -5806.329992761384347 ], [ 61209.519868028903147, -5948.215349107529619 ], [ 61437.772860294688144, -6132.931085028700181 ], [ 61209.519868028903147, -6594.010686217297916 ], [ 61193.115832952244091, -6632.931085028700181 ], [ 60709.519868028903147, -6992.936862039598054 ], [ 60545.485302878616494, -7132.931085028700181 ], [ 60209.519868028903147, -7324.40668340557022 ], [ 59709.519868028903147, -7575.784582812353619 ], [ 59502.651842493069125, -7632.931085028700181 ], [ 59209.519868028903147, -7710.088099975473597 ], [ 58709.519868028903147, -7773.007273457740666 ], [ 58209.519868028903147, -8006.448123242866131 ], [ 58073.745384492707672, -8132.931085028700181 ], [ 57731.688744352111826, -8632.931085028700181 ], [ 57709.519868028903147, -8693.162082853508764 ], [ 57358.915097855962813, -9132.931085028700181 ], [ 57209.519868028903147, -9321.215271725392086 ], [ 56709.519868028903147, -9497.705618230451364 ] ] ] } },
{ "type": "Feature", "properties": { "center_id": "T01N004", "tree_id": "T01", "parent_id": "T01N028", "child_ids": "", "level": 1, "type": "basic", "main": 0, "contour_v": 36.0, "peak_ntl": 54.711423399259225, "area_km2": 21.561389248336848, "min_ntl": 32.720321655273438, "max_ntl": 64.712875366210938, "tntl": 4070.460807800293, "avg_ntl": 46.786905836784975, "std_ntl": 7.0248719136101752, "perim_km": 23.444141510102458, "orient_deg": 110.62864564108267, "compact": 0.49296709969778829, "elongated": 2.6963989659862606, "ulig": 0.012986604119238753, "n_children": 0 }, "geometry": { "type": "Polygon", "coordinates": [ [ [ 65580.263477536922437, -8632.931085028700181 ], [ 65209.519868028903147, -8555.862078641555854 ], [ 64979.719177545688581, -8132.931085028700181 ], [ 64731.01971863808285, -7632.931085028700181 ], [ 64709.519868028903147, -7580.754286550887628 ], [ 64575.063878836954245, -7132.931085028700181 ], [ 64422.634479673200985, -6632.931085028700181 ], [ 64209.519868028903147, -6282.487959726888221 ], [ 64059.617705536118592, -6132.931085028700181 ], [ 63709.519868028903147, -5728.580531956147752 ], [ 63443.667442836420378, -5632.931085028700181 ], [ 63551.443226601724746, -5132.931085028700181 ], [ 63709.519868028903147, -5094.359770565861254 ], [ 64209.519868028903147, -4657.197544548325823 ], [ 64230.877299182349816, -4632.931085028700181 ], [ 64323.140521872250247, -4132.931085028700181 ], [ 64209.519868028903147, -3935.660246716055553 ], [ 64004.223690568294842, -3632.931085028700181 ], [ 63709.519868028903147, -3325.170778657746268 ], [ 63547.312311904213857, -3132.931085028700181 ], [ 63241.045241678424645, -2632.931085028700181 ], [ 63209.519868028903147, -2533.589036560937529 ], [ 63041.69292135683645, -2132.931085028700181 ], [ 62985.620233044362976, -1632.931085028700181 ], [ 62965.489314090184052, -1132.931085028700181 ], [ 62926.263280962288263, -632.931085028700181 ], [ 62938.440969171439065, -132.931085028700181 ], [ 63097.100712877465412, 367.068914971299819 ], [ 63209.519868028903147, 509.234302445955109 ], [ 63709.519868028903147, 820.960422538395505 ], [ 63926.609067122757551, 867.068914971299819 ], [ 64209.519868028903147, 931.612938272970496 ], [ 64370.676582529660664, 867.068914971299819 ], [ 64709.519868028903147, 662.607209061912727 ], [ 64890.181059406342683, 367.068914971299819 ], [ 65091.565749288187362, -132.931085028700181 ], [ 65209.519868028903147, -424.044746910964022 ], [ 65355.607112982717808, -632.931085028700181 ], [ 65293.775476774259005, -1132.931085028700181 ], [ 65209.519868028903147, -1262.144555340972147 ], [ 65033.881076972800656, -1632.931085028700181 ], [ 65144.64103356571286, -2132.931085028700181 ], [ 65209.519868028903147, -2241.687164972594474 ], [ 65532.246615960073541, -2632.931085028700181 ], [ 65709.519868028903147, -2937.152725247346098 ], [ 65820.051009028058616, -3132.931085028700181 ], [ 65995.9275667269103, -3632.931085028700181 ], [ 66209.519868028903147, -3973.752928026369773 ], [ 66303.464238366854261, -4132.931085028700181 ], [ 66709.519868028903147, -4592.098120768016088 ], [ 66763.801634863033541, -4632.931085028700181 ], [ 67049.614079246530309, -5132.931085028700181 ], [ 67002.259868228095002, -5632.931085028700181 ], [ 66988.775273372768424, -6132.931085028700181 ], [ 67024.476584497824661, -6632.931085028700181 ], [ 67013.226846153789666, -7132.931085028700181 ], [ 66926.712752222956624, -7632.931085028700181 ], [ 66709.519868028903147, -7982.369144450392923 ], [ 66496.02906492940383, -8132.931085028700181 ], [ 66209.519868028903147, -8281.174257758015301 ], [ 65739.271422560268547, -8632.931085028700181 ], [ 65709.519868028903147, -8656.742666505524539 ], [ 65580.263477536922437, -8632.931085028700181 ] ] ] } },
{ "type": "Feature", "properties": { "center_id": "T01N005", "tree_id": "T01", "parent_id": "T01N026", "child_ids": "", "level": 1, "type": "basic", "main": 0, "contour_v": 40.0, "peak_ntl": 99.781709830499224, "area_km2": 20.641725686813675, "min_ntl": 35.400447845458984, "max_ntl": 130.65190124511719, "tntl": 4630.6790504455566, "avg_ntl": 55.791313860789842, "std_ntl": 16.574044651530194, "perim_km": 18.749953782798155, "orient_deg": 66.040979518857071, "compact": 0.73782856209862135, "elongated": 1.5090684801641976, "ulig": 0.020724275101347386, "n_children": 0 }, "geometry": { "type": "Polygon", "coordinates": [ [ [ 56611.508569527097279, -1132.931085028700181 ], [ 56209.519868028903147, -1020.818288802169263 ], [ 55709.519868028903147, -838.148503141535912 ], [ 55345.822286091992282, -632.931085028700181 ], [ 55362.105147616166505, -132.931085028700181 ], [ 55391.895971349469619, 367.068914971299819 ], [ 55442.527219364012126, 867.068914971299819 ], [ 55709.519868028903147, 1118.606219995825086 ], [ 56209.519868028903147, 1171.321569615785847 ], [ 56709.519868028903147, 1303.205791322048753 ], [ 56763.851808326682658, 1367.068914971299819 ], [ 56989.328091422139551, 1867.068914971299819 ], [ 57079.22524254018208, 2367.068914971299819 ], [ 56925.321811888949014, 2867.068914971299819 ], [ 56709.519868028903147, 3283.423485475665075 ], [ 56651.205309361568652, 3367.068914971299819 ], [ 56709.519868028903147, 3445.772675886866637 ], [ 57043.944242680780008, 3867.068914971299819 ], [ 57209.519868028903147, 3953.700143280017073 ], [ 57709.519868028903147, 4229.020345447119325 ], [ 58123.918923182907747, 4367.068914971299819 ], [ 58209.519868028903147, 4406.848159314642544 ], [ 58709.519868028903147, 4595.740218062346685 ], [ 59209.519868028903147, 4659.604445342003601 ], [ 59709.519868028903147, 4617.539263721497264 ], [ 60030.616950905285194, 4367.068914971299819 ], [ 60209.519868028903147, 4248.924183209092007 ], [ 60501.53616408216476, 3867.068914971299819 ], [ 60628.881266716707614, 3367.068914971299819 ], [ 60574.284242688678205, 2867.068914971299819 ], [ 60489.866089947056025, 2367.068914971299819 ], [ 60529.11124646726239, 1867.068914971299819 ], [ 60457.852585332657327, 1367.068914971299819 ], [ 60209.519868028903147, 996.970011319353944 ], [ 60112.633579778615967, 867.068914971299819 ], [ 59852.63139715444413, 367.068914971299819 ], [ 59767.608026417554356, -132.931085028700181 ], [ 59709.519868028903147, -316.954376974259503 ], [ 59325.366564484633273, -632.931085028700181 ], [ 59209.519868028903147, -663.245222709825612 ], [ 58709.519868028903147, -698.539692252044915 ], [ 58209.519868028903147, -771.513624112660182 ], [ 57709.519868028903147, -912.53242518089246 ], [ 57209.519868028903147, -1118.182806244847598 ], [ 57022.803802381720743, -1132.931085028700181 ], [ 56709.519868028903147, -1157.607247166335583 ], [ 56611.508569527097279, -1132.931085028700181 ] ] ] } },
{ "type": "Feature", "properties": { "center_id": "T01N006", "tree_id": "T01", "parent_id": "T01N027", "child_ids": "", "level": 1, "type": "basic", "main": 0, "contour_v": 38.0, "peak_ntl": 82.797911365286367, "area_km2": 19.688555583728593, "min_ntl": 33.841159820556641, "max_ntl": 112.60111236572266, "tntl": 3979.1104545593262, "avg_ntl": 50.368486766573746, "std_ntl": 13.632318512551688, "perim_km": 22.983318190111842, "orient_deg": 142.24935014790702, "compact": 0.46837991213301111, "elongated": 1.63709171040143, "ulig": 0.016395880296013139, "n_children": 0 }, "geometry": { "type": "Polygon", "coordinates": [ [ [ 32209.519868028906785, 773.256081488390919 ], [ 31925.325860847118747, 867.068914971299819 ], [ 31709.519868028906785, 960.570343271028833 ], [ 31233.01177992972589, 1367.068914971299819 ], [ 31209.519868028906785, 1379.967310876236297 ], [ 30709.519868028906785, 1664.773998016753467 ], [ 30363.37933468292249, 1867.068914971299819 ], [ 30209.519868028906785, 1979.512221157725435 ], [ 29709.519868028906785, 2233.865925665813847 ], [ 29548.166731752298801, 2367.068914971299819 ], [ 29396.667750011951284, 2867.068914971299819 ], [ 29209.519868028906785, 3351.057781171708484 ], [ 29203.212064524257585, 3367.068914971299819 ], [ 28935.606813004353171, 3867.068914971299819 ], [ 28883.541166739665641, 4367.068914971299819 ], [ 28928.401326178685849, 4867.068914971299819 ], [ 29184.084087113598798, 5367.068914971299819 ], [ 29209.519868028906785, 5370.556734126847005 ], [ 29709.519868028906785, 5687.388949633896118 ], [ 29929.592087311288196, 5867.068914971299819 ], [ 29709.519868028906785, 6152.367578686316847 ], [ 29410.914648821049923, 6367.068914971299819 ], [ 29209.519868028906785, 6436.18201793442131 ], [ 28827.338784387855412, 6867.068914971299819 ], [ 28818.317635100389452, 7367.068914971299819 ], [ 29209.519868028906785, 7735.890061319543747 ], [ 29709.519868028906785, 7782.750166069163242 ], [ 30209.519868028906785, 7479.71345066773938 ], [ 30295.570983548252116, 7367.068914971299819 ], [ 30445.264680534175568, 6867.068914971299819 ], [ 30438.859934896983759, 6367.068914971299819 ], [ 30709.519868028906785, 6154.087628759050858 ], [ 31073.851588797097065, 5867.068914971299819 ], [ 31209.519868028906785, 5805.600811459094984 ], [ 31709.519868028906785, 5641.904391728166956 ], [ 32209.519868028906785, 5581.026719506713562 ], [ 32709.519868028906785, 5473.927445425200858 ], [ 32937.974165507839643, 5367.068914971299819 ], [ 33209.519868028903147, 5151.031344105620519 ], [ 33534.036721889147884, 4867.068914971299819 ], [ 33709.519868028903147, 4557.058348548656795 ], [ 34179.559911255288171, 4367.068914971299819 ], [ 34209.519868028903147, 4347.267306992100202 ], [ 34709.519868028903147, 3887.514919480265235 ], [ 34727.342125940340338, 3867.068914971299819 ], [ 34709.519868028903147, 3832.86960421052936 ], [ 34209.519868028903147, 3713.579970296152169 ], [ 33853.924486191826873, 3867.068914971299819 ], [ 33709.519868028903147, 4059.886840844003018 ], [ 33209.519868028903147, 4101.866144260668079 ], [ 33062.490677474313998, 3867.068914971299819 ], [ 32943.945438676892081, 3367.068914971299819 ], [ 32875.789032289510942, 2867.068914971299819 ], [ 32842.800923886548844, 2367.068914971299819 ], [ 32932.346624967147363, 1867.068914971299819 ], [ 33077.698703388756257, 1367.068914971299819 ], [ 33007.096246370289009, 867.068914971299819 ], [ 32709.519868028906785, 771.295742840316962 ], [ 32209.519868028906785, 773.256081488390919 ] ] ] } },
{ "type": "Feature", "properties": { "center_id": "T01N007", "tree_id": "T01", "parent_id": "T01N017", "child_ids": "", "level": 1, "type": "basic", "main": 0, "contour_v": 55.0, "peak_ntl": 80.502609826934503, "area_km2": 17.381114058474132, "min_ntl": 43.983318328857422, "max_ntl": 93.459190368652344, "tntl": 4533.1911392211914, "avg_ntl": 65.6984223075535, "std_ntl": 11.475520810036727, "perim_km": 26.593776536058716, "orient_deg": 68.733462284613466, "compact": 0.30883566179002114, "elongated": 1.5585846886436205, "ulig": 0.01513141721717951, "n_children": 0 }, "geometry": { "type": "Polygon", "coordinates": [ [ [ 46209.519868028903147, -11393.246086338025634 ], [ 45709.519868028903147, -11213.819341756883659 ], [ 45556.073060101494775, -11132.931085028700181 ], [ 45209.519868028903147, -10819.988625732643413 ], [ 45049.027229566607275, -10632.931085028700181 ], [ 45114.849218938674312, -10132.931085028700181 ], [ 45209.519868028903147, -9746.916834578238195 ], [ 45328.715329585858854, -9632.931085028700181 ], [ 45209.519868028903147, -9534.74421775774681 ], [ 44950.424486318559502, -9132.931085028700181 ], [ 44709.519868028903147, -8992.516541360557312 ], [ 44249.385174334180192, -8632.931085028700181 ], [ 44209.519868028903147, -8534.549201541449293 ], [ 43939.164797329576686, -8132.931085028700181 ], [ 43709.519868028903147, -7723.221818559293752 ], [ 43559.096066466910997, -7632.931085028700181 ], [ 43209.519868028903147, -7353.512301885231864 ], [ 43107.499188914138358, -7132.931085028700181 ], [ 43209.519868028903147, -6999.236662403680384 ], [ 43641.524555857205996, -6632.931085028700181 ], [ 43709.519868028903147, -6589.938258956623031 ], [ 44209.519868028903147, -6586.682536483509466 ], [ 44487.0031818405987, -6132.931085028700181 ], [ 44545.749973961108481, -5632.931085028700181 ], [ 44709.519868028903147, -5203.753031829939573 ], [ 44745.685829240130261, -5132.931085028700181 ], [ 45209.519868028903147, -4712.501662485825364 ], [ 45709.519868028903147, -4784.907408284634585 ], [ 46107.487945060493075, -5132.931085028700181 ], [ 46028.435700634785462, -5632.931085028700181 ], [ 46209.519868028903147, -5753.517225865041837 ], [ 46709.519868028903147, -5753.217130512115546 ], [ 47162.084936649291194, -5632.931085028700181 ], [ 47209.519868028903147, -5610.14993746264372 ], [ 47709.519868028903147, -5331.458468419892597 ], [ 48064.923948725438095, -5132.931085028700181 ], [ 48209.519868028903147, -4797.47757737323991 ], [ 48316.74815169692738, -4632.931085028700181 ], [ 48478.105897126733907, -4132.931085028700181 ], [ 48709.519868028903147, -3868.781804107740754 ], [ 49209.519868028903147, -3941.790166274498915 ], [ 49569.864414307900006, -4132.931085028700181 ], [ 49620.339928388100816, -4632.931085028700181 ], [ 49209.519868028903147, -4762.983369960216805 ], [ 48747.386035004630685, -5132.931085028700181 ], [ 48709.519868028903147, -5239.42142696895462 ], [ 48612.206630059401505, -5632.931085028700181 ], [ 48643.829713402679772, -6132.931085028700181 ], [ 48484.535217229713453, -6632.931085028700181 ], [ 48209.519868028903147, -6912.210914047755068 ], [ 47975.91142775597109, -7132.931085028700181 ], [ 47709.519868028903147, -7315.259708510653581 ], [ 47209.519868028903147, -7586.54340298329771 ], [ 47107.212826201517601, -7632.931085028700181 ], [ 46709.519868028903147, -7827.744968872095342 ], [ 46209.519868028903147, -7947.763913864386268 ], [ 45845.3666585470055, -8132.931085028700181 ], [ 45709.519868028903147, -8422.948626118071843 ], [ 45640.244728434641729, -8632.931085028700181 ], [ 45527.852477605294553, -9132.931085028700181 ], [ 45709.519868028903147, -9344.08261906352709 ], [ 45958.536718499817653, -9632.931085028700181 ], [ 46209.519868028903147, -9722.161613384058001 ], [ 46709.519868028903147, -9932.667867074342212 ], [ 47055.395183212254778, -10132.931085028700181 ], [ 47209.519868028903147, -10468.737948083900847 ], [ 47285.073589711319073, -10632.931085028700181 ], [ 47209.519868028903147, -10730.516856475020177 ], [ 47009.807291463774163, -11132.931085028700181 ], [ 46709.519868028903147, -11334.692027782977675 ], [ 46209.519868028903147, -11393.246086338025634 ] ] ] } },
{ "type": "Feature", "properties": { "center_id": "T01N008", "tree_id": "T01", "parent_id": "T01N020", "child_ids": "", "level": 1, "type": "basic", "main": 0, "contour_v": 51.0, "peak_ntl": 76.475132476663518, "area_km2": 16.867815539610458, "min_ntl": 41.936527252197266, "max_ntl": 99.346122741699219, "tntl": 3967.1496315002441, "avg_ntl": 61.033071253849911, "std_ntl": 10.316739472468043, "perim_km": 23.288385663301142, "orient_deg": 143.28680343259228, "compact": 0.39083184065958193, "elongated": 1.9698757960601463, "ulig": 0.015073405162030944, "n_children": 0 }, "geometry": { "type": "Polygon", "coordinates": [ [ [ 37209.519868028903147, -6322.456987021811074 ], [ 37009.700496036675759, -6132.931085028700181 ], [ 36709.519868028903147, -5646.466163837394561 ], [ 36705.209283925971249, -5632.931085028700181 ], [ 36709.519868028903147, -5617.999473792529898 ], [ 36822.597123883970198, -5132.931085028700181 ], [ 37209.519868028903147, -4661.41229151096195 ], [ 37229.416882382196491, -4632.931085028700181 ], [ 37633.887954255871591, -4132.931085028700181 ], [ 37209.519868028903147, -3633.290811605096678 ], [ 36709.519868028903147, -3910.930729138388415 ], [ 36425.87749117219937, -4132.931085028700181 ], [ 36209.519868028903147, -4288.297251085445168 ], [ 35709.519868028903147, -4389.270007546962006 ], [ 35209.519868028903147, -4211.600164702787879 ], [ 35088.953870488214307, -4132.931085028700181 ], [ 34714.365571607035236, -3632.931085028700181 ], [ 34709.519868028903147, -3628.55309151718393 ], [ 34680.468124916194938, -3632.931085028700181 ], [ 34209.519868028903147, -3674.806120133434888 ], [ 34051.392177940477268, -3632.931085028700181 ], [ 33709.519868028903147, -3584.598737898224499 ], [ 33209.519868028903147, -3339.515474967614864 ], [ 32944.729142645170214, -3132.931085028700181 ], [ 32709.519868028906785, -2787.127837704276317 ], [ 32614.517972681325773, -2632.931085028700181 ], [ 32709.519868028906785, -2133.420443932845956 ], [ 32709.607605148961738, -2132.931085028700181 ], [ 33142.360556956380606, -1632.931085028700181 ], [ 33209.519868028903147, -1577.628324581455672 ], [ 33709.519868028903147, -1423.64258581303875 ], [ 34209.519868028903147, -1315.195375317969592 ], [ 34696.600175043888157, -1632.931085028700181 ], [ 34709.519868028903147, -1659.008179430311429 ], [ 34745.955711520640762, -1632.931085028700181 ], [ 35209.519868028903147, -1386.292703212107881 ], [ 35709.519868028903147, -1157.718284895992838 ], [ 36209.519868028903147, -1157.44874484842876 ], [ 36709.519868028903147, -1309.330550352940918 ], [ 37092.946905944685568, -1632.931085028700181 ], [ 37209.519868028903147, -1762.35880561482918 ], [ 37468.489538001987967, -2132.931085028700181 ], [ 37662.188646803042502, -2632.931085028700181 ], [ 37709.519868028903147, -3015.645621976218536 ], [ 37741.424993782144156, -3132.931085028700181 ], [ 37709.519868028903147, -3217.707253830114496 ], [ 37210.647725186310709, -3632.931085028700181 ], [ 37709.519868028903147, -3953.516990480566164 ], [ 38209.519868028903147, -3689.561440079793101 ], [ 38709.519868028903147, -3660.549504754904774 ], [ 39209.519868028903147, -3748.727020216596429 ], [ 39561.275654355427832, -4132.931085028700181 ], [ 39693.993346169474535, -4632.931085028700181 ], [ 39613.134865584230283, -5132.931085028700181 ], [ 39209.519868028903147, -5607.080853701671003 ], [ 39171.312345874335733, -5632.931085028700181 ], [ 38709.519868028903147, -5896.413011170792743 ], [ 38209.519868028903147, -6095.622865445984644 ], [ 38056.186014851075015, -6132.931085028700181 ], [ 37709.519868028903147, -6308.02146614715457 ], [ 37209.519868028903147, -6322.456987021811074 ] ] ] } },
{ "type": "Feature", "properties": { "center_id": "T01N009", "tree_id": "T01", "parent_id": "T01N021", "child_ids": "", "level": 1, "type": "basic", "main": 0, "contour_v": 42.0, "peak_ntl": 65.938062117833098, "area_km2": 16.389330242174466, "min_ntl": 37.096992492675781, "max_ntl": 77.936195373535156, "tntl": 3221.8045196533203, "avg_ntl": 50.34069561958313, "std_ntl": 7.6392668501551375, "perim_km": 18.184524929517011, "orient_deg": 143.10574076825958, "compact": 0.62282659818725594, "elongated": 1.5206109171913165, "ulig": 0.010939892277360454, "n_children": 0 }, "geometry": { "type": "Polygon", "coordinates": [ [ [ 59209.519868028903147, 5653.261226067828829 ], [ 58709.519868028903147, 5798.067127775735571 ], [ 58560.832863284274936, 5867.068914971299819 ], [ 58209.519868028903147, 6029.719539058496593 ], [ 57709.519868028903147, 6236.223064987600083 ], [ 57463.571251266926993, 6367.068914971299819 ], [ 57209.519868028903147, 6474.783385507646017 ], [ 56709.519868028903147, 6580.163448226579931 ], [ 56209.519868028903147, 6414.640294212760637 ], [ 56091.293194493977353, 6367.068914971299819 ], [ 55978.754098220466403, 5867.068914971299819 ], [ 55709.519868028903147, 5780.748041123559233 ], [ 55560.573812081362121, 5867.068914971299819 ], [ 55209.519868028903147, 6078.485514242274803 ], [ 54709.519868028903147, 6190.369521803178941 ], [ 54462.200620232324582, 6367.068914971299819 ], [ 54228.584163884341251, 6867.068914971299819 ], [ 54435.599644766101846, 7367.068914971299819 ], [ 54603.949344960899907, 7867.068914971299819 ], [ 54709.519868028903147, 8180.463051476166584 ], [ 54750.945751095088781, 8367.068914971299819 ], [ 54806.249222832542728, 8867.068914971299819 ], [ 54709.519868028903147, 9342.168433364684461 ], [ 54699.959015827858821, 9367.068914971299819 ], [ 54709.519868028903147, 9706.049274323115242 ], [ 54712.089564974681707, 9867.068914971299819 ], [ 55043.107034320011735, 10367.068914971299819 ], [ 55209.519868028903147, 10630.585789736869629 ], [ 55709.519868028903147, 10834.567593141488032 ], [ 56197.964319354607142, 10367.068914971299819 ], [ 56209.519868028903147, 10357.726625841940404 ], [ 56544.482571288303006, 9867.068914971299819 ], [ 56709.519868028903147, 9618.943713301050593 ], [ 57209.519868028903147, 9421.495433216783567 ], [ 57551.940645771261188, 9367.068914971299819 ], [ 57709.519868028903147, 9333.238450813398231 ], [ 58031.168523608765099, 8867.068914971299819 ], [ 58209.519868028903147, 8685.315388684946811 ], [ 58584.801688687337446, 8367.068914971299819 ], [ 58709.519868028903147, 8274.321349519945215 ], [ 59122.1607676576823, 7867.068914971299819 ], [ 59209.519868028903147, 7566.752380932011874 ], [ 59244.120784953352995, 7367.068914971299819 ], [ 59365.919341007611365, 6867.068914971299819 ], [ 59702.428675547911553, 6367.068914971299819 ], [ 59709.519868028903147, 6343.770533286296995 ], [ 59850.819711294243461, 5867.068914971299819 ], [ 59709.519868028903147, 5702.672444651339902 ], [ 59209.519868028903147, 5653.261226067828829 ] ] ] } },
{ "type": "Feature", "properties": { "center_id": "T01N010", "tree_id": "T01", "parent_id": "T01N018", "child_ids": "", "level": 1, "type": "basic", "main": 0, "contour_v": 52.0, "peak_ntl": 196.50517829188993, "area_km2": 9.0766376296479052, "min_ntl": 39.490577697753906, "max_ntl": 249.91119384765625, "tntl": 3636.577880859375, "avg_ntl": 98.285888671875, "std_ntl": 42.860158410359503, "perim_km": 16.601379868548843, "orient_deg": 144.58596307960056, "compact": 0.41385336151444579, "elongated": 3.6282881453948077, "ulig": 0.061439617863110807, "n_children": 0 }, "geometry": { "type": "Polygon", "coordinates": [ [ [ 63709.519868028903147, 6751.246274066055776 ], [ 63427.811726348882075, 6867.068914971299819 ], [ 63209.519868028903147, 6935.194208449218422 ], [ 62709.519868028903147, 7230.884529330083751 ], [ 62460.745267056758166, 7367.068914971299819 ], [ 62209.519868028903147, 7520.806198863865575 ], [ 61709.519868028903147, 7764.210583926542313 ], [ 61571.096255929180188, 7867.068914971299819 ], [ 61209.519868028903147, 8146.930731699569151 ], [ 60990.171878303648555, 8367.068914971299819 ], [ 60709.519868028903147, 8699.979384475009283 ], [ 60531.197327283720369, 8867.068914971299819 ], [ 60229.929551289431402, 9367.068914971299819 ], [ 60209.519868028903147, 9396.02330550806073 ], [ 59852.304626170749543, 9867.068914971299819 ], [ 59709.519868028903147, 10086.081696069231839 ], [ 59440.398560457499116, 10367.068914971299819 ], [ 59209.519868028903147, 10853.098829405629658 ], [ 59131.524704659299459, 10867.068914971299819 ], [ 59209.519868028903147, 10877.393356639498961 ], [ 59652.816669752210146, 11193.931730570637228 ], [ 59770.830496365291765, 11147.490603434707737 ], [ 59952.997898569861718, 10904.577806292107198 ], [ 59849.409269895404577, 10715.480265598884216 ], [ 59878.964789462952467, 10538.230196561600678 ], [ 60142.911859388455923, 10972.194864971201241 ], [ 60456.768504652973206, 10996.173010063474067 ], [ 60564.944057789565704, 10386.919771370892704 ], [ 60888.139770577850868, 10444.230474605241398 ], [ 63457.353152084193425, 8862.661923556916008 ], [ 63668.598475293707452, 8553.457146041713713 ], [ 63777.7238382802243, 7822.268232266654195 ], [ 64100.98163055270561, 7879.677561293343388 ], [ 64521.043453389771457, 7671.563135200886791 ], [ 64978.208917700343591, 7143.01124180489569 ], [ 64709.519868028903147, 6868.310792267264333 ], [ 64705.083306164931855, 6867.068914971299819 ], [ 64209.519868028903147, 6713.793179824293475 ], [ 63709.519868028903147, 6751.246274066055776 ] ] ] } },
{ "type": "Feature", "properties": { "center_id": "T01N011", "tree_id": "T01", "parent_id": "T01N024", "child_ids": "", "level": 1, "type": "basic", "main": 0, "contour_v": 44.0, "peak_ntl": 66.416857432884711, "area_km2": 10.572232032112399, "min_ntl": 40.660350799560547, "max_ntl": 79.787452697753906, "tntl": 2212.300350189209, "avg_ntl": 53.958545126566072, "std_ntl": 9.5074969393705988, "perim_km": 19.149678176444588, "orient_deg": 91.216177517343496, "compact": 0.36228770091833529, "elongated": 1.8158496528802848, "ulig": 0.014929362877029052, "n_children": 0 }, "geometry": { "type": "Polygon", "coordinates": [ [ [ 36209.519868028903147, -15528.052316944202175 ], [ 35790.620042896858649, -15132.931085028700181 ], [ 35709.519868028903147, -14743.957812556021963 ], [ 35568.385778399577248, -14632.931085028700181 ], [ 35209.519868028903147, -14544.977002896746853 ], [ 34931.381260272304644, -14632.931085028700181 ], [ 34709.519868028903147, -14666.95770309533691 ], [ 34639.537556734590908, -14632.931085028700181 ], [ 34209.519868028903147, -14481.41904031400918 ], [ 33932.627495387700037, -14132.931085028700181 ], [ 33709.519868028903147, -13848.630433901926153 ], [ 33584.280212431389373, -13632.931085028700181 ], [ 33364.648890457421658, -13132.931085028700181 ], [ 33265.256984793464653, -12632.931085028700181 ], [ 33445.781242356126313, -12132.931085028700181 ], [ 33709.519868028903147, -11922.478477423923323 ], [ 34209.519868028903147, -11867.061761060584104 ], [ 34709.519868028903147, -11843.526654097804567 ], [ 34824.643563096644357, -11632.931085028700181 ], [ 34772.789309026600677, -11132.931085028700181 ], [ 34709.519868028903147, -10909.981855846344843 ], [ 34554.147822768631158, -10632.931085028700181 ], [ 34329.24479232323938, -10132.931085028700181 ], [ 34460.964746685654973, -9632.931085028700181 ], [ 34709.519868028903147, -9557.788659014171571 ], [ 35209.519868028903147, -9253.119067837149487 ], [ 35709.519868028903147, -9344.370903296701727 ], [ 36043.527159839359228, -9632.931085028700181 ], [ 36209.519868028903147, -9783.000602538828389 ], [ 36437.046848100348143, -10132.931085028700181 ], [ 36638.197889194838353, -10632.931085028700181 ], [ 36700.749777609846205, -11132.931085028700181 ], [ 36580.673805050653755, -11632.931085028700181 ], [ 36209.519868028903147, -12048.76917364783003 ], [ 35992.931251245900057, -12132.931085028700181 ], [ 35709.519868028903147, -12252.537218884986942 ], [ 35209.519868028903147, -12478.319658608990721 ], [ 35159.709962342210929, -12632.931085028700181 ], [ 35165.292416481592227, -13132.931085028700181 ], [ 35209.519868028903147, -13336.090169596121996 ], [ 35301.395653701983974, -13632.931085028700181 ], [ 35462.77689676360751, -14132.931085028700181 ], [ 35709.519868028903147, -14593.26664333329245 ], [ 36209.519868028903147, -14423.980841375509044 ], [ 36709.519868028903147, -14532.130356604044209 ], [ 36775.052994086945546, -14632.931085028700181 ], [ 36777.596090698745684, -15132.931085028700181 ], [ 36709.519868028903147, -15251.655720382914296 ], [ 36209.519868028903147, -15528.052316944202175 ] ] ] } },
{ "type": "Feature", "properties": { "center_id": "T01N012", "tree_id": "T01", "parent_id": "T01N018", "child_ids": "", "level": 1, "type": "basic", "main": 0, "contour_v": 52.0, "peak_ntl": 123.11471737164837, "area_km2": 8.3593302288619675, "min_ntl": 47.413398742675781, "max_ntl": 143.09385681152344, "tntl": 2706.5362396240234, "avg_ntl": 77.329606846400665, "std_ntl": 29.013896797635155, "perim_km": 18.86335219787955, "orient_deg": 0.38453592682422583, "compact": 0.29521852020301897, "elongated": 2.224647371212638, "ulig": 0.031965338969304515, "n_children": 0 }, "geometry": { "type": "Polygon", "coordinates": [ [ [ 56792.852842031177715, 11867.068914971299819 ], [ 56709.519868028903147, 11892.68869143469783 ], [ 56209.519868028903147, 11938.149656110646902 ], [ 55709.519868028903147, 11921.852495455081225 ], [ 55209.519868028903147, 11974.84677173437376 ], [ 54709.519868028903147, 12059.562841534076142 ], [ 54209.519868028903147, 12139.910677837586263 ], [ 53709.519868028903147, 12351.797452590762987 ], [ 53240.458804967929609, 11867.068914971299819 ], [ 53209.519868028903147, 11852.253423223286518 ], [ 52709.519868028903147, 11579.133349924610229 ], [ 52209.519868028903147, 11606.578953632546472 ], [ 51709.519868028903147, 11637.806178185943281 ], [ 51209.519868028903147, 11769.960267316928366 ], [ 51126.245074204591219, 11867.068914971299819 ], [ 50922.748958476164262, 12367.068914971299819 ], [ 51209.519868028903147, 12866.398311629905947 ], [ 51709.519868028903147, 12742.855862283191527 ], [ 52209.519868028903147, 12698.865564628998982 ], [ 52709.519868028903147, 12588.390744442789583 ], [ 53209.519868028903147, 12378.935183901907294 ], [ 53709.519868028903147, 12410.771598335399176 ], [ 53740.801136641719495, 12867.068914971299819 ], [ 53709.519868028903147, 12983.562978515168652 ], [ 53611.567161733473768, 13367.068914971299819 ], [ 53561.943005620269105, 13867.068914971299819 ], [ 53675.737561854257365, 14110.958954247287693 ], [ 53675.749993862111296, 14108.525578244329154 ], [ 53751.050445595705241, 14264.151806246165506 ], [ 54151.055912160460139, 14166.407958484307528 ], [ 54044.829142346410663, 14476.343570802298927 ], [ 54358.995536852518853, 14422.521087289764182 ], [ 54416.868900763183774, 14267.579363725151779 ], [ 54255.05562834412558, 14288.919815250301326 ], [ 54227.321865519923449, 14133.535338241574209 ], [ 54390.113318376177631, 13923.692256881819048 ], [ 54580.353349478406017, 13924.678824910228286 ], [ 54759.636502160166856, 14202.828344524697968 ], [ 56905.784253581106896, 13105.366451271263941 ], [ 57011.266711664829927, 12950.696953584190851 ], [ 56802.462817688239738, 12860.856795386074737 ], [ 56910.288233815204876, 12273.741339239135414 ], [ 57098.402609313423454, 12237.483546298211877 ], [ 57209.519868028903147, 12029.054065417891252 ], [ 57351.438633792800829, 11867.068914971299819 ], [ 57209.519868028903147, 11609.335184457391733 ], [ 56792.852842031177715, 11867.068914971299819 ] ] ] } },
{ "type": "Feature", "properties": { "center_id": "T01N013", "tree_id": "T01", "parent_id": "T01N019", "child_ids": "", "level": 1, "type": "basic", "main": 0, "contour_v": 41.0, "peak_ntl": 71.324650918342428, "area_km2": 9.6845981374943602, "min_ntl": 36.088451385498047, "max_ntl": 87.918373107910156, "tntl": 2102.3283767700195, "avg_ntl": 56.81968585864918, "std_ntl": 14.034547375164495, "perim_km": 14.133050178859804, "orient_deg": 124.78829351538793, "compact": 0.6092838499235923, "elongated": 2.5828476844470636, "ulig": 0.0237234889282938, "n_children": 0 }, "geometry": { "type": "Polygon", "coordinates": [ [ [ 49209.519868028903147, 10006.61956693114189 ], [ 48709.519868028903147, 9908.907952904133708 ], [ 48209.519868028903147, 10050.938736364128999 ], [ 47852.57398852649203, 10367.068914971299819 ], [ 47709.519868028903147, 10418.162132658573682 ], [ 47222.6775856672175, 10867.068914971299819 ], [ 47209.519868028903147, 10886.049204602561076 ], [ 46923.255567447136855, 11367.068914971299819 ], [ 46709.519868028903147, 11736.255652416642988 ], [ 46597.022813390707597, 11867.068914971299819 ], [ 46220.918513892087503, 12367.068914971299819 ], [ 46209.519868028903147, 12391.864174071684829 ], [ 46002.757767226197757, 12867.068914971299819 ], [ 45934.229993499771808, 13367.068914971299819 ], [ 46023.632808801019564, 13867.068914971299819 ], [ 46209.519868028903147, 14225.585616819589632 ], [ 46304.373130450039753, 14367.068914971299819 ], [ 46545.718342756896163, 14867.068914971299819 ], [ 46709.519868028903147, 15189.876095390791306 ], [ 47157.535515345225576, 14867.068914971299819 ], [ 47209.519868028903147, 14843.38716396415839 ], [ 47374.545921793833259, 14367.068914971299819 ], [ 47573.616339747299207, 13867.068914971299819 ], [ 47709.519868028903147, 13585.401942086740746 ], [ 47791.445469648751896, 13367.068914971299819 ], [ 47957.693260091720731, 12867.068914971299819 ], [ 48209.519868028903147, 12501.43375891224423 ], [ 48363.016755949589424, 12367.068914971299819 ], [ 48709.519868028903147, 12158.053320451828768 ], [ 49139.518210837370134, 11867.068914971299819 ], [ 49209.519868028903147, 11789.331198620944633 ], [ 49624.570775327811134, 11367.068914971299819 ], [ 49709.519868028903147, 11153.726158273391775 ], [ 49943.676405069360044, 10867.068914971299819 ], [ 49982.088062932045432, 10367.068914971299819 ], [ 49709.519868028903147, 10173.125551069591893 ], [ 49209.519868028903147, 10006.61956693114189 ] ] ] } },
{ "type": "Feature", "properties": { "center_id": "T01N014", "tree_id": "T01", "parent_id": "T01N022", "child_ids": "", "level": 1, "type": "basic", "main": 0, "contour_v": 50.0, "peak_ntl": 61.558816737456205, "area_km2": 6.1848244257055747, "min_ntl": 48.190330505371094, "max_ntl": 75.189445495605469, "tntl": 1509.9431266784668, "avg_ntl": 55.923819506609881, "std_ntl": 5.6606923982645103, "perim_km": 10.54302451413276, "orient_deg": 55.31017128036504, "compact": 0.69920867323813818, "elongated": 1.2975584368424222, "ulig": 0.0092323967153476062, "n_children": 0 }, "geometry": { "type": "Polygon", "coordinates": [ [ [ 36709.519868028903147, -243.267676229399513 ], [ 36526.015390670101624, -132.931085028700181 ], [ 36209.519868028903147, 358.506971932176384 ], [ 35982.046589228717494, 367.068914971299819 ], [ 36209.519868028903147, 373.20403062083642 ], [ 36709.519868028903147, 796.079123186296783 ], [ 36856.108041323328507, 867.068914971299819 ], [ 37087.80148364926572, 1367.068914971299819 ], [ 37140.362648053938756, 1867.068914971299819 ], [ 37209.519868028903147, 2040.923977912432747 ], [ 37366.387034449056955, 2367.068914971299819 ], [ 37709.519868028903147, 2631.565592991159065 ], [ 38209.519868028903147, 2728.640119996591238 ], [ 38709.519868028903147, 2618.340065892160055 ], [ 39108.873382065154146, 2367.068914971299819 ], [ 39209.519868028903147, 2223.82368141724146 ], [ 39360.348750637058401, 1867.068914971299819 ], [ 39435.183574616210535, 1367.068914971299819 ], [ 39392.733304921028321, 867.068914971299819 ], [ 39245.359245164479944, 367.068914971299819 ], [ 39209.519868028903147, 255.790968261731905 ], [ 38709.519868028903147, 0.537694876285968 ], [ 38209.519868028903147, 102.105730830313405 ], [ 37709.519868028903147, 239.188725055981195 ], [ 37245.023650763527257, -132.931085028700181 ], [ 37209.519868028903147, -153.513178221182898 ], [ 36709.519868028903147, -243.267676229399513 ] ] ] } },
{ "type": "Feature", "properties": { "center_id": "T01N015", "tree_id": "T01", "parent_id": "T01N027", "child_ids": "", "level": 1, "type": "basic", "main": 0, "contour_v": 38.0, "peak_ntl": 42.048608575912986, "area_km2": 5.5443999533810482, "min_ntl": 35.300865173339844, "max_ntl": 46.005531311035156, "tntl": 977.57912826538086, "avg_ntl": 40.732463677724205, "std_ntl": 2.4631056201645718, "perim_km": 10.8810036272498, "orient_deg": 28.789278623204662, "compact": 0.58847295054262561, "elongated": 2.1639298040591286, "ulig": 0.0047308620387076861, "n_children": 0 }, "geometry": { "type": "Polygon", "coordinates": [ [ [ 42709.519868028903147, 15131.65088378724613 ], [ 42247.191463007955463, 15367.068914971299819 ], [ 42209.519868028903147, 15475.672645783888584 ], [ 42173.668688295729226, 15867.068914971299819 ], [ 42209.519868028903147, 16320.809965213644318 ], [ 42214.54397652107582, 16367.068914971299819 ], [ 42635.954303503996925, 16867.068914971299819 ], [ 42709.519868028903147, 16928.165280334025738 ], [ 43200.071662566202576, 17367.068914971299819 ], [ 43209.519868028903147, 17371.069649122779083 ], [ 43709.519868028903147, 17477.655321973681566 ], [ 44209.519868028903147, 17759.010442518876516 ], [ 44294.998580881831003, 17867.068914971299819 ], [ 44709.519868028903147, 18110.172474740145844 ], [ 45209.519868028903147, 18071.208003463652858 ], [ 45589.542195567657473, 17867.068914971299819 ], [ 45709.519868028903147, 17717.256271898571867 ], [ 45863.088917567627504, 17367.068914971299819 ], [ 45875.156027871082188, 16867.068914971299819 ], [ 45709.519868028903147, 16549.210017906858411 ], [ 45209.519868028903147, 16727.621668658728595 ], [ 44709.519868028903147, 16826.435914351823158 ], [ 44209.519868028903147, 16586.272360306422343 ], [ 44055.546793709392659, 16367.068914971299819 ], [ 43837.279455432144459, 15867.068914971299819 ], [ 43709.519868028903147, 15614.01811265010474 ], [ 43497.27960029534006, 15367.068914971299819 ], [ 43209.519868028903147, 15175.432518872839864 ], [ 42709.519868028903147, 15131.65088378724613 ] ] ] } },
{ "type": "Feature", "properties": { "center_id": "T01N016", "tree_id": "T01", "parent_id": "T01N019", "child_ids": "", "level": 1, "type": "basic", "main": 0, "contour_v": 41.0, "peak_ntl": 54.025025581887753, "area_km2": 5.2162190386447529, "min_ntl": 40.884323120117188, "max_ntl": 64.716590881347656, "tntl": 1015.6371192932129, "avg_ntl": 48.363672347295854, "std_ntl": 6.7558184869166258, "perim_km": 9.6453062785050996, "orient_deg": 113.13578263458083, "compact": 0.70458539757549687, "elongated": 2.1803423045349115, "ulig": 0.011341975884860144, "n_children": 0 }, "geometry": { "type": "Polygon", "coordinates": [ [ [ 48215.158999347186182, 5367.068914971299819 ], [ 48209.519868028903147, 5373.098529237613548 ], [ 48103.323182996784453, 5867.068914971299819 ], [ 47842.11996205431933, 6367.068914971299819 ], [ 47709.519868028903147, 6601.414316638547461 ], [ 47527.498252281409805, 6867.068914971299819 ], [ 47438.791333489090903, 7367.068914971299819 ], [ 47544.344688797951676, 7867.068914971299819 ], [ 47709.519868028903147, 8287.371770308644045 ], [ 47757.908065036899643, 8367.068914971299819 ], [ 48104.138707545047509, 8867.068914971299819 ], [ 48209.519868028903147, 9143.584862431511283 ], [ 48475.56293358244875, 8867.068914971299819 ], [ 48709.519868028903147, 8772.997519565338735 ], [ 48919.492861172970152, 8367.068914971299819 ], [ 49133.130105884571094, 7867.068914971299819 ], [ 49209.519868028903147, 7599.879693213049904 ], [ 49297.473463150003226, 7367.068914971299819 ], [ 49446.907791360747069, 6867.068914971299819 ], [ 49477.896516517939745, 6367.068914971299819 ], [ 49304.711935113547952, 5867.068914971299819 ], [ 49209.519868028903147, 5647.337844206820591 ], [ 48928.179513039853191, 5367.068914971299819 ], [ 48709.519868028903147, 4924.790406291213003 ], [ 48215.158999347186182, 5367.068914971299819 ] ] ] } },
{ "type": "Feature", "properties": { "center_id": "T01N017", "tree_id": "T01", "parent_id": "T01N020", "child_ids": "T01N001;T01N007", "level": 2, "type": "composite", "main": 0, "contour_v": 51.0, "peak_ntl": 86.804366152836621, "area_km2": 82.544975534032389, "min_ntl": 40.560352325439453, "max_ntl": 114.25871276855469, "tntl": 20138.079780578613, "avg_ntl": 61.024484183571552, "std_ntl": 11.193235174330743, "perim_km": 67.502889606834685, "orient_deg": 51.932665990994494, "compact": 0.22764377500729266, "elongated": 1.0576896928649151, "ulig": 0.012200021101401778, "n_children": 2 }, "geometry": { "type": "Polygon", "coordinates": [ [ [ 46709.519868028903147, -11470.95519858507032 ], [ 46209.519868028903147, -11499.532749417732703 ], [ 45709.519868028903147, -11316.808076385917957 ], [ 45360.701157917806995, -11132.931085028700181 ], [ 45209.519868028903147, -10996.412230954854749 ], [ 44897.658352468206431, -10632.931085028700181 ], [ 44972.067848740844056, -10132.931085028700181 ], [ 45057.312721031543333, -9632.931085028700181 ], [ 44709.519868028903147, -9193.862846732270555 ], [ 44599.17355709488038, -9132.931085028700181 ], [ 44209.519868028903147, -8873.451234603984631 ], [ 43890.695002310181735, -9132.931085028700181 ], [ 43709.519868028903147, -9262.998472500868957 ], [ 43209.519868028903147, -9489.077094513966586 ], [ 42709.519868028903147, -9177.669917987950612 ], [ 42638.23516529785411, -9132.931085028700181 ], [ 42709.519868028903147, -8878.147770903640776 ], [ 42759.587270150033874, -8632.931085028700181 ], [ 43094.896267608026392, -8132.931085028700181 ], [ 42836.315573574756854, -7632.931085028700181 ], [ 42709.519868028903147, -7275.829628864434198 ], [ 42209.519868028903147, -7168.933821758153499 ], [ 41977.016917058921535, -7632.931085028700181 ], [ 41709.519868028903147, -7893.426956765440991 ], [ 41209.519868028903147, -7846.524564026010921 ], [ 41095.265331917093135, -7632.931085028700181 ], [ 40709.519868028903147, -7159.881852082355181 ], [ 40672.628505203509121, -7132.931085028700181 ], [ 40209.519868028903147, -6887.071053156789276 ], [ 39709.519868028903147, -6726.916177836625138 ], [ 39588.314251096293447, -6632.931085028700181 ], [ 39416.402999936108245, -6132.931085028700181 ], [ 39709.519868028903147, -5825.808380441507325 ], [ 40209.519868028903147, -5929.695193841776927 ], [ 40709.519868028903147, -5911.252114284972777 ], [ 40861.04236008549924, -5632.931085028700181 ], [ 41209.519868028903147, -5313.960666266008047 ], [ 41709.519868028903147, -5199.853059750254033 ], [ 42209.519868028903147, -5494.856888383365003 ], [ 42344.477432771484018, -5632.931085028700181 ], [ 42332.866264384647366, -6132.931085028700181 ], [ 42313.049290941475192, -6632.931085028700181 ], [ 42709.519868028903147, -7042.763362199548283 ], [ 42981.802820916796918, -6632.931085028700181 ], [ 43209.519868028903147, -6464.574189467166434 ], [ 43709.519868028903147, -6159.707202560137375 ], [ 43763.157694732406526, -6132.931085028700181 ], [ 44178.865402666153386, -5632.931085028700181 ], [ 44209.519868028903147, -5594.219623187149409 ], [ 44392.824667244785815, -5132.931085028700181 ], [ 44620.951235059823375, -4632.931085028700181 ], [ 44540.474290290600038, -4132.931085028700181 ], [ 44234.532800444998429, -3632.931085028700181 ], [ 44209.519868028903147, -3607.833402793316054 ], [ 43709.519868028903147, -3305.898101839469746 ], [ 43209.519868028903147, -3296.897988233264186 ], [ 42709.519868028903147, -3397.173310087629943 ], [ 42209.519868028903147, -3366.420443980343407 ], [ 41859.49755662829557, -3132.931085028700181 ], [ 41709.519868028903147, -2981.611458259038045 ], [ 41510.128769097631448, -2632.931085028700181 ], [ 41471.908730594586814, -2132.931085028700181 ], [ 41709.519868028903147, -1669.725736818640144 ], [ 41752.417161888733972, -1632.931085028700181 ], [ 42209.519868028903147, -1291.214662952872459 ], [ 42709.519868028903147, -1195.759062134777196 ], [ 42817.469817937133485, -1132.931085028700181 ], [ 42709.519868028903147, -986.278075605077902 ], [ 42209.519868028903147, -771.703534713800764 ], [ 41709.519868028903147, -841.268958633605507 ], [ 41209.519868028903147, -637.070400846991106 ], [ 40861.66383705555927, -1132.931085028700181 ], [ 40709.519868028903147, -1248.404705471213674 ], [ 40209.519868028903147, -1623.706364021272748 ], [ 39709.519868028903147, -1332.549759585264837 ], [ 39587.523153505753726, -1132.931085028700181 ], [ 39709.519868028903147, -792.560434850180172 ], [ 40209.519868028903147, -862.065813853012514 ], [ 40709.519868028903147, -1042.904070958597003 ], [ 41207.433048408085597, -632.931085028700181 ], [ 41209.519868028903147, -630.412376016422058 ], [ 41561.30557789017621, -132.931085028700181 ], [ 41709.519868028903147, 118.445712173575885 ], [ 41811.464044491163804, 367.068914971299819 ], [ 41851.472297570988303, 867.068914971299819 ], [ 42209.519868028903147, 1159.806125838818843 ], [ 42709.519868028903147, 1291.626274284673855 ], [ 42921.204423167000641, 1367.068914971299819 ], [ 43209.519868028903147, 1501.842182133157621 ], [ 43709.519868028903147, 1785.85237703351595 ], [ 43999.727595670206938, 1367.068914971299819 ], [ 44209.519868028903147, 1191.168216562626185 ], [ 44558.09643941061222, 867.068914971299819 ], [ 44709.519868028903147, 786.369649627537001 ], [ 45209.519868028903147, 700.025675393873826 ], [ 45709.519868028903147, 859.08772286279418 ], [ 45725.1082792168163, 867.068914971299819 ], [ 46209.519868028903147, 1136.974099581348128 ], [ 46625.022867805484566, 1367.068914971299819 ], [ 46709.519868028903147, 1502.584581085233367 ], [ 46883.979056983953342, 1867.068914971299819 ], [ 47093.613741921857581, 2367.068914971299819 ], [ 47209.519868028903147, 2457.984323268785374 ], [ 47709.519868028903147, 2383.380754084486398 ], [ 47747.417057596016093, 2367.068914971299819 ], [ 48209.519868028903147, 2176.611710717188544 ], [ 48709.519868028903147, 2236.627159871699405 ], [ 49209.519868028903147, 2223.33413443727477 ], [ 49666.295752894919133, 1867.068914971299819 ], [ 49709.519868028903147, 1778.2007431062666 ], [ 49919.163447052807896, 1367.068914971299819 ], [ 50002.928628980240319, 867.068914971299819 ], [ 49709.519868028903147, 465.803430340922205 ], [ 49209.519868028903147, 372.001092704405892 ], [ 49192.280658087693155, 367.068914971299819 ], [ 48879.149199436447816, -132.931085028700181 ], [ 49183.406537121918518, -632.931085028700181 ], [ 49209.519868028903147, -672.378392453669221 ], [ 49597.7916593074915, -1132.931085028700181 ], [ 49709.519868028903147, -1322.218545863870531 ], [ 49945.331661029194947, -1632.931085028700181 ], [ 50209.519868028903147, -1917.054835421251482 ], [ 50709.519868028903147, -1995.235608759321622 ], [ 51209.519868028903147, -2064.290758456583717 ], [ 51590.572317837184528, -2132.931085028700181 ], [ 51709.519868028903147, -2168.937264170454 ], [ 52090.050496868323535, -2632.931085028700181 ], [ 51803.969706969335675, -3132.931085028700181 ], [ 51709.519868028903147, -3235.895457182588871 ], [ 51288.014527270104736, -3632.931085028700181 ], [ 51209.519868028903147, -3930.570996598515194 ], [ 51126.265480014131754, -4132.931085028700181 ], [ 51209.519868028903147, -4594.469981738016941 ], [ 51214.823288106243126, -4632.931085028700181 ], [ 51389.317331731537706, -5132.931085028700181 ], [ 51453.862938525751815, -5632.931085028700181 ], [ 51209.519868028903147, -6032.791122513255686 ], [ 50709.519868028903147, -6069.75592951424187 ], [ 50349.130001005789381, -5632.931085028700181 ], [ 50209.519868028903147, -5368.281112134136492 ], [ 49857.41096758825006, -5132.931085028700181 ], [ 49709.519868028903147, -5047.692895931802923 ], [ 49375.650216710084351, -5132.931085028700181 ], [ 49209.519868028903147, -5177.861893045919714 ], [ 48924.294351029413519, -5632.931085028700181 ], [ 48882.029316830914468, -6132.931085028700181 ], [ 48709.519868028903147, -6550.654476189389243 ], [ 48682.765436994974152, -6632.931085028700181 ], [ 48209.519868028903147, -7113.514957779610995 ], [ 48188.969996294748853, -7132.931085028700181 ], [ 47709.519868028903147, -7461.085182720533339 ], [ 47384.170732492930256, -7632.931085028700181 ], [ 47209.519868028903147, -7747.291662997813546 ], [ 46709.519868028903147, -7964.151253910822561 ], [ 46209.519868028903147, -8075.211224679995212 ], [ 46096.006915032601682, -8132.931085028700181 ], [ 45825.942514378315536, -8632.931085028700181 ], [ 45836.034927972999867, -9132.931085028700181 ], [ 46209.519868028903147, -9539.221373748616315 ], [ 46392.467527436849196, -9632.931085028700181 ], [ 46709.519868028903147, -9749.950762004984426 ], [ 47209.519868028903147, -9952.270419475142262 ], [ 47512.018614466389408, -10132.931085028700181 ], [ 47601.45853594217624, -10632.931085028700181 ], [ 47215.192673057550564, -11132.931085028700181 ], [ 47209.519868028903147, -11136.460385285696248 ], [ 46709.519868028903147, -11470.95519858507032 ] ] ] } },
{ "type": "Feature", "properties": { "center_id": "T01N018", "tree_id": "T01", "parent_id": "T01N021", "child_ids": "T01N010;T01N012", "level": 2, "type": "composite", "main": 0, "contour_v": 42.0, "peak_ntl": 196.50517829188993, "area_km2": 29.80551434218069, "min_ntl": 30.099971771240234, "max_ntl": 249.91119384765625, "tntl": 8554.3296604156494, "avg_ntl": 71.885123196770166, "std_ntl": 36.150467767954026, "perim_km": 42.968410963887841, "orient_deg": 153.23189148615802, "compact": 0.20286536115068099, "elongated": 3.6946241337997545, "ulig": 0.036493123796698446, "n_children": 2 }, "geometry": { "type": "MultiPolygon", "coordinates": [ [ [ [ 63709.519868028903147, 6613.383200006806874 ], [ 63209.519868028903147, 6793.194679680207628 ], [ 63062.360109150526114, 6867.068914971299819 ], [ 62709.519868028903147, 7032.811656104095164 ], [ 62209.519868028903147, 7265.215051189079531 ], [ 61988.567106368369423, 7367.068914971299819 ], [ 61709.519868028903147, 7477.683182875087368 ], [ 61209.519868028903147, 7840.638897537006414 ], [ 61183.591525686832028, 7867.068914971299819 ], [ 60709.519868028903147, 8343.534033665273455 ], [ 60672.652914644553675, 8367.068914971299819 ], [ 60209.519868028903147, 8781.689732889397419 ], [ 60027.458251842399477, 8867.068914971299819 ], [ 59778.61349129336304, 9367.068914971299819 ], [ 59709.519868028903147, 9483.629168680912699 ], [ 59449.299524409128935, 9867.068914971299819 ], [ 59209.519868028903147, 10120.9270547379856 ], [ 58709.519868028903147, 10110.699369688503793 ], [ 58209.519868028903147, 9977.247048677294515 ], [ 57710.039148877796833, 10367.068914971299819 ], [ 57709.519868028903147, 10367.526936395821394 ], [ 57295.886934942027438, 10867.068914971299819 ], [ 57209.519868028903147, 10930.915854397520889 ], [ 56709.519868028903147, 11213.327198205253808 ], [ 56216.204825176420854, 11367.068914971299819 ], [ 56209.519868028903147, 11369.101354509053635 ], [ 56196.325256930605974, 11367.068914971299819 ], [ 55709.519868028903147, 10954.050639623063034 ], [ 55209.519868028903147, 11135.496635358940694 ], [ 54759.531507973428234, 11367.068914971299819 ], [ 54709.519868028903147, 11376.159964541395311 ], [ 54209.519868028903147, 11428.382102747360477 ], [ 53827.684087794608786, 11367.068914971299819 ], [ 53709.519868028903147, 11290.520809623005334 ], [ 53468.341207758305245, 10867.068914971299819 ], [ 53709.519868028903147, 10459.000593376360484 ], [ 53758.611660496404511, 10367.068914971299819 ], [ 53709.519868028903147, 10238.257972658801009 ], [ 53209.519868028903147, 10234.53835642078775 ], [ 53122.105209263201687, 10367.068914971299819 ], [ 52897.462528979318449, 10867.068914971299819 ], [ 52709.519868028903147, 10935.376120778790209 ], [ 52209.519868028903147, 11168.497529579937691 ], [ 51709.519868028903147, 11218.511534351491719 ], [ 51209.519868028903147, 11243.414169354960904 ], [ 51033.505275679461192, 11367.068914971299819 ], [ 50709.519868028903147, 11801.889661451190477 ], [ 50685.024402847440797, 11867.068914971299819 ], [ 50529.162466570953256, 12367.068914971299819 ], [ 50548.175700723295449, 12867.068914971299819 ], [ 50709.519868028903147, 13135.279275500884978 ], [ 51209.519868028903147, 13298.945040614911704 ], [ 51709.519868028903147, 13218.791923414872144 ], [ 52209.519868028903147, 13197.14342861091427 ], [ 52709.519868028903147, 13150.319851061882218 ], [ 53209.519868028903147, 13190.106900522005162 ], [ 53267.180098445154727, 13367.068914971299819 ], [ 53293.086365424416726, 13867.068914971299819 ], [ 53476.985377355274977, 14367.068914971299819 ], [ 53507.837838058207126, 14393.756248134097405 ], [ 53674.843594083409698, 14285.93951625020236 ], [ 53675.749993862111296, 14108.525578244329154 ], [ 53751.050445595705241, 14264.151806246165506 ], [ 54151.055912160460139, 14166.407958484307528 ], [ 54044.829142346410663, 14476.343570802298927 ], [ 54358.995536852518853, 14422.521087289764182 ], [ 54416.868900763183774, 14267.579363725151779 ], [ 54255.05562834412558, 14288.919815250301326 ], [ 54227.321865519923449, 14133.535338241574209 ], [ 54390.113318376177631, 13923.692256881819048 ], [ 54580.353349478406017, 13924.678824910228286 ], [ 54759.636502160166856, 14202.828344524697968 ], [ 56905.784253581106896, 13105.366451271263941 ], [ 57011.266711664829927, 12950.696953584190851 ], [ 56802.462817688239738, 12860.856795386074737 ], [ 56910.288233815204876, 12273.741339239135414 ], [ 57357.906683228007751, 12187.465864478830554 ], [ 57385.478524956321053, 12365.034922505568829 ], [ 57510.238550597430731, 12385.564515142936216 ], [ 57519.02599426949746, 12367.068914971299819 ], [ 57709.519868028903147, 12164.021155816153623 ], [ 57845.09648500764888, 12036.428935274443575 ], [ 57891.888488303200575, 11968.620972585606069 ], [ 57926.363957837827911, 11959.947477429537685 ], [ 58025.054624357115244, 11867.068914971299819 ], [ 58209.519868028903147, 11670.171899806024157 ], [ 58592.228832387954753, 11505.825912379446891 ], [ 58551.427629348589107, 11417.842302885344907 ], [ 58628.531552775755699, 11240.853730850240026 ], [ 59131.922835407080129, 11398.915311557759196 ], [ 59770.830496365291765, 11147.490603434707737 ], [ 59952.997898569861718, 10904.577806292107198 ], [ 59849.409269895404577, 10715.480265598884216 ], [ 59878.964789462952467, 10538.230196561600678 ], [ 60142.911859388455923, 10972.194864971201241 ], [ 60456.768504652973206, 10996.173010063474067 ], [ 60564.944057789565704, 10386.919771370892704 ], [ 60888.139770577850868, 10444.230474605241398 ], [ 63457.353152084193425, 8862.661923556916008 ], [ 63668.598475293707452, 8553.457146041713713 ], [ 63777.7238382802243, 7822.268232266654195 ], [ 64100.98163055270561, 7879.677561293343388 ], [ 64521.043453389771457, 7671.563135200886791 ], [ 65166.33650715843396, 6925.50751203814707 ], [ 65112.23352962359786, 6867.068914971299819 ], [ 64709.519868028903147, 6655.992518331710016 ], [ 64209.519868028903147, 6578.233292407676345 ], [ 63709.519868028903147, 6613.383200006806874 ] ] ], [ [ [ 53726.99532713071676, 14577.408101615030318 ], [ 53940.031828167455387, 14509.070984775082252 ], [ 53584.817018154732068, 14460.343125777861133 ], [ 53709.519868028903147, 14568.210907637680066 ], [ 53726.99532713071676, 14577.408101615030318 ] ] ] ] } },
{ "type": "Feature", "properties": { "center_id": "T01N019", "tree_id": "T01", "parent_id": "T01N027", "child_ids": "T01N013;T01N016", "level": 2, "type": "composite", "main": 0, "contour_v": 38.0, "peak_ntl": 71.324650918342428, "area_km2": 23.282466151201181, "min_ntl": 33.896778106689453, "max_ntl": 87.918373107910156, "tntl": 4543.5472717285156, "avg_ntl": 48.335609273707611, "std_ntl": 12.198787718786367, "perim_km": 29.516386291379352, "orient_deg": 102.99034510252588, "compact": 0.33582457461561516, "elongated": 3.0272365958727261, "ulig": 0.015419886951661611, "n_children": 2 }, "geometry": { "type": "Polygon", "coordinates": [ [ [ 48709.519868028903147, 4106.250474470172776 ], [ 48209.519868028903147, 4224.733997367104166 ], [ 48044.419317845327896, 4367.068914971299819 ], [ 47743.144811809645034, 4867.068914971299819 ], [ 47765.341124070851947, 5367.068914971299819 ], [ 47811.653174609105918, 5867.068914971299819 ], [ 47709.519868028903147, 6104.715621927651227 ], [ 47559.267949506698642, 6367.068914971299819 ], [ 47265.74117527063936, 6867.068914971299819 ], [ 47261.091158976269071, 7367.068914971299819 ], [ 47391.466321364059695, 7867.068914971299819 ], [ 47561.968962562983506, 8367.068914971299819 ], [ 47709.519868028903147, 8857.504990109926439 ], [ 47715.545285252024769, 8867.068914971299819 ], [ 47709.519868028903147, 8912.16081648846739 ], [ 47593.552554446432623, 9367.068914971299819 ], [ 47209.519868028903147, 9742.426784908035188 ], [ 47100.650014277081937, 9867.068914971299819 ], [ 47175.355580977600766, 10367.068914971299819 ], [ 47004.19904820038937, 10867.068914971299819 ], [ 46779.607371148638777, 11367.068914971299819 ], [ 46709.519868028903147, 11488.131407960987417 ], [ 46383.640422794574988, 11867.068914971299819 ], [ 46209.519868028903147, 12103.322911047274829 ], [ 46042.21676172624575, 12367.068914971299819 ], [ 45881.59693512514059, 12867.068914971299819 ], [ 45821.760577490204014, 13367.068914971299819 ], [ 45879.943468302226393, 13867.068914971299819 ], [ 46108.711754481308162, 14367.068914971299819 ], [ 46209.519868028903147, 14718.882279750352609 ], [ 46266.985901093590655, 14867.068914971299819 ], [ 46209.519868028903147, 15246.209393821605772 ], [ 46188.780706197023392, 15367.068914971299819 ], [ 46098.647834007351776, 15867.068914971299819 ], [ 46209.519868028903147, 16157.731059258185269 ], [ 46584.067901500704465, 15867.068914971299819 ], [ 46709.519868028903147, 15813.079665304045193 ], [ 46975.237816026332439, 15367.068914971299819 ], [ 47209.519868028903147, 15171.763395438036241 ], [ 47345.663484374337713, 14867.068914971299819 ], [ 47494.871850958967116, 14367.068914971299819 ], [ 47661.740751843113685, 13867.068914971299819 ], [ 47709.519868028903147, 13768.044267169156228 ], [ 47859.978767433858593, 13367.068914971299819 ], [ 48023.064577221113723, 12867.068914971299819 ], [ 48209.519868028903147, 12596.348477957144496 ], [ 48471.446264472368057, 12367.068914971299819 ], [ 48709.519868028903147, 12223.4595387433219 ], [ 49209.519868028903147, 11892.645305744590587 ], [ 49249.822402020959998, 11867.068914971299819 ], [ 49709.519868028903147, 11396.231721352611203 ], [ 49761.380751449672971, 11367.068914971299819 ], [ 50160.108250935008982, 10867.068914971299819 ], [ 50209.519868028903147, 10720.489628977826214 ], [ 50497.674092699176981, 10367.068914971299819 ], [ 50709.519868028903147, 9990.665189445004216 ], [ 50771.146287498835591, 9867.068914971299819 ], [ 50709.519868028903147, 9795.42319853931258 ], [ 50209.519868028903147, 9689.961187803914072 ], [ 49709.519868028903147, 9800.227479298846447 ], [ 49209.519868028903147, 9675.941456093874876 ], [ 48955.052743073014426, 9367.068914971299819 ], [ 48967.639729143993463, 8867.068914971299819 ], [ 49123.534996094283997, 8367.068914971299819 ], [ 49209.519868028903147, 8136.252171817861381 ], [ 49312.96722541062627, 7867.068914971299819 ], [ 49495.963747644884279, 7367.068914971299819 ], [ 49672.96256489456573, 6867.068914971299819 ], [ 49709.519868028903147, 6491.531529602551018 ], [ 49740.976330602701637, 6367.068914971299819 ], [ 49709.519868028903147, 6330.102399772207718 ], [ 49546.915854074148228, 5867.068914971299819 ], [ 49339.973096634552348, 5367.068914971299819 ], [ 49274.254293136866181, 4867.068914971299819 ], [ 49304.100555150362197, 4367.068914971299819 ], [ 49209.519868028903147, 4143.04649135938962 ], [ 48709.519868028903147, 4106.250474470172776 ] ] ] } },
{ "type": "Feature", "properties": { "center_id": "T01N020", "tree_id": "T01", "parent_id": "T01N022", "child_ids": "T01N017;T01N008", "level": 3, "type": "composite", "main": 0, "contour_v": 50.0, "peak_ntl": 86.804366152836621, "area_km2": 107.22290082643131, "min_ntl": 40.560352325439453, "max_ntl": 114.25871276855469, "tntl": 25791.872333526611, "avg_ntl": 60.120914530365063, "std_ntl": 11.089728746654865, "perim_km": 89.577261160811474, "orient_deg": 142.72949086302413, "compact": 0.16791978022678031, "elongated": 1.2099444144573457, "ulig": 0.012724842787236301, "n_children": 2 }, "geometry": { "type": "Polygon", "coordinates": [ [ [ 46709.519868028903147, -11505.020991285593482 ], [ 46209.519868028903147, -11526.104415187670384 ], [ 45709.519868028903147, -11342.555260043183807 ], [ 45311.85818237188505, -11132.931085028700181 ], [ 45209.519868028903147, -11040.518132260403945 ], [ 44859.816133193613496, -10632.931085028700181 ], [ 44936.372506191401044, -10132.931085028700181 ], [ 45009.996972729859408, -9632.931085028700181 ], [ 44709.519868028903147, -9253.596225584478816 ], [ 44490.997495683244779, -9132.931085028700181 ], [ 44209.519868028903147, -8945.488299880875275 ], [ 43979.207492301531602, -9132.931085028700181 ], [ 43709.519868028903147, -9326.542448209787835 ], [ 43209.519868028903147, -9556.31936422092258 ], [ 42709.519868028903147, -9278.787326560195652 ], [ 42477.119554222997976, -9132.931085028700181 ], [ 42614.164671344959061, -8632.931085028700181 ], [ 42709.519868028903147, -8482.566343235987006 ], [ 42929.858778990383144, -8132.931085028700181 ], [ 42709.519868028903147, -7647.446737209349521 ], [ 42665.220649348484585, -7632.931085028700181 ], [ 42209.519868028903147, -7497.862277511056163 ], [ 42141.838657776723267, -7632.931085028700181 ], [ 41709.519868028903147, -8053.934832217317307 ], [ 41209.519868028903147, -8021.069211124966387 ], [ 41001.898634681259864, -7632.931085028700181 ], [ 40709.519868028903147, -7274.379749387371703 ], [ 40515.898885455870186, -7132.931085028700181 ], [ 40209.519868028903147, -6970.277338277097442 ], [ 39709.519868028903147, -6785.944375157545437 ], [ 39512.189954583445797, -6632.931085028700181 ], [ 39304.455200208787574, -6132.931085028700181 ], [ 39209.519868028903147, -5840.152757918447605 ], [ 38709.519868028903147, -5950.942186881453381 ], [ 38211.994419057940831, -6132.931085028700181 ], [ 38209.519868028903147, -6134.085816013786825 ], [ 37709.519868028903147, -6386.772908043814823 ], [ 37209.519868028903147, -6434.654297603789018 ], [ 36891.409561109365313, -6132.931085028700181 ], [ 36709.519868028903147, -5838.165377470766543 ], [ 36644.157878573081689, -5632.931085028700181 ], [ 36709.519868028903147, -5406.520976126805181 ], [ 36773.298079167143442, -5132.931085028700181 ], [ 37153.163389265246224, -4632.931085028700181 ], [ 37209.519868028903147, -4570.505862594902283 ], [ 37543.337351211113855, -4132.931085028700181 ], [ 37209.519868028903147, -3739.902806079524453 ], [ 36709.519868028903147, -3987.63523272096063 ], [ 36523.880251683658571, -4132.931085028700181 ], [ 36209.519868028903147, -4358.672923282414558 ], [ 35709.519868028903147, -4456.435792015152401 ], [ 35209.519868028903147, -4308.258074947269051 ], [ 34940.818702044620295, -4132.931085028700181 ], [ 34709.519868028903147, -3825.083244757115608 ], [ 34209.519868028903147, -3776.488217662699753 ], [ 33709.519868028903147, -3641.883506553931511 ], [ 33698.192563954842626, -3632.931085028700181 ], [ 33209.519868028903147, -3390.723273124967818 ], [ 32879.093253973216633, -3132.931085028700181 ], [ 32709.519868028906785, -2883.625322681487887 ], [ 32555.065073641369963, -2632.931085028700181 ], [ 32658.752826389249094, -2132.931085028700181 ], [ 32709.519868028906785, -2056.319031399849337 ], [ 33075.950896575581282, -1632.931085028700181 ], [ 33209.519868028903147, -1522.942868748577894 ], [ 33709.519868028903147, -1361.614623882764135 ], [ 34209.519868028903147, -1182.219048381841276 ], [ 34394.528187192860059, -1132.931085028700181 ], [ 34709.519868028903147, -926.410430820542388 ], [ 35209.519868028903147, -1103.631844538336736 ], [ 35709.519868028903147, -1079.704101613984676 ], [ 36209.519868028903147, -1094.041898350886186 ], [ 36275.601542451360729, -1132.931085028700181 ], [ 36709.519868028903147, -1261.754913982673315 ], [ 37149.318213701277273, -1632.931085028700181 ], [ 37209.519868028903147, -1699.771309003699571 ], [ 37512.228004806529498, -2132.931085028700181 ], [ 37709.519868028903147, -2632.30168846558081 ], [ 37709.909618880657945, -2632.931085028700181 ], [ 37846.129973271221388, -3132.931085028700181 ], [ 37709.519868028903147, -3495.922330748027889 ], [ 37544.910214871721109, -3632.931085028700181 ], [ 37709.519868028903147, -3738.7127676915552 ], [ 38209.519868028903147, -3644.099153110408224 ], [ 38445.171689827780938, -3632.931085028700181 ], [ 38709.519868028903147, -3604.314870381029323 ], [ 38824.891267031198367, -3632.931085028700181 ], [ 39209.519868028903147, -3688.375907150271814 ], [ 39616.529763243364869, -4132.931085028700181 ], [ 39709.519868028903147, -4499.609500204765936 ], [ 39755.192351869583945, -4632.931085028700181 ], [ 39709.519868028903147, -4857.396968003886286 ], [ 39668.176620236772578, -5132.931085028700181 ], [ 39450.654689167524339, -5632.931085028700181 ], [ 39709.519868028903147, -5708.511442709641415 ], [ 40209.519868028903147, -5837.469531286260462 ], [ 40709.519868028903147, -5775.045179797059973 ], [ 40786.889091091972659, -5632.931085028700181 ], [ 41209.519868028903147, -5246.086273444845574 ], [ 41709.519868028903147, -5136.555356631142786 ], [ 42209.519868028903147, -5379.67812432005303 ], [ 42457.056364141069935, -5632.931085028700181 ], [ 42432.601528286613757, -6132.931085028700181 ], [ 42540.09403010555252, -6632.931085028700181 ], [ 42709.519868028903147, -6808.066847883557784 ], [ 42825.875961296085734, -6632.931085028700181 ], [ 43209.519868028903147, -6349.293571027214057 ], [ 43566.61918846120534, -6132.931085028700181 ], [ 43709.519868028903147, -5982.56852294455166 ], [ 44007.971939699564246, -5632.931085028700181 ], [ 44209.519868028903147, -5378.409766700860928 ], [ 44307.06710090690467, -5132.931085028700181 ], [ 44531.815426481058239, -4632.931085028700181 ], [ 44469.762325667252298, -4132.931085028700181 ], [ 44209.519868028903147, -3703.887258358532563 ], [ 44152.701457308299723, -3632.931085028700181 ], [ 43709.519868028903147, -3362.797987460508011 ], [ 43209.519868028903147, -3350.600984019270982 ], [ 42709.519868028903147, -3444.077073874243069 ], [ 42209.519868028903147, -3411.906500017241342 ], [ 41791.309719109645812, -3132.931085028700181 ], [ 41709.519868028903147, -3050.409412274137139 ], [ 41470.787008825296653, -2632.931085028700181 ], [ 41424.003779178921832, -2132.931085028700181 ], [ 41612.225225736066932, -1632.931085028700181 ], [ 41709.519868028903147, -1387.215273701847764 ], [ 42209.519868028903147, -1209.822154624795076 ], [ 42654.349228862629388, -1132.931085028700181 ], [ 42209.519868028903147, -957.453798783622915 ], [ 41709.519868028903147, -1020.518316933943424 ], [ 41209.519868028903147, -1097.728240894648479 ], [ 41184.824379900717759, -1132.931085028700181 ], [ 40709.519868028903147, -1493.675800377124688 ], [ 40523.50533136849117, -1632.931085028700181 ], [ 40209.519868028903147, -1710.98893430447788 ], [ 39976.988804816603079, -1632.931085028700181 ], [ 39709.519868028903147, -1475.428452819032827 ], [ 39500.203010795652517, -1132.931085028700181 ], [ 39647.160198724188376, -632.931085028700181 ], [ 39709.519868028903147, -603.369289565700456 ], [ 39850.949171865169774, -632.931085028700181 ], [ 40209.519868028903147, -739.802288492996013 ], [ 40709.519868028903147, -851.682697388896486 ], [ 40975.194228929263772, -632.931085028700181 ], [ 41209.519868028903147, -350.109276605900959 ], [ 41363.093852969497675, -132.931085028700181 ], [ 41670.6313700262981, 367.068914971299819 ], [ 41709.519868028903147, 698.314127245612326 ], [ 41726.147838716438855, 867.068914971299819 ], [ 42209.519868028903147, 1262.27053438553412 ], [ 42709.519868028903147, 1363.203905753296567 ], [ 42720.364699936588295, 1367.068914971299819 ], [ 43209.519868028903147, 1595.724858757064794 ], [ 43627.986862384641427, 1867.068914971299819 ], [ 43709.519868028903147, 1933.148713393806247 ], [ 43800.434890757940593, 1867.068914971299819 ], [ 44128.555420419870643, 1367.068914971299819 ], [ 44209.519868028903147, 1299.184131987727596 ], [ 44674.270146878261585, 867.068914971299819 ], [ 44709.519868028903147, 848.283006962301442 ], [ 45209.519868028903147, 756.126068277604645 ], [ 45561.643937332410133, 867.068914971299819 ], [ 45709.519868028903147, 919.020817873635679 ], [ 46209.519868028903147, 1188.213852136977948 ], [ 46532.49461653396429, 1367.068914971299819 ], [ 46709.519868028903147, 1650.980708430128288 ], [ 46812.949754449509783, 1867.068914971299819 ], [ 47024.947638661978999, 2367.068914971299819 ], [ 47209.519868028903147, 2511.845210727842641 ], [ 47709.519868028903147, 2435.224552067360491 ], [ 47867.865415773412678, 2367.068914971299819 ], [ 48209.519868028903147, 2226.254900582178379 ], [ 48709.519868028903147, 2274.305137649382232 ], [ 49209.519868028903147, 2268.978003396070562 ], [ 49709.519868028903147, 1896.32407350592257 ], [ 49741.604610056048841, 1867.068914971299819 ], [ 49980.516021640083636, 1367.068914971299819 ], [ 50074.821674110047752, 867.068914971299819 ], [ 49709.519868028903147, 367.482584357901942 ], [ 49707.212958553442149, 367.068914971299819 ], [ 49209.519868028903147, 265.561970339607797 ], [ 48951.545024493258097, -132.931085028700181 ], [ 49209.519868028903147, -584.222956501267618 ], [ 49241.545046596686007, -632.931085028700181 ], [ 49651.831671894658939, -1132.931085028700181 ], [ 49709.519868028903147, -1230.665151397202862 ], [ 50014.815081822205684, -1632.931085028700181 ], [ 50209.519868028903147, -1842.328221655960078 ], [ 50709.519868028903147, -1951.225245141919004 ], [ 51209.519868028903147, -2024.638384107442107 ], [ 51709.519868028903147, -2112.24167185362603 ], [ 51765.784906526387203, -2132.931085028700181 ], [ 52144.698408800832112, -2632.931085028700181 ], [ 51854.334994072851259, -3132.931085028700181 ], [ 51709.519868028903147, -3290.801111052845954 ], [ 51346.30407289530558, -3632.931085028700181 ], [ 51214.42881268534984, -4132.931085028700181 ], [ 51284.335237106162822, -4632.931085028700181 ], [ 51452.112166625651298, -5132.931085028700181 ], [ 51504.716719037285657, -5632.931085028700181 ], [ 51209.519868028903147, -6116.01179474357923 ], [ 50977.644860367814545, -6132.931085028700181 ], [ 50709.519868028903147, -6145.666017008756171 ], [ 50689.648656069490244, -6132.931085028700181 ], [ 50280.990137534987298, -5632.931085028700181 ], [ 50209.519868028903147, -5497.449480046052486 ], [ 49709.519868028903147, -5154.413136902003316 ], [ 49209.519868028903147, -5295.852947007326293 ], [ 48998.248070508474484, -5632.931085028700181 ], [ 48944.967561627228861, -6132.931085028700181 ], [ 48745.169126863926067, -6632.931085028700181 ], [ 48709.519868028903147, -6671.544125584172434 ], [ 48259.761977360831224, -7132.931085028700181 ], [ 48209.519868028903147, -7168.027758627926232 ], [ 47709.519868028903147, -7497.541551272996003 ], [ 47453.192151299052057, -7632.931085028700181 ], [ 47209.519868028903147, -7792.486568680877099 ], [ 46709.519868028903147, -7998.252825170508004 ], [ 46209.519868028903147, -8107.073052383886534 ], [ 46158.666979154004366, -8132.931085028700181 ], [ 45873.847199880183325, -8632.931085028700181 ], [ 45894.310383649382857, -9132.931085028700181 ], [ 46209.519868028903147, -9475.827246776621905 ], [ 46516.230657120133401, -9632.931085028700181 ], [ 46709.519868028903147, -9704.271485737641342 ], [ 47209.519868028903147, -9863.988434663740918 ], [ 47659.838227865009685, -10132.931085028700181 ], [ 47680.554772499905084, -10632.931085028700181 ], [ 47308.201778814560384, -11132.931085028700181 ], [ 47209.519868028903147, -11194.325420166002004 ], [ 46709.519868028903147, -11505.020991285593482 ] ] ] } },
{ "type": "Feature", "properties": { "center_id": "T01N021", "tree_id": "T01", "parent_id": "T01N027", "child_ids": "T01N018;T01N009", "level": 3, "type": "composite", "main": 0, "contour_v": 38.0, "peak_ntl": 196.50517829188993, "area_km2": 62.709135512304911, "min_ntl": 27.417503356933594, "max_ntl": 249.91119384765625, "tntl": 14437.89363861084, "avg_ntl": 57.293228724646191, "std_ntl": 29.08591536801201, "perim_km": 49.888029111862615, "orient_deg": 149.29077599548731, "compact": 0.31662702759903705, "elongated": 2.0941537823130174, "ulig": 0.022943025232502547, "n_children": 2 }, "geometry": { "type": "Polygon", "coordinates": [ [ [ 59709.519868028903147, 5190.3812089417479 ], [ 59209.519868028903147, 5300.954040759112104 ], [ 58885.028840508879512, 5367.068914971299819 ], [ 58709.519868028903147, 5394.029805723257596 ], [ 58209.519868028903147, 5475.912423724410473 ], [ 57757.257574684525025, 5867.068914971299819 ], [ 57709.519868028903147, 5888.934491788968444 ], [ 57209.519868028903147, 6127.165184764686273 ], [ 56709.519868028903147, 6010.630111202088301 ], [ 56632.737137709351373, 5867.068914971299819 ], [ 56292.312264665015391, 5367.068914971299819 ], [ 56209.519868028903147, 5281.277557292036363 ], [ 55709.519868028903147, 5197.3492047740001 ], [ 55425.690212169647566, 5367.068914971299819 ], [ 55209.519868028903147, 5511.765835339581827 ], [ 54709.519868028903147, 5612.253040994197363 ], [ 54393.86670482995396, 5867.068914971299819 ], [ 54209.519868028903147, 5991.485325808142079 ], [ 53945.043297375435941, 6367.068914971299819 ], [ 53905.189491383629502, 6867.068914971299819 ], [ 54072.532672374742106, 7367.068914971299819 ], [ 54209.519868028903147, 7856.020126258183154 ], [ 54213.764788256768952, 7867.068914971299819 ], [ 54283.818256453771028, 8367.068914971299819 ], [ 54257.713309223225224, 8867.068914971299819 ], [ 54209.519868028903147, 8999.889000148541527 ], [ 53939.258812614498311, 9367.068914971299819 ], [ 53709.519868028903147, 9464.087447525933385 ], [ 53209.519868028903147, 9813.595940727813286 ], [ 53169.743344495713245, 9867.068914971299819 ], [ 52836.109894534092746, 10367.068914971299819 ], [ 52709.519868028903147, 10554.897424325812608 ], [ 52470.40987345155736, 10867.068914971299819 ], [ 52209.519868028903147, 11001.284359018260147 ], [ 51709.519868028903147, 11057.158330672245938 ], [ 51209.519868028903147, 11020.232827037572861 ], [ 50715.820962051235256, 11367.068914971299819 ], [ 50709.519868028903147, 11375.525611914228648 ], [ 50524.789586306753336, 11867.068914971299819 ], [ 50408.334954678473878, 12367.068914971299819 ], [ 50418.953123668863554, 12867.068914971299819 ], [ 50709.519868028903147, 13350.092333568740287 ], [ 50767.208365260288701, 13367.068914971299819 ], [ 51209.519868028903147, 13457.284535521961516 ], [ 51709.519868028903147, 13394.470207610138459 ], [ 52209.519868028903147, 13386.436825153708924 ], [ 52709.519868028903147, 13378.243972762138583 ], [ 53150.413629883914837, 13867.068914971299819 ], [ 53209.519868028903147, 13961.398049224517308 ], [ 53340.439597369782859, 14367.068914971299819 ], [ 53360.204499425148242, 14384.165526199833039 ], [ 53360.45145847366075, 14384.135949753983368 ], [ 53360.584653756748594, 14384.494359137937863 ], [ 53622.396274538827129, 14610.961026318233053 ], [ 53940.031828167455387, 14509.070984775082252 ], [ 53436.262143036481575, 14439.964580728310466 ], [ 53674.843594083409698, 14285.93951625020236 ], [ 53675.749993862111296, 14108.525578244329154 ], [ 53751.050445595705241, 14264.151806246165506 ], [ 54151.055912160460139, 14166.407958484307528 ], [ 54044.829142346410663, 14476.343570802298927 ], [ 54358.995536852518853, 14422.521087289764182 ], [ 54416.868900763183774, 14267.579363725151779 ], [ 54255.05562834412558, 14288.919815250301326 ], [ 54227.321865519923449, 14133.535338241574209 ], [ 54390.113318376177631, 13923.692256881819048 ], [ 54580.353349478406017, 13924.678824910228286 ], [ 54759.636502160166856, 14202.828344524697968 ], [ 56905.784253581106896, 13105.366451271263941 ], [ 57011.266711664829927, 12950.696953584190851 ], [ 56802.462817688239738, 12860.856795386074737 ], [ 56910.288233815204876, 12273.741339239135414 ], [ 57357.906683228007751, 12187.465864478830554 ], [ 57385.478524956321053, 12365.034922505568829 ], [ 57594.591275040300388, 12399.444979352248993 ], [ 57891.888488303200575, 11968.620972585606069 ], [ 58208.991970271395985, 11888.84263883264066 ], [ 58209.519868028903147, 11888.345723882011953 ], [ 58245.032416548958281, 11867.068914971299819 ], [ 58659.421613509766757, 11650.720253101235357 ], [ 58551.427629348589107, 11417.842302885344907 ], [ 58628.531552775755699, 11240.853730850240026 ], [ 59131.922835407080129, 11398.915311557759196 ], [ 59770.830496365291765, 11147.490603434707737 ], [ 59952.997898569861718, 10904.577806292107198 ], [ 59849.409269895404577, 10715.480265598884216 ], [ 59878.964789462952467, 10538.230196561600678 ], [ 60142.911859388455923, 10972.194864971201241 ], [ 60456.768504652973206, 10996.173010063474067 ], [ 60564.944057789565704, 10386.919771370892704 ], [ 60888.139770577850868, 10444.230474605241398 ], [ 63457.353152084193425, 8862.661923556916008 ], [ 63668.598475293707452, 8553.457146041713713 ], [ 63777.7238382802243, 7822.268232266654195 ], [ 64100.98163055270561, 7879.677561293343388 ], [ 64521.043453389771457, 7671.563135200886791 ], [ 65253.540331789030461, 6824.686802211824215 ], [ 65209.519868028903147, 6787.510665785550373 ], [ 64709.519868028903147, 6570.698568272302509 ], [ 64209.519868028903147, 6524.009337441035314 ], [ 63709.519868028903147, 6558.237970383124775 ], [ 63209.519868028903147, 6708.524103217379889 ], [ 62893.693705129335285, 6867.068914971299819 ], [ 62709.519868028903147, 6953.58250681370555 ], [ 62209.519868028903147, 7131.933264612031053 ], [ 61709.519868028903147, 7358.774330018670298 ], [ 61699.969356236615567, 7367.068914971299819 ], [ 61209.519868028903147, 7670.947990646367543 ], [ 61017.121566401518066, 7867.068914971299819 ], [ 60709.519868028903147, 8176.223612068453804 ], [ 60410.564254263270414, 8367.068914971299819 ], [ 60209.519868028903147, 8547.054317583941156 ], [ 59709.519868028903147, 8607.724149629939348 ], [ 59399.629875175611232, 8367.068914971299819 ], [ 59402.083547773174359, 7867.068914971299819 ], [ 59449.588510582674644, 7367.068914971299819 ], [ 59626.568516660656314, 6867.068914971299819 ], [ 59709.519868028903147, 6744.906761662641657 ], [ 59993.9416009504057, 6367.068914971299819 ], [ 60209.519868028903147, 5966.638597198805655 ], [ 60318.603728257978219, 5867.068914971299819 ], [ 60362.641261158758425, 5367.068914971299819 ], [ 60209.519868028903147, 5236.668883091391763 ], [ 59709.519868028903147, 5190.3812089417479 ] ] ] } },
{ "type": "Feature", "properties": { "center_id": "T01N022", "tree_id": "T01", "parent_id": "T01N023", "child_ids": "T01N020;T01N014", "level": 4, "type": "composite", "main": 0, "contour_v": 45.0, "peak_ntl": 86.804366152836621, "area_km2": 182.84333877591777, "min_ntl": 29.517250061035156, "max_ntl": 114.25871276855469, "tntl": 40052.985317230225, "avg_ntl": 54.942366690302094, "std_ntl": 11.383124090737153, "perim_km": 88.904203807802375, "orient_deg": 179.19251351665579, "compact": 0.29069958594715595, "elongated": 1.369891210982725, "ulig": 0.011781147147855057, "n_children": 2 }, "geometry": { "type": "Polygon", "coordinates": [ [ [ 46209.519868028903147, -11684.443412706197705 ], [ 46142.027054383594077, -11632.931085028700181 ], [ 45709.519868028903147, -11471.291178329483955 ], [ 45209.519868028903147, -11218.192876478395192 ], [ 45018.389604404612328, -11132.931085028700181 ], [ 44709.519868028903147, -10722.782568707480095 ], [ 44661.757483143956051, -10632.931085028700181 ], [ 44709.519868028903147, -10417.217660582944518 ], [ 44757.895793444113224, -10132.931085028700181 ], [ 44773.418231221483438, -9632.931085028700181 ], [ 44709.519868028903147, -9552.263119845476467 ], [ 44209.519868028903147, -9282.746225238472107 ], [ 43724.93640253553167, -9632.931085028700181 ], [ 43709.519868028903147, -9641.535486990556819 ], [ 43209.519868028903147, -9796.932303222987684 ], [ 42709.519868028903147, -9716.171769401567872 ], [ 42209.519868028903147, -9714.812257891579065 ], [ 41819.651515694058617, -10132.931085028700181 ], [ 41709.519868028903147, -10216.195483828749275 ], [ 41303.573575633679866, -10632.931085028700181 ], [ 41209.519868028903147, -10712.637540897645522 ], [ 40709.519868028903147, -10896.752496763670933 ], [ 40209.519868028903147, -10696.223447172858869 ], [ 40149.052558539100573, -10632.931085028700181 ], [ 40028.729712433894747, -10132.931085028700181 ], [ 40176.987937621903257, -9632.931085028700181 ], [ 40209.519868028903147, -9564.082468066248111 ], [ 40458.459288990648929, -9132.931085028700181 ], [ 40709.519868028903147, -8651.471931253283401 ], [ 40725.865733376849676, -8632.931085028700181 ], [ 40803.831948171471595, -8132.931085028700181 ], [ 40709.519868028903147, -7957.110702066027443 ], [ 40549.352967790677212, -7632.931085028700181 ], [ 40209.519868028903147, -7350.144711471162736 ], [ 39821.450820837882929, -7132.931085028700181 ], [ 39709.519868028903147, -7081.085361762045068 ], [ 39209.519868028903147, -6708.065734165342292 ], [ 39105.930329144423013, -6632.931085028700181 ], [ 38709.519868028903147, -6281.874095832419698 ], [ 38209.519868028903147, -6481.905172461323673 ], [ 37941.177473111121799, -6632.931085028700181 ], [ 37880.100979561655549, -7132.931085028700181 ], [ 38104.568739814509172, -7632.931085028700181 ], [ 38209.519868028903147, -7780.145835497081862 ], [ 38454.090941106405808, -8132.931085028700181 ], [ 38579.862128963315627, -8632.931085028700181 ], [ 38352.814410595892696, -9132.931085028700181 ], [ 38209.519868028903147, -9332.129855780294747 ], [ 37709.519868028903147, -9501.716331271003583 ], [ 37209.519868028903147, -9327.523923408312839 ], [ 36926.602701868119766, -9132.931085028700181 ], [ 36714.433180464693578, -8632.931085028700181 ], [ 36709.519868028903147, -8512.035906082572183 ], [ 36663.416157669125823, -8132.931085028700181 ], [ 36229.464093354530632, -7632.931085028700181 ], [ 36445.085872683674097, -7132.931085028700181 ], [ 36594.720702814374818, -6632.931085028700181 ], [ 36365.874319808703149, -6132.931085028700181 ], [ 36338.90085180864844, -5632.931085028700181 ], [ 36434.944311107959948, -5132.931085028700181 ], [ 36209.519868028903147, -4765.950643509757356 ], [ 35709.519868028903147, -4793.359884847508511 ], [ 35209.519868028903147, -4747.73091637105972 ], [ 34890.110488463149522, -4632.931085028700181 ], [ 34709.519868028903147, -4526.687045058541116 ], [ 34209.519868028903147, -4313.171847516146954 ], [ 33911.597097885780386, -4132.931085028700181 ], [ 33709.519868028903147, -4050.155884324878571 ], [ 33209.519868028903147, -3657.409755289947498 ], [ 33185.165776563124382, -3632.931085028700181 ], [ 32709.519868028906785, -3290.014903711227817 ], [ 32506.83182141499492, -3132.931085028700181 ], [ 32257.800578441554535, -2632.931085028700181 ], [ 32404.519626277618954, -2132.931085028700181 ], [ 32709.519868028906785, -1672.658157492012833 ], [ 32743.902594671566476, -1632.931085028700181 ], [ 33209.519868028903147, -1249.515589584218105 ], [ 33518.929256272793282, -1132.931085028700181 ], [ 33709.519868028903147, -998.747239734017057 ], [ 34037.144148253428284, -632.931085028700181 ], [ 34102.412577055758447, -132.931085028700181 ], [ 34114.740304749677307, 367.068914971299819 ], [ 34209.519868028903147, 589.023432976930053 ], [ 34326.483524403505726, 867.068914971299819 ], [ 34651.075688037351938, 1367.068914971299819 ], [ 34709.519868028903147, 1529.867554111420759 ], [ 35006.533751316223061, 1867.068914971299819 ], [ 35209.519868028903147, 2009.903686504127108 ], [ 35521.193972661261796, 1867.068914971299819 ], [ 35709.519868028903147, 1600.989988379689748 ], [ 35999.251037229463691, 1367.068914971299819 ], [ 36209.519868028903147, 1286.16331729425292 ], [ 36295.34680602978915, 1367.068914971299819 ], [ 36594.445525754214032, 1867.068914971299819 ], [ 36709.519868028903147, 1996.871671159111429 ], [ 36867.062767534516752, 2367.068914971299819 ], [ 37209.519868028903147, 2775.674788596195867 ], [ 37336.429105358794914, 2867.068914971299819 ], [ 37709.519868028903147, 3085.452142327965703 ], [ 38209.519868028903147, 3114.487129532804829 ], [ 38709.519868028903147, 2978.146615281206323 ], [ 38915.268213369505247, 2867.068914971299819 ], [ 39209.519868028903147, 2687.796105839937809 ], [ 39516.086818457639311, 2367.068914971299819 ], [ 39709.519868028903147, 1873.671602371134213 ], [ 39712.011999005830148, 1867.068914971299819 ], [ 39725.32974150661903, 1367.068914971299819 ], [ 39709.519868028903147, 1317.768505655636545 ], [ 39628.470735063456232, 867.068914971299819 ], [ 39526.538720603217371, 367.068914971299819 ], [ 39634.900783694029087, -132.931085028700181 ], [ 39709.519868028903147, -174.650599502114346 ], [ 40209.519868028903147, -333.236324671495822 ], [ 40709.519868028903147, -186.562541449282435 ], [ 40758.928385678678751, -132.931085028700181 ], [ 41017.984980401801295, 367.068914971299819 ], [ 41209.519868028903147, 784.114865818381077 ], [ 41245.755966133379843, 867.068914971299819 ], [ 41629.326116067662952, 1367.068914971299819 ], [ 41709.519868028903147, 1427.300012990046525 ], [ 42209.519868028903147, 1588.411887722089887 ], [ 42709.519868028903147, 1672.968585966315004 ], [ 43008.518402371671982, 1867.068914971299819 ], [ 43209.519868028903147, 2143.896705109655159 ], [ 43492.709761935810093, 2367.068914971299819 ], [ 43709.519868028903147, 2502.339401295845164 ], [ 43987.667832658844418, 2367.068914971299819 ], [ 44209.519868028903147, 2218.896808459918248 ], [ 44447.780258719605627, 1867.068914971299819 ], [ 44660.503422775582294, 1367.068914971299819 ], [ 44709.519868028903147, 1321.133207275925088 ], [ 45209.519868028903147, 1122.055211697312188 ], [ 45709.519868028903147, 1231.79887850045634 ], [ 46003.976371012147865, 1367.068914971299819 ], [ 46209.519868028903147, 1503.692762324542855 ], [ 46475.092062292882474, 1867.068914971299819 ], [ 46682.779073333265842, 2367.068914971299819 ], [ 46709.519868028903147, 2399.806135240971344 ], [ 47209.519868028903147, 2781.149648023143527 ], [ 47709.519868028903147, 2694.443541981745511 ], [ 48209.519868028903147, 2478.308277846430428 ], [ 48709.519868028903147, 2484.522077999688918 ], [ 49209.519868028903147, 2525.550064875395037 ], [ 49709.519868028903147, 2460.294446162253735 ], [ 50209.519868028903147, 2797.653321377612883 ], [ 50370.218518271838548, 2867.068914971299819 ], [ 50709.519868028903147, 2938.309242670991807 ], [ 50809.952860971810878, 2867.068914971299819 ], [ 51097.159911430790089, 2367.068914971299819 ], [ 50955.760731944537838, 1867.068914971299819 ], [ 50709.519868028903147, 1611.944030976155773 ], [ 50409.051553398647229, 1367.068914971299819 ], [ 50502.056774327546009, 867.068914971299819 ], [ 50701.794456134259235, 367.068914971299819 ], [ 50209.519868028903147, 18.328381375104073 ], [ 49709.519868028903147, -99.658381280081812 ], [ 49610.190236253591138, -132.931085028700181 ], [ 49657.890471192018595, -632.931085028700181 ], [ 49709.519868028903147, -701.028593707786058 ], [ 49989.113768029768835, -1132.931085028700181 ], [ 50209.519868028903147, -1425.504595596299623 ], [ 50457.576849650227814, -1632.931085028700181 ], [ 50709.519868028903147, -1731.173427054920467 ], [ 51209.519868028903147, -1826.376512361806817 ], [ 51709.519868028903147, -1887.182015997212147 ], [ 52209.519868028903147, -2028.501859032432549 ], [ 52344.584801137330942, -2132.931085028700181 ], [ 52407.859617191323196, -2632.931085028700181 ], [ 52209.519868028903147, -2958.010156235919567 ], [ 52106.161429590472835, -3132.931085028700181 ], [ 51709.519868028903147, -3565.329380404087715 ], [ 51637.75180102129525, -3632.931085028700181 ], [ 51505.07861699978821, -4132.931085028700181 ], [ 51631.894982105746749, -4632.931085028700181 ], [ 51709.519868028903147, -4909.683978402419598 ], [ 51773.54370549225132, -5132.931085028700181 ], [ 51762.070530587036046, -5632.931085028700181 ], [ 51709.519868028903147, -5769.160927216842538 ], [ 51533.88037166846334, -6132.931085028700181 ], [ 51209.519868028903147, -6380.292110485577723 ], [ 50709.519868028903147, -6416.518209861285868 ], [ 50267.018889198618126, -6132.931085028700181 ], [ 50209.519868028903147, -6059.49149228821625 ], [ 49736.836459459067555, -5632.931085028700181 ], [ 49709.519868028903147, -5612.032761841473985 ], [ 49661.378451522279647, -5632.931085028700181 ], [ 49315.635318654196453, -6132.931085028700181 ], [ 49209.519868028903147, -6355.438993821589975 ], [ 49132.548090927986777, -6632.931085028700181 ], [ 48709.519868028903147, -7091.128715518061654 ], [ 48668.771110069501447, -7132.931085028700181 ], [ 48209.519868028903147, -7453.741480059121386 ], [ 47854.955680537925218, -7632.931085028700181 ], [ 47709.519868028903147, -7714.502820850073476 ], [ 47209.519868028903147, -8018.461097096136655 ], [ 46856.119378660354414, -8132.931085028700181 ], [ 46709.519868028903147, -8229.612307740331744 ], [ 46209.519868028903147, -8470.9517466853722 ], [ 46113.370627389507717, -8632.931085028700181 ], [ 46185.687662031225045, -9132.931085028700181 ], [ 46209.519868028903147, -9158.856611916562542 ], [ 46709.519868028903147, -9349.16952757044055 ], [ 47209.519868028903147, -9394.833933539732243 ], [ 47709.519868028903147, -9565.829346194688696 ], [ 47946.573172661184799, -9632.931085028700181 ], [ 48209.519868028903147, -9734.201443704601843 ], [ 48427.947994675312657, -9632.931085028700181 ], [ 48709.519868028903147, -9562.340435305057326 ], [ 49209.519868028903147, -9332.4819554535934 ], [ 49709.519868028903147, -9209.446678381966194 ], [ 50209.519868028903147, -9184.846210885662003 ], [ 50709.519868028903147, -9216.662372354359832 ], [ 51209.519868028903147, -9172.489282094466034 ], [ 51701.654981895131641, -9632.931085028700181 ], [ 51458.316316676588031, -10132.931085028700181 ], [ 51209.519868028903147, -10326.711505776140257 ], [ 50921.972602368769003, -10632.931085028700181 ], [ 50709.519868028903147, -10810.626641123104491 ], [ 50282.477945170729072, -11132.931085028700181 ], [ 50209.519868028903147, -11191.477842170046642 ], [ 49709.519868028903147, -11264.025171581815812 ], [ 49382.166469248608337, -11132.931085028700181 ], [ 49209.519868028903147, -11068.415713066118769 ], [ 48709.519868028903147, -10934.510003142582718 ], [ 48209.519868028903147, -11057.496224410439027 ], [ 48002.067978557708557, -11132.931085028700181 ], [ 47709.519868028903147, -11203.993518762581516 ], [ 47209.519868028903147, -11483.650594567487133 ], [ 46872.291283204234787, -11632.931085028700181 ], [ 46709.519868028903147, -11714.554156617436092 ], [ 46209.519868028903147, -11684.443412706197705 ] ] ] } },
{ "type": "Feature", "properties": { "center_id": "T01N023", "tree_id": "T01", "parent_id": "T01N024", "child_ids": "T01N022;T01N002", "level": 5, "type": "composite", "main": 0, "contour_v": 44.0, "peak_ntl": 135.68145588587859, "area_km2": 229.57659526324113, "min_ntl": 29.517250061035156, "max_ntl": 167.89590454101562, "tntl": 51735.327404022217, "avg_ntl": 56.603202849039626, "std_ntl": 15.82669329828679, "perim_km": 126.35287057814794, "orient_deg": 179.30107785326413, "compact": 0.18070378478835611, "elongated": 1.8371921269331448, "ulig": 0.013728505140478684, "n_children": 2 }, "geometry": { "type": "Polygon", "coordinates": [ [ [ 46209.519868028903147, -11737.024324035155587 ], [ 46073.134154186132946, -11632.931085028700181 ], [ 45709.519868028903147, -11497.038361986735254 ], [ 45209.519868028903147, -11247.545431230028044 ], [ 44952.590359134992468, -11132.931085028700181 ], [ 44709.519868028903147, -10810.157470305362949 ], [ 44615.31157586966583, -10632.931085028700181 ], [ 44709.519868028903147, -10207.449958786644856 ], [ 44722.200450894670212, -10132.931085028700181 ], [ 44726.102482919814065, -9632.931085028700181 ], [ 44709.519868028903147, -9611.996498697670177 ], [ 44209.519868028903147, -9345.222109623966389 ], [ 43811.390113251138246, -9632.931085028700181 ], [ 43709.519868028903147, -9689.787737051738077 ], [ 43209.519868028903147, -9839.412387815740658 ], [ 42709.519868028903147, -9771.750874974444741 ], [ 42209.519868028903147, -9788.363857271804591 ], [ 41888.233552667385084, -10132.931085028700181 ], [ 41709.519868028903147, -10268.046538435955881 ], [ 41354.082203439815203, -10632.931085028700181 ], [ 41209.519868028903147, -10755.441421954077668 ], [ 40709.519868028903147, -10936.239405347121647 ], [ 40209.519868028903147, -10753.826513822205015 ], [ 40094.020603013181244, -10632.931085028700181 ], [ 39988.522773115342716, -10132.931085028700181 ], [ 40126.472556960870861, -9632.931085028700181 ], [ 40209.519868028903147, -9457.174760766618419 ], [ 40396.732610616076272, -9132.931085028700181 ], [ 40641.857839686854277, -8632.931085028700181 ], [ 40709.519868028903147, -8140.742233013661462 ], [ 40710.765512709767791, -8132.931085028700181 ], [ 40709.519868028903147, -8130.608903983680648 ], [ 40463.632991155478521, -7632.931085028700181 ], [ 40209.519868028903147, -7421.475142059309292 ], [ 39709.519868028903147, -7142.468127302228822 ], [ 39697.134309665794717, -7132.931085028700181 ], [ 39209.519868028903147, -6781.439305416730349 ], [ 39004.768821110817953, -6632.931085028700181 ], [ 38709.519868028903147, -6371.461677181549021 ], [ 38209.519868028903147, -6551.469043750825222 ], [ 38064.778353941757814, -6632.931085028700181 ], [ 37962.349037735912134, -7132.931085028700181 ], [ 38188.429534687442356, -7632.931085028700181 ], [ 38209.519868028903147, -7662.514456003205851 ], [ 38535.639794831440668, -8132.931085028700181 ], [ 38663.738565989857307, -8632.931085028700181 ], [ 38442.116564018288045, -9132.931085028700181 ], [ 38209.519868028903147, -9456.271912194613833 ], [ 37709.519868028903147, -9582.085864303284325 ], [ 37209.519868028903147, -9400.799110570951598 ], [ 36820.068419956282014, -9132.931085028700181 ], [ 36709.519868028903147, -8870.789807683991967 ], [ 36590.163497474350152, -8632.931085028700181 ], [ 36411.842705258066417, -8132.931085028700181 ], [ 36209.519868028903147, -7902.805013086574036 ], [ 35810.540763669792796, -8132.931085028700181 ], [ 35709.519868028903147, -8170.212861466352479 ], [ 35260.571570980377146, -8632.931085028700181 ], [ 35209.519868028903147, -8725.162001323071308 ], [ 34709.519868028903147, -8711.842236619835603 ], [ 34634.429510415691766, -8632.931085028700181 ], [ 34357.535669855031301, -8132.931085028700181 ], [ 34209.519868028903147, -7969.97118386690272 ], [ 33709.519868028903147, -7749.439030345645733 ], [ 33209.519868028903147, -7897.296575574800954 ], [ 32771.601361623645062, -8132.931085028700181 ], [ 32877.140289643415599, -8632.931085028700181 ], [ 33209.519868028903147, -8954.302287015336333 ], [ 33709.519868028903147, -9110.406953798621544 ], [ 33762.029234719739179, -9132.931085028700181 ], [ 34165.139086806986597, -9632.931085028700181 ], [ 34021.634010702342493, -10132.931085028700181 ], [ 33709.519868028903147, -10329.602887698085397 ], [ 33209.519868028903147, -10600.301879019840271 ], [ 33090.858898073784076, -10632.931085028700181 ], [ 32709.519868028906785, -10752.582047728908947 ], [ 32209.519868028906785, -11006.789373430932756 ], [ 31709.519868028906785, -10697.243232565757353 ], [ 31699.421566532731958, -10632.931085028700181 ], [ 31709.519868028906785, -10327.318782688089414 ], [ 31727.9214178528091, -10132.931085028700181 ], [ 31709.519868028906785, -10106.354366718413075 ], [ 31209.519868028906785, -9858.267158245114842 ], [ 30762.364965891716565, -9632.931085028700181 ], [ 30749.833345840732363, -9132.931085028700181 ], [ 30967.359600173771469, -8632.931085028700181 ], [ 30709.519868028906785, -8475.428670547888032 ], [ 30209.519868028906785, -8246.61584084390779 ], [ 30087.282665309012373, -8132.931085028700181 ], [ 29709.519868028906785, -8009.330100235529244 ], [ 29209.519868028906785, -7712.972331508528441 ], [ 29025.753370745096618, -7632.931085028700181 ], [ 28709.519868028906785, -7540.561986353844986 ], [ 28209.519868028906785, -7405.265818118175957 ], [ 27751.738183892895904, -7132.931085028700181 ], [ 27709.519868028906785, -7087.220476054528262 ], [ 27209.519868028906785, -7043.944536535433144 ], [ 27012.752898982897023, -7132.931085028700181 ], [ 26709.519868028906785, -7258.708876497054007 ], [ 26664.347965567034407, -7132.931085028700181 ], [ 26709.519868028906785, -7037.705424412386492 ], [ 27002.758452076439426, -6632.931085028700181 ], [ 27209.519868028906785, -6272.831715200998588 ], [ 27236.153787961909984, -6132.931085028700181 ], [ 27501.263453097908496, -5632.931085028700181 ], [ 27709.519868028906785, -5395.429511659254786 ], [ 27938.117934710779082, -5132.931085028700181 ], [ 28209.519868028906785, -4724.126805037361919 ], [ 28237.040036297043116, -4632.931085028700181 ], [ 28334.412559035594313, -4132.931085028700181 ], [ 28472.809577595671726, -3632.931085028700181 ], [ 28709.519868028906785, -3243.570926815780695 ], [ 28816.388112848206219, -3132.931085028700181 ], [ 29209.519868028906785, -2892.104558398743393 ], [ 29709.519868028906785, -2896.522269451699685 ], [ 30209.519868028906785, -2947.3155373994814 ], [ 30709.519868028906785, -2907.571233021706576 ], [ 31209.519868028906785, -2974.642639449084527 ], [ 31420.54783723852961, -3132.931085028700181 ], [ 31709.519868028906785, -3373.227470955505851 ], [ 31865.11044283146839, -3632.931085028700181 ], [ 32112.323570920485508, -4132.931085028700181 ], [ 32209.519868028906785, -4412.662169058559812 ], [ 32401.370017825171089, -4632.931085028700181 ], [ 32709.519868028906785, -4785.723124403666588 ], [ 33209.519868028903147, -4735.22353439044673 ], [ 33689.523558308632346, -5132.931085028700181 ], [ 33709.519868028903147, -5178.197274637990631 ], [ 33852.259422618051758, -5632.931085028700181 ], [ 34129.226478333075647, -6132.931085028700181 ], [ 34209.519868028903147, -6238.849858788802521 ], [ 34709.519868028903147, -6397.459292578030727 ], [ 35209.519868028903147, -6576.421284515119623 ], [ 35307.180790756261558, -6632.931085028700181 ], [ 35623.193603001200245, -7132.931085028700181 ], [ 35709.519868028903147, -7242.280562886182452 ], [ 36209.519868028903147, -7218.638016912329476 ], [ 36247.977945899910992, -7132.931085028700181 ], [ 36437.179033809530665, -6632.931085028700181 ], [ 36266.622296288202051, -6132.931085028700181 ], [ 36277.84944645575888, -5632.931085028700181 ], [ 36360.86082825329504, -5132.931085028700181 ], [ 36209.519868028903147, -4886.555085849366151 ], [ 35709.519868028903147, -4860.987329452938866 ], [ 35209.519868028903147, -4817.687755135499174 ], [ 34709.519868028903147, -4638.268595839908812 ], [ 34688.577949022044777, -4632.931085028700181 ], [ 34209.519868028903147, -4433.771609203497064 ], [ 33712.255869050262845, -4132.931085028700181 ], [ 33709.519868028903147, -4131.810359879062162 ], [ 33209.519868028903147, -3748.038241588306846 ], [ 33094.998523964823107, -3632.931085028700181 ], [ 32709.519868028906785, -3355.020844866448897 ], [ 32422.953498736304027, -3132.931085028700181 ], [ 32209.519868028906785, -2667.316825449568569 ], [ 32184.038950672427745, -2632.931085028700181 ], [ 32209.519868028906785, -2601.849662960928981 ], [ 32353.672986255292926, -2132.931085028700181 ], [ 32683.75880073875669, -1632.931085028700181 ], [ 32709.519868028906785, -1598.359588256978896 ], [ 33209.519868028903147, -1194.830133751354879 ], [ 33373.796817793117953, -1132.931085028700181 ], [ 33709.519868028903147, -896.567869550155592 ], [ 33945.632490882111597, -632.931085028700181 ], [ 34019.651322674762923, -132.931085028700181 ], [ 34037.676011871764786, 367.068914971299819 ], [ 34209.519868028903147, 769.492379966788576 ], [ 34250.566779593980755, 867.068914971299819 ], [ 34577.504331103991717, 1367.068914971299819 ], [ 34709.519868028903147, 1734.803559547217446 ], [ 34826.021909238668741, 1867.068914971299819 ], [ 35209.519868028903147, 2136.924037155084079 ], [ 35709.519868028903147, 1914.162715073223808 ], [ 35832.589905397646362, 1867.068914971299819 ], [ 36209.519868028903147, 1550.019635763470433 ], [ 36400.205160203055129, 1867.068914971299819 ], [ 36709.519868028903147, 2215.97294354600308 ], [ 36773.820988147548633, 2367.068914971299819 ], [ 37191.752245910101919, 2867.068914971299819 ], [ 37209.519868028903147, 2884.225217055965913 ], [ 37709.519868028903147, 3175.877183360920753 ], [ 38209.519868028903147, 3190.997611867525848 ], [ 38709.519868028903147, 3046.814151176266023 ], [ 39042.460546750633512, 2867.068914971299819 ], [ 39209.519868028903147, 2765.28802999445179 ], [ 39590.157441551884403, 2367.068914971299819 ], [ 39709.519868028903147, 2062.606463597388938 ], [ 39783.32393485395005, 1867.068914971299819 ], [ 39809.406353013968328, 1367.068914971299819 ], [ 39709.519868028903147, 1055.589850840260624 ], [ 39675.618221091935993, 867.068914971299819 ], [ 39582.774615690970677, 367.068914971299819 ], [ 39709.519868028903147, -40.160491476010066 ], [ 39822.560500329607748, -132.931085028700181 ], [ 40209.519868028903147, -260.598803146640421 ], [ 40592.556817785414751, -132.931085028700181 ], [ 40709.519868028903147, -30.347830178099684 ], [ 40917.808185885878629, 367.068914971299819 ], [ 41142.612002144465805, 867.068914971299819 ], [ 41209.519868028903147, 939.88742361209006 ], [ 41538.760022801929154, 1367.068914971299819 ], [ 41709.519868028903147, 1495.321462382984464 ], [ 42209.519868028903147, 1644.064550120514468 ], [ 42709.519868028903147, 1734.816445443342673 ], [ 42913.245924315269804, 1867.068914971299819 ], [ 43209.519868028903147, 2275.110024749505101 ], [ 43326.2092550357047, 2367.068914971299819 ], [ 43709.519868028903147, 2606.221111182501772 ], [ 44201.273083533233148, 2367.068914971299819 ], [ 44209.519868028903147, 2361.560994213970844 ], [ 44544.393475762422895, 1867.068914971299819 ], [ 44709.519868028903147, 1484.540660301034222 ], [ 44817.558117013759329, 1367.068914971299819 ], [ 45209.519868028903147, 1206.420072863329551 ], [ 45709.519868028903147, 1294.354490625817562 ], [ 45867.804996560123982, 1367.068914971299819 ], [ 46209.519868028903147, 1594.205268665260519 ], [ 46408.941312602371909, 1867.068914971299819 ], [ 46616.972425063402625, 2367.068914971299819 ], [ 46709.519868028903147, 2480.369438020075904 ], [ 47209.519868028903147, 2835.010535482215346 ], [ 47709.519868028903147, 2746.287339964619605 ], [ 48209.519868028903147, 2529.725198919302784 ], [ 48709.519868028903147, 2530.800208460175782 ], [ 49209.519868028903147, 2581.138937036026618 ], [ 49709.519868028903147, 2577.7160963282804 ], [ 50103.481615389042418, 2867.068914971299819 ], [ 50209.519868028903147, 2948.700929284867016 ], [ 50709.519868028903147, 3038.50888974215195 ], [ 50951.21204340569966, 2867.068914971299819 ], [ 51193.18230347878125, 2367.068914971299819 ], [ 51079.596792415715754, 1867.068914971299819 ], [ 50709.519868028903147, 1483.640141606490943 ], [ 50566.483856151084183, 1367.068914971299819 ], [ 50595.626408827622072, 867.068914971299819 ], [ 50709.519868028903147, 587.74578927741095 ], [ 51171.763900941557949, 367.068914971299819 ], [ 51209.519868028903147, 314.325780265862704 ], [ 51352.964592779506347, -132.931085028700181 ], [ 51209.519868028903147, -199.603742311141104 ], [ 50709.519868028903147, -151.706796935977763 ], [ 50345.084777973621385, -132.931085028700181 ], [ 50209.519868028903147, -124.353780580015155 ], [ 50166.82276789828029, -132.931085028700181 ], [ 49769.44758588798868, -632.931085028700181 ], [ 50060.212187627432286, -1132.931085028700181 ], [ 50209.519868028903147, -1331.126471680603572 ], [ 50570.441665584177827, -1632.931085028700181 ], [ 50709.519868028903147, -1687.163063437532401 ], [ 51209.519868028903147, -1786.724138012665207 ], [ 51709.519868028903147, -1842.170084825935191 ], [ 52209.519868028903147, -1952.554463749809656 ], [ 52442.812378386370256, -2132.931085028700181 ], [ 52459.864952247866313, -2632.931085028700181 ], [ 52209.519868028903147, -3043.246958689269377 ], [ 52156.526716693988419, -3132.931085028700181 ], [ 51709.519868028903147, -3620.235034274344798 ], [ 51696.041346646496095, -3632.931085028700181 ], [ 51563.208577862678794, -4132.931085028700181 ], [ 51701.406931105666445, -4632.931085028700181 ], [ 51709.519868028903147, -4661.85581374890171 ], [ 51844.617012431815965, -5132.931085028700181 ], [ 51816.095783753349679, -5632.931085028700181 ], [ 51709.519868028903147, -5909.213428075032425 ], [ 51601.502055818462395, -6132.931085028700181 ], [ 51209.519868028903147, -6431.861179304934922 ], [ 50709.519868028903147, -6470.688648431794718 ], [ 50209.519868028903147, -6170.064409173617605 ], [ 50139.299556000638404, -6132.931085028700181 ], [ 49709.519868028903147, -5774.33075697478489 ], [ 49448.839634393356391, -6132.931085028700181 ], [ 49210.50266759013175, -6632.931085028700181 ], [ 49209.519868028903147, -6633.97875197941903 ], [ 48779.22088071705366, -7132.931085028700181 ], [ 48709.519868028903147, -7193.049342791622621 ], [ 48209.519868028903147, -7510.884224345354596 ], [ 47968.024575925548561, -7632.931085028700181 ], [ 47709.519868028903147, -7777.920667562342715 ], [ 47209.519868028903147, -8063.656002779200207 ], [ 46995.648543237228296, -8132.931085028700181 ], [ 46709.519868028903147, -8321.630692911756341 ], [ 46209.519868028903147, -8551.655132479543681 ], [ 46161.275312891375506, -8632.931085028700181 ], [ 46209.519868028903147, -8948.01508805406047 ], [ 46343.171924481895985, -9132.931085028700181 ], [ 46709.519868028903147, -9266.638301918428624 ], [ 47209.519868028903147, -9294.907944189952104 ], [ 47709.519868028903147, -9477.739960241233348 ], [ 48209.519868028903147, -9620.668295988740283 ], [ 48709.519868028903147, -9497.531546517435345 ], [ 49209.519868028903147, -9285.051740641167271 ], [ 49709.519868028903147, -9169.080375990117318 ], [ 50209.519868028903147, -9140.12064650953107 ], [ 50709.519868028903147, -9150.459818641917082 ], [ 50846.233764813048765, -9132.931085028700181 ], [ 51209.519868028903147, -9034.572368373483187 ], [ 51709.519868028903147, -8648.040249294281239 ], [ 51719.214478363806847, -8632.931085028700181 ], [ 52209.519868028903147, -8201.359908822283614 ], [ 52248.550785967381671, -8132.931085028700181 ], [ 52709.519868028903147, -7844.861480320687406 ], [ 53209.519868028903147, -7944.605344990399317 ], [ 53365.056693884878769, -8132.931085028700181 ], [ 53709.519868028903147, -8501.968383882383932 ], [ 53851.913911527488381, -8632.931085028700181 ], [ 53954.237237744993763, -9132.931085028700181 ], [ 53709.519868028903147, -9492.394253207472502 ], [ 53209.519868028903147, -9581.064201763641904 ], [ 52709.519868028903147, -9305.022270742396358 ], [ 52294.104568367663887, -9132.931085028700181 ], [ 52209.519868028903147, -8973.102795284663443 ], [ 51996.804004163233913, -9132.931085028700181 ], [ 51816.906275091125281, -9632.931085028700181 ], [ 51709.519868028903147, -9832.243233899847837 ], [ 51561.88645400540554, -10132.931085028700181 ], [ 51209.519868028903147, -10407.379316339895013 ], [ 50997.721541776947561, -10632.931085028700181 ], [ 50709.519868028903147, -10873.98308580959565 ], [ 50366.422980605304474, -11132.931085028700181 ], [ 50209.519868028903147, -11258.841317131940741 ], [ 49709.519868028903147, -11333.348203857021872 ], [ 49209.519868028903147, -11133.257928445644211 ], [ 49207.730237463241792, -11132.931085028700181 ], [ 48709.519868028903147, -11048.658094752783654 ], [ 48414.776244335269439, -11132.931085028700181 ], [ 48209.519868028903147, -11216.849305441806791 ], [ 47709.519868028903147, -11307.707922778005013 ], [ 47209.519868028903147, -11541.515629447778338 ], [ 47003.009930786531186, -11632.931085028700181 ], [ 46709.519868028903147, -11780.104102952303947 ], [ 46209.519868028903147, -11737.024324035155587 ] ] ] } },
{ "type": "Feature", "properties": { "center_id": "T01N024", "tree_id": "T01", "parent_id": "T01N025", "child_ids": "T01N023;T01N011", "level": 6, "type": "composite", "main": 0, "contour_v": 42.0, "peak_ntl": 135.68145588587859, "area_km2": 272.13172269734713, "min_ntl": 26.684597015380859, "max_ntl": 167.89590454101562, "tntl": 59217.827159881592, "avg_ntl": 54.780598667790557, "std_ntl": 15.477669383827658, "perim_km": 131.42873395132571, "orient_deg": 17.173478211383866, "compact": 0.1979741040471738, "elongated": 1.5933320841151914, "ulig": 0.013338860302130938, "n_children": 2 }, "geometry": { "type": "Polygon", "coordinates": [ [ [ 35996.038450714855571, -15632.931085028700181 ], [ 35709.519868028903147, -15369.198974679995445 ], [ 35488.454271018897998, -15132.931085028700181 ], [ 35209.519868028903147, -14868.537178079641308 ], [ 34709.519868028903147, -14855.302446160290856 ], [ 34252.170219375097076, -14632.931085028700181 ], [ 34209.519868028903147, -14617.903698690905003 ], [ 33824.183113554870943, -14132.931085028700181 ], [ 33709.519868028903147, -13986.818485700525343 ], [ 33504.045273821917363, -13632.931085028700181 ], [ 33281.18417188944295, -13132.931085028700181 ], [ 33209.519868028903147, -12822.328056475424091 ], [ 33125.857116979503189, -12632.931085028700181 ], [ 33209.519868028903147, -12164.61811979135382 ], [ 33217.603130811461597, -12132.931085028700181 ], [ 33709.519868028903147, -11740.401701788927312 ], [ 34209.519868028903147, -11744.429959571978543 ], [ 34709.519868028903147, -11642.025267965349485 ], [ 34714.491273400431965, -11632.931085028700181 ], [ 34709.546636878862046, -11132.931085028700181 ], [ 34709.519868028903147, -11132.836756797434646 ], [ 34429.169207279279362, -10632.931085028700181 ], [ 34209.519868028903147, -10223.188604879236664 ], [ 33709.519868028903147, -10522.782170039368793 ], [ 33503.739729936147342, -10632.931085028700181 ], [ 33209.519868028903147, -10811.672258711332688 ], [ 32709.519868028906785, -10954.101473433693172 ], [ 32420.634770070439117, -11132.931085028700181 ], [ 32209.519868028906785, -11330.744582784289378 ], [ 31709.519868028906785, -11384.204484052432235 ], [ 31609.738213158165308, -11132.931085028700181 ], [ 31528.514767802287679, -10632.931085028700181 ], [ 31211.576982128677628, -10132.931085028700181 ], [ 31209.519868028906785, -10131.843356246841722 ], [ 30709.519868028906785, -9823.565336645071511 ], [ 30527.716805425585335, -9632.931085028700181 ], [ 30546.0652559485643, -9132.931085028700181 ], [ 30604.955422575123521, -8632.931085028700181 ], [ 30209.519868028906785, -8419.449628876856877 ], [ 29901.446678477415844, -8132.931085028700181 ], [ 29709.519868028906785, -8070.134158093467704 ], [ 29209.519868028906785, -7790.91248638369143 ], [ 28846.81076441301775, -7632.931085028700181 ], [ 28709.519868028906785, -7592.829589626286179 ], [ 28209.519868028906785, -7502.693600609185523 ], [ 27709.519868028906785, -7399.053246981129632 ], [ 27406.875106859519292, -7632.931085028700181 ], [ 27209.519868028906785, -7950.395106642172323 ], [ 27029.178626072465704, -8132.931085028700181 ], [ 26709.519868028906785, -8266.129813638064661 ], [ 26523.544415400774596, -8632.931085028700181 ], [ 26209.519868028906785, -8900.207381994841853 ], [ 25709.519868028906785, -9088.313678218168207 ], [ 25209.519868028906785, -8828.668310242836014 ], [ 25123.069083315993339, -8632.931085028700181 ], [ 25209.519868028906785, -8489.57921488530701 ], [ 25506.655298588611913, -8132.931085028700181 ], [ 25709.519868028906785, -7975.546553458465496 ], [ 26209.519868028906785, -7787.8137455664546 ], [ 26502.629044816330861, -7632.931085028700181 ], [ 26408.502775507095066, -7132.931085028700181 ], [ 26647.865782600030798, -6632.931085028700181 ], [ 26709.519868028906785, -6593.828691666567465 ], [ 27103.180351873455947, -6132.931085028700181 ], [ 27209.519868028906785, -5938.883438073826255 ], [ 27371.745867915091367, -5632.931085028700181 ], [ 27709.519868028906785, -5247.723952288506553 ], [ 27809.487810165923293, -5132.931085028700181 ], [ 28127.872988520746731, -4632.931085028700181 ], [ 28209.519868028906785, -4418.636166524796863 ], [ 28261.191854991975561, -4132.931085028700181 ], [ 28380.71067822997793, -3632.931085028700181 ], [ 28680.89396246897013, -3132.931085028700181 ], [ 28709.519868028906785, -3103.058620893818443 ], [ 29209.519868028906785, -2802.466562345856801 ], [ 29709.519868028906785, -2807.207197096111486 ], [ 30209.519868028906785, -2837.989333422170603 ], [ 30709.519868028906785, -2772.592900915260543 ], [ 31209.519868028906785, -2785.320400611133664 ], [ 31672.949630950581195, -3132.931085028700181 ], [ 31709.519868028906785, -3163.341280016684323 ], [ 31990.854989005132666, -3632.931085028700181 ], [ 32169.78485018462743, -4132.931085028700181 ], [ 32209.519868028906785, -4247.288524007337401 ], [ 32545.407402472457761, -4632.931085028700181 ], [ 32709.519868028906785, -4714.304086776537588 ], [ 33209.519868028903147, -4636.173474059949513 ], [ 33255.161039563812665, -4632.931085028700181 ], [ 33474.913363653628039, -4132.931085028700181 ], [ 33209.519868028903147, -3929.295214184996439 ], [ 32914.664018768220558, -3632.931085028700181 ], [ 32709.519868028906785, -3485.032727176891058 ], [ 32255.196853378951346, -3132.931085028700181 ], [ 32209.519868028906785, -3033.284859440551372 ], [ 31912.84510359806518, -2632.931085028700181 ], [ 32209.519868028906785, -2271.049546733731404 ], [ 32251.97970621064087, -2132.931085028700181 ], [ 32576.924737648401788, -1632.931085028700181 ], [ 32709.519868028906785, -1454.987676463177195 ], [ 33128.551851614392945, -1132.931085028700181 ], [ 33209.519868028903147, -1068.611944640550064 ], [ 33709.519868028903147, -692.20912918241811 ], [ 33762.609176139492774, -632.931085028700181 ], [ 33854.128813912786427, -132.931085028700181 ], [ 33883.547426115954295, 367.068914971299819 ], [ 34085.473047023522668, 867.068914971299819 ], [ 34209.519868028903147, 1030.630861308687599 ], [ 34430.361617237300379, 1367.068914971299819 ], [ 34619.753026405160199, 1867.068914971299819 ], [ 34709.519868028903147, 2039.675931894627865 ], [ 35175.407830821015523, 2367.068914971299819 ], [ 35209.519868028903147, 2384.648486111924285 ], [ 35283.544237679991056, 2367.068914971299819 ], [ 35709.519868028903147, 2208.011805524831288 ], [ 36209.519868028903147, 2046.240513049488072 ], [ 36500.445779234098154, 2367.068914971299819 ], [ 36709.519868028903147, 2524.757309826673009 ], [ 36992.671586478449171, 2867.068914971299819 ], [ 37209.519868028903147, 3076.456226337060798 ], [ 37709.519868028903147, 3356.727265426830854 ], [ 38209.519868028903147, 3344.018576536982437 ], [ 38709.519868028903147, 3184.149222966414527 ], [ 39209.519868028903147, 2924.934566123323748 ], [ 39279.950966755946865, 2867.068914971299819 ], [ 39709.519868028903147, 2409.522501740502776 ], [ 39740.682566973831854, 2367.068914971299819 ], [ 39925.947806550218957, 1867.068914971299819 ], [ 39977.559576028652373, 1367.068914971299819 ], [ 39856.427585253113648, 867.068914971299819 ], [ 39709.519868028903147, 449.757503030195949 ], [ 39695.246405866462737, 367.068914971299819 ], [ 39709.519868028903147, 321.208628947613761 ], [ 40209.519868028903147, -97.906592380371876 ], [ 40709.519868028903147, 351.929352005143301 ], [ 40717.454596854004194, 367.068914971299819 ], [ 40926.673215015995083, 867.068914971299819 ], [ 41209.519868028903147, 1174.902249276317889 ], [ 41357.627836270519765, 1367.068914971299819 ], [ 41709.519868028903147, 1631.364361168860341 ], [ 42209.519868028903147, 1755.369874917363632 ], [ 42709.519868028903147, 1858.51216439739801 ], [ 42722.700968202450895, 1867.068914971299819 ], [ 43094.541987148477347, 2367.068914971299819 ], [ 43209.519868028903147, 2753.295937115210108 ], [ 43709.519868028903147, 2813.984530955844093 ], [ 44209.519868028903147, 2576.388205210867454 ], [ 44490.966434494737769, 2367.068914971299819 ], [ 44709.519868028903147, 1947.23982006002916 ], [ 44760.775679720958578, 1867.068914971299819 ], [ 45209.519868028903147, 1385.195013425007346 ], [ 45709.519868028903147, 1465.031906592965242 ], [ 46209.519868028903147, 1775.230281346666743 ], [ 46276.63981322136533, 1867.068914971299819 ], [ 46485.359128523690742, 2367.068914971299819 ], [ 46709.519868028903147, 2641.496043578285025 ], [ 47042.471083322525374, 2867.068914971299819 ], [ 47209.519868028903147, 2953.598830722286948 ], [ 47614.472824971730006, 2867.068914971299819 ], [ 47709.519868028903147, 2849.974935930382344 ], [ 48209.519868028903147, 2632.559041065091151 ], [ 48709.519868028903147, 2623.356469381164061 ], [ 49209.519868028903147, 2692.316681357333437 ], [ 49709.519868028903147, 2812.559396660290076 ], [ 49783.736062577387202, 2867.068914971299819 ], [ 50209.519868028903147, 3194.852416073976201 ], [ 50709.519868028903147, 3238.908183884443133 ], [ 51209.519868028903147, 2921.392285982699832 ], [ 51223.408320059417747, 2867.068914971299819 ], [ 51300.384326420244179, 2367.068914971299819 ], [ 51258.611397527551162, 1867.068914971299819 ], [ 51209.519868028903147, 1720.239351613490726 ], [ 50871.046714222931769, 1367.068914971299819 ], [ 50844.114420369995059, 867.068914971299819 ], [ 51209.519868028903147, 604.482824181919568 ], [ 51656.636549261093023, 367.068914971299819 ], [ 51709.519868028903147, 168.287665402735001 ], [ 51748.064434923377121, -132.931085028700181 ], [ 51709.519868028903147, -175.557802177223493 ], [ 51209.519868028903147, -399.801226665396825 ], [ 50709.519868028903147, -384.072682073252508 ], [ 50209.519868028903147, -488.202517393729067 ], [ 50084.882189064373961, -632.931085028700181 ], [ 50202.409026822730084, -1132.931085028700181 ], [ 50209.519868028903147, -1142.370223849196918 ], [ 50709.519868028903147, -1560.489903978814255 ], [ 50854.581180524633965, -1632.931085028700181 ], [ 51209.519868028903147, -1707.419389314425644 ], [ 51709.519868028903147, -1752.14622248338128 ], [ 52209.519868028903147, -1800.65967318454932 ], [ 52639.267532884492539, -2132.931085028700181 ], [ 52563.8756223609671, -2632.931085028700181 ], [ 52278.495007940015057, -3132.931085028700181 ], [ 52209.519868028903147, -3217.140833299141377 ], [ 51846.661187400983181, -3632.931085028700181 ], [ 51709.519868028903147, -4019.845200207113521 ], [ 51679.468499588445411, -4132.931085028700181 ], [ 51709.519868028903147, -4240.621411580315907 ], [ 52013.291208549868315, -4632.931085028700181 ], [ 51986.763626310959808, -5132.931085028700181 ], [ 51924.146290085962391, -5632.931085028700181 ], [ 51744.629810183148948, -6132.931085028700181 ], [ 51709.519868028903147, -6176.019761212039157 ], [ 51209.519868028903147, -6534.999316943634767 ], [ 50709.519868028903147, -6579.029525572797866 ], [ 50209.519868028903147, -6402.331216338963713 ], [ 49709.519868028903147, -6148.904183831618866 ], [ 49512.64870544540463, -6632.931085028700181 ], [ 49209.519868028903147, -6956.067233333305921 ], [ 49056.991597820218885, -7132.931085028700181 ], [ 48709.519868028903147, -7432.63110675412463 ], [ 48209.519868028903147, -7625.169712917821016 ], [ 48194.162366700780694, -7632.931085028700181 ], [ 47709.519868028903147, -7904.756360986895743 ], [ 47266.983017863109126, -8132.931085028700181 ], [ 47209.519868028903147, -8210.795741635316517 ], [ 46709.519868028903147, -8505.667463254590984 ], [ 46418.470815658103675, -8632.931085028700181 ], [ 46709.519868028903147, -9025.179574716181378 ], [ 47209.519868028903147, -9067.847172127861995 ], [ 47292.157413601948065, -9132.931085028700181 ], [ 47709.519868028903147, -9301.561188334337203 ], [ 48209.519868028903147, -9462.48802959312161 ], [ 48709.519868028903147, -9367.913768942205934 ], [ 49209.519868028903147, -9190.19131101630046 ], [ 49470.635341707326006, -9132.931085028700181 ], [ 49709.519868028903147, -9050.810517916077515 ], [ 50209.519868028903147, -9007.771028713817941 ], [ 50709.519868028903147, -8995.937535101300455 ], [ 51209.519868028903147, -8754.976385261354153 ], [ 51362.353717837788281, -8632.931085028700181 ], [ 51611.844154375692597, -8132.931085028700181 ], [ 51709.519868028903147, -8028.025974214207963 ], [ 52209.519868028903147, -7808.519937640114222 ], [ 52485.302549211453879, -7632.931085028700181 ], [ 52709.519868028903147, -7519.696254092123127 ], [ 52936.88512441822968, -7632.931085028700181 ], [ 53209.519868028903147, -7735.687095462999423 ], [ 53537.600719933951041, -8132.931085028700181 ], [ 53709.519868028903147, -8317.115005971325445 ], [ 54052.90258772863308, -8632.931085028700181 ], [ 54147.63521553085593, -9132.931085028700181 ], [ 53831.826255071588093, -9632.931085028700181 ], [ 53709.519868028903147, -9830.480516641502618 ], [ 53209.519868028903147, -9773.223069319210481 ], [ 52988.46193859167397, -9632.931085028700181 ], [ 52709.519868028903147, -9479.218193255408551 ], [ 52209.519868028903147, -9394.660413748482824 ], [ 52044.212488188888528, -9632.931085028700181 ], [ 51763.678007692200481, -10132.931085028700181 ], [ 51709.519868028903147, -10197.893255233371747 ], [ 51209.519868028903147, -10568.714937467433629 ], [ 51149.219420593290124, -10632.931085028700181 ], [ 50709.519868028903147, -11000.69597518259252 ], [ 50534.31305147446983, -11132.931085028700181 ], [ 50209.519868028903147, -11393.568267055714387 ], [ 49709.519868028903147, -11471.994268407433992 ], [ 49209.519868028903147, -11379.747961106913863 ], [ 48709.519868028903147, -11403.281324210503954 ], [ 48209.519868028903147, -11543.297501596083748 ], [ 47709.519868028903147, -11515.136730808852008 ], [ 47344.548203064070549, -11632.931085028700181 ], [ 47209.519868028903147, -11684.269838032749249 ], [ 46709.519868028903147, -11911.203995622039656 ], [ 46209.519868028903147, -11842.18614669307135 ], [ 45935.34835379118158, -11632.931085028700181 ], [ 45709.519868028903147, -11548.53272930123785 ], [ 45209.519868028903147, -11306.250540733293747 ], [ 44820.991868595767301, -11132.931085028700181 ], [ 44709.519868028903147, -10984.907273501099553 ], [ 44522.419761321085389, -10632.931085028700181 ], [ 44612.940075440317742, -10132.931085028700181 ], [ 44515.66942652958096, -9632.931085028700181 ], [ 44209.519868028903147, -9470.173878394954954 ], [ 43984.297534682336845, -9632.931085028700181 ], [ 43709.519868028903147, -9786.292237174129696 ], [ 43209.519868028903147, -9924.372557001246605 ], [ 42709.519868028903147, -9882.909086120213033 ], [ 42209.519868028903147, -9935.467056032270193 ], [ 42025.397626614038018, -10132.931085028700181 ], [ 41709.519868028903147, -10371.748647650354542 ], [ 41455.099459052100428, -10632.931085028700181 ], [ 41209.519868028903147, -10841.049184066912858 ], [ 40709.519868028903147, -11015.213222514066729 ], [ 40209.519868028903147, -10869.032647120868205 ], [ 39983.956691961313481, -10632.931085028700181 ], [ 39908.108894478224101, -10132.931085028700181 ], [ 40025.441795638820622, -9632.931085028700181 ], [ 40209.519868028903147, -9243.359346167344484 ], [ 40273.279253866887302, -9132.931085028700181 ], [ 40481.401454580918653, -8632.931085028700181 ], [ 40534.140391804772662, -8132.931085028700181 ], [ 40292.193037885037484, -7632.931085028700181 ], [ 40209.519868028903147, -7564.136003235573298 ], [ 39709.519868028903147, -7299.225926614322816 ], [ 39493.556217363628093, -7132.931085028700181 ], [ 39209.519868028903147, -6928.186447919506463 ], [ 38802.445805043607834, -6632.931085028700181 ], [ 38709.519868028903147, -6550.636839879807667 ], [ 38446.697722865370451, -6632.931085028700181 ], [ 38209.519868028903147, -6858.910812774658552 ], [ 38126.845154084410751, -7132.931085028700181 ], [ 38209.519868028903147, -7315.44718307882431 ], [ 38354.625346640270436, -7632.931085028700181 ], [ 38698.737502281510388, -8132.931085028700181 ], [ 38709.519868028903147, -8174.603929116477957 ], [ 38912.696242065008846, -8632.931085028700181 ], [ 38709.519868028903147, -8929.878914160566637 ], [ 38620.720870863078744, -9132.931085028700181 ], [ 38271.281593691019225, -9632.931085028700181 ], [ 38209.519868028903147, -9737.940674268989824 ], [ 37709.519868028903147, -9789.908255358343013 ], [ 37439.856638125580503, -9632.931085028700181 ], [ 37209.519868028903147, -9547.349484896243666 ], [ 36709.519868028903147, -9264.857275496571674 ], [ 36251.235538245615317, -9632.931085028700181 ], [ 36548.206227181173745, -10132.931085028700181 ], [ 36709.519868028903147, -10601.8806376401335 ], [ 36728.13268440545653, -10632.931085028700181 ], [ 36844.112419935132493, -11132.931085028700181 ], [ 36709.519868028903147, -11469.671597416294389 ], [ 36670.922518323859549, -11632.931085028700181 ], [ 36234.911112572546699, -12132.931085028700181 ], [ 36209.519868028903147, -12151.790705982173677 ], [ 35709.519868028903147, -12362.353672180513968 ], [ 35302.754116163618164, -12632.931085028700181 ], [ 35266.043420564528788, -13132.931085028700181 ], [ 35425.773117869248381, -13632.931085028700181 ], [ 35701.462962671139394, -14132.931085028700181 ], [ 35709.519868028903147, -14147.962435291905422 ], [ 36209.519868028903147, -14253.77905641720281 ], [ 36709.519868028903147, -14337.821206538807019 ], [ 36901.378331457643071, -14632.931085028700181 ], [ 36893.624066370524815, -15132.931085028700181 ], [ 36709.519868028903147, -15454.008003783324966 ], [ 36405.952486177688115, -15632.931085028700181 ], [ 36209.519868028903147, -15720.191745765914675 ], [ 35996.038450714855571, -15632.931085028700181 ] ] ] } },
{ "type": "Feature", "properties": { "center_id": "T01N025", "tree_id": "T01", "parent_id": "T01N026", "child_ids": "T01N024;T01N003", "level": 7, "type": "composite", "main": 0, "contour_v": 40.0, "peak_ntl": 135.68145588587859, "area_km2": 361.75088844871681, "min_ntl": 20.321113586425781, "max_ntl": 167.89590454101562, "tntl": 75229.928392410278, "avg_ntl": 52.315666475945953, "std_ntl": 15.134191017694954, "perim_km": 154.25653256802525, "orient_deg": 16.551805359784687, "compact": 0.19104353282239261, "elongated": 1.9043075444856246, "ulig": 0.01290856673854872, "n_children": 2 }, "geometry": { "type": "Polygon", "coordinates": [ [ [ 36209.519868028903147, -15872.702945638229721 ], [ 35709.519868028903147, -15682.992424640935496 ], [ 35636.897067454730859, -15632.931085028700181 ], [ 35209.519868028903147, -15176.98722143334453 ], [ 35100.633022825510125, -15132.931085028700181 ], [ 34709.519868028903147, -15043.647189225244801 ], [ 34209.519868028903147, -14778.58546639958513 ], [ 34089.100204633752583, -14632.931085028700181 ], [ 33715.738731722027296, -14132.931085028700181 ], [ 33709.519868028903147, -14125.00653749909543 ], [ 33423.810335212445352, -13632.931085028700181 ], [ 33209.519868028903147, -13158.068629051645985 ], [ 33192.434559988454566, -13132.931085028700181 ], [ 32966.06150699374848, -12632.931085028700181 ], [ 32907.579628291525296, -12132.931085028700181 ], [ 33209.519868028903147, -11761.117935884234612 ], [ 33433.518606060664752, -11632.931085028700181 ], [ 33709.519868028903147, -11473.970756296781474 ], [ 34209.519868028903147, -11610.293401547096437 ], [ 34538.003007374194567, -11132.931085028700181 ], [ 34304.190591789927566, -10632.931085028700181 ], [ 34209.519868028903147, -10456.328609083298943 ], [ 33890.522136452287668, -10632.931085028700181 ], [ 33709.519868028903147, -10797.117798721737927 ], [ 33209.519868028903147, -11030.920640766809811 ], [ 32806.941646986102569, -11132.931085028700181 ], [ 32709.519868028906785, -11192.998498246568488 ], [ 32215.104986522685067, -11632.931085028700181 ], [ 32209.519868028906785, -11637.430310833980911 ], [ 31709.519868028906785, -11806.996813948833733 ], [ 31568.426961708584713, -11632.931085028700181 ], [ 31443.355882363717683, -11132.931085028700181 ], [ 31357.607969071850675, -10632.931085028700181 ], [ 31209.519868028906785, -10400.318855113335303 ], [ 30868.621006774392299, -10132.931085028700181 ], [ 30709.519868028906785, -10034.757391142251436 ], [ 30326.308286339848564, -9632.931085028700181 ], [ 30360.520109457593207, -9132.931085028700181 ], [ 30284.812277371365781, -8632.931085028700181 ], [ 30209.519868028906785, -8592.283416909791413 ], [ 29715.610691645804764, -8132.931085028700181 ], [ 29709.519868028906785, -8130.938215951420716 ], [ 29209.519868028906785, -7868.852641258854419 ], [ 28709.519868028906785, -7657.871892451759777 ], [ 28505.169074790745071, -7632.931085028700181 ], [ 28209.519868028906785, -7600.121383100180537 ], [ 27963.522160974291182, -7632.931085028700181 ], [ 27709.519868028906785, -7832.163060073333327 ], [ 27504.527294833384076, -8132.931085028700181 ], [ 27209.519868028906785, -8253.190895714942599 ], [ 26709.519868028906785, -8573.387721713661449 ], [ 26679.330212738084811, -8632.931085028700181 ], [ 26209.519868028906785, -9032.801637382566696 ], [ 25950.742850953076413, -9132.931085028700181 ], [ 25709.519868028906785, -9197.672032173140906 ], [ 25215.531952016219293, -9132.931085028700181 ], [ 25209.519868028906785, -9130.346547821623972 ], [ 24989.827589057724254, -8632.931085028700181 ], [ 25209.519868028906785, -8268.639434569282457 ], [ 25322.583012051272817, -8132.931085028700181 ], [ 25709.519868028906785, -7832.74127863071044 ], [ 26114.686409659811034, -7632.931085028700181 ], [ 26166.552515439227136, -7132.931085028700181 ], [ 26209.519868028906785, -7021.374773888295749 ], [ 26400.756234654963919, -6632.931085028700181 ], [ 26709.519868028906785, -6437.106315848781378 ], [ 26969.321105470011389, -6132.931085028700181 ], [ 27209.519868028906785, -5694.617969066326623 ], [ 27242.228282732266962, -5632.931085028700181 ], [ 27658.936582165017171, -5132.931085028700181 ], [ 27709.519868028906785, -5075.353418837359641 ], [ 27973.623255412701837, -4632.931085028700181 ], [ 28146.442785421448207, -4132.931085028700181 ], [ 28209.519868028906785, -4005.316009547590511 ], [ 28288.611778864276857, -3632.931085028700181 ], [ 28574.739970147038548, -3132.931085028700181 ], [ 28709.519868028906785, -2992.281991600015317 ], [ 29209.519868028906785, -2712.828566292955657 ], [ 29709.519868028906785, -2717.892124740508734 ], [ 30209.519868028906785, -2728.663129444859806 ], [ 30709.519868028906785, -2637.614568808785407 ], [ 30785.023359310911474, -2632.931085028700181 ], [ 31209.519868028906785, -2591.454547966102837 ], [ 31709.519868028906785, -2575.48141802061582 ], [ 32093.502705721261009, -2132.931085028700181 ], [ 32209.519868028906785, -2036.543120342321345 ], [ 32470.090674558039609, -1632.931085028700181 ], [ 32709.519868028906785, -1311.615764669360942 ], [ 32942.008808598824544, -1132.931085028700181 ], [ 33209.519868028903147, -920.426417768743704 ], [ 33575.57232991346973, -632.931085028700181 ], [ 33689.071423311965191, -132.931085028700181 ], [ 33709.519868028903147, 114.370249495405005 ], [ 33729.4188403601147, 367.068914971299819 ], [ 33915.466336461351602, 867.068914971299819 ], [ 34209.519868028903147, 1254.793223911736277 ], [ 34283.218903370609041, 1367.068914971299819 ], [ 34487.216881597661995, 1867.068914971299819 ], [ 34709.519868028903147, 2294.521353388074203 ], [ 34812.756765026264475, 2367.068914971299819 ], [ 35209.519868028903147, 2571.539998087871936 ], [ 35709.519868028903147, 2454.372610126796644 ], [ 36209.519868028903147, 2386.65776138631918 ], [ 36709.519868028903147, 2765.432593227582402 ], [ 36793.590927046796423, 2867.068914971299819 ], [ 37209.519868028903147, 3268.687235618155682 ], [ 37385.440038024884416, 3367.068914971299819 ], [ 37709.519868028903147, 3787.204336754453834 ], [ 38209.519868028903147, 3711.264882218441926 ], [ 38569.027968048452749, 3367.068914971299819 ], [ 38709.519868028903147, 3321.484294756548479 ], [ 39209.519868028903147, 3093.501140967142419 ], [ 39485.121544439592981, 2867.068914971299819 ], [ 39709.519868028903147, 2628.055690808556392 ], [ 39901.095019693631912, 2367.068914971299819 ], [ 40068.571678246487863, 1867.068914971299819 ], [ 40145.712799043365521, 1367.068914971299819 ], [ 40085.801594103992102, 867.068914971299819 ], [ 40004.06382080061303, 367.068914971299819 ], [ 40209.519868028903147, 191.074538881133776 ], [ 40403.546793662928394, 367.068914971299819 ], [ 40709.519868028903147, 864.157717036563554 ], [ 40710.734427887524362, 867.068914971299819 ], [ 41152.420417855086271, 1367.068914971299819 ], [ 41209.519868028903147, 1404.921610031989985 ], [ 41709.519868028903147, 1767.407259954750771 ], [ 42209.519868028903147, 1866.675199714212795 ], [ 42211.412740672472864, 1867.068914971299819 ], [ 42709.519868028903147, 2088.056362558127148 ], [ 42917.539245939595276, 2367.068914971299819 ], [ 42952.744972308457363, 2867.068914971299819 ], [ 42709.519868028903147, 3108.472510420106119 ], [ 42456.705816827598028, 3367.068914971299819 ], [ 42209.519868028903147, 3753.629329829942435 ], [ 42131.613376916458947, 3867.068914971299819 ], [ 41935.362307330156909, 4367.068914971299819 ], [ 41738.2044645936694, 4867.068914971299819 ], [ 41709.519868028903147, 5035.704479329797323 ], [ 41611.027867334749317, 5367.068914971299819 ], [ 41709.519868028903147, 5537.503180156010785 ], [ 41833.125609014576185, 5867.068914971299819 ], [ 42209.519868028903147, 6316.267750922517735 ], [ 42322.908174024603795, 6367.068914971299819 ], [ 42709.519868028903147, 6573.062110083003063 ], [ 43209.519868028903147, 6468.084686039219378 ], [ 43548.414687729353318, 6367.068914971299819 ], [ 43709.519868028903147, 6301.824139894393738 ], [ 44080.527691138806404, 5867.068914971299819 ], [ 44146.501717445920804, 5367.068914971299819 ], [ 44037.653141850751126, 4867.068914971299819 ], [ 43829.656928278811392, 4367.068914971299819 ], [ 43713.958024909443338, 3867.068914971299819 ], [ 43709.519868028903147, 3522.372079977139947 ], [ 43706.251915853805258, 3367.068914971299819 ], [ 43709.519868028903147, 3361.14286750217434 ], [ 44045.97442442009924, 2867.068914971299819 ], [ 44209.519868028903147, 2789.827687739903922 ], [ 44709.519868028903147, 2478.274380221977481 ], [ 44834.367657496681204, 2367.068914971299819 ], [ 45113.229878300538985, 1867.068914971299819 ], [ 45209.519868028903147, 1763.670064937803545 ], [ 45709.519868028903147, 1698.944470627669943 ], [ 46006.174643721751636, 1867.068914971299819 ], [ 46209.519868028903147, 2022.143704457892454 ], [ 46353.745831983993412, 2367.068914971299819 ], [ 46709.519868028903147, 2802.622649136494147 ], [ 46804.644172641987097, 2867.068914971299819 ], [ 47209.519868028903147, 3076.791241733677452 ], [ 47709.519868028903147, 2990.973862725280924 ], [ 47906.895161436492344, 2867.068914971299819 ], [ 48209.519868028903147, 2735.392883210879518 ], [ 48709.519868028903147, 2715.91273030215234 ], [ 49209.519868028903147, 2803.494425678625703 ], [ 49422.933352818421554, 2867.068914971299819 ], [ 49709.519868028903147, 3172.488997699707397 ], [ 50019.314684115393902, 3367.068914971299819 ], [ 50209.519868028903147, 3444.809349108021706 ], [ 50709.519868028903147, 3450.989911790791666 ], [ 51209.519868028903147, 3507.667644009678042 ], [ 51565.299231522469199, 3867.068914971299819 ], [ 51709.519868028903147, 4045.964610707887914 ], [ 51883.05401652524597, 4367.068914971299819 ], [ 52057.403699532689643, 4867.068914971299819 ], [ 52209.519868028903147, 5167.762796378185158 ], [ 52709.519868028903147, 5016.281109679723158 ], [ 52833.025175696326187, 4867.068914971299819 ], [ 52925.624638317327481, 4367.068914971299819 ], [ 52709.519868028903147, 4003.846335591893876 ], [ 52482.581960927942418, 3867.068914971299819 ], [ 52209.519868028903147, 3785.287658014960471 ], [ 51709.519868028903147, 3631.658779028715799 ], [ 51440.504812377432245, 3367.068914971299819 ], [ 51385.475862484061508, 2867.068914971299819 ], [ 51399.697521056557889, 2367.068914971299819 ], [ 51361.870011618651915, 1867.068914971299819 ], [ 51209.519868028903147, 1411.399570601148298 ], [ 51167.034044572152197, 1367.068914971299819 ], [ 51187.99656469571346, 867.068914971299819 ], [ 51209.519868028903147, 851.601931325189071 ], [ 51709.519868028903147, 560.79793468209391 ], [ 51936.995973452154431, 367.068914971299819 ], [ 51971.915374620293733, -132.931085028700181 ], [ 51709.519868028903147, -423.116186112718424 ], [ 51209.519868028903147, -599.99871101968165 ], [ 50709.519868028903147, -616.438567210527253 ], [ 50657.010530772429775, -632.931085028700181 ], [ 50423.900638558072387, -1132.931085028700181 ], [ 50709.519868028903147, -1371.778405053555616 ], [ 51209.519868028903147, -1618.991250007631606 ], [ 51288.395416672865395, -1632.931085028700181 ], [ 51709.519868028903147, -1662.122360140798264 ], [ 52209.519868028903147, -1648.764882619303535 ], [ 52353.877799876907375, -1632.931085028700181 ], [ 52709.519868028903147, -1481.36479759006761 ], [ 52855.006476574693806, -1132.931085028700181 ], [ 53203.24040702667844, -632.931085028700181 ], [ 53209.519868028903147, -627.646541661553783 ], [ 53709.519868028903147, -378.993241031988873 ], [ 54209.519868028903147, -504.253119221757515 ], [ 54398.882297215575818, -632.931085028700181 ], [ 54601.977315744952648, -1132.931085028700181 ], [ 54320.147553192422492, -1632.931085028700181 ], [ 54209.519868028903147, -1783.676215367071563 ], [ 53730.856762573544984, -2132.931085028700181 ], [ 53709.519868028903147, -2168.623555952333845 ], [ 53615.21198810703936, -2132.931085028700181 ], [ 53209.519868028903147, -2055.594424221431836 ], [ 53075.594045370744425, -2132.931085028700181 ], [ 52709.519868028903147, -2440.982913925909088 ], [ 52667.886292474067886, -2632.931085028700181 ], [ 52424.03921689048002, -3132.931085028700181 ], [ 52209.519868028903147, -3394.831537714286242 ], [ 52001.731236051025917, -3632.931085028700181 ], [ 51973.462017229787307, -4132.931085028700181 ], [ 52209.519868028903147, -4447.263261132029584 ], [ 52325.479164851669339, -4132.931085028700181 ], [ 52709.519868028903147, -3771.217792555486085 ], [ 52810.988101747847395, -3632.931085028700181 ], [ 53209.519868028903147, -3254.980517288742703 ], [ 53380.080944741755957, -3132.931085028700181 ], [ 53709.519868028903147, -2761.31917434281786 ], [ 54209.519868028903147, -2817.142928139393916 ], [ 54546.806963447728776, -3132.931085028700181 ], [ 54709.519868028903147, -3257.100294463976752 ], [ 55193.525503977289191, -3632.931085028700181 ], [ 55209.519868028903147, -3683.867246911293478 ], [ 55360.062720266243559, -3632.931085028700181 ], [ 55709.519868028903147, -3598.937454492785037 ], [ 56209.519868028903147, -3268.967048097605584 ], [ 56449.795321788187721, -3132.931085028700181 ], [ 56709.519868028903147, -3010.714356946686166 ], [ 57209.519868028903147, -3000.588123436638853 ], [ 57453.474433785639121, -3132.931085028700181 ], [ 57709.519868028903147, -3269.070507555632503 ], [ 58209.519868028903147, -3449.658937092332053 ], [ 58709.519868028903147, -3428.962816474202555 ], [ 58981.192728087669821, -3132.931085028700181 ], [ 59209.519868028903147, -2885.294444477869547 ], [ 59437.163028248382034, -2632.931085028700181 ], [ 59709.519868028903147, -2449.842608623031992 ], [ 60209.519868028903147, -2535.745793089474319 ], [ 60344.911072740898817, -2632.931085028700181 ], [ 60642.216927374523948, -3132.931085028700181 ], [ 60709.519868028903147, -3247.402203778518015 ], [ 61209.519868028903147, -3509.539240808764589 ], [ 61709.519868028903147, -3233.22555674497562 ], [ 62209.519868028903147, -3403.289893897657748 ], [ 62465.214707814433496, -3632.931085028700181 ], [ 62709.519868028903147, -4117.283977220460656 ], [ 62717.37213545886334, -4132.931085028700181 ], [ 62709.519868028903147, -4172.152871771191712 ], [ 62453.126090285222745, -4632.931085028700181 ], [ 62209.519868028903147, -4765.165555391067755 ], [ 62032.791933712302125, -4632.931085028700181 ], [ 61709.519868028903147, -4461.987619140229071 ], [ 61209.519868028903147, -4144.59952265395259 ], [ 60709.519868028903147, -4620.499045613018097 ], [ 60704.007000923302257, -4632.931085028700181 ], [ 60364.498352604670799, -5132.931085028700181 ], [ 60498.207151425842312, -5632.931085028700181 ], [ 60709.519868028903147, -5693.332898951644893 ], [ 61209.519868028903147, -5813.039090183447115 ], [ 61604.809985901971231, -6132.931085028700181 ], [ 61311.973967380894464, -6632.931085028700181 ], [ 61209.519868028903147, -6717.993818922099308 ], [ 60709.519868028903147, -7098.806796980687068 ], [ 60669.535627025936265, -7132.931085028700181 ], [ 60209.519868028903147, -7395.106248244963353 ], [ 59709.519868028903147, -7630.161963020669646 ], [ 59699.495758414981537, -7632.931085028700181 ], [ 59209.519868028903147, -7761.900560866954038 ], [ 58709.519868028903147, -7822.087989637599094 ], [ 58209.519868028903147, -8060.428190736754914 ], [ 58131.690863328360138, -8132.931085028700181 ], [ 57795.455692633346189, -8632.931085028700181 ], [ 57709.519868028903147, -8866.411591183335986 ], [ 57497.037848095540539, -9132.931085028700181 ], [ 57209.519868028903147, -9495.292648381087929 ], [ 56789.732599189082975, -9632.931085028700181 ], [ 56709.519868028903147, -9657.372676108294399 ], [ 56209.519868028903147, -9751.681651381280972 ], [ 55801.440630262412014, -9632.931085028700181 ], [ 55709.519868028903147, -9619.94555652802228 ], [ 55209.519868028903147, -9486.311579226021422 ], [ 54709.519868028903147, -9300.097630720862071 ], [ 54209.519868028903147, -9407.040912667522207 ], [ 54073.876995965314563, -9632.931085028700181 ], [ 53829.998411281398148, -10132.931085028700181 ], [ 53804.462786094649346, -10632.931085028700181 ], [ 53709.519868028903147, -10671.750768812678871 ], [ 53648.294982084014919, -10632.931085028700181 ], [ 53598.478080610919278, -10132.931085028700181 ], [ 53209.519868028903147, -9973.840411505356315 ], [ 52709.519868028903147, -9657.372923178671044 ], [ 52209.519868028903147, -9716.205203389108647 ], [ 51952.199663939129096, -10132.931085028700181 ], [ 51709.519868028903147, -10424.023177651572041 ], [ 51406.782614598982036, -10632.931085028700181 ], [ 51209.519868028903147, -10729.78084883702104 ], [ 50709.519868028903147, -11127.408864555574837 ], [ 50702.203122343635187, -11132.931085028700181 ], [ 50209.519868028903147, -11528.295216979488032 ], [ 49709.519868028903147, -11610.640332957860664 ], [ 49209.519868028903147, -11626.237993768183514 ], [ 49181.883565668191295, -11632.931085028700181 ], [ 48709.519868028903147, -11768.665393980161753 ], [ 48209.519868028903147, -11866.209529663989088 ], [ 47709.519868028903147, -11794.448126708477503 ], [ 47209.519868028903147, -11928.62647979047324 ], [ 46709.519868028903147, -12042.303888291775365 ], [ 46209.519868028903147, -11947.347969350972562 ], [ 45797.562553396244766, -11632.931085028700181 ], [ 45709.519868028903147, -11600.027096615754999 ], [ 45209.519868028903147, -11364.955650236544898 ], [ 44709.519868028903147, -11144.830925696747727 ], [ 44687.795742409114609, -11132.931085028700181 ], [ 44429.527946772504947, -10632.931085028700181 ], [ 44495.500362386679626, -10132.931085028700181 ], [ 44280.632652218235307, -9632.931085028700181 ], [ 44209.519868028903147, -9595.125647165958071 ], [ 44157.204956113535445, -9632.931085028700181 ], [ 43709.519868028903147, -9882.796737296535866 ], [ 43209.519868028903147, -10009.332726186752552 ], [ 42709.519868028903147, -9994.067297265966772 ], [ 42209.519868028903147, -10082.570254792706692 ], [ 42162.561700560690952, -10132.931085028700181 ], [ 41709.519868028903147, -10475.450756864738651 ], [ 41556.116714664371102, -10632.931085028700181 ], [ 41209.519868028903147, -10926.656946179777151 ], [ 40709.519868028903147, -11094.187039680982707 ], [ 40209.519868028903147, -10984.238780419560499 ], [ 39873.892780909460271, -10632.931085028700181 ], [ 39827.695015841105487, -10132.931085028700181 ], [ 39924.411034316770383, -9632.931085028700181 ], [ 40110.282436351350043, -9132.931085028700181 ], [ 40209.519868028903147, -8927.688944199006073 ], [ 40320.945069474983029, -8632.931085028700181 ], [ 40357.579327668223414, -8132.931085028700181 ], [ 40209.519868028903147, -7823.801275576639455 ], [ 40052.292125076943194, -7632.931085028700181 ], [ 39709.519868028903147, -7455.983725926402258 ], [ 39289.978125061461469, -7132.931085028700181 ], [ 39209.519868028903147, -7074.933590422268026 ], [ 38709.519868028903147, -6768.920382857220829 ], [ 38337.404644958252902, -7132.931085028700181 ], [ 38520.601702229905641, -7632.931085028700181 ], [ 38709.519868028903147, -7907.583839064333006 ], [ 39047.389084862516029, -8132.931085028700181 ], [ 39192.133656221805722, -8632.931085028700181 ], [ 38832.792218714923365, -9132.931085028700181 ], [ 38709.519868028903147, -9295.155036184674827 ], [ 38485.375389287321013, -9632.931085028700181 ], [ 38209.519868028903147, -10101.950929705431918 ], [ 37709.519868028903147, -10019.514960578060709 ], [ 37209.519868028903147, -9739.345923521876102 ], [ 36935.263050828842097, -9632.931085028700181 ], [ 36709.519868028903147, -9539.04105107151554 ], [ 36592.618501588047366, -9632.931085028700181 ], [ 36659.365606261999346, -10132.931085028700181 ], [ 36709.519868028903147, -10278.732881414587609 ], [ 36921.839711355860345, -10632.931085028700181 ], [ 36996.688910761702573, -11132.931085028700181 ], [ 36807.588840181182604, -11632.931085028700181 ], [ 36709.519868028903147, -11738.679186881767237 ], [ 36386.362220132665243, -12132.931085028700181 ], [ 36209.519868028903147, -12264.282650859444402 ], [ 35709.519868028903147, -12472.170125476055546 ], [ 35467.843920673651155, -12632.931085028700181 ], [ 35380.361516012431821, -13132.931085028700181 ], [ 35550.150582036512787, -13632.931085028700181 ], [ 35709.519868028903147, -13917.978878789275768 ], [ 36209.519868028903147, -14090.950151993587497 ], [ 36630.469205418616184, -14132.931085028700181 ], [ 36709.519868028903147, -14143.512056473569828 ], [ 37027.703668828326045, -14632.931085028700181 ], [ 37009.652042042289395, -15132.931085028700181 ], [ 36725.519223626659368, -15632.931085028700181 ], [ 36709.519868028903147, -15649.811153217422543 ], [ 36209.519868028903147, -15872.702945638229721 ] ] ] } },
{ "type": "Feature", "properties": { "center_id": "T01N026", "tree_id": "T01", "parent_id": "T01N027", "child_ids": "T01N025;T01N005", "level": 8, "type": "composite", "main": 0, "contour_v": 38.0, "peak_ntl": 135.68145588587859, "area_km2": 426.96697969840596, "min_ntl": 20.321113586425781, "max_ntl": 167.89590454101562, "tntl": 87046.805728912354, "avg_ntl": 51.083806178939177, "std_ntl": 15.035208311545389, "perim_km": 187.68465495275998, "orient_deg": 15.949962054752644, "compact": 0.15231638393963687, "elongated": 1.749930255040461, "ulig": 0.01295189688375928, "n_children": 2 }, "geometry": { "type": "Polygon", "coordinates": [ [ [ 36209.519868028903147, -16025.21414551055932 ], [ 35709.519868028903147, -15898.688992834446253 ], [ 35323.99116086527647, -15632.931085028700181 ], [ 35209.519868028903147, -15510.808324159166659 ], [ 34709.519868028903147, -15255.206976462213788 ], [ 34553.993035187697387, -15132.931085028700181 ], [ 34209.519868028903147, -14942.261038464974263 ], [ 33953.781533759465674, -14632.931085028700181 ], [ 33709.519868028903147, -14304.463756215161993 ], [ 33619.597670084200217, -14132.931085028700181 ], [ 33343.575396602973342, -13632.931085028700181 ], [ 33209.519868028903147, -13335.867298791956273 ], [ 33071.589618297919515, -13132.931085028700181 ], [ 32806.265897007993772, -12632.931085028700181 ], [ 32709.519868028906785, -12321.722233071326627 ], [ 32242.466484490370931, -12132.931085028700181 ], [ 32209.519868028906785, -12120.417608120435034 ], [ 32160.635573357267276, -12132.931085028700181 ], [ 31709.519868028906785, -12204.378930194987333 ], [ 31209.519868028906785, -12317.726851604922558 ], [ 31053.134800210606045, -12132.931085028700181 ], [ 31209.519868028906785, -11688.334679223364219 ], [ 31221.219959087411553, -11632.931085028700181 ], [ 31276.973551569270057, -11132.931085028700181 ], [ 31209.519868028906785, -10756.802133094577584 ], [ 31184.474483721362049, -10632.931085028700181 ], [ 30709.519868028906785, -10220.170661741984077 ], [ 30544.246546111720818, -10132.931085028700181 ], [ 30209.519868028906785, -9772.608963134756777 ], [ 30139.832441243223002, -9632.931085028700181 ], [ 30179.676495580566552, -9132.931085028700181 ], [ 30051.840208186422387, -8632.931085028700181 ], [ 29709.519868028906785, -8316.979932319474756 ], [ 29565.392245815372007, -8132.931085028700181 ], [ 29209.519868028906785, -7946.792796134017408 ], [ 28709.519868028906785, -7765.021709107153583 ], [ 28209.519868028906785, -7763.024268792476505 ], [ 27810.1312794650039, -8132.931085028700181 ], [ 27709.519868028906785, -8206.474040789762512 ], [ 27209.519868028906785, -8412.385016461543273 ], [ 26893.451701278409018, -8632.931085028700181 ], [ 26709.519868028906785, -8736.193199109824491 ], [ 26246.147368406902388, -9132.931085028700181 ], [ 26209.519868028906785, -9159.655569435897633 ], [ 25709.519868028906785, -9289.642618661921006 ], [ 25209.519868028906785, -9257.739116338678286 ], [ 24989.681511336206313, -9132.931085028700181 ], [ 24856.58609479946972, -8632.931085028700181 ], [ 25149.876209842728713, -8132.931085028700181 ], [ 25209.519868028906785, -8050.50715918710921 ], [ 25709.519868028906785, -7689.93600380292628 ], [ 25825.11199763620607, -7632.931085028700181 ], [ 25973.225937775507191, -7132.931085028700181 ], [ 26149.71856323652537, -6632.931085028700181 ], [ 26209.519868028906785, -6597.842303869503667 ], [ 26709.519868028906785, -6280.383940030995291 ], [ 26835.461859066566831, -6132.931085028700181 ], [ 27114.080699175890913, -5632.931085028700181 ], [ 27209.519868028906785, -5416.552366785108461 ], [ 27431.928943040529703, -5132.931085028700181 ], [ 27709.519868028906785, -4816.956403990116087 ], [ 27819.373522304671496, -4632.931085028700181 ], [ 27932.112234777898266, -4132.931085028700181 ], [ 28172.977456883698324, -3632.931085028700181 ], [ 28209.519868028906785, -3605.579276595744886 ], [ 28468.585977825106966, -3132.931085028700181 ], [ 28709.519868028906785, -2881.505362306226743 ], [ 29186.42508911261757, -2632.931085028700181 ], [ 29209.519868028906785, -2616.540920591680333 ], [ 29709.519868028906785, -2623.009070261439774 ], [ 30209.519868028906785, -2600.180138351483038 ], [ 30709.519868028906785, -2400.351103285094723 ], [ 31209.519868028906785, -2378.84124352732033 ], [ 31709.519868028906785, -2345.920272396295331 ], [ 31894.321881418636622, -2132.931085028700181 ], [ 32209.519868028906785, -1871.062135656873579 ], [ 32363.25661146767743, -1632.931085028700181 ], [ 32709.519868028906785, -1168.24385287554469 ], [ 32755.465765583274333, -1132.931085028700181 ], [ 33209.519868028903147, -772.24089089690824 ], [ 33386.895608068589354, -632.931085028700181 ], [ 33527.230139282240998, -132.931085028700181 ], [ 33518.146397326607257, 367.068914971299819 ], [ 33709.519868028903147, 769.405218459156458 ], [ 33745.459625899180537, 867.068914971299819 ], [ 34118.713203108825837, 1367.068914971299819 ], [ 34209.519868028903147, 1523.59684984300111 ], [ 34354.680736790163792, 1867.068914971299819 ], [ 34605.910954585997388, 2367.068914971299819 ], [ 34709.519868028903147, 2555.520254445422324 ], [ 35209.519868028903147, 2758.431510063834139 ], [ 35709.519868028903147, 2644.69633133932075 ], [ 36209.519868028903147, 2608.493965680070687 ], [ 36543.828829551886884, 2867.068914971299819 ], [ 36709.519868028903147, 2989.784395443304675 ], [ 37101.715603823555284, 3367.068914971299819 ], [ 37209.519868028903147, 3565.678738511589472 ], [ 37446.725961642834591, 3867.068914971299819 ], [ 37538.979187033561175, 4367.068914971299819 ], [ 37709.519868028903147, 4664.49602413624234 ], [ 38209.519868028903147, 4831.83981007199327 ], [ 38244.172040250326972, 4867.068914971299819 ], [ 38709.519868028903147, 5064.79597359370382 ], [ 38917.766687737515895, 5367.068914971299819 ], [ 39209.519868028903147, 5663.198929025355028 ], [ 39709.519868028903147, 5804.021320930929505 ], [ 40209.519868028903147, 5565.2517834622995 ], [ 40475.09261372043693, 5367.068914971299819 ], [ 40696.720962566265371, 4867.068914971299819 ], [ 40709.519868028903147, 4692.169816621826612 ], [ 40760.729398375959136, 4367.068914971299819 ], [ 40811.521546358955675, 3867.068914971299819 ], [ 40709.519868028903147, 3720.416665457509225 ], [ 40209.519868028903147, 3620.393546103223343 ], [ 39709.519868028903147, 3711.141651091660606 ], [ 39455.31126184972527, 3867.068914971299819 ], [ 39209.519868028903147, 3967.641356903142878 ], [ 38709.519868028903147, 4043.154774011505651 ], [ 38507.56835786785814, 3867.068914971299819 ], [ 38709.519868028903147, 3674.897540063728229 ], [ 38968.267257369996514, 3367.068914971299819 ], [ 39209.519868028903147, 3262.067715810946538 ], [ 39690.292122123239096, 2867.068914971299819 ], [ 39709.519868028903147, 2846.58887987662456 ], [ 40061.507472413446521, 2367.068914971299819 ], [ 40209.519868028903147, 1873.355492650603992 ], [ 40212.724984324420802, 1867.068914971299819 ], [ 40509.373021766397869, 1367.068914971299819 ], [ 40709.519868028903147, 1220.040629066599649 ], [ 40839.239703962986823, 1367.068914971299819 ], [ 41209.519868028903147, 1612.537165449000895 ], [ 41619.984379746252671, 1867.068914971299819 ], [ 41709.519868028903147, 1929.986660605689394 ], [ 42209.519868028903147, 2050.455801498814253 ], [ 42709.519868028903147, 2325.466872602133662 ], [ 42740.536504730727756, 2367.068914971299819 ], [ 42709.519868028903147, 2581.155991245715995 ], [ 42637.977633384507499, 2867.068914971299819 ], [ 42209.519868028903147, 3305.248147433696431 ], [ 42034.371636779731489, 3367.068914971299819 ], [ 41800.70390945886902, 3867.068914971299819 ], [ 41784.016689668409526, 4367.068914971299819 ], [ 41709.519868028903147, 4574.316349071086734 ], [ 41537.732814689152292, 4867.068914971299819 ], [ 41446.519406249979511, 5367.068914971299819 ], [ 41709.519868028903147, 5822.174813223085948 ], [ 41726.357688609932666, 5867.068914971299819 ], [ 42117.486176758728107, 6367.068914971299819 ], [ 42209.519868028903147, 6509.252769165017526 ], [ 42709.519868028903147, 6724.595697975237272 ], [ 43209.519868028903147, 6597.624620390066411 ], [ 43709.519868028903147, 6482.607426298534847 ], [ 44004.880821446888149, 6367.068914971299819 ], [ 44209.519868028903147, 5989.360508976547862 ], [ 44233.403552463743836, 5867.068914971299819 ], [ 44279.422705969322124, 5367.068914971299819 ], [ 44209.519868028903147, 5093.701667485103826 ], [ 44163.579856015407131, 4867.068914971299819 ], [ 43999.171979558304884, 4367.068914971299819 ], [ 43937.886912225920241, 3867.068914971299819 ], [ 44007.846241728911991, 3367.068914971299819 ], [ 44209.519868028903147, 3110.978301413357258 ], [ 44709.519868028903147, 2938.944979230247554 ], [ 45209.519868028903147, 2990.037729635529104 ], [ 45304.658012601881637, 2867.068914971299819 ], [ 45366.581064394820714, 2367.068914971299819 ], [ 45709.519868028903147, 2023.282717235138989 ], [ 46209.519868028903147, 2336.904949731717352 ], [ 46222.13253544428153, 2367.068914971299819 ], [ 46545.959974698431324, 2867.068914971299819 ], [ 46709.519868028903147, 2983.864785419180407 ], [ 47209.519868028903147, 3199.983652745067957 ], [ 47709.519868028903147, 3139.338218172226334 ], [ 48143.233247351454338, 2867.068914971299819 ], [ 48209.519868028903147, 2838.226725356653333 ], [ 48709.519868028903147, 2808.46899122314062 ], [ 49007.799115076559247, 2867.068914971299819 ], [ 49209.519868028903147, 3034.846379523267387 ], [ 49521.541197992060916, 3367.068914971299819 ], [ 49709.519868028903147, 3702.451045588182751 ], [ 50209.519868028903147, 3703.630294265938574 ], [ 50709.519868028903147, 3683.797816807287745 ], [ 51092.345664390784805, 3867.068914971299819 ], [ 51209.519868028903147, 3933.582719053316396 ], [ 51598.591887311064056, 4367.068914971299819 ], [ 51709.519868028903147, 4585.251044193631969 ], [ 51836.986498574522557, 4867.068914971299819 ], [ 52012.842455699938, 5367.068914971299819 ], [ 51709.519868028903147, 5637.160052661536611 ], [ 51396.950082172101247, 5867.068914971299819 ], [ 51209.519868028903147, 5931.498438609211007 ], [ 50709.519868028903147, 6340.633394308009883 ], [ 50662.184684491629014, 6367.068914971299819 ], [ 50664.758090736708255, 6867.068914971299819 ], [ 50709.519868028903147, 6898.73239390879462 ], [ 51095.006794972214266, 7367.068914971299819 ], [ 51209.519868028903147, 7448.143829282955267 ], [ 51709.519868028903147, 7492.128236358563299 ], [ 51917.721262859704439, 7367.068914971299819 ], [ 52209.519868028903147, 7115.068590316732298 ], [ 52406.465198889738531, 6867.068914971299819 ], [ 52390.278276317490963, 6367.068914971299819 ], [ 52209.519868028903147, 5906.847745318664238 ], [ 52141.261626485400484, 5867.068914971299819 ], [ 52209.519868028903147, 5781.12979773391271 ], [ 52569.140591540242895, 5367.068914971299819 ], [ 52709.519868028903147, 5305.759272310417145 ], [ 53072.630856777337613, 4867.068914971299819 ], [ 53209.519868028903147, 4368.990769026626367 ], [ 53210.468904017674504, 4367.068914971299819 ], [ 53209.519868028903147, 4354.253953636114602 ], [ 53156.996502174908528, 3867.068914971299819 ], [ 52709.519868028903147, 3713.340139630468911 ], [ 52209.519868028903147, 3547.652876514155651 ], [ 51940.823369350997382, 3367.068914971299819 ], [ 51709.519868028903147, 3169.268453391268849 ], [ 51547.543404908690718, 2867.068914971299819 ], [ 51499.010715692871599, 2367.068914971299819 ], [ 51465.128625709723565, 1867.068914971299819 ], [ 51351.552580126459361, 1367.068914971299819 ], [ 51559.641506264262716, 867.068914971299819 ], [ 51709.519868028903147, 779.362739369491464 ], [ 52193.634192275058012, 367.068914971299819 ], [ 52195.766314317210345, -132.931085028700181 ], [ 51791.50553000238142, -632.931085028700181 ], [ 51709.519868028903147, -688.477588725916576 ], [ 51209.519868028903147, -846.81345379652339 ], [ 50709.519868028903147, -1021.742127229445032 ], [ 50649.566276798068429, -1132.931085028700181 ], [ 50709.519868028903147, -1183.066906128282426 ], [ 51209.519868028903147, -1389.466102709731786 ], [ 51709.519868028903147, -1454.698594203975517 ], [ 52209.519868028903147, -1362.288872990786331 ], [ 52534.279643335350556, -1132.931085028700181 ], [ 52709.519868028903147, -921.896917110541835 ], [ 52886.932371776900254, -632.931085028700181 ], [ 53209.519868028903147, -361.454343148914631 ], [ 53709.519868028903147, -137.067659150037798 ], [ 54209.519868028903147, -152.480500446894439 ], [ 54709.519868028903147, -466.43692518764874 ], [ 55209.519868028903147, -203.902242807569564 ], [ 55222.028085602272768, -132.931085028700181 ], [ 55256.066054082548362, 367.068914971299819 ], [ 55209.519868028903147, 680.781742334118462 ], [ 55077.237980999838328, 867.068914971299819 ], [ 54709.519868028903147, 1168.115408281169948 ], [ 54209.519868028903147, 1081.463175330514787 ], [ 53709.519868028903147, 1227.008121153179673 ], [ 53638.328331201904803, 1367.068914971299819 ], [ 53709.519868028903147, 1634.914392422040692 ], [ 53823.740371190957376, 1867.068914971299819 ], [ 54209.519868028903147, 2232.083660534219234 ], [ 54709.519868028903147, 1894.313032377292984 ], [ 54747.620805022015702, 1867.068914971299819 ], [ 55209.519868028903147, 1538.210230148892151 ], [ 55709.519868028903147, 1394.426642282312969 ], [ 55806.310371669853339, 1367.068914971299819 ], [ 56209.519868028903147, 1310.129602111817803 ], [ 56412.382589477754664, 1367.068914971299819 ], [ 56709.519868028903147, 1528.264438738842728 ], [ 56865.674586232824367, 1867.068914971299819 ], [ 56911.00721557023644, 2367.068914971299819 ], [ 56709.519868028903147, 2829.150642008986324 ], [ 56678.712324607273331, 2867.068914971299819 ], [ 56329.298061255612993, 3367.068914971299819 ], [ 56694.438509039755445, 3867.068914971299819 ], [ 56709.519868028903147, 3873.270545036866679 ], [ 57209.519868028903147, 4134.142153942171717 ], [ 57701.334484844643157, 4367.068914971299819 ], [ 57709.519868028903147, 4373.712542335211765 ], [ 58209.519868028903147, 4603.649878198921215 ], [ 58709.519868028903147, 4698.31627503875643 ], [ 59209.519868028903147, 4738.811152141861385 ], [ 59709.519868028903147, 4727.820116067523486 ], [ 60171.99440401350148, 4367.068914971299819 ], [ 60209.519868028903147, 4342.287676344043575 ], [ 60572.934056738406071, 3867.068914971299819 ], [ 60683.871207507676445, 3367.068914971299819 ], [ 60638.695495525927981, 2867.068914971299819 ], [ 60582.559611059579765, 2367.068914971299819 ], [ 60645.775142191851046, 1867.068914971299819 ], [ 60576.818823863344733, 1367.068914971299819 ], [ 60240.307484759177896, 867.068914971299819 ], [ 60209.519868028903147, 825.801095960545354 ], [ 59942.489391976036131, 367.068914971299819 ], [ 59862.795599691133248, -132.931085028700181 ], [ 59709.519868028903147, -618.508619216037914 ], [ 59691.98554430832155, -632.931085028700181 ], [ 59209.519868028903147, -759.180096736512496 ], [ 58709.519868028903147, -766.361871287735994 ], [ 58209.519868028903147, -830.569158758065896 ], [ 57709.519868028903147, -979.24214097627555 ], [ 57340.628463951245067, -1132.931085028700181 ], [ 57209.519868028903147, -1208.640184503208729 ], [ 56709.519868028903147, -1238.778199925684021 ], [ 56289.105497436772566, -1132.931085028700181 ], [ 56209.519868028903147, -1110.735019768384518 ], [ 55709.519868028903147, -1005.269452737047686 ], [ 55209.519868028903147, -1038.39108937990386 ], [ 55129.242375724978046, -1132.931085028700181 ], [ 54709.519868028903147, -1349.406884852563962 ], [ 54529.27546171011636, -1632.931085028700181 ], [ 54209.519868028903147, -2068.641174909425899 ], [ 54121.408833079127362, -2132.931085028700181 ], [ 53920.180602226653718, -2632.931085028700181 ], [ 54209.519868028903147, -2685.314466418916709 ], [ 54687.610340576356975, -3132.931085028700181 ], [ 54709.519868028903147, -3149.650648298047599 ], [ 55209.519868028903147, -3526.58477033393865 ], [ 55709.519868028903147, -3472.242349391293828 ], [ 56200.878137670908473, -3132.931085028700181 ], [ 56209.519868028903147, -3127.902552678875509 ], [ 56709.519868028903147, -2892.060810564449639 ], [ 57209.519868028903147, -2840.6881830853672 ], [ 57709.519868028903147, -3108.284243912901729 ], [ 57771.697268828211236, -3132.931085028700181 ], [ 58209.519868028903147, -3285.097570903439191 ], [ 58709.519868028903147, -3207.604729561149725 ], [ 58778.049016853881767, -3132.931085028700181 ], [ 59209.519868028903147, -2664.970981345468317 ], [ 59238.42130311272922, -2632.931085028700181 ], [ 59709.519868028903147, -2316.240971584469662 ], [ 60209.519868028903147, -2378.386327404747135 ], [ 60564.132389122925815, -2632.931085028700181 ], [ 60709.519868028903147, -2897.368220146105159 ], [ 61033.89859356690431, -3132.931085028700181 ], [ 61209.519868028903147, -3224.198723609282752 ], [ 61431.190392904667533, -3132.931085028700181 ], [ 61709.519868028903147, -3065.478665444752551 ], [ 61842.388725720462389, -3132.931085028700181 ], [ 62209.519868028903147, -3275.139080104476307 ], [ 62607.904708854097407, -3632.931085028700181 ], [ 62709.519868028903147, -3834.390588354930514 ], [ 62859.33795884042047, -4132.931085028700181 ], [ 62774.866053833582555, -4632.931085028700181 ], [ 62709.519868028903147, -4822.043603906437056 ], [ 62209.519868028903147, -4979.350009363624849 ], [ 61746.539975281397346, -4632.931085028700181 ], [ 61709.519868028903147, -4613.355173240823206 ], [ 61209.519868028903147, -4320.652107736255857 ], [ 60883.423296486973413, -4632.931085028700181 ], [ 60709.519868028903147, -4820.247510090310243 ], [ 60498.27771544540883, -5132.931085028700181 ], [ 60709.519868028903147, -5519.099094746779883 ], [ 61001.214121443917975, -5632.931085028700181 ], [ 61209.519868028903147, -5677.862831259393715 ], [ 61709.519868028903147, -5995.734949478137423 ], [ 61773.156856331930612, -6132.931085028700181 ], [ 61709.519868028903147, -6199.42451886885101 ], [ 61427.786669615059509, -6632.931085028700181 ], [ 61209.519868028903147, -6814.147561270394363 ], [ 60794.377400153505732, -7132.931085028700181 ], [ 60709.519868028903147, -7194.356268031537184 ], [ 60209.519868028903147, -7465.805813084371039 ], [ 59852.756897658153321, -7632.931085028700181 ], [ 59709.519868028903147, -7697.648779062757967 ], [ 59209.519868028903147, -7813.713021758449031 ], [ 58709.519868028903147, -7871.168705817457521 ], [ 58209.519868028903147, -8114.408258230658248 ], [ 58189.636342164012603, -8132.931085028700181 ], [ 57859.222640914580552, -8632.931085028700181 ], [ 57709.519868028903147, -9039.661099513163208 ], [ 57635.160598335132818, -9132.931085028700181 ], [ 57262.180180130279041, -9632.931085028700181 ], [ 57209.519868028903147, -9673.094064629360219 ], [ 56709.519868028903147, -9819.150144680010271 ], [ 56209.519868028903147, -9896.406492243768298 ], [ 55709.519868028903147, -9755.505356075591408 ], [ 55475.743070826181793, -9632.931085028700181 ], [ 55209.519868028903147, -9562.346638713119319 ], [ 54709.519868028903147, -9453.143037605506834 ], [ 54345.677064990028157, -9632.931085028700181 ], [ 54283.529232052082079, -10132.931085028700181 ], [ 54358.135912509154878, -10632.931085028700181 ], [ 54209.519868028903147, -10764.249405842128908 ], [ 53709.519868028903147, -11020.880102219220134 ], [ 53209.519868028903147, -10864.608486517274287 ], [ 53120.894308631221065, -10632.931085028700181 ], [ 53140.283386658556992, -10132.931085028700181 ], [ 52709.519868028903147, -9865.236134367878549 ], [ 52209.519868028903147, -10021.51295676024165 ], [ 52140.721320186043158, -10132.931085028700181 ], [ 51750.528863060826552, -10632.931085028700181 ], [ 51709.519868028903147, -10651.814743054797873 ], [ 51209.519868028903147, -10890.66842602728866 ], [ 50903.739744165854063, -11132.931085028700181 ], [ 50709.519868028903147, -11315.100393274566159 ], [ 50268.543943285825662, -11632.931085028700181 ], [ 50209.519868028903147, -11663.785685345254024 ], [ 49709.519868028903147, -11759.013210068049375 ], [ 49209.519868028903147, -11854.085170723235933 ], [ 48709.519868028903147, -12061.124854030960705 ], [ 48414.487598587147659, -12132.931085028700181 ], [ 48209.519868028903147, -12359.599887689284515 ], [ 48031.651178300278843, -12632.931085028700181 ], [ 48209.519868028903147, -12677.698175864235964 ], [ 48522.494230872689513, -13132.931085028700181 ], [ 48709.519868028903147, -13620.346886795116006 ], [ 48712.636730871643522, -13632.931085028700181 ], [ 48709.519868028903147, -13641.249382519090432 ], [ 48267.964810492034303, -14132.931085028700181 ], [ 48209.519868028903147, -14160.773143846687162 ], [ 48041.129274897364667, -14132.931085028700181 ], [ 47709.519868028903147, -14065.809361934967455 ], [ 47277.804901475697989, -13632.931085028700181 ], [ 47220.940428916146629, -13132.931085028700181 ], [ 47357.668889992215554, -12632.931085028700181 ], [ 47209.519868028903147, -12388.432543955001165 ], [ 46709.519868028903147, -12230.843724488673615 ], [ 46565.724142121180193, -12132.931085028700181 ], [ 46209.519868028903147, -12052.509792008873774 ], [ 45709.519868028903147, -11673.894016751917661 ], [ 45663.539600244344911, -11632.931085028700181 ], [ 45209.519868028903147, -11423.660759739796049 ], [ 44709.519868028903147, -11222.638882857805584 ], [ 44545.75099721152219, -11132.931085028700181 ], [ 44336.636132223924506, -10632.931085028700181 ], [ 44378.060649333041511, -10132.931085028700181 ], [ 44209.519868028903147, -9796.452365660166834 ], [ 43709.519868028903147, -9979.301237418912933 ], [ 43209.519868028903147, -10094.292895372258499 ], [ 42709.519868028903147, -10105.225508411735063 ], [ 42572.103322414914146, -10132.931085028700181 ], [ 42209.519868028903147, -10220.678323818385252 ], [ 41709.519868028903147, -10579.152866079151863 ], [ 41657.133970276641776, -10632.931085028700181 ], [ 41209.519868028903147, -11012.264708292626892 ], [ 40842.251590297120856, -11132.931085028700181 ], [ 40709.519868028903147, -11213.877958998113172 ], [ 40391.168511685231351, -11132.931085028700181 ], [ 40209.519868028903147, -11099.44491371823824 ], [ 39763.82886985760706, -10632.931085028700181 ], [ 39747.281137204001425, -10132.931085028700181 ], [ 39823.380272994720144, -9632.931085028700181 ], [ 39905.049079133677878, -9132.931085028700181 ], [ 39965.03696526560816, -8632.931085028700181 ], [ 40033.058767527021701, -8132.931085028700181 ], [ 39748.629923206943204, -7632.931085028700181 ], [ 39709.519868028903147, -7612.741525238481699 ], [ 39209.519868028903147, -7348.073514998337487 ], [ 38922.109164649795275, -7132.931085028700181 ], [ 38709.519868028903147, -7020.42403476293839 ], [ 38594.507903114368673, -7132.931085028700181 ], [ 38686.578057819555397, -7632.931085028700181 ], [ 38709.519868028903147, -7666.28431673043815 ], [ 39209.519868028903147, -7928.933131297992077 ], [ 39534.97339027786802, -8132.931085028700181 ], [ 39582.50015625783999, -8632.931085028700181 ], [ 39209.519868028903147, -8950.948004987760214 ], [ 39077.955592975398758, -9132.931085028700181 ], [ 38709.519868028903147, -9617.785139609666658 ], [ 38699.46918488360825, -9632.931085028700181 ], [ 38501.366503368786653, -10132.931085028700181 ], [ 38420.713996433201828, -10632.931085028700181 ], [ 38709.519868028903147, -10874.320183460076805 ], [ 38880.508846262804582, -11132.931085028700181 ], [ 39209.519868028903147, -11535.701056583202444 ], [ 39249.947076100535924, -11632.931085028700181 ], [ 39209.519868028903147, -12003.676706680096686 ], [ 39033.853359957094654, -12132.931085028700181 ], [ 38709.519868028903147, -12173.754550862446195 ], [ 38656.826856555053382, -12132.931085028700181 ], [ 38512.493441657337826, -11632.931085028700181 ], [ 38454.560158344640513, -11132.931085028700181 ], [ 38209.519868028903147, -10840.567628655655426 ], [ 38016.521033853729023, -10632.931085028700181 ], [ 37709.519868028903147, -10419.360603012421052 ], [ 37467.337325230721035, -10132.931085028700181 ], [ 37209.519868028903147, -9995.134802688378841 ], [ 36961.840897079688148, -10132.931085028700181 ], [ 37115.546738306278712, -10632.931085028700181 ], [ 37149.265401588258101, -11132.931085028700181 ], [ 36978.941500350338174, -11632.931085028700181 ], [ 36709.519868028903147, -11923.449335509678349 ], [ 36537.813327692783787, -12132.931085028700181 ], [ 36209.519868028903147, -12376.774595736715128 ], [ 35709.519868028903147, -12581.986578771597124 ], [ 35632.933725183684146, -12632.931085028700181 ], [ 35494.679611460320302, -13132.931085028700181 ], [ 35674.528046203762642, -13632.931085028700181 ], [ 35709.519868028903147, -13695.517433137167245 ], [ 36209.519868028903147, -13946.17451623272791 ], [ 36709.519868028903147, -13977.849274012769456 ], [ 36918.889781180827413, -14132.931085028700181 ], [ 37154.02900619902357, -14632.931085028700181 ], [ 37125.680017714053974, -15132.931085028700181 ], [ 36863.701741183816921, -15632.931085028700181 ], [ 36709.519868028903147, -15795.600169819022994 ], [ 36209.519868028903147, -16025.21414551055932 ] ] ] } },
{ "type": "Feature", "properties": { "center_id": "T01N027", "tree_id": "T01", "parent_id": "T01N028", "child_ids": "T01N026;T01N021;T01N019;T01N006;T01N015", "level": 9, "type": "composite", "main": 0, "contour_v": 36.0, "peak_ntl": 196.50517829188993, "area_km2": 622.75258165088621, "min_ntl": 20.321113586425781, "max_ntl": 249.91119384765625, "tntl": 122793.44908332825, "avg_ntl": 49.573455423224971, "std_ntl": 16.912337570041135, "perim_km": 295.85101054351799, "orient_deg": 57.412861286711376, "compact": 0.089408598349280569, "elongated": 1.0164821827397823, "ulig": 0.013426199009238922, "n_children": 5 }, "geometry": { "type": "Polygon", "coordinates": [ [ [ 35822.743114861208596, -16132.931085028700181 ], [ 35709.519868028903147, -16114.385561027971562 ], [ 35209.519868028903147, -15783.920694366926909 ], [ 34957.646698510201531, -15632.931085028700181 ], [ 34709.519868028903147, -15487.690566010875045 ], [ 34258.289311860353337, -15132.931085028700181 ], [ 34209.519868028903147, -15105.936610530363396 ], [ 33818.462862885178765, -14632.931085028700181 ], [ 33709.519868028903147, -14486.431574324233225 ], [ 33524.205077836988494, -14132.931085028700181 ], [ 33263.340457993501332, -13632.931085028700181 ], [ 33209.519868028903147, -13513.665968532252009 ], [ 32950.744676607384463, -13132.931085028700181 ], [ 32709.519868028906785, -12715.451136188072269 ], [ 32558.073130353197485, -12632.931085028700181 ], [ 32209.519868028906785, -12391.698369586330955 ], [ 31709.519868028906785, -12503.211723098880611 ], [ 31486.418115093230881, -12632.931085028700181 ], [ 31209.519868028906785, -12760.638810980293783 ], [ 30709.519868028906785, -12678.952000670687994 ], [ 30672.779206314251496, -12632.931085028700181 ], [ 30599.238051650707348, -12132.931085028700181 ], [ 30709.519868028906785, -12000.835222153764335 ], [ 30979.076046509249863, -11632.931085028700181 ], [ 31113.421812633907393, -11132.931085028700181 ], [ 30996.890314212734665, -10632.931085028700181 ], [ 30709.519868028906785, -10383.191124434786616 ], [ 30235.408121800410299, -10132.931085028700181 ], [ 30209.519868028906785, -10105.063241973868571 ], [ 29973.965923722116713, -9632.931085028700181 ], [ 30019.38388795211722, -9132.931085028700181 ], [ 29845.673532562348555, -8632.931085028700181 ], [ 29709.519868028906785, -8507.265437363326782 ], [ 29416.380731821260269, -8132.931085028700181 ], [ 29209.519868028906785, -8024.732951009180397 ], [ 28709.519868028906785, -7872.171525762561942 ], [ 28209.519868028906785, -7959.172007954141009 ], [ 28021.912098999153386, -8132.931085028700181 ], [ 27709.519868028906785, -8361.277429587600636 ], [ 27209.519868028906785, -8571.579137208129396 ], [ 27121.595391296217713, -8632.931085028700181 ], [ 26709.519868028906785, -8864.276518507555011 ], [ 26395.743083804114576, -9132.931085028700181 ], [ 26209.519868028906785, -9268.804933226972935 ], [ 25709.519868028906785, -9381.613205150686554 ], [ 25209.519868028906785, -9383.625642448998406 ], [ 24767.943481023805361, -9132.931085028700181 ], [ 24723.34460054120791, -8632.931085028700181 ], [ 24995.265913887302304, -8132.931085028700181 ], [ 25209.519868028906785, -7836.845087548266747 ], [ 25516.35440808124622, -7632.931085028700181 ], [ 25709.519868028906785, -7321.581567881410592 ], [ 25779.89936011177997, -7132.931085028700181 ], [ 25885.236157815645129, -6632.931085028700181 ], [ 26209.519868028906785, -6442.655635677321698 ], [ 26695.12884199957989, -6132.931085028700181 ], [ 26709.519868028906785, -6119.655228507501306 ], [ 26986.395990997134504, -5632.931085028700181 ], [ 27203.327543275136122, -5132.931085028700181 ], [ 27209.519868028906785, -5102.642687517334707 ], [ 27470.454935489131458, -4632.931085028700181 ], [ 27209.519868028906785, -4335.276059035299113 ], [ 26709.519868028906785, -4576.164419742257451 ], [ 26361.92592036095084, -4132.931085028700181 ], [ 26585.675996502493945, -3632.931085028700181 ], [ 26709.519868028906785, -3412.914083150622901 ], [ 27173.43422383188954, -3632.931085028700181 ], [ 27209.519868028906785, -3701.248198656394379 ], [ 27633.069469283062062, -4132.931085028700181 ], [ 27709.519868028906785, -4191.985965140454937 ], [ 27717.781684134341049, -4132.931085028700181 ], [ 27914.230719405113632, -3632.931085028700181 ], [ 28209.519868028906785, -3411.908662797388388 ], [ 28362.431985503175383, -3132.931085028700181 ], [ 28709.519868028906785, -2770.72873301243817 ], [ 28973.89323158143452, -2632.931085028700181 ], [ 29209.519868028906785, -2465.708903291699244 ], [ 29709.519868028906785, -2419.476956620026613 ], [ 30209.519868028906785, -2336.792272350750864 ], [ 30709.519868028906785, -2159.410970805998659 ], [ 31209.519868028906785, -2166.227939088523271 ], [ 31551.760725437106885, -2132.931085028700181 ], [ 31709.519868028906785, -2120.07177980504639 ], [ 32209.519868028906785, -1705.581150971411262 ], [ 32256.422548377315252, -1632.931085028700181 ], [ 32590.47303369304791, -1132.931085028700181 ], [ 32709.519868028906785, -1010.965563211604604 ], [ 33197.020690756122349, -632.931085028700181 ], [ 33209.519868028903147, -603.656223632162437 ], [ 33365.388855252531357, -132.931085028700181 ], [ 33298.402619199012406, 367.068914971299819 ], [ 33209.519868028903147, 589.470545715317712 ], [ 32709.519868028906785, 639.716418205644004 ], [ 32209.519868028906785, 672.662636603796273 ], [ 31709.519868028906785, 826.810455034225015 ], [ 31633.056746254205791, 867.068914971299819 ], [ 31209.519868028906785, 1194.993353261204902 ], [ 31011.720244724911026, 1367.068914971299819 ], [ 30709.519868028906785, 1535.106496654523653 ], [ 30209.519868028906785, 1815.338720501385978 ], [ 30094.759882719958114, 1867.068914971299819 ], [ 29709.519868028906785, 2053.089373263588641 ], [ 29329.186182986402855, 2367.068914971299819 ], [ 29216.30410108399883, 2867.068914971299819 ], [ 29209.519868028906785, 2884.613827740715351 ], [ 29019.450137292715226, 3367.068914971299819 ], [ 28797.740238243157364, 3867.068914971299819 ], [ 28775.569323572712165, 4367.068914971299819 ], [ 28787.762399528615788, 4867.068914971299819 ], [ 28709.519868028906785, 5074.751918083333294 ], [ 28298.210393869088875, 5367.068914971299819 ], [ 28209.519868028906785, 5415.239094873337308 ], [ 27847.148100315487682, 5867.068914971299819 ], [ 28209.519868028906785, 6232.093162922436022 ], [ 28709.519868028906785, 6311.71751892886823 ], [ 28799.895151348016952, 6367.068914971299819 ], [ 28709.519868028906785, 6694.569395129045006 ], [ 28699.662401770921861, 6867.068914971299819 ], [ 28707.194952389658283, 7367.068914971299819 ], [ 28709.519868028906785, 7369.987040340944077 ], [ 29209.519868028906785, 7840.160979520805995 ], [ 29587.59402019758636, 7867.068914971299819 ], [ 29709.519868028906785, 7875.794596849067602 ], [ 29729.324225255044439, 7867.068914971299819 ], [ 30209.519868028906785, 7608.067326529155253 ], [ 30393.622736621025979, 7367.068914971299819 ], [ 30558.965114066446404, 6867.068914971299819 ], [ 30699.277514496479853, 6367.068914971299819 ], [ 30709.519868028906785, 6359.009245392822777 ], [ 31209.519868028906785, 5942.966036432044348 ], [ 31361.87380341437165, 5867.068914971299819 ], [ 31709.519868028906785, 5749.54997211357113 ], [ 32209.519868028906785, 5695.30426363213337 ], [ 32709.519868028906785, 5602.054497594202985 ], [ 33209.519868028903147, 5368.303324754480855 ], [ 33211.171217722439906, 5367.068914971299819 ], [ 33709.519868028903147, 4917.717522473234567 ], [ 33769.861082033065031, 4867.068914971299819 ], [ 34209.519868028903147, 4522.673440802464029 ], [ 34538.074737473842106, 4367.068914971299819 ], [ 34709.519868028903147, 4205.636789717449574 ], [ 35004.640803838294232, 3867.068914971299819 ], [ 34778.435745133872842, 3367.068914971299819 ], [ 35209.519868028903147, 3041.791373158950591 ], [ 35566.111785065950244, 2867.068914971299819 ], [ 35709.519868028903147, 2835.020052551844856 ], [ 36209.519868028903147, 2830.330169973807642 ], [ 36257.019023385742912, 2867.068914971299819 ], [ 36709.519868028903147, 3202.20386900853191 ], [ 36880.900787895647227, 3367.068914971299819 ], [ 37145.735540453330032, 3867.068914971299819 ], [ 37209.519868028903147, 4167.458748004442896 ], [ 37257.918409052363131, 4367.068914971299819 ], [ 37523.052640891590272, 4867.068914971299819 ], [ 37709.519868028903147, 5024.336072549063829 ], [ 38209.519868028903147, 5041.522154668302392 ], [ 38709.519868028903147, 5290.279847286568838 ], [ 38762.422648743755417, 5367.068914971299819 ], [ 39209.519868028903147, 5820.873414028363186 ], [ 39389.281393518205732, 5867.068914971299819 ], [ 39709.519868028903147, 5922.665648507507285 ], [ 39868.837418894778239, 5867.068914971299819 ], [ 40209.519868028903147, 5707.881075434925151 ], [ 40666.221407917531906, 5367.068914971299819 ], [ 40709.519868028903147, 5268.027236530848313 ], [ 41077.673361639739596, 4867.068914971299819 ], [ 41093.148530803257017, 4367.068914971299819 ], [ 41209.519868028903147, 4159.462205609539524 ], [ 41413.562787807182758, 4367.068914971299819 ], [ 41290.667950076021953, 4867.068914971299819 ], [ 41282.010945165195153, 5367.068914971299819 ], [ 41565.106500037232763, 5867.068914971299819 ], [ 41709.519868028903147, 6035.005981364272884 ], [ 41964.430416757808416, 6367.068914971299819 ], [ 42209.519868028903147, 6745.710283398570027 ], [ 42657.348591342917643, 6867.068914971299819 ], [ 42709.519868028903147, 6883.927281340584159 ], [ 42735.748652481212048, 6867.068914971299819 ], [ 43209.519868028903147, 6727.164554740913445 ], [ 43709.519868028903147, 6666.207754645336536 ], [ 44209.519868028903147, 6778.87243538403709 ], [ 44393.395816989941522, 6367.068914971299819 ], [ 44402.592750697411248, 5867.068914971299819 ], [ 44438.276564490108285, 5367.068914971299819 ], [ 44356.143539467127994, 4867.068914971299819 ], [ 44209.519868028903147, 4504.547496492465143 ], [ 44168.687030837812927, 4367.068914971299819 ], [ 44161.815799542411696, 3867.068914971299819 ], [ 44209.519868028903147, 3670.925459487756598 ], [ 44709.519868028903147, 3371.53812557067431 ], [ 45209.519868028903147, 3611.375309962910251 ], [ 45709.519868028903147, 3575.117026873675059 ], [ 45759.24593406317581, 3367.068914971299819 ], [ 45982.026417786881211, 2867.068914971299819 ], [ 46209.519868028903147, 2764.18625170517771 ], [ 46273.372492143025738, 2867.068914971299819 ], [ 46709.519868028903147, 3178.515757916029543 ], [ 47209.519868028903147, 3323.176063756458461 ], [ 47709.519868028903147, 3287.702573619171744 ], [ 48209.519868028903147, 3065.967661593676894 ], [ 48709.519868028903147, 3008.592071061575552 ], [ 49139.169781468619476, 3367.068914971299819 ], [ 48709.519868028903147, 3747.178718394090538 ], [ 48411.519295171572594, 3867.068914971299819 ], [ 48209.519868028903147, 3926.35178354861273 ], [ 47709.519868028903147, 4351.203293088809005 ], [ 47695.53901055805909, 4367.068914971299819 ], [ 47234.102513467878453, 4867.068914971299819 ], [ 47209.519868028903147, 5246.708249200411956 ], [ 47188.893785363950883, 4867.068914971299819 ], [ 46709.519868028903147, 4546.654341307337745 ], [ 46460.416842297883704, 4367.068914971299819 ], [ 46209.519868028903147, 4152.620439545527915 ], [ 45709.519868028903147, 4004.283267330843955 ], [ 45571.745085867441958, 4367.068914971299819 ], [ 45539.284750140388496, 4867.068914971299819 ], [ 45709.519868028903147, 5282.621451869534212 ], [ 45747.092352444655262, 5367.068914971299819 ], [ 46030.274406849115621, 5867.068914971299819 ], [ 45790.979616030381294, 6367.068914971299819 ], [ 45709.519868028903147, 6459.109115399798611 ], [ 45354.7156645583309, 6867.068914971299819 ], [ 45399.430510198057164, 7367.068914971299819 ], [ 45709.519868028903147, 7645.203949919668958 ], [ 46209.519868028903147, 7686.503724884329131 ], [ 46709.519868028903147, 7444.305133901900263 ], [ 47209.519868028903147, 7576.226410780975129 ], [ 47289.547409741469892, 7867.068914971299819 ], [ 47438.25671768662869, 8367.068914971299819 ], [ 47507.762115453297156, 8867.068914971299819 ], [ 47209.519868028903147, 9300.184928449176368 ], [ 47091.594211713716504, 9367.068914971299819 ], [ 46709.519868028903147, 9821.172460890767979 ], [ 46692.623215331565007, 9867.068914971299819 ], [ 46709.519868028903147, 9924.256671172712231 ], [ 46877.763392467430094, 10367.068914971299819 ], [ 46855.636527621813002, 10867.068914971299819 ], [ 46709.519868028903147, 11259.958508386247559 ], [ 46652.821073086321121, 11367.068914971299819 ], [ 46241.385495730501134, 11867.068914971299819 ], [ 46209.519868028903147, 11910.305521310525364 ], [ 45919.779233221765026, 12367.068914971299819 ], [ 45800.823047057783697, 12867.068914971299819 ], [ 45746.780966817153967, 13367.068914971299819 ], [ 45784.150574636354577, 13867.068914971299819 ], [ 45971.409637687844224, 14367.068914971299819 ], [ 46083.380659924965585, 14867.068914971299819 ], [ 45978.405028863009647, 15367.068914971299819 ], [ 45796.736939721580711, 15867.068914971299819 ], [ 45709.519868028903147, 16020.210751076323504 ], [ 45433.894851424760418, 16367.068914971299819 ], [ 45209.519868028903147, 16492.372723854190554 ], [ 44709.519868028903147, 16557.83250529551151 ], [ 44432.269840284556267, 16367.068914971299819 ], [ 44209.519868028903147, 16062.003578610172553 ], [ 44110.06138434704917, 15867.068914971299819 ], [ 43858.581073246547021, 15367.068914971299819 ], [ 43709.519868028903147, 15202.47662952812243 ], [ 43210.799705456505762, 14867.068914971299819 ], [ 43209.519868028903147, 14866.089679482553038 ], [ 42709.519868028903147, 14391.53678359692276 ], [ 42681.279865568227251, 14367.068914971299819 ], [ 42709.519868028903147, 14344.113286752952263 ], [ 42869.902377804799471, 13867.068914971299819 ], [ 43209.519868028903147, 13499.901008977845777 ], [ 43314.007382269643131, 13367.068914971299819 ], [ 43501.803554550730041, 12867.068914971299819 ], [ 43209.519868028903147, 12423.644448650200502 ], [ 42709.519868028903147, 12432.988198262901278 ], [ 42209.519868028903147, 12592.992559424310457 ], [ 41709.519868028903147, 12502.257688725934713 ], [ 41525.722467736472026, 12367.068914971299819 ], [ 41279.973140302303364, 11867.068914971299819 ], [ 41209.519868028903147, 11699.171854424275807 ], [ 40899.455442199949175, 11367.068914971299819 ], [ 40917.25033602520125, 10867.068914971299819 ], [ 41209.519868028903147, 10603.337650260786177 ], [ 41377.31148422176193, 10367.068914971299819 ], [ 41709.519868028903147, 10060.198063707633992 ], [ 41866.777233023560257, 9867.068914971299819 ], [ 42154.313435047573876, 9367.068914971299819 ], [ 42209.519868028903147, 9125.540139564967831 ], [ 42253.579511902018567, 8867.068914971299819 ], [ 42209.519868028903147, 8692.449426477367524 ], [ 41709.519868028903147, 8676.088477195837186 ], [ 41479.12804543893435, 8867.068914971299819 ], [ 41209.519868028903147, 9074.403189980352181 ], [ 40709.519868028903147, 9264.243645711860154 ], [ 40443.714710648477194, 9367.068914971299819 ], [ 40209.519868028903147, 9502.244108421262354 ], [ 39986.108047384332167, 9867.068914971299819 ], [ 39942.497147438756656, 10367.068914971299819 ], [ 39806.207686039269902, 10867.068914971299819 ], [ 39709.519868028903147, 10915.183203093794873 ], [ 39209.519868028903147, 11215.37450442413683 ], [ 39009.622388426447287, 11367.068914971299819 ], [ 39012.181284138117917, 11867.068914971299819 ], [ 39209.519868028903147, 12019.600436531458399 ], [ 39709.519868028903147, 11998.540330047995667 ], [ 40138.574312807133538, 11867.068914971299819 ], [ 40209.519868028903147, 11784.58582501046476 ], [ 40418.820266499795252, 11867.068914971299819 ], [ 40709.519868028903147, 11954.538633859541733 ], [ 41063.709738458288484, 12367.068914971299819 ], [ 41209.519868028903147, 12834.118469634791836 ], [ 41231.040738426338066, 12867.068914971299819 ], [ 41638.291022434379556, 13367.068914971299819 ], [ 41709.519868028903147, 13477.260939310974209 ], [ 41953.060112593710073, 13867.068914971299819 ], [ 41890.761888930108398, 14367.068914971299819 ], [ 41709.519868028903147, 14505.003782133688219 ], [ 41443.05313597053464, 14867.068914971299819 ], [ 41522.034779092529789, 15367.068914971299819 ], [ 41709.519868028903147, 15620.5337964484861 ], [ 41875.250202859431738, 15867.068914971299819 ], [ 41988.683577143601724, 16367.068914971299819 ], [ 42165.37197288814059, 16867.068914971299819 ], [ 42209.519868028903147, 16917.945439278846607 ], [ 42709.519868028903147, 17330.034840987886128 ], [ 42750.911941408761777, 17367.068914971299819 ], [ 43209.519868028903147, 17561.261177344647876 ], [ 43709.519868028903147, 17688.775321230030386 ], [ 43974.83288764009194, 17867.068914971299819 ], [ 44209.519868028903147, 18002.10236412838276 ], [ 44709.519868028903147, 18308.338754481599608 ], [ 45209.519868028903147, 18230.697075548370776 ], [ 45709.519868028903147, 17949.810591555797146 ], [ 45796.284279037397937, 17867.068914971299819 ], [ 46025.668177116385777, 17367.068914971299819 ], [ 46149.715659351219074, 16867.068914971299819 ], [ 46209.519868028903147, 16752.828293461083376 ], [ 46444.535270622072858, 16367.068914971299819 ], [ 46709.519868028903147, 16124.056348680998781 ], [ 46872.476886183882016, 15867.068914971299819 ], [ 47209.519868028903147, 15394.201726004699594 ], [ 47220.500615499273408, 15367.068914971299819 ], [ 47443.067725123473792, 14867.068914971299819 ], [ 47575.089137069051503, 14367.068914971299819 ], [ 47709.519868028903147, 13917.196823319260147 ], [ 47721.609605383564485, 13867.068914971299819 ], [ 47905.667632623924874, 13367.068914971299819 ], [ 48066.645455307356315, 12867.068914971299819 ], [ 48209.519868028903147, 12659.624957320425892 ], [ 48543.732603487573215, 12367.068914971299819 ], [ 48709.519868028903147, 12267.06368427099369 ], [ 49209.519868028903147, 11954.481424945028266 ], [ 49347.261963298515184, 11867.068914971299819 ], [ 49709.519868028903147, 11496.03250985329214 ], [ 49938.858768827747554, 11367.068914971299819 ], [ 50209.519868028903147, 11017.703908771887654 ], [ 50516.323156445840141, 11367.068914971299819 ], [ 50444.672178036402329, 11867.068914971299819 ], [ 50347.92119873224874, 12367.068914971299819 ], [ 50354.341835141647607, 12867.068914971299819 ], [ 50630.528404971788405, 13367.068914971299819 ], [ 50709.519868028903147, 13439.607159110862995 ], [ 51209.519868028903147, 13531.727416925205034 ], [ 51709.519868028903147, 13476.276042573997984 ], [ 52209.519868028903147, 13481.116117290192051 ], [ 52709.519868028903147, 13525.212344037005096 ], [ 53017.856077087533777, 13867.068914971299819 ], [ 53209.519868028903147, 14172.949986658495618 ], [ 53272.166707377022249, 14367.068914971299819 ], [ 53300.234674689207168, 14391.347665443598089 ], [ 53360.45145847366075, 14384.135949753983368 ], [ 53392.92887370131939, 14471.528011352280373 ], [ 53572.59260622185684, 14626.936875922747276 ], [ 53940.031828167455387, 14509.070984775082252 ], [ 53436.262143036481575, 14439.964580728310466 ], [ 53674.843594083409698, 14285.93951625020236 ], [ 53675.749993862111296, 14108.525578244329154 ], [ 53751.050445595705241, 14264.151806246165506 ], [ 54151.055912160460139, 14166.407958484307528 ], [ 54044.829142346410663, 14476.343570802298927 ], [ 54358.995536852518853, 14422.521087289764182 ], [ 54416.868900763183774, 14267.579363725151779 ], [ 54255.05562834412558, 14288.919815250301326 ], [ 54227.321865519923449, 14133.535338241574209 ], [ 54390.113318376177631, 13923.692256881819048 ], [ 54580.353349478406017, 13924.678824910228286 ], [ 54759.636502160166856, 14202.828344524697968 ], [ 56905.784253581106896, 13105.366451271263941 ], [ 57011.266711664829927, 12950.696953584190851 ], [ 56802.462817688239738, 12860.856795386074737 ], [ 56910.288233815204876, 12273.741339239135414 ], [ 57357.906683228007751, 12187.465864478830554 ], [ 57385.478524956321053, 12365.034922505568829 ], [ 57594.591275040300388, 12399.444979352248993 ], [ 57891.888488303200575, 11968.620972585606069 ], [ 58510.633917712148104, 11812.95418813680044 ], [ 58690.989160262899532, 11718.792429883253135 ], [ 58551.427629348589107, 11417.842302885344907 ], [ 58628.531552775755699, 11240.853730850240026 ], [ 59131.922835407080129, 11398.915311557759196 ], [ 59770.830496365291765, 11147.490603434707737 ], [ 59952.997898569861718, 10904.577806292107198 ], [ 59849.409269895404577, 10715.480265598884216 ], [ 59878.964789462952467, 10538.230196561600678 ], [ 60142.911859388455923, 10972.194864971201241 ], [ 60456.768504652973206, 10996.173010063474067 ], [ 60564.944057789565704, 10386.919771370892704 ], [ 60888.139770577850868, 10444.230474605241398 ], [ 63457.353152084193425, 8862.661923556916008 ], [ 63668.598475293707452, 8553.457146041713713 ], [ 63777.7238382802243, 7822.268232266654195 ], [ 64100.98163055270561, 7879.677561293343388 ], [ 64521.043453389771457, 7671.563135200886791 ], [ 65302.979261352324102, 6767.527979273269011 ], [ 65209.519868028903147, 6688.599706835215329 ], [ 64709.519868028903147, 6528.051593242606032 ], [ 64209.519868028903147, 6496.897359957714798 ], [ 63709.519868028903147, 6530.665355571269174 ], [ 63209.519868028903147, 6666.188814985973295 ], [ 62809.360503118732595, 6867.068914971299819 ], [ 62709.519868028903147, 6913.967932168510742 ], [ 62209.519868028903147, 7065.292371323492262 ], [ 61709.519868028903147, 7239.844697114269366 ], [ 61563.031960574982804, 7367.068914971299819 ], [ 61209.519868028903147, 7586.102537201048108 ], [ 60933.886586758875637, 7867.068914971299819 ], [ 60709.519868028903147, 8092.568401270036702 ], [ 60279.519924072636059, 8367.068914971299819 ], [ 60209.519868028903147, 8429.736609931205749 ], [ 59898.092628347760183, 8367.068914971299819 ], [ 59709.519868028903147, 8272.373484130090219 ], [ 59531.021239993249765, 7867.068914971299819 ], [ 59552.322373397328192, 7367.068914971299819 ], [ 59709.519868028903147, 6963.048345756862545 ], [ 59759.591800667636562, 6867.068914971299819 ], [ 60138.417995257710572, 6367.068914971299819 ], [ 60209.519868028903147, 6234.999268555518938 ], [ 60612.607056483568158, 5867.068914971299819 ], [ 60709.519868028903147, 5399.355275299894856 ], [ 60713.525043636327609, 5367.068914971299819 ], [ 60709.519868028903147, 5359.038762147902162 ], [ 60209.519868028903147, 4934.384521976753604 ], [ 59709.519868028903147, 4934.327615419213544 ], [ 59209.519868028903147, 5033.00447431608336 ], [ 58709.519868028903147, 5080.454889968124917 ], [ 58209.519868028903147, 5035.218530954138259 ], [ 57858.418500681553269, 5367.068914971299819 ], [ 57709.519868028903147, 5489.461061037756735 ], [ 57344.880107620920171, 5867.068914971299819 ], [ 57209.519868028903147, 5930.787883589830017 ], [ 57047.70277631416684, 5867.068914971299819 ], [ 56709.519868028903147, 5660.134355002752272 ], [ 56505.133661795538501, 5367.068914971299819 ], [ 56209.519868028903147, 5060.747202514670789 ], [ 55709.519868028903147, 4967.186735756593407 ], [ 55209.519868028903147, 5223.407937018928351 ], [ 54709.519868028903147, 5152.077792586263968 ], [ 54428.119816419712151, 4867.068914971299819 ], [ 54209.519868028903147, 4606.753019440919161 ], [ 53970.343288719683187, 4867.068914971299819 ], [ 54174.698979371853056, 5367.068914971299819 ], [ 54041.386378361581592, 5867.068914971299819 ], [ 53740.437661003306857, 6367.068914971299819 ], [ 53748.147609433130128, 6867.068914971299819 ], [ 53930.267149405102828, 7367.068914971299819 ], [ 54046.307382464117836, 7867.068914971299819 ], [ 54021.24449113936862, 8367.068914971299819 ], [ 53866.739008145377738, 8867.068914971299819 ], [ 53709.519868028903147, 9055.119798999672639 ], [ 53562.191324994899333, 9367.068914971299819 ], [ 53209.519868028903147, 9638.295256293087732 ], [ 53039.343794097570935, 9867.068914971299819 ], [ 52709.519868028903147, 10345.371231223267387 ], [ 52692.789707816613372, 10367.068914971299819 ], [ 52307.894131376029691, 10867.068914971299819 ], [ 52209.519868028903147, 10917.677773737406824 ], [ 51709.519868028903147, 10976.481728832615772 ], [ 51209.519868028903147, 10908.642155878886115 ], [ 50709.519868028903147, 10900.182497471236275 ], [ 50662.589581205698778, 10867.068914971299819 ], [ 50709.519868028903147, 10793.208262570551597 ], [ 50819.897773331031203, 10367.068914971299819 ], [ 51080.319665760340285, 9867.068914971299819 ], [ 50709.519868028903147, 9435.984042771873646 ], [ 50209.519868028903147, 9421.800335341948085 ], [ 49709.519868028903147, 9502.772515845863381 ], [ 49367.219394943123916, 9367.068914971299819 ], [ 49209.519868028903147, 8992.540740848402493 ], [ 49193.608648218330927, 8867.068914971299819 ], [ 49209.519868028903147, 8786.743836881316383 ], [ 49279.681830474088201, 8367.068914971299819 ], [ 49453.295510369352996, 7867.068914971299819 ], [ 49628.290603974819533, 7367.068914971299819 ], [ 49709.519868028903147, 7143.243209422711516 ], [ 50038.624978722160449, 6867.068914971299819 ], [ 50132.242604082348407, 6367.068914971299819 ], [ 49709.519868028903147, 5870.300201367339469 ], [ 49708.385133381234482, 5867.068914971299819 ], [ 49514.366318833097466, 5367.068914971299819 ], [ 49494.092194249649765, 4867.068914971299819 ], [ 49671.906784470236744, 4367.068914971299819 ], [ 49709.519868028903147, 4307.02359265407722 ], [ 50209.519868028903147, 3963.073693847822142 ], [ 50709.519868028903147, 3917.096433695885935 ], [ 51209.519868028903147, 4209.630786772118881 ], [ 51350.82718306517927, 4367.068914971299819 ], [ 51620.666205008819816, 4867.068914971299819 ], [ 51668.411412049870705, 5367.068914971299819 ], [ 51209.519868028903147, 5747.470290098062833 ], [ 51051.797888771368889, 5867.068914971299819 ], [ 50709.519868028903147, 6129.526213932331302 ], [ 50284.178241705914843, 6367.068914971299819 ], [ 50338.02604315757344, 6867.068914971299819 ], [ 50709.519868028903147, 7129.855328085206565 ], [ 50904.7699340081017, 7367.068914971299819 ], [ 51209.519868028903147, 7582.83095966806286 ], [ 51709.519868028903147, 7588.811429812485585 ], [ 52078.681481662293663, 7367.068914971299819 ], [ 52209.519868028903147, 7254.075517273100559 ], [ 52516.855525744962506, 6867.068914971299819 ], [ 52529.018551889006631, 6367.068914971299819 ], [ 52432.439561307532131, 5867.068914971299819 ], [ 52709.519868028903147, 5575.457309499674011 ], [ 52942.494856353587238, 5367.068914971299819 ], [ 53209.519868028903147, 5027.977207631760393 ], [ 53491.756474797672126, 4867.068914971299819 ], [ 53640.983904731183429, 4367.068914971299819 ], [ 53697.423673566256184, 3867.068914971299819 ], [ 53209.519868028903147, 3517.52342183951987 ], [ 52709.519868028903147, 3498.029090049079969 ], [ 52351.02259548517759, 3367.068914971299819 ], [ 52209.519868028903147, 3325.177446464920649 ], [ 51709.626873511544545, 2867.068914971299819 ], [ 51709.519868028903147, 2866.818076765557635 ], [ 51598.323910329199862, 2367.068914971299819 ], [ 51568.387239800795214, 1867.068914971299819 ], [ 51517.389398184706806, 1367.068914971299819 ], [ 51709.519868028903147, 1037.423515803355258 ], [ 51937.960841243591858, 867.068914971299819 ], [ 52209.519868028903147, 651.371868175658165 ], [ 52556.438491294524283, 367.068914971299819 ], [ 52613.728173372437595, -132.931085028700181 ], [ 52709.519868028903147, -301.042863144844887 ], [ 53015.103228415478952, -132.931085028700181 ], [ 53209.519868028903147, -45.767633539711824 ], [ 53709.519868028903147, 342.556244298364618 ], [ 53802.28935468554846, 367.068914971299819 ], [ 53709.519868028903147, 434.399209000883275 ], [ 53476.421260328686913, 867.068914971299819 ], [ 53367.037822335623787, 1367.068914971299819 ], [ 53587.639729532122146, 1867.068914971299819 ], [ 53709.519868028903147, 2115.517823151429184 ], [ 53970.581668376034941, 2367.068914971299819 ], [ 54209.519868028903147, 2787.989093624099041 ], [ 54645.794471021814388, 2367.068914971299819 ], [ 54709.519868028903147, 2322.312655767789693 ], [ 55209.519868028903147, 1948.317628751829034 ], [ 55332.335055086688953, 1867.068914971299819 ], [ 55709.519868028903147, 1672.25744608338573 ], [ 56209.519868028903147, 1504.525831170307356 ], [ 56709.519868028903147, 1796.551952185996925 ], [ 56742.021081043509184, 1867.068914971299819 ], [ 56742.7891886002908, 2367.068914971299819 ], [ 56709.519868028903147, 2443.367229950323235 ], [ 56365.274019277465413, 2867.068914971299819 ], [ 56209.519868028903147, 3087.955766765109729 ], [ 55938.24541554802272, 3367.068914971299819 ], [ 56190.57341630962037, 3867.068914971299819 ], [ 56209.519868028903147, 3876.352951550186845 ], [ 56709.519868028903147, 4077.958959069015691 ], [ 57209.519868028903147, 4314.584164604311809 ], [ 57320.339111280991347, 4367.068914971299819 ], [ 57709.519868028903147, 4682.945626768094371 ], [ 58209.519868028903147, 4800.45159708322899 ], [ 58709.519868028903147, 4800.892332015151624 ], [ 59209.519868028903147, 4818.017858941733721 ], [ 59709.519868028903147, 4838.100968413549708 ], [ 60209.519868028903147, 4750.75298650363402 ], [ 60324.740308752152487, 4367.068914971299819 ], [ 60644.331949394647381, 3867.068914971299819 ], [ 60709.519868028903147, 3551.493080155618372 ], [ 60799.241355747304624, 3367.068914971299819 ], [ 60709.519868028903147, 2945.696950673140236 ], [ 60703.10674836319231, 2867.068914971299819 ], [ 60675.253132172088954, 2367.068914971299819 ], [ 60709.519868028903147, 2142.554084873452666 ], [ 60779.933089553087484, 1867.068914971299819 ], [ 60709.519868028903147, 1468.510164084655116 ], [ 60695.78506239404669, 1367.068914971299819 ], [ 60355.472257578323479, 867.068914971299819 ], [ 60209.519868028903147, 671.43386959322379 ], [ 60032.347386797628133, 367.068914971299819 ], [ 59957.983172964712139, -132.931085028700181 ], [ 59877.375073669740232, -632.931085028700181 ], [ 59709.519868028903147, -804.89694989543932 ], [ 59209.519868028903147, -855.114970763213933 ], [ 58709.519868028903147, -834.184050323427073 ], [ 58209.519868028903147, -889.624693403486162 ], [ 57709.519868028903147, -1045.95185677165864 ], [ 57500.748249255964765, -1132.931085028700181 ], [ 57209.519868028903147, -1301.101892816004693 ], [ 56709.519868028903147, -1319.949152685047011 ], [ 56209.519868028903147, -1203.086523716934607 ], [ 55709.519868028903147, -1164.076784365068306 ], [ 55209.519868028903147, -1299.587616781180259 ], [ 54746.124870636151172, -1632.931085028700181 ], [ 54709.519868028903147, -1661.924286653098534 ], [ 54337.810824288084405, -2132.931085028700181 ], [ 54299.515627971821232, -2632.931085028700181 ], [ 54709.519868028903147, -3015.324301198139437 ], [ 54844.919530882150866, -3132.931085028700181 ], [ 55209.519868028903147, -3406.33987053410965 ], [ 55709.519868028903147, -3345.54724428980262 ], [ 56017.410348201199668, -3132.931085028700181 ], [ 56209.519868028903147, -3021.144568307456211 ], [ 56709.519868028903147, -2773.407264182184008 ], [ 57209.519868028903147, -2680.788242734066444 ], [ 57709.519868028903147, -2920.596570797657478 ], [ 58209.519868028903147, -3120.753728262221557 ], [ 58709.519868028903147, -3022.260093252814841 ], [ 59075.394179893133696, -2632.931085028700181 ], [ 59209.519868028903147, -2514.252661861828528 ], [ 59709.519868028903147, -2182.639334545921884 ], [ 60209.519868028903147, -2221.026861720034503 ], [ 60709.519868028903147, -2535.326624554261798 ], [ 60855.076475453955936, -2632.931085028700181 ], [ 61209.519868028903147, -2906.259076336093131 ], [ 61709.519868028903147, -2897.523675205433392 ], [ 62173.22915864114475, -3132.931085028700181 ], [ 62209.519868028903147, -3146.988266311280313 ], [ 62709.519868028903147, -3585.6142443378194 ], [ 62762.98208752105711, -3632.931085028700181 ], [ 63001.303782221992151, -4132.931085028700181 ], [ 62961.459731488284888, -4632.931085028700181 ], [ 62962.540585104055936, -5132.931085028700181 ], [ 62709.519868028903147, -5318.031476595060667 ], [ 62209.519868028903147, -5327.43168932532717 ], [ 61724.024609080792288, -5632.931085028700181 ], [ 61943.704100440227194, -6132.931085028700181 ], [ 61709.519868028903147, -6377.627042199019343 ], [ 61543.599371849224553, -6632.931085028700181 ], [ 61209.519868028903147, -6910.301303618689417 ], [ 60919.595609122770838, -7132.931085028700181 ], [ 60709.519868028903147, -7284.997030361642828 ], [ 60209.519868028903147, -7536.505377923778724 ], [ 60003.679534687136766, -7632.931085028700181 ], [ 59709.519868028903147, -7765.839002438195166 ], [ 59209.519868028903147, -7865.525482649929472 ], [ 58709.519868028903147, -7920.249421997330501 ], [ 58275.335168854522635, -8132.931085028700181 ], [ 58209.519868028903147, -8196.700538690638496 ], [ 57922.989589195800363, -8632.931085028700181 ], [ 57749.888098843497573, -9132.931085028700181 ], [ 57709.519868028903147, -9319.103142547188327 ], [ 57513.750862000859343, -9632.931085028700181 ], [ 57209.519868028903147, -9864.962053270253818 ], [ 56709.519868028903147, -9980.927613251726143 ], [ 56209.519868028903147, -10041.131333106255624 ], [ 55709.519868028903147, -9905.871026987428195 ], [ 55209.519868028903147, -9650.906590203754604 ], [ 55064.067196551332017, -9632.931085028700181 ], [ 54709.519868028903147, -9606.188444490151596 ], [ 54655.399933841603342, -9632.931085028700181 ], [ 54541.544530888568261, -10132.931085028700181 ], [ 54640.876035293957102, -10632.931085028700181 ], [ 54209.519868028903147, -11014.080830709717702 ], [ 54003.54005989896541, -11132.931085028700181 ], [ 53709.519868028903147, -11282.513697077185498 ], [ 53209.519868028903147, -11337.643687130359467 ], [ 52709.519868028903147, -11290.15420880720194 ], [ 52384.347520800074562, -11132.931085028700181 ], [ 52209.519868028903147, -10830.263632916801726 ], [ 51709.519868028903147, -10899.762507252045907 ], [ 51209.519868028903147, -11051.556003217570833 ], [ 51106.809517625981243, -11132.931085028700181 ], [ 50709.519868028903147, -11505.570498047934962 ], [ 50532.812727791140787, -11632.931085028700181 ], [ 50209.519868028903147, -11801.931140171232983 ], [ 49709.519868028903147, -11909.249499880141229 ], [ 49209.519868028903147, -12081.411997694376623 ], [ 49094.022482277010567, -12132.931085028700181 ], [ 48709.519868028903147, -12345.360967724976945 ], [ 48428.259269966903958, -12632.931085028700181 ], [ 48672.126100697234506, -13132.931085028700181 ], [ 48709.519868028903147, -13230.384639323019655 ], [ 48809.222847575758351, -13632.931085028700181 ], [ 48709.519868028903147, -13899.018842621706426 ], [ 48499.454833826050162, -14132.931085028700181 ], [ 48209.519868028903147, -14271.050587434016052 ], [ 47709.519868028903147, -14185.442584166215966 ], [ 47610.484898866241565, -14132.931085028700181 ], [ 47209.519868028903147, -13730.383486701655784 ], [ 47159.324870246593491, -13632.931085028700181 ], [ 47076.999595381275867, -13132.931085028700181 ], [ 46830.038038749567932, -12632.931085028700181 ], [ 46709.519868028903147, -12548.004126788582653 ], [ 46209.519868028903147, -12183.951671523987898 ], [ 46173.666483645734843, -12132.931085028700181 ], [ 45709.519868028903147, -11787.359173304226715 ], [ 45536.176687898550881, -11632.931085028700181 ], [ 45209.519868028903147, -11482.365869243061752 ], [ 44709.519868028903147, -11300.44684001886344 ], [ 44403.70625201392977, -11132.931085028700181 ], [ 44243.744317675358616, -10632.931085028700181 ], [ 44260.620936279403395, -10132.931085028700181 ], [ 44209.519868028903147, -10030.911728821578436 ], [ 43709.519868028903147, -10075.805737541304552 ], [ 43449.247620784444734, -10132.931085028700181 ], [ 43209.519868028903147, -10214.35165435221279 ], [ 42709.519868028903147, -10252.520574572234182 ], [ 42209.519868028903147, -10354.103830194086186 ], [ 41803.137792952766176, -10632.931085028700181 ], [ 41709.519868028903147, -10701.481066272535827 ], [ 41209.519868028903147, -11097.872470405491185 ], [ 41102.813117063051322, -11132.931085028700181 ], [ 40709.519868028903147, -11372.782256388149108 ], [ 40209.519868028903147, -11285.766072298181825 ], [ 39929.204302506594104, -11132.931085028700181 ], [ 39709.519868028903147, -10871.321042328781914 ], [ 39396.234797631841502, -11132.931085028700181 ], [ 39500.390864552988205, -11632.931085028700181 ], [ 39606.74610071798088, -12132.931085028700181 ], [ 39209.519868028903147, -12473.010625888739014 ], [ 38709.519868028903147, -12566.64758215432812 ], [ 38209.519868028903147, -12546.787633897023625 ], [ 38162.104748096026015, -12132.931085028700181 ], [ 38170.158882445466588, -11632.931085028700181 ], [ 37735.12622568225197, -11132.931085028700181 ], [ 37709.519868028903147, -11105.640439984708792 ], [ 37681.480232745147077, -11132.931085028700181 ], [ 37209.519868028903147, -11451.155591792805353 ], [ 37150.294160519493744, -11632.931085028700181 ], [ 36709.519868028903147, -12108.219484137589461 ], [ 36689.264435252916883, -12132.931085028700181 ], [ 36209.519868028903147, -12489.266540613985853 ], [ 35857.350489398741047, -12632.931085028700181 ], [ 35709.519868028903147, -12822.308227741872543 ], [ 35608.997706908223336, -13132.931085028700181 ], [ 35709.519868028903147, -13408.065170942107216 ], [ 35900.419251725208596, -13632.931085028700181 ], [ 36209.519868028903147, -13801.398880471868324 ], [ 36709.519868028903147, -13813.836246096398099 ], [ 37140.317382429959252, -14132.931085028700181 ], [ 37209.519868028903147, -14311.874918838977464 ], [ 37283.058972570230253, -14632.931085028700181 ], [ 37246.787327429046854, -15132.931085028700181 ], [ 37209.519868028903147, -15210.855638397290022 ], [ 37001.884258740959922, -15632.931085028700181 ], [ 36709.519868028903147, -15941.389186420623446 ], [ 36300.874097504332894, -16132.931085028700181 ], [ 36209.519868028903147, -16182.246711421932559 ], [ 35822.743114861208596, -16132.931085028700181 ] ] ] } },
{ "type": "Feature", "properties": { "center_id": "T01N028", "tree_id": "T01", "parent_id": "", "child_ids": "T01N027;T01N004", "level": 10, "type": "composite", "main": 0, "contour_v": 34.0, "peak_ntl": 196.50517829188993, "area_km2": 734.77162152157575, "min_ntl": 15.555025100708008, "max_ntl": 249.91119384765625, "tntl": 139260.53995513916, "avg_ntl": 47.432064017417972, "std_ntl": 16.560997383425274, "perim_km": 252.50446567494612, "orient_deg": 9.3174291719246121, "compact": 0.14481852242376025, "elongated": 1.2949167845385372, "ulig": 0.012732119533790604, "n_children": 2 }, "geometry": { "type": "Polygon", "coordinates": [ [ [ 35709.519868028903147, -16320.084910867182771 ], [ 35378.326365029832232, -16132.931085028700181 ], [ 35209.519868028903147, -16022.011921003169846 ], [ 34709.519868028903147, -15703.213563983998029 ], [ 34627.10430666708271, -15632.931085028700181 ], [ 34209.519868028903147, -15285.513055215982604 ], [ 34072.147627300175373, -15132.931085028700181 ], [ 33709.519868028903147, -14673.550344834031421 ], [ 33684.021385397703853, -14632.931085028700181 ], [ 33428.812485589762218, -14132.931085028700181 ], [ 33209.519868028903147, -13695.565323609422194 ], [ 33165.250047469729907, -13632.931085028700181 ], [ 32829.899734916863963, -13132.931085028700181 ], [ 32709.519868028906785, -12924.59355554333888 ], [ 32209.519868028906785, -12650.073931984428782 ], [ 31709.519868028906785, -12749.225170916179195 ], [ 31209.519868028906785, -12997.679771242619609 ], [ 30709.519868028906785, -12935.134939953291905 ], [ 30468.25631540816903, -12632.931085028700181 ], [ 30327.498941908062989, -12132.931085028700181 ], [ 30709.519868028906785, -11675.345369364047656 ], [ 30740.595986084426841, -11632.931085028700181 ], [ 30951.800089450251107, -11132.931085028700181 ], [ 30809.306144704114558, -10632.931085028700181 ], [ 30709.519868028906785, -10546.211587127589155 ], [ 30209.519868028906785, -10329.056622594987857 ], [ 29914.739491122101754, -10132.931085028700181 ], [ 29808.099406201024976, -9632.931085028700181 ], [ 29859.091280323660612, -9132.931085028700181 ], [ 29709.519868028906785, -8766.345007852971321 ], [ 29639.059692788014218, -8632.931085028700181 ], [ 29267.36921782713398, -8132.931085028700181 ], [ 29209.519868028906785, -8102.673105884357938 ], [ 28709.519868028906785, -7979.321342417955748 ], [ 28246.393586277397844, -8132.931085028700181 ], [ 28209.519868028906785, -8156.607556361341267 ], [ 27709.519868028906785, -8516.080818385424209 ], [ 27433.921628415297164, -8632.931085028700181 ], [ 27209.519868028906785, -8700.763591452938272 ], [ 26709.519868028906785, -8992.359837905285531 ], [ 26545.338799201326765, -9132.931085028700181 ], [ 26209.519868028906785, -9377.954297018048237 ], [ 25709.519868028906785, -9473.583791639452102 ], [ 25209.519868028906785, -9509.512168559318525 ], [ 24709.519868028906785, -9384.744284027634421 ], [ 24591.005794557680929, -9132.931085028700181 ], [ 24555.626542038782645, -8632.931085028700181 ], [ 24709.519868028906785, -8376.041450981196249 ], [ 24840.655617931883171, -8132.931085028700181 ], [ 25193.655216700735764, -7632.931085028700181 ], [ 25209.519868028906785, -7575.739789517887402 ], [ 25388.070999327745085, -7132.931085028700181 ], [ 25502.079708237844898, -6632.931085028700181 ], [ 25709.519868028906785, -6520.586559341914835 ], [ 26209.519868028906785, -6287.46896748515428 ], [ 26451.81574797164285, -6132.931085028700181 ], [ 26709.519868028906785, -5895.196616629356868 ], [ 26858.711282818378095, -5632.931085028700181 ], [ 26897.644075882632023, -5132.931085028700181 ], [ 26709.519868028906785, -4929.597770263513667 ], [ 26209.519868028906785, -4684.537538278760621 ], [ 26169.530444589447143, -4632.931085028700181 ], [ 26116.268768119498418, -4132.931085028700181 ], [ 26209.519868028906785, -3797.693942298166803 ], [ 26300.646026677521149, -3632.931085028700181 ], [ 26560.707501816108561, -3132.931085028700181 ], [ 26709.519868028906785, -3023.888965894380817 ], [ 26873.355173522362747, -3132.931085028700181 ], [ 27209.519868028906785, -3376.44648147810949 ], [ 27709.519868028906785, -3593.447570445001475 ], [ 28209.519868028906785, -3218.238048999031889 ], [ 28256.277993181236525, -3132.931085028700181 ], [ 28709.519868028906785, -2659.952103718635044 ], [ 28761.361374050244194, -2632.931085028700181 ], [ 29209.519868028906785, -2314.876885991718154 ], [ 29709.519868028906785, -2215.944842978613451 ], [ 30031.246685073307162, -2132.931085028700181 ], [ 29709.519868028906785, -1984.254545040006633 ], [ 29209.519868028906785, -1667.41372406204755 ], [ 29190.417319977252191, -1632.931085028700181 ], [ 28709.519868028906785, -1366.817731047907728 ], [ 28398.41879206763042, -1132.931085028700181 ], [ 28209.519868028906785, -901.260684843349736 ], [ 28063.393149788706069, -632.931085028700181 ], [ 28209.519868028906785, -248.693762311668252 ], [ 28709.519868028906785, -160.340970855628257 ], [ 29209.519868028906785, -260.293221008745604 ], [ 29709.519868028906785, -208.028788322684704 ], [ 30007.333884502742876, -132.931085028700181 ], [ 30209.519868028906785, -76.153737603148329 ], [ 30472.432602434138971, -132.931085028700181 ], [ 30709.519868028906785, -192.468742459823261 ], [ 31101.397241719769227, -632.931085028700181 ], [ 31083.195492485221621, -1132.931085028700181 ], [ 30862.474942108641699, -1632.931085028700181 ], [ 31209.519868028906785, -1897.430384522100212 ], [ 31709.519868028906785, -1941.939733287217678 ], [ 32087.339698327810765, -1632.931085028700181 ], [ 32209.519868028906785, -1490.755635049077682 ], [ 32432.522751946318749, -1132.931085028700181 ], [ 32709.519868028906785, -849.142792855127482 ], [ 32988.339371359077631, -632.931085028700181 ], [ 33202.748881599123706, -132.931085028700181 ], [ 33030.968306862589088, 367.068914971299819 ], [ 32709.519868028906785, 508.137093570971047 ], [ 32209.519868028906785, 572.069191719201626 ], [ 31709.519868028906785, 688.855902575480286 ], [ 31371.038880679774593, 867.068914971299819 ], [ 31209.519868028906785, 992.125395810973714 ], [ 30778.524983495950437, 1367.068914971299819 ], [ 30709.519868028906785, 1405.438995292279287 ], [ 30209.519868028906785, 1646.579928678402212 ], [ 29720.379761616266478, 1867.068914971299819 ], [ 29709.519868028906785, 1872.312820861363434 ], [ 29209.519868028906785, 2266.996291854229639 ], [ 29019.411005328936881, 2367.068914971299819 ], [ 28957.407217065188888, 2867.068914971299819 ], [ 28835.688210061180143, 3367.068914971299819 ], [ 28709.519868028906785, 3695.048752453527413 ], [ 28653.518504110816139, 3867.068914971299819 ], [ 28658.252118975698977, 4367.068914971299819 ], [ 28638.848777306851844, 4867.068914971299819 ], [ 28209.519868028906785, 5249.222686628912925 ], [ 27971.264645475192083, 5367.068914971299819 ], [ 27709.519868028906785, 5715.159344899875578 ], [ 27652.128409891742194, 5867.068914971299819 ], [ 27709.519868028906785, 5955.42216277999978 ], [ 28118.288142253109982, 6367.068914971299819 ], [ 28209.519868028906785, 6454.687059390285867 ], [ 28533.525097498666582, 6867.068914971299819 ], [ 28564.391407545273978, 7367.068914971299819 ], [ 28709.519868028906785, 7549.227370635882835 ], [ 29062.028922973844601, 7867.068914971299819 ], [ 29209.519868028906785, 7943.483403260237537 ], [ 29709.519868028906785, 7980.643381038316875 ], [ 29967.295630343749508, 7867.068914971299819 ], [ 30209.519868028906785, 7736.421202390556573 ], [ 30491.674489693799842, 7367.068914971299819 ], [ 30672.665547598717239, 6867.068914971299819 ], [ 30709.519868028906785, 6740.927077873013332 ], [ 30891.870227864168555, 6367.068914971299819 ], [ 31209.519868028906785, 6101.600400912255282 ], [ 31680.312358800616494, 5867.068914971299819 ], [ 31709.519868028906785, 5857.195552498975303 ], [ 32209.519868028906785, 5809.581807757567731 ], [ 32709.519868028906785, 5730.18154976319056 ], [ 33209.519868028903147, 5510.445291417796398 ], [ 33401.32370702305343, 5367.068914971299819 ], [ 33709.519868028903147, 5089.174364588994649 ], [ 33974.129560730885714, 4867.068914971299819 ], [ 34209.519868028903147, 4682.681933341838885 ], [ 34709.519868028903147, 4431.367804085472017 ], [ 34897.059635431083734, 4367.068914971299819 ], [ 35209.519868028903147, 3987.776410649486934 ], [ 35307.546143009269144, 3867.068914971299819 ], [ 35304.09785457518592, 3367.068914971299819 ], [ 35709.519868028903147, 3101.092691246245522 ], [ 36209.519868028903147, 3076.630247673077974 ], [ 36628.423807210594532, 3367.068914971299819 ], [ 36709.519868028903147, 3479.44149006070802 ], [ 36899.597134340685443, 3867.068914971299819 ], [ 36997.820068514047307, 4367.068914971299819 ], [ 37206.366241495168651, 4867.068914971299819 ], [ 37209.519868028903147, 4874.818378653537366 ], [ 37709.519868028903147, 5292.373826818264206 ], [ 38209.519868028903147, 5228.162750560222776 ], [ 38474.622272500753752, 5367.068914971299819 ], [ 38709.519868028903147, 5484.203777668764815 ], [ 39086.022085785429226, 5867.068914971299819 ], [ 39209.519868028903147, 5964.683349742699647 ], [ 39709.519868028903147, 6029.186407724497258 ], [ 40174.0824467123457, 5867.068914971299819 ], [ 40209.519868028903147, 5850.510367407550802 ], [ 40709.519868028903147, 5529.797872375915176 ], [ 41209.519868028903147, 5538.29946085177653 ], [ 41393.654283156094607, 5867.068914971299819 ], [ 41709.519868028903147, 6234.38629310419492 ], [ 41811.374656756874174, 6367.068914971299819 ], [ 42113.4212990746164, 6867.068914971299819 ], [ 42209.519868028903147, 7140.694030212296639 ], [ 42709.519868028903147, 7165.881383574465872 ], [ 43174.421843640506268, 6867.068914971299819 ], [ 43209.519868028903147, 6856.704489091745927 ], [ 43709.519868028903147, 6849.808082992152777 ], [ 43757.819833243935136, 6867.068914971299819 ], [ 44209.519868028903147, 7290.507158852895373 ], [ 44307.056093698061886, 7367.068914971299819 ], [ 44464.043110039652674, 7867.068914971299819 ], [ 44349.156993686614442, 8367.068914971299819 ], [ 44709.519868028903147, 8564.352295626915293 ], [ 45209.519868028903147, 8369.161578897052095 ], [ 45220.268474592667189, 8367.068914971299819 ], [ 45709.519868028903147, 8188.011471754391096 ], [ 46209.519868028903147, 8062.045686151555856 ], [ 46400.133910770789953, 7867.068914971299819 ], [ 46709.519868028903147, 7701.871354644041276 ], [ 47084.082293629588094, 7867.068914971299819 ], [ 47209.519868028903147, 7968.030192144535249 ], [ 47314.54447281024477, 8367.068914971299819 ], [ 47301.20002481964184, 8867.068914971299819 ], [ 47209.519868028903147, 9000.20948900852818 ], [ 46709.519868028903147, 9265.092508892892511 ], [ 46618.720291811332572, 9367.068914971299819 ], [ 46461.203470320659108, 9867.068914971299819 ], [ 46593.969010930886725, 10367.068914971299819 ], [ 46705.053671309316996, 10867.068914971299819 ], [ 46441.364002938149497, 11367.068914971299819 ], [ 46209.519868028903147, 11659.850174088162021 ], [ 46053.385854041451239, 11867.068914971299819 ], [ 45797.341704717298853, 12367.068914971299819 ], [ 45720.049158990412252, 12867.068914971299819 ], [ 45709.519868028903147, 12969.969156201361329 ], [ 45602.858055559030618, 13367.068914971299819 ], [ 45645.72746744682081, 13867.068914971299819 ], [ 45709.519868028903147, 13964.965446394999162 ], [ 45834.107520894380286, 14367.068914971299819 ], [ 45900.767716336544254, 14867.068914971299819 ], [ 45768.029351528995903, 15367.068914971299819 ], [ 45709.519868028903147, 15507.641625924050459 ], [ 45522.773583256275742, 15867.068914971299819 ], [ 45209.519868028903147, 16226.316193854872836 ], [ 44709.519868028903147, 16259.990539415070089 ], [ 44396.533344322015182, 15867.068914971299819 ], [ 44209.519868028903147, 15519.342896973299503 ], [ 44133.128042496435228, 15367.068914971299819 ], [ 43709.519868028903147, 14899.323887241116608 ], [ 43661.559715903538745, 14867.068914971299819 ], [ 43209.519868028903147, 14521.201969829926384 ], [ 43052.059487689344678, 14367.068914971299819 ], [ 43147.561137451441027, 13867.068914971299819 ], [ 43209.519868028903147, 13800.083974504537764 ], [ 43550.135346071474487, 13367.068914971299819 ], [ 43709.519868028903147, 12995.622196307696868 ], [ 43771.208197866770206, 12867.068914971299819 ], [ 43709.519868028903147, 12545.3185292876733 ], [ 43644.277520587143954, 12367.068914971299819 ], [ 43209.519868028903147, 12098.707876379892696 ], [ 42709.519868028903147, 12169.145204002823448 ], [ 42209.519868028903147, 12354.104709704741254 ], [ 41709.519868028903147, 12090.416557046220987 ], [ 41548.829452591540758, 11867.068914971299819 ], [ 41335.383781441982137, 11367.068914971299819 ], [ 41310.54120715620229, 10867.068914971299819 ], [ 41667.179290832966217, 10367.068914971299819 ], [ 41709.519868028903147, 10327.957653484729235 ], [ 42084.803190347491181, 9867.068914971299819 ], [ 42209.519868028903147, 9659.008182219782611 ], [ 42371.588107019066229, 9367.068914971299819 ], [ 42462.18708635654184, 8867.068914971299819 ], [ 42382.694941730762366, 8367.068914971299819 ], [ 42209.519868028903147, 8048.226728764595464 ], [ 41882.689951954336721, 8367.068914971299819 ], [ 41709.519868028903147, 8442.216873570228927 ], [ 41209.519868028903147, 8860.236153127494617 ], [ 41196.46506408690766, 8867.068914971299819 ], [ 40709.519868028903147, 9114.706140254202182 ], [ 40209.519868028903147, 9314.428596118639689 ], [ 40156.019007557828445, 9367.068914971299819 ], [ 39849.475193651189329, 9867.068914971299819 ], [ 39769.892235027946299, 10367.068914971299819 ], [ 39709.519868028903147, 10517.657763093055109 ], [ 39528.13375335240562, 10867.068914971299819 ], [ 39209.519868028903147, 11071.777303028866299 ], [ 38820.395122020650888, 11367.068914971299819 ], [ 38824.406151431321632, 11867.068914971299819 ], [ 39209.519868028903147, 12164.73995328595629 ], [ 39709.519868028903147, 12129.764211885951227 ], [ 40209.519868028903147, 12015.920005581981968 ], [ 40709.519868028903147, 12334.686105548928026 ], [ 40737.32307084480999, 12367.068914971299819 ], [ 41011.980435375022353, 12867.068914971299819 ], [ 41209.519868028903147, 13335.562439592409646 ], [ 41235.738526707369601, 13367.068914971299819 ], [ 41567.133239222879638, 13867.068914971299819 ], [ 41447.888546096204664, 14367.068914971299819 ], [ 41209.519868028903147, 14682.417191179454676 ], [ 41141.693889286209014, 14867.068914971299819 ], [ 41201.150495733207208, 15367.068914971299819 ], [ 41209.519868028903147, 15378.590567691564502 ], [ 41620.256839885027148, 15867.068914971299819 ], [ 41709.519868028903147, 16187.747951064848166 ], [ 41765.108942568229395, 16367.068914971299819 ], [ 41793.544132030583569, 16867.068914971299819 ], [ 42209.519868028903147, 17346.443969577863754 ], [ 42234.694626144468202, 17367.068914971299819 ], [ 42709.519868028903147, 17580.059304531860107 ], [ 43209.519868028903147, 17751.45270556651667 ], [ 43607.678816124011064, 17867.068914971299819 ], [ 43709.519868028903147, 17888.64217596535309 ], [ 44209.519868028903147, 18182.863292503447155 ], [ 44505.294931905416888, 18367.068914971299819 ], [ 44709.519868028903147, 18529.827659429705818 ], [ 45209.519868028903147, 18396.196543457146618 ], [ 45243.227780904722749, 18367.068914971299819 ], [ 45709.519868028903147, 18088.66170838396647 ], [ 45941.886058778502047, 17867.068914971299819 ], [ 46188.247436665114947, 17367.068914971299819 ], [ 46209.519868028903147, 17295.415083125677484 ], [ 46356.287506060616579, 16867.068914971299819 ], [ 46709.519868028903147, 16408.636388040707971 ], [ 46740.896499302805751, 16367.068914971299819 ], [ 47058.289249827488675, 15867.068914971299819 ], [ 47209.519868028903147, 15654.894203831732739 ], [ 47326.00381098165235, 15367.068914971299819 ], [ 47540.471965872580768, 14867.068914971299819 ], [ 47655.306423179135891, 14367.068914971299819 ], [ 47709.519868028903147, 14185.643762730556773 ], [ 47786.353040689369664, 13867.068914971299819 ], [ 47951.356497814005706, 13367.068914971299819 ], [ 48110.226333393628011, 12867.068914971299819 ], [ 48209.519868028903147, 12722.901436683692737 ], [ 48616.018942502763821, 12367.068914971299819 ], [ 48709.519868028903147, 12310.66782979866548 ], [ 49209.519868028903147, 12016.317544145465945 ], [ 49444.701524576084921, 11867.068914971299819 ], [ 49709.519868028903147, 11595.833298354002181 ], [ 50116.336786205836688, 11367.068914971299819 ], [ 50209.519868028903147, 11246.789687350916211 ], [ 50315.145966542957467, 11367.068914971299819 ], [ 50364.55476976603677, 11867.068914971299819 ], [ 50287.507442786009051, 12367.068914971299819 ], [ 50289.73054661443166, 12867.068914971299819 ], [ 50536.707728387293173, 13367.068914971299819 ], [ 50709.519868028903147, 13525.76314204922528 ], [ 51209.519868028903147, 13606.170298328448553 ], [ 51709.519868028903147, 13558.08187753787206 ], [ 52209.519868028903147, 13575.795409426660626 ], [ 52709.519868028903147, 13672.180715311857057 ], [ 52885.298524291152717, 13867.068914971299819 ], [ 53200.805304652574705, 14367.068914971299819 ], [ 53209.519868028903147, 14375.783305655611912 ], [ 53236.568822814253508, 14398.972450329200001 ], [ 53360.45145847366075, 14384.135949753983368 ], [ 53426.466124749989831, 14561.771938984369626 ], [ 53521.569129699244513, 14643.30401141238508 ], [ 53940.031828167455387, 14509.070984775082252 ], [ 53436.262143036481575, 14439.964580728310466 ], [ 53674.843594083409698, 14285.93951625020236 ], [ 53675.749993862111296, 14108.525578244329154 ], [ 53751.050445595705241, 14264.151806246165506 ], [ 54151.055912160460139, 14166.407958484307528 ], [ 54044.829142346410663, 14476.343570802298927 ], [ 54358.995536852518853, 14422.521087289764182 ], [ 54416.868900763183774, 14267.579363725151779 ], [ 54255.05562834412558, 14288.919815250301326 ], [ 54227.321865519923449, 14133.535338241574209 ], [ 54390.113318376177631, 13923.692256881819048 ], [ 54580.353349478406017, 13924.678824910228286 ], [ 54759.636502160166856, 14202.828344524697968 ], [ 56905.784253581106896, 13105.366451271263941 ], [ 57011.266711664829927, 12950.696953584190851 ], [ 56802.462817688239738, 12860.856795386074737 ], [ 56910.288233815204876, 12273.741339239135414 ], [ 57357.906683228007751, 12187.465864478830554 ], [ 57385.478524956321053, 12365.034922505568829 ], [ 57594.591275040300388, 12399.444979352248993 ], [ 57891.888488303200575, 11968.620972585606069 ], [ 58711.249763539490232, 11762.482342778281236 ], [ 58551.427629348589107, 11417.842302885344907 ], [ 58628.531552775755699, 11240.853730850240026 ], [ 59131.922835407080129, 11398.915311557759196 ], [ 59770.830496365291765, 11147.490603434707737 ], [ 59952.997898569861718, 10904.577806292107198 ], [ 59849.409269895404577, 10715.480265598884216 ], [ 59878.964789462952467, 10538.230196561600678 ], [ 60142.911859388455923, 10972.194864971201241 ], [ 60456.768504652973206, 10996.173010063474067 ], [ 60564.944057789565704, 10386.919771370892704 ], [ 60888.139770577850868, 10444.230474605241398 ], [ 63457.353152084193425, 8862.661923556916008 ], [ 63668.598475293707452, 8553.457146041713713 ], [ 63777.7238382802243, 7822.268232266654195 ], [ 64100.98163055270561, 7879.677561293343388 ], [ 64521.043453389771457, 7671.563135200886791 ], [ 65352.418190915617743, 6710.369156334718355 ], [ 65209.519868028903147, 6589.688747884894838 ], [ 64709.519868028903147, 6485.404618212895002 ], [ 64209.519868028903147, 6469.78538247437973 ], [ 63709.519868028903147, 6503.092740759428125 ], [ 63209.519868028903147, 6623.853526754552149 ], [ 62725.027301108144457, 6867.068914971299819 ], [ 62709.519868028903147, 6874.353357523301383 ], [ 62209.519868028903147, 6998.651478034968022 ], [ 61709.519868028903147, 7120.915064209853881 ], [ 61426.094564913335489, 7367.068914971299819 ], [ 61209.519868028903147, 7501.257083755728672 ], [ 60850.651607116218656, 7867.068914971299819 ], [ 60709.519868028903147, 8008.9131904716196 ], [ 60209.519868028903147, 8306.698412999801803 ], [ 59709.519868028903147, 7979.603526351231267 ], [ 59659.958932213310618, 7867.068914971299819 ], [ 59655.056236211981741, 7367.068914971299819 ], [ 59709.519868028903147, 7227.08940970164258 ], [ 59897.34054807627399, 6867.068914971299819 ], [ 60209.519868028903147, 6458.603842545213411 ], [ 60377.657276508121868, 6367.068914971299819 ], [ 60709.519868028903147, 6067.445478216424817 ], [ 60945.13708693125227, 5867.068914971299819 ], [ 60889.541617015143856, 5367.068914971299819 ], [ 60709.519868028903147, 5006.135388556489488 ], [ 60541.314062820587424, 4867.068914971299819 ], [ 60481.594044513549306, 4367.068914971299819 ], [ 60709.519868028903147, 3895.306592646826175 ], [ 60725.320929420049652, 3867.068914971299819 ], [ 60967.392821939472924, 3367.068914971299819 ], [ 60914.961841153155547, 2867.068914971299819 ], [ 60871.640452027582796, 2367.068914971299819 ], [ 60935.163807476099464, 1867.068914971299819 ], [ 60805.312216569451266, 1367.068914971299819 ], [ 60709.519868028903147, 1217.59225115623849 ], [ 60470.637030397469061, 867.068914971299819 ], [ 60209.519868028903147, 517.066643225887674 ], [ 60122.205381619205582, 367.068914971299819 ], [ 60053.170746238276479, -132.931085028700181 ], [ 60053.661550815726514, -632.931085028700181 ], [ 59709.519868028903147, -985.500562342131161 ], [ 59209.519868028903147, -951.049844789886265 ], [ 58709.519868028903147, -902.006229359118151 ], [ 58209.519868028903147, -948.680228048906429 ], [ 57709.519868028903147, -1112.661572567056282 ], [ 57660.868034560669912, -1132.931085028700181 ], [ 57209.519868028903147, -1393.563601128800656 ], [ 56709.519868028903147, -1401.120105444410001 ], [ 56209.519868028903147, -1296.236046696256381 ], [ 55709.519868028903147, -1295.987298904059571 ], [ 55209.519868028903147, -1490.240419245121302 ], [ 55011.159477029272239, -1632.931085028700181 ], [ 54709.519868028903147, -1871.846462128640269 ], [ 54503.477161536531639, -2132.931085028700181 ], [ 54448.851528260682244, -2632.931085028700181 ], [ 54709.519868028903147, -2876.045167906573624 ], [ 55005.270380347923492, -3132.931085028700181 ], [ 55209.519868028903147, -3286.094970734266099 ], [ 55709.519868028903147, -3218.852139188311412 ], [ 55833.942558731461759, -3132.931085028700181 ], [ 56209.519868028903147, -2914.386583936066017 ], [ 56709.519868028903147, -2654.753717799932929 ], [ 56813.472969931652187, -2632.931085028700181 ], [ 57209.519868028903147, -2525.769393539783778 ], [ 57493.577246053377166, -2632.931085028700181 ], [ 57709.519868028903147, -2732.908897682398674 ], [ 58209.519868028903147, -2959.080326400362537 ], [ 58709.519868028903147, -2855.24906864312652 ], [ 58918.444550114640151, -2632.931085028700181 ], [ 59209.519868028903147, -2375.378932022082154 ], [ 59577.2531321139395, -2132.931085028700181 ], [ 59709.519868028903147, -2011.595531620230759 ], [ 60209.519868028903147, -2038.108802506190841 ], [ 60475.09537211395218, -2132.931085028700181 ], [ 60709.519868028903147, -2245.527542705065571 ], [ 61209.519868028903147, -2550.738622159915394 ], [ 61328.595276669482701, -2632.931085028700181 ], [ 61709.519868028903147, -2729.568684966114233 ], [ 62209.519868028903147, -2995.346167079769657 ], [ 62377.865241655294085, -3132.931085028700181 ], [ 62709.519868028903147, -3421.240147181466455 ], [ 62948.704632236374891, -3632.931085028700181 ], [ 63143.269605603578384, -4132.931085028700181 ], [ 63148.053409142987221, -4632.931085028700181 ], [ 63209.519868028903147, -4812.887764775165124 ], [ 63709.519868028903147, -4892.912371861981228 ], [ 64012.965673263533972, -4632.931085028700181 ], [ 64187.151628943582182, -4132.931085028700181 ], [ 63857.657069294291432, -3632.931085028700181 ], [ 63709.519868028903147, -3478.230850557622034 ], [ 63418.163644766551442, -3132.931085028700181 ], [ 63209.519868028903147, -2767.798763157843496 ], [ 63126.207132397656096, -2632.931085028700181 ], [ 62938.507563452614704, -2132.931085028700181 ], [ 62863.147907844206202, -1632.931085028700181 ], [ 62834.271567378076725, -1132.931085028700181 ], [ 62815.234876426213305, -632.931085028700181 ], [ 62844.129989475477487, -132.931085028700181 ], [ 62991.007635186469997, 367.068914971299819 ], [ 63209.519868028903147, 643.399725393668632 ], [ 63597.086424663197249, 867.068914971299819 ], [ 63709.519868028903147, 914.654735301228357 ], [ 64209.519868028903147, 1027.527636633138172 ], [ 64610.161152430344373, 867.068914971299819 ], [ 64709.519868028903147, 807.114790579202236 ], [ 64978.517875182849821, 367.068914971299819 ], [ 65193.883188210544176, -132.931085028700181 ], [ 65209.519868028903147, -171.522794840973802 ], [ 65532.211464424210135, -632.931085028700181 ], [ 65474.829677988716867, -1132.931085028700181 ], [ 65209.519868028903147, -1539.807277169253211 ], [ 65165.407820472188178, -1632.931085028700181 ], [ 65209.519868028903147, -1883.573834738766891 ], [ 65258.190222551900661, -2132.931085028700181 ], [ 65666.878509531888994, -2632.931085028700181 ], [ 65709.519868028903147, -2706.108644935346092 ], [ 65950.492217374630854, -3132.931085028700181 ], [ 66113.147303874255158, -3632.931085028700181 ], [ 66209.519868028903147, -3786.709450303955236 ], [ 66413.854269708870561, -4132.931085028700181 ], [ 66709.519868028903147, -4467.269255549035734 ], [ 66929.744310803114786, -4632.931085028700181 ], [ 67167.064298661134671, -5132.931085028700181 ], [ 67100.870634627091931, -5632.931085028700181 ], [ 67090.471863429993391, -6132.931085028700181 ], [ 67124.311680980361416, -6632.931085028700181 ], [ 67110.429118027124787, -7132.931085028700181 ], [ 67043.910007306418265, -7632.931085028700181 ], [ 66745.913242778624408, -8132.931085028700181 ], [ 66709.519868028903147, -8161.747727832684177 ], [ 66209.519868028903147, -8419.512468288376112 ], [ 65924.209776011921349, -8632.931085028700181 ], [ 65709.519868028903147, -8804.757610288084834 ], [ 65209.519868028903147, -8720.301807967334753 ], [ 65151.623565084330039, -8632.931085028700181 ], [ 64888.966959018041962, -8132.931085028700181 ], [ 64709.519868028903147, -7769.862183628487401 ], [ 64660.605791006848449, -7632.931085028700181 ], [ 64513.44880808700691, -7132.931085028700181 ], [ 64354.577435323924874, -6632.931085028700181 ], [ 64209.519868028903147, -6394.400151652851491 ], [ 63947.447137564144214, -6132.931085028700181 ], [ 63709.519868028903147, -5858.133549252335797 ], [ 63209.519868028903147, -5684.678187117446214 ], [ 62709.519868028903147, -5686.266138764331117 ], [ 62209.519868028903147, -5882.251282960467506 ], [ 62114.251344548509223, -6132.931085028700181 ], [ 61709.519868028903147, -6555.829565529173124 ], [ 61659.412074083389598, -6632.931085028700181 ], [ 61209.519868028903147, -7006.455045966999023 ], [ 61044.813818092050496, -7132.931085028700181 ], [ 60709.519868028903147, -7375.637792691748473 ], [ 60209.519868028903147, -7607.204942763171857 ], [ 60154.60217171612021, -7632.931085028700181 ], [ 59709.519868028903147, -7834.029225813632365 ], [ 59209.519868028903147, -7917.337943541409913 ], [ 58709.519868028903147, -7969.330138177188928 ], [ 58375.532316488592187, -8132.931085028700181 ], [ 58209.519868028903147, -8293.783090664961492 ], [ 57986.756537477034726, -8632.931085028700181 ], [ 57837.332683340617223, -9132.931085028700181 ], [ 57739.609841599551146, -9632.931085028700181 ], [ 57709.519868028903147, -9727.173468730863533 ], [ 57209.519868028903147, -10056.830041911147418 ], [ 56775.613827007837244, -10132.931085028700181 ], [ 56709.519868028903147, -10140.24720390290895 ], [ 56209.519868028903147, -10181.042289928212995 ], [ 56000.729806160408771, -10132.931085028700181 ], [ 55709.519868028903147, -10056.236697899264982 ], [ 55209.519868028903147, -9901.661608454407542 ], [ 54846.773588651558384, -10132.931085028700181 ], [ 54898.219266480402439, -10632.931085028700181 ], [ 54709.519868028903147, -10809.449952842027415 ], [ 54346.627153164532501, -11132.931085028700181 ], [ 54209.519868028903147, -11243.056114950100891 ], [ 53709.519868028903147, -11502.793944101780653 ], [ 53209.519868028903147, -11605.338571484637214 ], [ 52931.161277903243899, -11632.931085028700181 ], [ 52709.519868028903147, -11713.299933439062443 ], [ 52649.479495137391496, -11632.931085028700181 ], [ 52209.519868028903147, -11414.244708795507904 ], [ 51709.519868028903147, -11150.228917702581384 ], [ 51209.519868028903147, -11257.94751005161379 ], [ 50800.861780111648841, -11632.931085028700181 ], [ 50709.519868028903147, -11702.160210960180848 ], [ 50209.519868028903147, -11940.076594997226493 ], [ 49709.519868028903147, -12059.485789692233084 ], [ 49515.869262919004541, -12132.931085028700181 ], [ 49209.519868028903147, -12261.958780968750943 ], [ 48709.519868028903147, -12626.920993193998584 ], [ 48703.641642434100504, -12632.931085028700181 ], [ 48709.519868028903147, -12646.766036269342294 ], [ 48800.800014973778161, -13132.931085028700181 ], [ 48905.808964279902284, -13632.931085028700181 ], [ 48720.0933277522563, -14132.931085028700181 ], [ 48709.519868028903147, -14146.771239875160973 ], [ 48209.519868028903147, -14381.328031021359493 ], [ 47709.519868028903147, -14289.878957720124163 ], [ 47413.52131557019311, -14132.931085028700181 ], [ 47209.519868028903147, -13928.124464881577296 ], [ 47057.474040602348396, -13632.931085028700181 ], [ 46936.396379275887739, -13132.931085028700181 ], [ 46709.519868028903147, -12789.00161688105436 ], [ 46506.407848287388333, -12632.931085028700181 ], [ 46209.519868028903147, -12400.819214272924 ], [ 46021.268483063511667, -12132.931085028700181 ], [ 45709.519868028903147, -11900.824329856535769 ], [ 45408.813775552727748, -11632.931085028700181 ], [ 45209.519868028903147, -11541.070978746327455 ], [ 44709.519868028903147, -11378.254797179935849 ], [ 44261.661506816337351, -11132.931085028700181 ], [ 44209.519868028903147, -10949.142666317115072 ], [ 44089.367065689759329, -10632.931085028700181 ], [ 43709.519868028903147, -10217.777490146560012 ], [ 43209.519868028903147, -10363.686924891851959 ], [ 42709.519868028903147, -10411.812774327845545 ], [ 42209.519868028903147, -10487.529336569772568 ], [ 41997.601329816126963, -10632.931085028700181 ], [ 41709.519868028903147, -10843.873367911728565 ], [ 41322.184939175684121, -11132.931085028700181 ], [ 41209.519868028903147, -11271.329046145270695 ], [ 40709.519868028903147, -11531.686553778185043 ], [ 40209.519868028903147, -11501.227845501271077 ], [ 39815.781550019659335, -11632.931085028700181 ], [ 40085.777491883738548, -12132.931085028700181 ], [ 40209.519868028903147, -12450.111964277821244 ], [ 40289.387282377167139, -12632.931085028700181 ], [ 40364.27526220495929, -13132.931085028700181 ], [ 40709.519868028903147, -13555.604829070318374 ], [ 40746.731140478004818, -13632.931085028700181 ], [ 40709.519868028903147, -13751.131790654937504 ], [ 40449.006335518701235, -14132.931085028700181 ], [ 40209.519868028903147, -14221.105082614070852 ], [ 40120.73481900295883, -14132.931085028700181 ], [ 40036.995853776039439, -13632.931085028700181 ], [ 39996.591000055763288, -13132.931085028700181 ], [ 39709.519868028903147, -12973.742781690336415 ], [ 39209.519868028903147, -12785.058180733307381 ], [ 38709.519868028903147, -12847.267203192939633 ], [ 38209.519868028903147, -12960.254929063419695 ], [ 37764.416552752372809, -12632.931085028700181 ], [ 37760.145925087257638, -12132.931085028700181 ], [ 37709.519868028903147, -11888.90442359863664 ], [ 37209.519868028903147, -11870.595936977057136 ], [ 36982.177241277619032, -12132.931085028700181 ], [ 36709.519868028903147, -12319.361694672552403 ], [ 36209.519868028903147, -12601.758485491256579 ], [ 36133.105502507372876, -12632.931085028700181 ], [ 35740.070174059772398, -13132.931085028700181 ], [ 36166.05006930505624, -13632.931085028700181 ], [ 36209.519868028903147, -13656.623244710994186 ], [ 36709.519868028903147, -13649.823218180041295 ], [ 37209.519868028903147, -13836.808308200605097 ], [ 37332.327955400018254, -14132.931085028700181 ], [ 37414.207712222691043, -14632.931085028700181 ], [ 37381.124690188793465, -15132.931085028700181 ], [ 37209.519868028903147, -15491.748920694095432 ], [ 37140.066776298102923, -15632.931085028700181 ], [ 36709.519868028903147, -16087.178203022209345 ], [ 36611.90821304830024, -16132.931085028700181 ], [ 36209.519868028903147, -16350.151824581960682 ], [ 35709.519868028903147, -16320.084910867182771 ] ] ] } },
{ "type": "Feature", "properties": { "center_id": "T02N001", "tree_id": "T02", "parent_id": "T02N003", "child_ids": "", "level": 1, "type": "basic", "main": 0, "contour_v": 35.0, "peak_ntl": 50.798441438884197, "area_km2": 19.601451692808634, "min_ntl": 30.18281364440918, "max_ntl": 59.665912628173828, "tntl": 3248.5116519927979, "avg_ntl": 42.743574368326286, "std_ntl": 5.813474635771029, "perim_km": 26.928723788053933, "orient_deg": 20.523718255048667, "compact": 0.33967732536773143, "elongated": 1.9131378694787466, "ulig": 0.010381188961798946, "n_children": 0 }, "geometry": { "type": "Polygon", "coordinates": [ [ [ 17709.519868028906785, -26259.832503427649499 ], [ 17638.798084551479405, -26132.931085028700181 ], [ 17529.745908767679794, -25632.931085028700181 ], [ 17494.712687580034981, -25132.931085028700181 ], [ 17209.519868028906785, -24672.479242522182176 ], [ 17185.841616309076926, -24632.931085028700181 ], [ 16959.311929169049108, -24132.931085028700181 ], [ 16886.737061358591745, -23632.931085028700181 ], [ 16863.082380667310645, -23132.931085028700181 ], [ 16974.218221245882887, -22632.931085028700181 ], [ 17209.519868028906785, -22249.838345974523691 ], [ 17709.519868028906785, -22270.513708625134313 ], [ 18204.899767786828306, -22632.931085028700181 ], [ 18209.519868028906785, -22640.539640485600103 ], [ 18482.887569854869071, -23132.931085028700181 ], [ 18642.430470091425377, -23632.931085028700181 ], [ 18709.519868028906785, -23827.443130415500491 ], [ 19209.519868028906785, -23724.118892152546323 ], [ 19232.679616379606159, -23632.931085028700181 ], [ 19292.458796133254509, -23132.931085028700181 ], [ 19362.420094361088559, -22632.931085028700181 ], [ 19709.519868028906785, -22329.948490401977324 ], [ 20209.519868028906785, -22258.716816026222659 ], [ 20709.519868028906785, -22340.580912504068692 ], [ 21209.519868028906785, -22570.245644907103269 ], [ 21709.519868028906785, -22411.137855786131695 ], [ 21812.724358619034319, -22132.931085028700181 ], [ 21709.519868028906785, -21930.502582391578471 ], [ 21560.532656173181749, -21632.931085028700181 ], [ 21620.02372380509405, -21132.931085028700181 ], [ 21709.519868028906785, -21101.88352160328941 ], [ 22209.519868028906785, -20800.767566528957104 ], [ 22355.728449616388389, -20632.931085028700181 ], [ 22709.519868028906785, -20282.200508597277803 ], [ 22967.109404826751415, -20132.931085028700181 ], [ 23209.519868028906785, -20003.698855226830347 ], [ 23709.519868028906785, -20099.350070116764982 ], [ 23751.873527773535898, -20132.931085028700181 ], [ 24116.909176942539489, -20632.931085028700181 ], [ 24209.519868028906785, -20808.898389653739287 ], [ 24380.944111660832277, -21132.931085028700181 ], [ 24436.008040681157581, -21632.931085028700181 ], [ 24209.519868028906785, -22127.76937448127137 ], [ 24204.89521838269502, -22132.931085028700181 ], [ 23709.519868028906785, -22541.583925521088531 ], [ 23209.519868028906785, -22594.055778144989745 ], [ 23050.01625474222601, -22632.931085028700181 ], [ 22907.893341197017435, -23132.931085028700181 ], [ 22914.690331205685652, -23632.931085028700181 ], [ 22709.519868028906785, -23950.324769448692678 ], [ 22635.326182362590771, -24132.931085028700181 ], [ 22209.519868028906785, -24523.127209649202996 ], [ 22041.463453018735891, -24632.931085028700181 ], [ 21709.519868028906785, -24898.42430990927096 ], [ 21209.519868028906785, -25035.094630542094819 ], [ 20709.519868028906785, -24901.69799969936139 ], [ 20218.040931504492619, -24632.931085028700181 ], [ 20209.519868028906785, -24628.659128261322621 ], [ 19709.519868028906785, -24494.648556289990665 ], [ 19209.519868028906785, -24375.016547378254472 ], [ 18762.506033278576069, -24632.931085028700181 ], [ 18796.239566511158046, -25132.931085028700181 ], [ 19021.547590985512215, -25632.931085028700181 ], [ 18709.519868028906785, -26068.492398215807043 ], [ 18664.590760634073376, -26132.931085028700181 ], [ 18209.519868028906785, -26377.995186568223289 ], [ 17709.519868028906785, -26259.832503427649499 ] ] ] } },
{ "type": "Feature", "properties": { "center_id": "T02N002", "tree_id": "T02", "parent_id": "T02N003", "child_ids": "", "level": 1, "type": "basic", "main": 0, "contour_v": 35.0, "peak_ntl": 45.012742782934467, "area_km2": 13.471143524628637, "min_ntl": 33.722774505615234, "max_ntl": 55.277667999267578, "tntl": 2206.385368347168, "avg_ntl": 41.629912610323927, "std_ntl": 4.2331102023501819, "perim_km": 20.030478964017387, "orient_deg": 20.874872195214415, "compact": 0.4219215024170952, "elongated": 1.0419139671020132, "ulig": 0.0087403809148980018, "n_children": 0 }, "geometry": { "type": "Polygon", "coordinates": [ [ [ 27209.519868028906785, -26471.270203528634738 ], [ 26709.519868028906785, -26454.233750307714217 ], [ 26209.519868028906785, -26251.121550313473563 ], [ 25711.616018088996498, -26132.931085028700181 ], [ 25709.519868028906785, -26131.753705020979396 ], [ 25700.835134155156993, -26132.931085028700181 ], [ 25209.519868028906785, -26173.068741341267014 ], [ 24709.519868028906785, -26234.940698899692507 ], [ 24520.861815730870148, -26132.931085028700181 ], [ 24341.15004079895516, -25632.931085028700181 ], [ 24210.01342955157088, -25132.931085028700181 ], [ 24209.519868028906785, -25132.315109318224131 ], [ 23948.821159201728733, -24632.931085028700181 ], [ 23783.423962135788315, -24132.931085028700181 ], [ 23801.071557790277438, -23632.931085028700181 ], [ 24209.519868028906785, -23236.573818889533868 ], [ 24709.519868028906785, -23181.936604054862983 ], [ 24929.377170510702854, -23132.931085028700181 ], [ 25209.519868028906785, -23053.496910760382889 ], [ 25709.519868028906785, -22846.729972545697819 ], [ 26209.519868028906785, -22689.837618604884483 ], [ 26351.525306197148893, -22632.931085028700181 ], [ 26709.519868028906785, -22426.371298784477403 ], [ 26939.764077377662034, -22132.931085028700181 ], [ 27173.623610979699151, -21632.931085028700181 ], [ 27209.519868028906785, -21583.224141564642196 ], [ 27709.519868028906785, -21176.692782100726618 ], [ 28122.561628211104107, -21632.931085028700181 ], [ 27861.233189188958931, -22132.931085028700181 ], [ 27709.519868028906785, -22350.411979733529733 ], [ 27416.553385634306323, -22632.931085028700181 ], [ 27209.519868028906785, -23009.862354217693792 ], [ 27147.203058416427666, -23132.931085028700181 ], [ 26942.131655974630121, -23632.931085028700181 ], [ 26709.519868028906785, -24038.124247325366014 ], [ 26595.299324437652103, -24132.931085028700181 ], [ 26209.519868028906785, -24613.350644036734593 ], [ 26189.580838994621445, -24632.931085028700181 ], [ 26209.519868028906785, -24664.307968910012278 ], [ 26709.519868028906785, -24783.288085870692157 ], [ 27115.651379413600807, -24632.931085028700181 ], [ 27209.519868028906785, -24602.927973842786741 ], [ 27709.519868028906785, -24480.259165166964522 ], [ 28209.519868028906785, -24431.936765797843691 ], [ 28709.519868028906785, -24598.450204785418464 ], [ 28739.38704912556932, -24632.931085028700181 ], [ 28945.78763786737909, -25132.931085028700181 ], [ 28815.352037198023027, -25632.931085028700181 ], [ 28709.519868028906785, -25688.057105571060674 ], [ 28209.519868028906785, -25968.495597132452531 ], [ 27955.900334936461149, -26132.931085028700181 ], [ 27709.519868028906785, -26273.938479587523034 ], [ 27209.519868028906785, -26471.270203528634738 ] ] ] } },
{ "type": "Feature", "properties": { "center_id": "T02N003", "tree_id": "T02", "parent_id": "", "child_ids": "T02N001;T02N002", "level": 2, "type": "composite", "main": 0, "contour_v": 34.0, "peak_ntl": 50.798441438884197, "area_km2": 37.619288285180147, "min_ntl": 27.966650009155273, "max_ntl": 59.665912628173828, "tntl": 6221.0816097259521, "avg_ntl": 40.928168485039158, "std_ntl": 5.8813432009523465, "perim_km": 47.543779368968181, "orient_deg": 179.37085005595648, "compact": 0.20913804078054046, "elongated": 1.8681897928255662, "ulig": 0.0096948193696490322, "n_children": 2 }, "geometry": { "type": "Polygon", "coordinates": [ [ [ 27209.519868028906785, -26528.439521096792305 ], [ 26709.519868028906785, -26518.269310687028337 ], [ 26209.519868028906785, -26314.353753580464399 ], [ 25709.519868028906785, -26204.390961067576427 ], [ 25209.519868028906785, -26263.23151282616891 ], [ 24709.519868028906785, -26340.144852068740875 ], [ 24326.295736345065961, -26132.931085028700181 ], [ 24217.322482125946408, -25632.931085028700181 ], [ 24209.519868028906785, -25603.168715289735701 ], [ 24125.152850391717948, -25132.931085028700181 ], [ 23876.199891058964567, -24632.931085028700181 ], [ 23711.272876901301061, -24132.931085028700181 ], [ 23709.519868028906785, -24079.252763893950032 ], [ 23641.046875868345523, -23632.931085028700181 ], [ 23709.519868028906785, -23527.87168120732531 ], [ 24167.834607898050308, -23132.931085028700181 ], [ 23709.519868028906785, -22725.79179907485377 ], [ 23209.519868028906785, -22844.524063023476629 ], [ 23075.163781819097494, -23132.931085028700181 ], [ 23044.391302478634316, -23632.931085028700181 ], [ 22724.597179063141084, -24132.931085028700181 ], [ 22709.519868028906785, -24142.707915010629222 ], [ 22209.519868028906785, -24597.832038738953997 ], [ 22155.800271435935429, -24632.931085028700181 ], [ 21709.519868028906785, -24989.872531886794604 ], [ 21209.519868028906785, -25125.260754752205685 ], [ 20709.519868028906785, -25005.618526473816019 ], [ 20209.519868028906785, -24749.61474589293357 ], [ 19801.965399084128876, -24632.931085028700181 ], [ 19709.519868028906785, -24608.306156609542086 ], [ 19209.519868028906785, -24585.069826524370001 ], [ 19126.567410618397844, -24632.931085028700181 ], [ 18944.154784894246404, -25132.931085028700181 ], [ 19120.022887488292326, -25632.931085028700181 ], [ 18760.762740867630782, -26132.931085028700181 ], [ 18709.519868028906785, -26159.950853302099858 ], [ 18209.519868028906785, -26429.608906737485086 ], [ 17709.519868028906785, -26334.698294805799378 ], [ 17597.075601426291541, -26132.931085028700181 ], [ 17490.898749300347845, -25632.931085028700181 ], [ 17437.657064572191302, -25132.931085028700181 ], [ 17209.519868028906785, -24764.597153417227673 ], [ 17130.688829926115432, -24632.931085028700181 ], [ 16915.772208295809833, -24132.931085028700181 ], [ 16847.953933075830719, -23632.931085028700181 ], [ 16822.56891714527228, -23132.931085028700181 ], [ 16925.033005114015396, -22632.931085028700181 ], [ 17209.519868028906785, -22169.760286910604918 ], [ 17709.519868028906785, -22208.895781705286936 ], [ 18209.519868028906785, -22551.188976037956309 ], [ 18333.920226843405544, -22632.931085028700181 ], [ 18559.893463806653017, -23132.931085028700181 ], [ 18709.519868028906785, -23604.514837599723251 ], [ 19209.519868028906785, -23246.74476615137246 ], [ 19224.417515446508332, -23132.931085028700181 ], [ 19265.39115662025506, -22632.931085028700181 ], [ 19709.519868028906785, -22245.252153668756364 ], [ 20209.519868028906785, -22198.894352951363544 ], [ 20709.519868028906785, -22266.225357384973904 ], [ 21209.519868028906785, -22432.898693184746662 ], [ 21657.474853185125539, -22132.931085028700181 ], [ 21424.71915137281394, -21632.931085028700181 ], [ 21295.81558358051916, -21132.931085028700181 ], [ 21709.519868028906785, -20989.410823656813591 ], [ 22209.519868028906785, -20728.662026326550404 ], [ 22292.914640226688789, -20632.931085028700181 ], [ 22709.519868028906785, -20219.930135635862825 ], [ 22859.651386004868982, -20132.931085028700181 ], [ 23209.519868028906785, -19946.411561605098541 ], [ 23709.519868028906785, -20030.743862083108979 ], [ 23838.402300029130856, -20132.931085028700181 ], [ 24177.097664706085197, -20632.931085028700181 ], [ 24209.519868028906785, -20694.535719027175219 ], [ 24441.445828282976436, -21132.931085028700181 ], [ 24504.427149481158267, -21632.931085028700181 ], [ 24316.259946537295036, -22132.931085028700181 ], [ 24209.519868028906785, -22350.605715810932452 ], [ 23770.277345006896212, -22632.931085028700181 ], [ 24209.519868028906785, -23106.792824589923839 ], [ 24709.519868028906785, -23069.832418438512832 ], [ 25209.519868028906785, -22948.576576067658607 ], [ 25709.519868028906785, -22774.658852689972264 ], [ 26180.069082623838767, -22632.931085028700181 ], [ 26209.519868028906785, -22625.252534701052355 ], [ 26709.519868028906785, -22332.935335196336382 ], [ 26866.450712158421084, -22132.931085028700181 ], [ 27120.187365003501327, -21632.931085028700181 ], [ 27209.519868028906785, -21509.228893145598704 ], [ 27657.398827062836062, -21132.931085028700181 ], [ 27709.519868028906785, -21089.441603695624508 ], [ 28209.519868028906785, -21105.520021786054713 ], [ 28252.887517262231995, -21132.931085028700181 ], [ 28216.738287196170859, -21632.931085028700181 ], [ 28209.519868028906785, -21642.811222686825204 ], [ 27917.75501112785787, -22132.931085028700181 ], [ 27709.519868028906785, -22431.435955160530284 ], [ 27500.573576218139351, -22632.931085028700181 ], [ 27221.104798377189582, -23132.931085028700181 ], [ 27209.519868028906785, -23160.327468709365348 ], [ 27003.291434920338361, -23632.931085028700181 ], [ 26723.463830239958043, -24132.931085028700181 ], [ 27209.519868028906785, -24505.774832512222929 ], [ 27709.519868028906785, -24425.290768596896669 ], [ 28209.519868028906785, -24375.623216575477272 ], [ 28709.519868028906785, -24509.785619130067062 ], [ 28816.18790855676707, -24632.931085028700181 ], [ 29015.02429954040781, -25132.931085028700181 ], [ 28935.815969554296316, -25632.931085028700181 ], [ 28709.519868028906785, -25750.804541079764022 ], [ 28209.519868028906785, -26023.587014985067071 ], [ 28040.871406886555633, -26132.931085028700181 ], [ 27709.519868028906785, -26322.56875299733656 ], [ 27209.519868028906785, -26528.439521096792305 ] ] ] } },
{ "type": "Feature", "properties": { "center_id": "T03N001", "tree_id": "T03", "parent_id": "", "child_ids": "", "level": 1, "type": "basic", "main": 0, "contour_v": 34.0, "peak_ntl": 78.173938175726931, "area_km2": 32.524542865338006, "min_ntl": 32.414730072021484, "max_ntl": 89.281089782714844, "tntl": 5860.5006217956543, "avg_ntl": 44.39773198330041, "std_ntl": 12.194245709018006, "perim_km": 26.525994896388926, "orient_deg": 105.23581048402652, "compact": 0.58086833428384954, "elongated": 1.8469717458197907, "ulig": 0.012852686356310131, "n_children": 0 }, "geometry": { "type": "Polygon", "coordinates": [ [ [ 25618.022748479666916, 7367.068914971299819 ], [ 25209.519868028906785, 7496.372306206612848 ], [ 24709.519868028906785, 7717.484147276947624 ], [ 24385.273731621138722, 7867.068914971299819 ], [ 24209.519868028906785, 7947.444834340756643 ], [ 23709.519868028906785, 8205.053248867334332 ], [ 23525.802240206667193, 8367.068914971299819 ], [ 23220.866844371299521, 8867.068914971299819 ], [ 23209.519868028906785, 8882.57859450612159 ], [ 22826.633678633766976, 9367.068914971299819 ], [ 22709.519868028906785, 9573.259554604373989 ], [ 22386.305934368527232, 9867.068914971299819 ], [ 22209.519868028906785, 10155.04509363125544 ], [ 22036.991541674051405, 10367.068914971299819 ], [ 22056.907366510404245, 10867.068914971299819 ], [ 22180.577123076702264, 11367.068914971299819 ], [ 22201.943468977176963, 11867.068914971299819 ], [ 22157.717927442801738, 12367.068914971299819 ], [ 22209.519868028906785, 12711.746635093528312 ], [ 22254.881409094556147, 12867.068914971299819 ], [ 22209.519868028906785, 13061.148609766052687 ], [ 22142.987355809582368, 13367.068914971299819 ], [ 21709.519868028906785, 13617.829028751773876 ], [ 21568.775853984978312, 13867.068914971299819 ], [ 21209.519868028906785, 14331.439527244961937 ], [ 21186.662467857237061, 14367.068914971299819 ], [ 20811.347923556215392, 14867.068914971299819 ], [ 20709.519868028906785, 15341.226795620430494 ], [ 20705.060175538510521, 15367.068914971299819 ], [ 20709.519868028906785, 15373.719931800980703 ], [ 21209.519868028906785, 15715.282287596070091 ], [ 21602.32122086871459, 15867.068914971299819 ], [ 21709.519868028906785, 15922.501797231845558 ], [ 22209.519868028906785, 16317.867893128452124 ], [ 22340.698451252948871, 16367.068914971299819 ], [ 22709.519868028906785, 16437.356963010286563 ], [ 23209.519868028906785, 16464.349631184886675 ], [ 23709.519868028906785, 16457.863987042772351 ], [ 23875.303827906271181, 16367.068914971299819 ], [ 24209.519868028906785, 16173.147950194928853 ], [ 24709.519868028906785, 15895.802993652308942 ], [ 25019.730330708884139, 15867.068914971299819 ], [ 25209.519868028906785, 15848.276568984460027 ], [ 25709.519868028906785, 15810.284893062416813 ], [ 25962.180826122134022, 15367.068914971299819 ], [ 26193.652939724957832, 14867.068914971299819 ], [ 26209.519868028906785, 14831.206534503900912 ], [ 26304.437809773862682, 14367.068914971299819 ], [ 26209.519868028906785, 13961.871508598938817 ], [ 26167.795621191227838, 13867.068914971299819 ], [ 25709.519868028906785, 13456.193842516775476 ], [ 25529.120330824411212, 13367.068914971299819 ], [ 25209.519868028906785, 13039.377583542984212 ], [ 25082.865892311474454, 12867.068914971299819 ], [ 25209.519868028906785, 12484.033886601289851 ], [ 25228.282901892274822, 12367.068914971299819 ], [ 25369.380398583245551, 11867.068914971299819 ], [ 25563.213954340932105, 11367.068914971299819 ], [ 25709.519868028906785, 10918.194744576860103 ], [ 25754.525641707197792, 10867.068914971299819 ], [ 26176.222212086500804, 10367.068914971299819 ], [ 26209.519868028906785, 10331.852845035493374 ], [ 26709.519868028906785, 9976.788884462162969 ], [ 26801.264728125901456, 9867.068914971299819 ], [ 26867.44433923680117, 9367.068914971299819 ], [ 26709.519868028906785, 9151.816590125381481 ], [ 26209.519868028906785, 8980.441765818730346 ], [ 26144.992970408919064, 8867.068914971299819 ], [ 26146.857781642607733, 8367.068914971299819 ], [ 26209.519868028906785, 8204.162876085058087 ], [ 26393.342684929895768, 7867.068914971299819 ], [ 26209.519868028906785, 7612.552538151750923 ], [ 25836.850997957339132, 7367.068914971299819 ], [ 25709.519868028906785, 7343.18243893100589 ], [ 25618.022748479666916, 7367.068914971299819 ] ] ] } },
{ "type": "Feature", "properties": { "center_id": "T04N001", "tree_id": "T04", "parent_id": "T04N003", "child_ids": "", "level": 1, "type": "basic", "main": 0, "contour_v": 38.0, "peak_ntl": 71.041751864590893, "area_km2": 15.218109903226452, "min_ntl": 35.148529052734375, "max_ntl": 79.450599670410156, "tntl": 3045.4553833007812, "avg_ntl": 49.925498086898052, "std_ntl": 10.501958191451314, "perim_km": 16.61888211413924, "orient_deg": 111.43522540789984, "compact": 0.6924157944736693, "elongated": 1.279762442151408, "ulig": 0.015342632617982839, "n_children": 0 }, "geometry": { "type": "Polygon", "coordinates": [ [ [ 32209.519868028906785, -59101.714823005677317 ], [ 31745.885009892775997, -58632.931085028700181 ], [ 31709.519868028906785, -58573.984332893174724 ], [ 31447.710468665816734, -58132.931085028700181 ], [ 31209.519868028906785, -57883.017188804762554 ], [ 30959.444797571708477, -57632.931085028700181 ], [ 30952.953584003855212, -57132.931085028700181 ], [ 31209.519868028906785, -56906.973172824873473 ], [ 31406.408076627321861, -56632.931085028700181 ], [ 31278.074513990697596, -56132.931085028700181 ], [ 31209.519868028906785, -56072.158534808651893 ], [ 30709.519868028906785, -55760.681533394483267 ], [ 30209.519868028906785, -55667.481223960014177 ], [ 30174.234583020403079, -55632.931085028700181 ], [ 30209.519868028906785, -55558.480617516222992 ], [ 30344.67129577722153, -55132.931085028700181 ], [ 30709.519868028906785, -54791.876945007345057 ], [ 30787.28784098071992, -54632.931085028700181 ], [ 31209.519868028906785, -54159.739878200562089 ], [ 31233.288440614898718, -54132.931085028700181 ], [ 31709.519868028906785, -53738.648550640864414 ], [ 32014.951712541322195, -53632.931085028700181 ], [ 32209.519868028906785, -53555.092276910450892 ], [ 32709.519868028906785, -53543.828761621567537 ], [ 33209.519868028903147, -53579.571547853338416 ], [ 33367.633941806168878, -53632.931085028700181 ], [ 33709.519868028903147, -53781.757931961314171 ], [ 33929.390041081831441, -54132.931085028700181 ], [ 33987.887706835623248, -54632.931085028700181 ], [ 33889.290543596725911, -55132.931085028700181 ], [ 33801.687518832579372, -55632.931085028700181 ], [ 34150.697915313605336, -56132.931085028700181 ], [ 34209.519868028903147, -56168.144855980979628 ], [ 34604.246906811080407, -56632.931085028700181 ], [ 34709.519868028903147, -56808.374990516123944 ], [ 34815.580892521378701, -57132.931085028700181 ], [ 34709.519868028903147, -57437.420173090693424 ], [ 34511.744838341444847, -57632.931085028700181 ], [ 34209.519868028903147, -57757.993556015644572 ], [ 33709.519868028903147, -57871.713484167048591 ], [ 33346.979711199222947, -58132.931085028700181 ], [ 33209.519868028903147, -58269.950351778315962 ], [ 32922.692309655540157, -58632.931085028700181 ], [ 32709.519868028906785, -58848.659413951667375 ], [ 32209.519868028906785, -59101.714823005677317 ] ] ] } },
{ "type": "Feature", "properties": { "center_id": "T04N002", "tree_id": "T04", "parent_id": "T04N003", "child_ids": "", "level": 1, "type": "basic", "main": 0, "contour_v": 38.0, "peak_ntl": 47.239091352866879, "area_km2": 5.1322541204756389, "min_ntl": 38.251354217529297, "max_ntl": 54.703910827636719, "tntl": 991.95509338378906, "avg_ntl": 45.08886788108132, "std_ntl": 4.493741271135347, "perim_km": 9.9693552672427348, "orient_deg": 2.9681631458322308, "compact": 0.64890910899230958, "elongated": 2.4300892484429051, "ulig": 0.011207019897706711, "n_children": 0 }, "geometry": { "type": "Polygon", "coordinates": [ [ [ 30209.519868028906785, -60668.681433148085489 ], [ 29989.166813889318291, -60632.931085028700181 ], [ 29709.519868028906785, -60549.193948874875787 ], [ 29209.519868028906785, -60345.111687433192856 ], [ 28709.519868028906785, -60468.76489050143573 ], [ 28520.952333369499684, -60632.931085028700181 ], [ 28209.519868028906785, -60757.078924303452368 ], [ 27709.519868028906785, -60787.623019101811224 ], [ 27382.830417182867677, -60632.931085028700181 ], [ 27442.659862845579482, -60132.931085028700181 ], [ 27709.519868028906785, -59855.241149504538043 ], [ 28002.967267044765322, -59632.931085028700181 ], [ 28209.519868028906785, -59371.265986325757694 ], [ 28634.300599361504283, -59132.931085028700181 ], [ 28709.519868028906785, -59098.744484739101608 ], [ 29050.736320012390934, -59132.931085028700181 ], [ 29209.519868028906785, -59151.110835299958126 ], [ 29709.519868028906785, -59143.819794177004951 ], [ 29756.143092555426847, -59132.931085028700181 ], [ 30209.519868028906785, -59046.291699662411702 ], [ 30709.519868028906785, -58995.04326200154901 ], [ 31047.3417009027944, -59132.931085028700181 ], [ 31209.519868028906785, -59330.242302932005259 ], [ 31335.069124695462961, -59632.931085028700181 ], [ 31342.465451056781603, -60132.931085028700181 ], [ 31209.519868028906785, -60325.058760199914104 ], [ 30747.697343031806668, -60632.931085028700181 ], [ 30709.519868028906785, -60641.82383390092582 ], [ 30209.519868028906785, -60668.681433148085489 ] ] ] } },
{ "type": "Feature", "properties": { "center_id": "T04N003", "tree_id": "T04", "parent_id": "", "child_ids": "T04N001;T04N002", "level": 2, "type": "composite", "main": 0, "contour_v": 34.0, "peak_ntl": 71.041751864590893, "area_km2": 27.859571269228486, "min_ntl": 29.677274703979492, "max_ntl": 79.450599670410156, "tntl": 5194.1637287139893, "avg_ntl": 45.562839725561311, "std_ntl": 9.7862242733256313, "perim_km": 28.011404692987369, "orient_deg": 40.204368431935066, "compact": 0.44618453854900936, "elongated": 1.9053531078491404, "ulig": 0.014840832112578278, "n_children": 2 }, "geometry": { "type": "Polygon", "coordinates": [ [ [ 30709.519868028906785, -60775.742298669923912 ], [ 30209.519868028906785, -60798.70112630778749 ], [ 29709.519868028906785, -60721.868674027224188 ], [ 29317.911695495018648, -60632.931085028700181 ], [ 29209.519868028906785, -60588.984675222265651 ], [ 29064.126325796150923, -60632.931085028700181 ], [ 28709.519868028906785, -60694.576875458398717 ], [ 28209.519868028906785, -60891.191167625962407 ], [ 27709.519868028906785, -60944.037465918067028 ], [ 27209.519868028906785, -60741.922836162164458 ], [ 27068.289831495578255, -60632.931085028700181 ], [ 27175.431964844505274, -60132.931085028700181 ], [ 27209.519868028906785, -60092.133306810967042 ], [ 27646.088901574399642, -59632.931085028700181 ], [ 27709.519868028906785, -59536.927698358907946 ], [ 28021.895472302607232, -59132.931085028700181 ], [ 28209.519868028906785, -58770.725581599821453 ], [ 28709.519868028906785, -58726.873326090732007 ], [ 29209.519868028906785, -58885.627203378782724 ], [ 29709.519868028906785, -58924.918996192936902 ], [ 30209.519868028906785, -58819.189460801528185 ], [ 30709.519868028906785, -58668.70477043329447 ], [ 30886.599625031067262, -58632.931085028700181 ], [ 30921.304874835706869, -58132.931085028700181 ], [ 30709.519868028906785, -57921.135437315024319 ], [ 30473.50217959454676, -57632.931085028700181 ], [ 30260.456397403457231, -57132.931085028700181 ], [ 30709.519868028906785, -56836.84707077742496 ], [ 30945.041256032145611, -56632.931085028700181 ], [ 30827.50678247012911, -56132.931085028700181 ], [ 30709.519868028906785, -56064.628731395976502 ], [ 30209.519868028906785, -56113.22645217536774 ], [ 29719.004939804308378, -55632.931085028700181 ], [ 30058.703420130561426, -55132.931085028700181 ], [ 30209.519868028906785, -55033.675137217491283 ], [ 30627.291417753087444, -54632.931085028700181 ], [ 30709.519868028906785, -54564.17725351570698 ], [ 31094.594439993295964, -54132.931085028700181 ], [ 31209.519868028906785, -54019.638391868167673 ], [ 31695.949932821840775, -53632.931085028700181 ], [ 31709.519868028906785, -53620.902666742404108 ], [ 32209.519868028906785, -53422.435362151867594 ], [ 32709.519868028906785, -53389.32278184594179 ], [ 33209.519868028903147, -53363.719207056317828 ], [ 33709.519868028903147, -53481.709182125327061 ], [ 33824.604495226434665, -53632.931085028700181 ], [ 34103.715294699810329, -54132.931085028700181 ], [ 34154.069777541517396, -54632.931085028700181 ], [ 34105.456426639022538, -55132.931085028700181 ], [ 34144.118362820663606, -55632.931085028700181 ], [ 34209.519868028903147, -55721.076427004198194 ], [ 34476.953415063777356, -56132.931085028700181 ], [ 34709.519868028903147, -56410.631264285024372 ], [ 34809.964511614423827, -56632.931085028700181 ], [ 34966.947727069913526, -57132.931085028700181 ], [ 34803.39650016836822, -57632.931085028700181 ], [ 34709.519868028903147, -57719.228442703359178 ], [ 34209.519868028903147, -57939.898190126186819 ], [ 33746.52874207678542, -58132.931085028700181 ], [ 33709.519868028903147, -58153.74103709695919 ], [ 33229.373701626827824, -58632.931085028700181 ], [ 33209.519868028903147, -58651.565045038136304 ], [ 32732.334094812478725, -59132.931085028700181 ], [ 32709.519868028906785, -59152.736014182752115 ], [ 32209.519868028906785, -59392.651569919034955 ], [ 31747.783668982458039, -59632.931085028700181 ], [ 31709.519868028906785, -59711.798909860590356 ], [ 31607.67622340932212, -60132.931085028700181 ], [ 31262.151582957307255, -60632.931085028700181 ], [ 31209.519868028906785, -60662.060354094093782 ], [ 30709.519868028906785, -60775.742298669923912 ] ] ] } },
{ "type": "Feature", "properties": { "center_id": "T05N001", "tree_id": "T05", "parent_id": "", "child_ids": "", "level": 1, "type": "basic", "main": 0, "contour_v": 34.0, "peak_ntl": 120.06866474425817, "area_km2": 27.414956708702537, "min_ntl": 28.805263519287109, "max_ntl": 156.17767333984375, "tntl": 5469.4587860107422, "avg_ntl": 50.178520972575619, "std_ntl": 21.738406556822721, "perim_km": 34.054296796099734, "orient_deg": 9.2027427075364479, "compact": 0.29706644219151457, "elongated": 2.3543048058339267, "ulig": 0.022569565869207331, "n_children": 0 }, "geometry": { "type": "Polygon", "coordinates": [ [ [ 84709.519868028903147, -42985.791634889872512 ], [ 84209.519868028903147, -42931.398303238500375 ], [ 83803.935936725247302, -42632.931085028700181 ], [ 83709.519868028903147, -42560.545225885056425 ], [ 83323.231516520056175, -42132.931085028700181 ], [ 83209.519868028903147, -41947.008932831158745 ], [ 82874.127259442480863, -41632.931085028700181 ], [ 82709.519868028903147, -41411.784367477506748 ], [ 82257.770906583333272, -41632.931085028700181 ], [ 82209.519868028903147, -41650.893629424477695 ], [ 81709.519868028903147, -42007.722408894784166 ], [ 81300.027879421177204, -42132.931085028700181 ], [ 81209.519868028903147, -42159.787985133196344 ], [ 80709.519868028903147, -42176.822360346501227 ], [ 80324.87266873808403, -42132.931085028700181 ], [ 80209.519868028903147, -42109.724462932674214 ], [ 79709.519868028903147, -41982.029906729600043 ], [ 79209.519868028903147, -42040.703968956353492 ], [ 78936.059126658161404, -42132.931085028700181 ], [ 78709.519868028903147, -42217.043211612690357 ], [ 78209.519868028903147, -42260.744422289091744 ], [ 77895.978517683382961, -42132.931085028700181 ], [ 77709.519868028903147, -42086.03997942218848 ], [ 77209.519868028903147, -41729.20862847083481 ], [ 77110.384333257592516, -41632.931085028700181 ], [ 76845.298465985295479, -41132.931085028700181 ], [ 76894.689840507766348, -40632.931085028700181 ], [ 77209.519868028903147, -40226.325541902813711 ], [ 77308.111965971882455, -40132.931085028700181 ], [ 77709.519868028903147, -39776.404715696800849 ], [ 77983.463750900205923, -39632.931085028700181 ], [ 78209.519868028903147, -39416.99081765023584 ], [ 78709.519868028903147, -39356.930235365914996 ], [ 79209.519868028903147, -39489.621337452394073 ], [ 79382.497900465459679, -39632.931085028700181 ], [ 79709.519868028903147, -39875.900976105112932 ], [ 79985.300540391719551, -40132.931085028700181 ], [ 80209.519868028903147, -40296.506204715595231 ], [ 80709.519868028903147, -40159.267031782612321 ], [ 80723.079459278786089, -40132.931085028700181 ], [ 80709.519868028903147, -39949.920826824512915 ], [ 80678.705826322038774, -39632.931085028700181 ], [ 80588.258714327268535, -39132.931085028700181 ], [ 80613.818462383569567, -38632.931085028700181 ], [ 80709.519868028903147, -38481.805579145016964 ], [ 80869.276832733899937, -38632.931085028700181 ], [ 81209.519868028903147, -38723.826495815330418 ], [ 81709.519868028903147, -38941.993745475774631 ], [ 82126.206468145988765, -39132.931085028700181 ], [ 82209.519868028903147, -39182.381789212013246 ], [ 82709.519868028903147, -39489.844625139376149 ], [ 82921.987372896473971, -39632.931085028700181 ], [ 83209.519868028903147, -39840.809289795943187 ], [ 83709.519868028903147, -39842.769954540985054 ], [ 84209.519868028903147, -39635.138213097976404 ], [ 84215.649181103101, -39632.931085028700181 ], [ 84709.519868028903147, -39212.862178258306812 ], [ 84917.129352326475782, -39132.931085028700181 ], [ 85209.519868028903147, -38869.441484066395788 ], [ 85517.836585145676509, -38632.931085028700181 ], [ 85709.519868028903147, -38310.941431051440304 ], [ 86209.519868028903147, -38283.041301701494376 ], [ 86709.519868028903147, -38526.717181977306609 ], [ 86920.643180443905294, -38132.931085028700181 ], [ 87209.519868028903147, -37963.852232549717883 ], [ 87609.403709424746921, -37632.931085028700181 ], [ 87709.519868028903147, -37499.296530428036931 ], [ 88209.519868028903147, -37266.702202809246955 ], [ 88398.411372197369928, -37632.931085028700181 ], [ 88423.085671726454166, -37727.738543505016423 ], [ 88411.177682320660097, -37739.150791709871555 ], [ 88182.022879445969011, -38916.384700817681733 ], [ 87886.959684443863807, -39074.075034946406959 ], [ 87873.006037949773599, -39181.827401045135048 ], [ 87709.519868028903147, -39198.397457437968114 ], [ 87556.504872478748439, -39132.931085028700181 ], [ 87209.519868028903147, -38953.299866052198922 ], [ 86709.519868028903147, -38688.27530399733223 ], [ 86209.519868028903147, -38857.517591562311281 ], [ 85972.908978870967985, -39132.931085028700181 ], [ 85953.54193832357123, -39632.931085028700181 ], [ 86061.651260541097145, -40132.931085028700181 ], [ 86106.870256458350923, -40632.931085028700181 ], [ 86110.585300628634286, -41132.931085028700181 ], [ 86113.057712649213499, -41632.931085028700181 ], [ 85989.644430644460954, -42132.931085028700181 ], [ 85709.519868028903147, -42363.614201465548831 ], [ 85365.945055990538094, -42632.931085028700181 ], [ 85209.519868028903147, -42745.115237723657629 ], [ 84709.519868028903147, -42985.791634889872512 ] ] ] } },
{ "type": "Feature", "properties": { "center_id": "T06N001", "tree_id": "T06", "parent_id": "", "child_ids": "", "level": 1, "type": "basic", "main": 0, "contour_v": 34.0, "peak_ntl": 164.0407210032416, "area_km2": 27.454245909114988, "min_ntl": 19.686456680297852, "max_ntl": 176.47857666015625, "tntl": 8104.5599002838135, "avg_ntl": 76.458112266828422, "std_ntl": 41.420964455694289, "perim_km": 26.187229968102471, "orient_deg": 167.38445708217168, "compact": 0.5030837149561912, "elongated": 1.0260755152688381, "ulig": 0.047056571366483273, "n_children": 0 }, "geometry": { "type": "Polygon", "coordinates": [ [ [ 76907.661072775357752, -14132.931085028700181 ], [ 76709.519868028903147, -14058.464706977916649 ], [ 76209.519868028903147, -13820.151969026075676 ], [ 75709.519868028903147, -13913.335907906366629 ], [ 75209.519868028903147, -13924.075820164944162 ], [ 74709.519868028903147, -13718.750307911221171 ], [ 74538.971692137623904, -13632.931085028700181 ], [ 74209.519868028903147, -13483.807237396293203 ], [ 73709.519868028903147, -13313.673739936464699 ], [ 73341.69230015881476, -13132.931085028700181 ], [ 73209.519868028903147, -13017.874233517417451 ], [ 72709.519868028903147, -12666.265303504886106 ], [ 72702.45792194257956, -12632.931085028700181 ], [ 72709.519868028903147, -12622.949921287581674 ], [ 72805.032252086602966, -12132.931085028700181 ], [ 72804.901683660966228, -11632.931085028700181 ], [ 72709.519868028903147, -11403.373701957796584 ], [ 72209.519868028903147, -11540.940306461925502 ], [ 71709.519868028903147, -11392.793264869091217 ], [ 71609.252905761401053, -11132.931085028700181 ], [ 71709.519868028903147, -10731.668903526166105 ], [ 72209.519868028903147, -10785.974206610888359 ], [ 72330.400959232269088, -10632.931085028700181 ], [ 72709.519868028903147, -10376.763018143741647 ], [ 72833.369023993756855, -10132.931085028700181 ], [ 73209.519868028903147, -9777.28045672083681 ], [ 73709.519868028903147, -9706.380709587887395 ], [ 74209.519868028903147, -9727.928434459638083 ], [ 74571.455906664006761, -9632.931085028700181 ], [ 74709.519868028903147, -9399.790708209766308 ], [ 74756.670745923722279, -9132.931085028700181 ], [ 74724.579294507755549, -8632.931085028700181 ], [ 74709.519868028903147, -8576.59409716897062 ], [ 74209.519868028903147, -8190.598602167374338 ], [ 73780.525703188002808, -8632.931085028700181 ], [ 73709.519868028903147, -8706.760130753784324 ], [ 73209.519868028903147, -8966.364694069285179 ], [ 73030.55941885127686, -8632.931085028700181 ], [ 73209.519868028903147, -8344.842814826944959 ], [ 73709.519868028903147, -8378.722074243560201 ], [ 73985.056893371482147, -8132.931085028700181 ], [ 74209.519868028903147, -7941.87714791475446 ], [ 74339.275889319513226, -7632.931085028700181 ], [ 74709.519868028903147, -7473.36551923888328 ], [ 74960.891821192271891, -7632.931085028700181 ], [ 75209.519868028903147, -7770.17900533201464 ], [ 75709.519868028903147, -7814.082882444155985 ], [ 76209.519868028903147, -7758.303340100930654 ], [ 76709.519868028903147, -7823.052290573876235 ], [ 76979.126456383062759, -8023.973108372020761 ], [ 77597.102803551970283, -8872.961669971758965 ], [ 77674.630678998524672, -8971.796718065090317 ], [ 77709.519868028903147, -9043.878601342323236 ], [ 77768.644810835467069, -9132.931085028700181 ], [ 78008.661836122133536, -9632.931085028700181 ], [ 78128.326484843186336, -10132.931085028700181 ], [ 78190.096315985050751, -10632.931085028700181 ], [ 78196.597859220317332, -11132.931085028700181 ], [ 78101.929090403835289, -11632.931085028700181 ], [ 77864.090641677525127, -12132.931085028700181 ], [ 77709.519868028903147, -12404.552319339185487 ], [ 77571.728597461187746, -12632.931085028700181 ], [ 77542.722378864753409, -13132.931085028700181 ], [ 77654.306431843782775, -13632.931085028700181 ], [ 77408.252777972229524, -14132.931085028700181 ], [ 77209.519868028903147, -14221.511802776542027 ], [ 76907.661072775357752, -14132.931085028700181 ] ] ] } },
{ "type": "Feature", "properties": { "center_id": "T07N001", "tree_id": "T07", "parent_id": "", "child_ids": "", "level": 1, "type": "basic", "main": 0, "contour_v": 34.0, "peak_ntl": 51.156844874704326, "area_km2": 18.753599369523368, "min_ntl": 30.909746170043945, "max_ntl": 57.039871215820312, "tntl": 3308.7881546020508, "avg_ntl": 44.117175394694009, "std_ntl": 6.2346134571947633, "perim_km": 21.83524707868267, "orient_deg": 119.73064770826772, "compact": 0.49428596248719547, "elongated": 1.7323378001618173, "ulig": 0.012504478318519663, "n_children": 0 }, "geometry": { "type": "Polygon", "coordinates": [ [ [ 11209.519868028906785, -12310.045951711013913 ], [ 10955.745694783388899, -12132.931085028700181 ], [ 10709.519868028906785, -11838.183857359035756 ], [ 10475.548482450674783, -11632.931085028700181 ], [ 10209.519868028906785, -11163.502941145925433 ], [ 10112.708871099672251, -11132.931085028700181 ], [ 10209.519868028906785, -10948.632652555446839 ], [ 10240.443553643959604, -10632.931085028700181 ], [ 10562.168085094930575, -10132.931085028700181 ], [ 10709.519868028906785, -9935.396938409961876 ], [ 10866.544961549228901, -9632.931085028700181 ], [ 11000.429502351584233, -9132.931085028700181 ], [ 10853.5207504510945, -8632.931085028700181 ], [ 10709.519868028906785, -8468.505642935779179 ], [ 10209.519868028906785, -8158.789849479551776 ], [ 10083.584168725054042, -8132.931085028700181 ], [ 9709.519868028906785, -7989.568818915387965 ], [ 9360.61784346305285, -7632.931085028700181 ], [ 9242.742201220029528, -7132.931085028700181 ], [ 9236.404418359041301, -6632.931085028700181 ], [ 9584.331338300504285, -6132.931085028700181 ], [ 9709.519868028906785, -5964.248744959142641 ], [ 9882.035856341197359, -5632.931085028700181 ], [ 10209.519868028906785, -5220.169958958387724 ], [ 10280.397815281594376, -5132.931085028700181 ], [ 10709.519868028906785, -4830.231862508211634 ], [ 11209.519868028906785, -4691.798674834004487 ], [ 11438.744020490401454, -5132.931085028700181 ], [ 11516.462298647358693, -5632.931085028700181 ], [ 11634.292698458990344, -6132.931085028700181 ], [ 11709.519868028906785, -6289.722322524015908 ], [ 11890.549646293886326, -6632.931085028700181 ], [ 12209.519868028906785, -7125.279420100676361 ], [ 12218.055445947316912, -7132.931085028700181 ], [ 12633.237114521598414, -7632.931085028700181 ], [ 12709.519868028906785, -7891.75302368622215 ], [ 12880.057881965676643, -8132.931085028700181 ], [ 12709.519868028906785, -8254.636457327578682 ], [ 12511.229200717356434, -8632.931085028700181 ], [ 12364.303048605939694, -9132.931085028700181 ], [ 12709.519868028906785, -9482.504578864536597 ], [ 13209.519868028906785, -9541.70712863584049 ], [ 13709.519868028906785, -9521.321945564995985 ], [ 13882.563100540221058, -9632.931085028700181 ], [ 14209.519868028906785, -9944.827646866557188 ], [ 14303.656584968066454, -10132.931085028700181 ], [ 14379.141477643290273, -10632.931085028700181 ], [ 14209.519868028906785, -11053.511921797922696 ], [ 14158.650720432673552, -11132.931085028700181 ], [ 13709.519868028906785, -11364.158334023944917 ], [ 13209.519868028906785, -11530.435201926884474 ], [ 12993.222192641744186, -11632.931085028700181 ], [ 12709.519868028906785, -11747.852147038065596 ], [ 12209.519868028906785, -12055.66656865956611 ], [ 12080.93475452650091, -12132.931085028700181 ], [ 11709.519868028906785, -12359.731246195995482 ], [ 11209.519868028906785, -12310.045951711013913 ] ] ] } },
{ "type": "Feature", "properties": { "center_id": "T08N001", "tree_id": "T08", "parent_id": "", "child_ids": "", "level": 1, "type": "basic", "main": 0, "contour_v": 34.0, "peak_ntl": 128.95738554897324, "area_km2": 2.9918140594515479, "min_ntl": 24.855087280273438, "max_ntl": 242.32144165039062, "tntl": 1598.2647476196289, "avg_ntl": 106.55098317464193, "std_ntl": 55.771514319212933, "perim_km": 23.020255579468223, "orient_deg": 144.24949009623646, "compact": 0.070945390043267206, "elongated": 4.7997190444210034, "ulig": 0.055582513936284945, "n_children": 0 }, "geometry": { "type": "MultiPolygon", "coordinates": [ [ [ [ 107122.863915016307146, -71172.433673702122178 ], [ 106957.723042713565519, -70963.44817470612179 ], [ 106212.571353469611495, -71248.123679264288512 ], [ 106166.070349798363168, -71392.721666555604315 ], [ 105972.177994991172454, -71184.009255334021873 ], [ 105521.492334674243466, -71188.508954326782259 ], [ 105251.125826230010716, -71002.719131084726541 ], [ 105651.42620676990191, -70754.818045619540499 ], [ 106162.403387325379299, -71026.88532561865577 ], [ 106400.010117122670636, -70813.846562060658471 ], [ 106717.331429585698061, -70899.350605696803541 ], [ 106906.869287352164974, -70675.697404411839671 ], [ 107014.584089784388198, -70896.351309876627056 ], [ 107337.933079567315872, -70912.402233604952926 ], [ 107393.666939278220525, -71132.931085028700181 ], [ 107350.834055459941737, -71193.017816606690758 ], [ 107122.863915016307146, -71172.433673702122178 ] ] ], [ [ [ 104377.334653900572448, -70889.408771715330658 ], [ 104828.995113700846559, -70984.731521764420904 ], [ 104830.750714081979822, -71162.107023219490657 ], [ 104619.791929135462851, -71164.192918017870397 ], [ 104377.334653900572448, -70889.408771715330658 ] ] ], [ [ [ 104820.765723895907286, -70153.282543396533583 ], [ 104746.472940107996692, -70397.933406530530192 ], [ 104585.003738977902685, -70554.748196173735778 ], [ 104268.25626272286172, -70524.610140993900131 ], [ 104284.704097589157755, -70247.27136256013182 ], [ 104551.969958318717545, -70122.67832410884148 ], [ 104820.765723895907286, -70153.282543396533583 ] ] ], [ [ [ 105565.014180185302394, -69902.91784922570514 ], [ 105327.392434403824154, -69993.036684241204057 ], [ 105268.435000897647114, -69746.784652146554436 ], [ 105565.014180185302394, -69902.91784922570514 ] ] ], [ [ [ 102548.089871147880331, -69155.521344765584217 ], [ 102145.426638366188854, -69159.413064960404881 ], [ 102066.912324650940718, -68971.689466209529201 ], [ 102142.432444073230727, -68849.0031458002195 ], [ 102708.922012756884214, -68932.220545896256226 ], [ 102994.8071904018434, -68752.04995998783852 ], [ 103053.838752446186845, -68906.695233489896054 ], [ 102892.906511965280515, -69118.915229504564195 ], [ 102548.089871147880331, -69155.521344765584217 ] ] ], [ [ [ 103305.765277423008229, -68194.664367692123051 ], [ 103527.768737693710136, -68347.716029169445392 ], [ 103548.459466496758978, -68502.733583163993899 ], [ 103770.690136866600369, -68677.952134080129326 ], [ 103310.199845272392849, -68649.193491773825372 ], [ 103443.006563686474692, -68503.76428572734585 ], [ 103305.765277423008229, -68194.664367692123051 ] ] ], [ [ [ 100368.47248511001817, -66803.761200053224456 ], [ 100683.936927914051921, -66712.068520654545864 ], [ 100879.756653588163317, -67142.603627033517114 ], [ 101251.466565361741232, -66917.312188277908717 ], [ 101270.610315814279602, -66651.214923897554399 ], [ 101709.519868028903147, -66868.942517670206144 ], [ 101927.331285976353684, -67017.253189133029082 ], [ 101513.242936889568227, -67225.245919953187695 ], [ 101515.049929901375435, -67413.710169353711535 ], [ 101890.596831203030888, -67587.49715366345481 ], [ 101815.722721352925873, -67776.698839903328917 ], [ 101951.954448018121184, -67986.043547373759793 ], [ 102612.217423796086223, -67857.706903556347243 ], [ 102565.790632587319124, -68013.376704084555968 ], [ 101896.891243190926616, -68241.577540087906527 ], [ 101473.602569592359941, -68090.422802243178012 ], [ 100966.69382720674912, -68217.226901795162121 ], [ 100800.137165182284662, -67841.851696185258334 ], [ 100560.486421137509751, -67844.130478219100041 ], [ 100749.569754620300955, -67565.154706263943808 ], [ 100661.611341260198969, -67388.59710819501197 ], [ 100268.915885326481657, -67425.584748775348999 ], [ 99970.504505057091592, -67295.360961236787261 ], [ 99833.484514099691296, -66997.301036335760728 ], [ 99789.738476235317648, -66986.631738258656696 ], [ 99921.454684349781019, -66787.854259969040868 ], [ 100026.656113014381845, -67150.697791723796399 ], [ 100209.303398744246806, -67204.406347823853139 ], [ 100368.47248511001817, -66803.761200053224456 ] ] ] ] } },
{ "type": "Feature", "properties": { "center_id": "T09N001", "tree_id": "T09", "parent_id": "", "child_ids": "", "level": 1, "type": "basic", "main": 0, "contour_v": 34.0, "peak_ntl": 106.2437433747392, "area_km2": 15.934335488544022, "min_ntl": 27.775588989257812, "max_ntl": 126.55781555175781, "tntl": 4766.6718368530273, "avg_ntl": 73.33341287466196, "std_ntl": 27.688432285129441, "perim_km": 16.85114042427869, "orient_deg": 24.160163483320584, "compact": 0.70515603222208512, "elongated": 2.2908993993243421, "ulig": 0.046765019054123572, "n_children": 0 }, "geometry": { "type": "Polygon", "coordinates": [ [ [ 41108.65879036395927, -53132.931085028700181 ], [ 40709.519868028903147, -52639.973800810679677 ], [ 40705.774655588364112, -52632.931085028700181 ], [ 40613.727319627054385, -52132.931085028700181 ], [ 40693.085225750488462, -51632.931085028700181 ], [ 40709.519868028903147, -51593.872883528310922 ], [ 40896.268831801819033, -51132.931085028700181 ], [ 41209.519868028903147, -50796.830022697264212 ], [ 41356.063878995817504, -50632.931085028700181 ], [ 41709.519868028903147, -50136.714553018522565 ], [ 41712.242262468556874, -50132.931085028700181 ], [ 41976.857810890825931, -49632.931085028700181 ], [ 42209.519868028903147, -49448.629336537545896 ], [ 42709.519868028903147, -49312.435260238315095 ], [ 43209.519868028903147, -49232.219804781067069 ], [ 43555.788876365666511, -49132.931085028700181 ], [ 43709.519868028903147, -49034.187732688704273 ], [ 44209.519868028903147, -48707.469779948631185 ], [ 44361.841979327553418, -48632.931085028700181 ], [ 44709.519868028903147, -48485.694671389632276 ], [ 45209.519868028903147, -48349.955694319622125 ], [ 45709.519868028903147, -48352.030465141215245 ], [ 46209.519868028903147, -48570.77244764889474 ], [ 46280.295984539989149, -48632.931085028700181 ], [ 46597.917530643615464, -49089.733365496365877 ], [ 46477.105853559587558, -49072.33232387156022 ], [ 46344.889424647961278, -49472.056671776917938 ], [ 46540.067843566430383, -50194.141564334342547 ], [ 46209.519868028903147, -50581.418458097279654 ], [ 46135.618186895197141, -50632.931085028700181 ], [ 45709.519868028903147, -50926.235793433108483 ], [ 45465.362529241188895, -51132.931085028700181 ], [ 45352.786515437474009, -51245.234293375026027 ], [ 44975.385950689509627, -51473.684226597026282 ], [ 43035.724095206191123, -52291.12639728346403 ], [ 41179.200907719736279, -53176.585919060089509 ], [ 41108.65879036395927, -53132.931085028700181 ] ] ] } },
{ "type": "Feature", "properties": { "center_id": "T10N001", "tree_id": "T10", "parent_id": "", "child_ids": "", "level": 1, "type": "basic", "main": 0, "contour_v": 34.0, "peak_ntl": 59.763498890390117, "area_km2": 16.332886751436948, "min_ntl": 33.103748321533203, "max_ntl": 69.5567626953125, "tntl": 2803.7854194641113, "avg_ntl": 41.847543574091212, "std_ntl": 7.8929471564839409, "perim_km": 19.574931792779878, "orient_deg": 129.89784393299672, "compact": 0.53563913478764358, "elongated": 2.77818575589985, "ulig": 0.01110075181108887, "n_children": 0 }, "geometry": { "type": "Polygon", "coordinates": [ [ [ 56709.519868028903147, -19061.633407524510403 ], [ 56523.974308283388382, -18632.931085028700181 ], [ 56209.519868028903147, -18269.194675303151598 ], [ 56122.617623929458205, -18132.931085028700181 ], [ 55709.519868028903147, -17733.871891780319856 ], [ 55595.938534359054756, -17632.931085028700181 ], [ 55209.519868028903147, -17207.485846026349464 ], [ 55119.492732174854609, -17132.931085028700181 ], [ 54709.519868028903147, -16654.332881221169373 ], [ 54688.432410705165239, -16632.931085028700181 ], [ 54274.067945702685392, -16132.931085028700181 ], [ 54209.519868028903147, -16071.438303256916697 ], [ 53878.939854665135499, -15632.931085028700181 ], [ 53709.519868028903147, -15317.301773077226244 ], [ 53650.827343156226561, -15132.931085028700181 ], [ 53543.128740759406355, -14632.931085028700181 ], [ 53236.27405303370324, -14132.931085028700181 ], [ 53209.519868028903147, -14113.927944519527955 ], [ 52709.519868028903147, -13818.313984514461481 ], [ 52404.753554704017006, -13632.931085028700181 ], [ 52209.519868028903147, -13226.530721226503374 ], [ 52167.257403266485198, -13132.931085028700181 ], [ 52209.519868028903147, -13030.096727490512421 ], [ 52398.483277879407979, -12632.931085028700181 ], [ 52709.519868028903147, -12263.841379448276712 ], [ 53209.519868028903147, -12203.399168339499738 ], [ 53709.519868028903147, -12286.794125649743364 ], [ 54209.519868028903147, -12501.979918702432769 ], [ 54389.748637077020248, -12632.931085028700181 ], [ 54709.519868028903147, -13082.995750984657207 ], [ 54744.193258193932706, -13132.931085028700181 ], [ 54939.555037413621903, -13632.931085028700181 ], [ 55209.519868028903147, -14127.968453738139942 ], [ 55219.891513320399099, -14132.931085028700181 ], [ 55709.519868028903147, -14384.914257698765141 ], [ 56209.519868028903147, -14469.941751706486684 ], [ 56268.105783617080306, -14632.931085028700181 ], [ 56460.854586284345714, -15132.931085028700181 ], [ 56709.519868028903147, -15251.285408232943155 ], [ 57209.519868028903147, -15504.115478084175265 ], [ 57441.777539501068532, -15632.931085028700181 ], [ 57709.519868028903147, -15782.081485337170307 ], [ 58077.159575601064716, -16132.931085028700181 ], [ 58095.736525882108253, -16632.931085028700181 ], [ 57833.369845565859578, -17132.931085028700181 ], [ 57709.519868028903147, -17332.195695657195756 ], [ 57491.623042280189111, -17632.931085028700181 ], [ 57390.794832482206402, -18132.931085028700181 ], [ 57434.363804244130733, -18632.931085028700181 ], [ 57209.519868028903147, -19103.734489596812637 ], [ 56709.519868028903147, -19061.633407524510403 ] ] ] } },
{ "type": "Feature", "properties": { "center_id": "T11N001", "tree_id": "T11", "parent_id": "", "child_ids": "", "level": 1, "type": "basic", "main": 0, "contour_v": 34.0, "peak_ntl": 53.427669439983461, "area_km2": 12.242506952530061, "min_ntl": 31.253883361816406, "max_ntl": 58.497135162353516, "tntl": 2239.5346870422363, "avg_ntl": 44.790693740844723, "std_ntl": 7.1421994328939036, "perim_km": 15.417647783236216, "orient_deg": 173.32975296799074, "compact": 0.64720815877391458, "elongated": 1.6204395151967554, "ulig": 0.013497976627131784, "n_children": 0 }, "geometry": { "type": "Polygon", "coordinates": [ [ [ 17709.519868028906785, 3069.571047932608053 ], [ 17209.519868028906785, 3155.828971342998557 ], [ 16825.742567463759769, 3367.068914971299819 ], [ 16709.519868028906785, 3447.335683023920865 ], [ 16209.519868028906785, 3779.145008863226394 ], [ 16063.70711555926755, 3867.068914971299819 ], [ 15709.519868028906785, 4044.898296339306398 ], [ 15209.519868028906785, 4107.224669591407292 ], [ 14709.519868028906785, 4034.012533949382487 ], [ 14329.193145994478982, 3867.068914971299819 ], [ 14209.519868028906785, 3789.613006175335613 ], [ 13709.519868028906785, 3537.357368303302792 ], [ 13689.674157236308019, 3559.592379645971505 ], [ 13758.397958947161897, 3568.359870827945997 ], [ 13985.274075348021142, 4799.470994936689749 ], [ 13882.954817485524472, 5651.586483498604139 ], [ 14098.280741804974241, 5867.068914971299819 ], [ 14209.519868028906785, 6044.468757706999895 ], [ 14557.490218082184583, 6367.068914971299819 ], [ 14709.519868028906785, 6459.999634830586729 ], [ 15209.519868028906785, 6658.42040222833748 ], [ 15709.519868028906785, 6733.955492115492234 ], [ 16209.519868028906785, 6677.49865257689089 ], [ 16709.519868028906785, 6507.692282008429174 ], [ 16809.202899748273921, 6367.068914971299819 ], [ 17149.123088183205255, 5867.068914971299819 ], [ 17209.519868028906785, 5804.674610217043664 ], [ 17709.519868028906785, 5382.408419149855035 ], [ 17748.592077666096884, 5367.068914971299819 ], [ 18209.519868028906785, 5197.730790023488225 ], [ 18709.519868028906785, 4994.318158171357936 ], [ 18968.534930907666421, 4867.068914971299819 ], [ 19209.519868028906785, 4494.715528178130626 ], [ 19294.906050008237798, 4367.068914971299819 ], [ 19209.519868028906785, 4295.264979583153035 ], [ 18900.543444286598969, 3867.068914971299819 ], [ 18709.519868028906785, 3750.806491502997233 ], [ 18378.624627191598847, 3367.068914971299819 ], [ 18209.519868028906785, 3240.118069224627106 ], [ 17709.519868028906785, 3069.571047932608053 ] ] ] } },
{ "type": "Feature", "properties": { "center_id": "T12N001", "tree_id": "T12", "parent_id": "", "child_ids": "", "level": 1, "type": "basic", "main": 0, "contour_v": 34.0, "peak_ntl": 40.428204829990662, "area_km2": 11.467522656694698, "min_ntl": 31.325311660766602, "max_ntl": 43.832481384277344, "tntl": 1776.0675830841064, "avg_ntl": 37.788671980512902, "std_ntl": 3.2304575005976788, "perim_km": 14.589487526545456, "orient_deg": 175.3284212627002, "compact": 0.67701672371866117, "elongated": 1.4744339959244284, "ulig": 0.0048810911495328745, "n_children": 0 }, "geometry": { "type": "Polygon", "coordinates": [ [ [ 42378.005708590149879, -25632.931085028700181 ], [ 42209.519868028903147, -25604.893139300591429 ], [ 41709.519868028903147, -25469.122973476100015 ], [ 41209.519868028903147, -25311.176231539517175 ], [ 40709.519868028903147, -25229.636184448710992 ], [ 40209.519868028903147, -25265.572827979907743 ], [ 39709.519868028903147, -25247.479305345419561 ], [ 39567.427510448949761, -25132.931085028700181 ], [ 39545.85133360180771, -24632.931085028700181 ], [ 39709.519868028903147, -24376.978418794373283 ], [ 39838.032148995407624, -24132.931085028700181 ], [ 40051.47015941850259, -23632.931085028700181 ], [ 39709.932988088447019, -23132.931085028700181 ], [ 39709.519868028903147, -23132.306984911381733 ], [ 39549.975964334546006, -22632.931085028700181 ], [ 39709.519868028903147, -22346.989516732559423 ], [ 40209.519868028903147, -22199.288496566165122 ], [ 40644.273753209767165, -22632.931085028700181 ], [ 40709.519868028903147, -22788.669759094540495 ], [ 41209.519868028903147, -23070.352571405062918 ], [ 41709.519868028903147, -22701.298369240714237 ], [ 41789.562352947643376, -22632.931085028700181 ], [ 42209.519868028903147, -22407.778299477344262 ], [ 42709.519868028903147, -22403.577467951938161 ], [ 43089.222271558624925, -22632.931085028700181 ], [ 43209.519868028903147, -22789.963340856134892 ], [ 43440.421104970548186, -23132.931085028700181 ], [ 43709.519868028903147, -23627.569874524022453 ], [ 43715.286327125650132, -23632.931085028700181 ], [ 44209.519868028903147, -24075.606019503626158 ], [ 44231.835175690881442, -24132.931085028700181 ], [ 44209.519868028903147, -24193.407461158873048 ], [ 44035.990651687010541, -24632.931085028700181 ], [ 43766.210556961610564, -25132.931085028700181 ], [ 43709.519868028903147, -25201.916963168274378 ], [ 43209.519868028903147, -25602.324761688170838 ], [ 43014.524723742040806, -25632.931085028700181 ], [ 42709.519868028903147, -25662.070291279014782 ], [ 42378.005708590149879, -25632.931085028700181 ] ] ] } },
{ "type": "Feature", "properties": { "center_id": "T13N001", "tree_id": "T13", "parent_id": "", "child_ids": "", "level": 1, "type": "basic", "main": 0, "contour_v": 34.0, "peak_ntl": 48.967767303332245, "area_km2": 9.9929479751289563, "min_ntl": 32.685638427734375, "max_ntl": 54.050491333007812, "tntl": 1825.4691047668457, "avg_ntl": 44.52363670163038, "std_ntl": 5.5703587130045173, "perim_km": 13.923263681962373, "orient_deg": 121.53602652232541, "compact": 0.64777084076655089, "elongated": 2.5504823977956508, "ulig": 0.014342483100882453, "n_children": 0 }, "geometry": { "type": "Polygon", "coordinates": [ [ [ 19634.801294934990437, 17367.068914971299819 ], [ 19209.519868028906785, 17486.0149613885078 ], [ 18709.519868028906785, 17765.812693357387616 ], [ 18594.533582274849323, 17867.068914971299819 ], [ 18519.073746369209402, 18367.068914971299819 ], [ 18481.490001752496028, 18867.068914971299819 ], [ 18209.519868028906785, 19152.479589300099178 ], [ 17970.046071953493083, 19367.068914971299819 ], [ 17709.519868028906785, 19536.996482672882848 ], [ 17430.15147105764845, 19867.068914971299819 ], [ 17209.519868028906785, 20236.46685151654674 ], [ 17146.073345173830603, 20367.068914971299819 ], [ 16940.019118738189718, 20867.068914971299819 ], [ 16883.367520848270942, 21367.068914971299819 ], [ 16999.222350866486522, 21600.30872772602379 ], [ 17460.403491737164586, 21836.631973572439165 ], [ 17632.200753286422696, 22237.085315351192548 ], [ 17709.519868028906785, 22291.505279936143779 ], [ 18209.519868028906785, 22330.09386887805158 ], [ 18709.519868028906785, 21881.082899806599016 ], [ 18719.61586518770855, 21867.068914971299819 ], [ 18978.164035066514771, 21367.068914971299819 ], [ 19209.519868028906785, 20919.690675731937517 ], [ 19238.21831910605033, 20867.068914971299819 ], [ 19442.871967651448358, 20367.068914971299819 ], [ 19709.519868028906785, 19871.663416470822995 ], [ 19712.721167434992822, 19867.068914971299819 ], [ 20170.98755719696419, 19367.068914971299819 ], [ 20209.519868028906785, 19331.517456384761317 ], [ 20514.53834968267256, 18867.068914971299819 ], [ 20709.519868028906785, 18599.682076417433564 ], [ 20867.446956554911594, 18367.068914971299819 ], [ 20980.24972589681056, 17867.068914971299819 ], [ 20709.519868028906785, 17552.905606596308644 ], [ 20209.519868028906785, 17370.474100865401851 ], [ 20130.446302982451016, 17367.068914971299819 ], [ 19709.519868028906785, 17349.954868770430039 ], [ 19634.801294934990437, 17367.068914971299819 ] ] ] } },
{ "type": "Feature", "properties": { "center_id": "T14N001", "tree_id": "T14", "parent_id": "", "child_ids": "", "level": 1, "type": "basic", "main": 0, "contour_v": 34.0, "peak_ntl": 57.72004243165879, "area_km2": 10.096285491849418, "min_ntl": 30.934165954589844, "max_ntl": 64.206306457519531, "tntl": 1751.5509300231934, "avg_ntl": 43.788773250579837, "std_ntl": 9.4360327613608188, "perim_km": 13.837462785286723, "orient_deg": 6.684944852103115, "compact": 0.6626108680288797, "elongated": 1.4008046685741986, "ulig": 0.014454217937471004, "n_children": 0 }, "geometry": { "type": "Polygon", "coordinates": [ [ [ 62209.519868028903147, 1714.125587178961723 ], [ 61883.134482016175753, 1867.068914971299819 ], [ 61709.519868028903147, 2065.581412167884992 ], [ 61469.820234683895251, 2367.068914971299819 ], [ 61598.235639224629267, 2867.068914971299819 ], [ 61709.519868028903147, 2976.231601917272201 ], [ 62209.519868028903147, 3335.428202904455247 ], [ 62399.055030020666891, 3367.068914971299819 ], [ 62569.963528612934169, 3867.068914971299819 ], [ 62578.864761014658143, 4367.068914971299819 ], [ 62709.519868028903147, 4583.013264245004393 ], [ 62838.395921761883073, 4867.068914971299819 ], [ 63209.519868028903147, 5180.169051492659491 ], [ 63709.519868028903147, 5309.555650037276791 ], [ 64209.519868028903147, 5274.697867404771387 ], [ 64709.519868028903147, 5095.317773566755932 ], [ 64916.311072941956809, 4867.068914971299819 ], [ 65208.722917848761426, 4367.068914971299819 ], [ 65209.519868028903147, 4365.479695302958135 ], [ 65537.690845413337229, 3867.068914971299819 ], [ 65709.519868028903147, 3657.329165013710735 ], [ 65975.989340372718289, 3367.068914971299819 ], [ 66201.436767323379172, 2867.068914971299819 ], [ 66120.023492433858337, 2367.068914971299819 ], [ 65709.519868028903147, 2124.348762856796384 ], [ 65209.519868028903147, 2159.700335331333918 ], [ 64709.519868028903147, 2201.208048847634927 ], [ 64209.519868028903147, 2307.46416466194205 ], [ 64061.627819267014274, 2367.068914971299819 ], [ 63709.519868028903147, 2507.329507327958709 ], [ 63209.519868028903147, 2648.672714157684823 ], [ 63068.657508023112314, 2367.068914971299819 ], [ 62728.652972265612334, 1867.068914971299819 ], [ 62709.519868028903147, 1844.337266836475465 ], [ 62209.519868028903147, 1714.125587178961723 ] ] ] } },
{ "type": "Feature", "properties": { "center_id": "T15N001", "tree_id": "T15", "parent_id": "", "child_ids": "", "level": 1, "type": "basic", "main": 0, "contour_v": 34.0, "peak_ntl": 44.068781659967243, "area_km2": 8.9083240306650868, "min_ntl": 30.684991836547852, "max_ntl": 51.820545196533203, "tntl": 1497.3206653594971, "avg_ntl": 39.403175404197292, "std_ntl": 5.3571211015788007, "perim_km": 13.154274010654499, "orient_deg": 127.11782594670272, "compact": 0.6469520617619372, "elongated": 1.1110283852029392, "ulig": 0.0082885632874060092, "n_children": 0 }, "geometry": { "type": "Polygon", "coordinates": [ [ [ 47685.478408246781328, -19132.931085028700181 ], [ 47558.905966625374276, -18632.931085028700181 ], [ 47658.714813621307258, -18132.931085028700181 ], [ 47209.519868028903147, -17695.95049868003116 ], [ 46709.519868028903147, -17656.261218110957998 ], [ 46682.940668354625814, -17632.931085028700181 ], [ 46209.519868028903147, -17182.62558323443227 ], [ 46182.274367791847908, -17132.931085028700181 ], [ 46209.519868028903147, -16984.077116259941249 ], [ 46304.512229933752678, -16632.931085028700181 ], [ 46709.519868028903147, -16188.486672157887369 ], [ 46787.458869549038354, -16132.931085028700181 ], [ 47209.519868028903147, -15896.175797832838725 ], [ 47709.519868028903147, -15700.353046499221819 ], [ 48209.519868028903147, -15753.710964870755561 ], [ 48505.93465808162, -16132.931085028700181 ], [ 48709.519868028903147, -16477.971902734439936 ], [ 49209.519868028903147, -16603.96568474729429 ], [ 49709.519868028903147, -16502.827939791110111 ], [ 50209.519868028903147, -16576.223541958126589 ], [ 50271.526843065497815, -16632.931085028700181 ], [ 50518.449451777414652, -17132.931085028700181 ], [ 50489.507786309259245, -17632.931085028700181 ], [ 50378.525225542398402, -18132.931085028700181 ], [ 50209.519868028903147, -18514.937692731196876 ], [ 50008.256320496031549, -18632.931085028700181 ], [ 49709.519868028903147, -18773.553543826987152 ], [ 49340.239897387000383, -18632.931085028700181 ], [ 49209.519868028903147, -18575.731369754110347 ], [ 48709.519868028903147, -18410.723927705723327 ], [ 48391.490299162629526, -18632.931085028700181 ], [ 48209.519868028903147, -19081.869385695055826 ], [ 47985.239068618786405, -19132.931085028700181 ], [ 47709.519868028903147, -19146.024484550798661 ], [ 47685.478408246781328, -19132.931085028700181 ] ] ] } },
{ "type": "Feature", "properties": { "center_id": "T16N001", "tree_id": "T16", "parent_id": "", "child_ids": "", "level": 1, "type": "basic", "main": 0, "contour_v": 34.0, "peak_ntl": 94.355263751370131, "area_km2": 6.7684685351615403, "min_ntl": 31.989141464233398, "max_ntl": 150.05793762207031, "tntl": 1613.8272342681885, "avg_ntl": 59.77137904696994, "std_ntl": 25.623502912274628, "perim_km": 11.235521136243037, "orient_deg": 138.2964846225689, "compact": 0.67377336092417728, "elongated": 1.9396392842268113, "ulig": 0.031785270299815621, "n_children": 0 }, "geometry": { "type": "Polygon", "coordinates": [ [ [ 70709.519868028903147, 10753.975786422553938 ], [ 70706.827290173430811, 10755.176494467803423 ], [ 70284.486714613900403, 11190.368766293740919 ], [ 70177.161773389598238, 11588.845720828769117 ], [ 68875.609890959094628, 12744.551043214169113 ], [ 68637.783134811499622, 12742.994815170528454 ], [ 68483.550422919244738, 13052.473035908624297 ], [ 67746.924257642342127, 13392.679684101034582 ], [ 68209.519868028903147, 13843.7140158952825 ], [ 68290.466369645742816, 13867.068914971299819 ], [ 68709.519868028903147, 13993.299485952433315 ], [ 69209.519868028903147, 14081.296177290074411 ], [ 69709.519868028903147, 14117.446201710859896 ], [ 70209.519868028903147, 14050.161393942020368 ], [ 70517.313908066731528, 13867.068914971299819 ], [ 70709.519868028903147, 13705.632842269682442 ], [ 70975.578420358680887, 13367.068914971299819 ], [ 71209.519868028903147, 12982.847624987683957 ], [ 71281.61244613234885, 12867.068914971299819 ], [ 71546.736510541348252, 12367.068914971299819 ], [ 71695.640198884968413, 11867.068914971299819 ], [ 71641.473559816979105, 11367.068914971299819 ], [ 71223.883967792848125, 10867.068914971299819 ], [ 71209.519868028903147, 10856.113739870983409 ], [ 70709.519868028903147, 10753.975786422553938 ] ] ] } },
{ "type": "Feature", "properties": { "center_id": "T17N001", "tree_id": "T17", "parent_id": "", "child_ids": "", "level": 1, "type": "basic", "main": 0, "contour_v": 34.0, "peak_ntl": 51.833885106736766, "area_km2": 8.2711777319556745, "min_ntl": 30.957908630371094, "max_ntl": 60.358062744140625, "tntl": 1474.1543102264404, "avg_ntl": 42.118694577898296, "std_ntl": 7.0384770273996118, "perim_km": 15.095692061859909, "orient_deg": 80.017995738109349, "compact": 0.45611164569584117, "elongated": 1.9571227753594715, "ulig": 0.011733932823683438, "n_children": 0 }, "geometry": { "type": "Polygon", "coordinates": [ [ [ 43709.519868028903147, -19358.126100126566598 ], [ 43556.875784179035691, -19132.931085028700181 ], [ 43277.49607744574314, -18632.931085028700181 ], [ 43209.519868028903147, -18562.67637497355463 ], [ 42709.519868028903147, -18148.444789193948964 ], [ 42645.904705921027926, -18132.931085028700181 ], [ 42209.519868028903147, -17963.768657731357962 ], [ 41709.519868028903147, -17690.038145200960571 ], [ 41674.2968831682374, -17632.931085028700181 ], [ 41709.519868028903147, -17566.296312776714331 ], [ 42025.680948066714336, -17132.931085028700181 ], [ 42209.519868028903147, -17025.868401733168866 ], [ 42568.313260161565267, -16632.931085028700181 ], [ 42709.519868028903147, -16359.299063519021729 ], [ 42826.909513402017183, -16132.931085028700181 ], [ 42957.029593716171803, -15632.931085028700181 ], [ 42974.392516782550956, -15132.931085028700181 ], [ 42900.880387235389207, -14632.931085028700181 ], [ 42709.519868028903147, -14330.450391702528577 ], [ 42560.427127514907625, -14132.931085028700181 ], [ 42378.309477050584974, -13632.931085028700181 ], [ 42709.519868028903147, -13413.625443612720119 ], [ 43209.519868028903147, -13377.50226974846737 ], [ 43502.837401464712457, -13632.931085028700181 ], [ 43709.519868028903147, -14031.853488430715515 ], [ 43738.684143340360606, -14132.931085028700181 ], [ 43818.462219645254663, -14632.931085028700181 ], [ 43804.113648666592781, -15132.931085028700181 ], [ 43709.519868028903147, -15585.766031178660342 ], [ 43682.763307431669091, -15632.931085028700181 ], [ 43709.519868028903147, -15650.30823991158104 ], [ 43934.423265272358549, -16132.931085028700181 ], [ 44209.519868028903147, -16437.601214847672964 ], [ 44321.058914960347465, -16632.931085028700181 ], [ 44507.149107486300636, -17132.931085028700181 ], [ 44552.880742193374317, -17632.931085028700181 ], [ 44584.126795458520064, -18132.931085028700181 ], [ 44509.153518405160867, -18632.931085028700181 ], [ 44228.78732009579835, -19132.931085028700181 ], [ 44209.519868028903147, -19164.674240888183704 ], [ 43709.519868028903147, -19358.126100126566598 ] ] ] } },
{ "type": "Feature", "properties": { "center_id": "T18N001", "tree_id": "T18", "parent_id": "", "child_ids": "", "level": 1, "type": "basic", "main": 0, "contour_v": 34.0, "peak_ntl": 66.059582291806322, "area_km2": 7.6513737892898348, "min_ntl": 30.314308166503906, "max_ntl": 84.299491882324219, "tntl": 1496.725414276123, "avg_ntl": 46.772669196128845, "std_ntl": 13.572018585509259, "perim_km": 10.95036328708056, "orient_deg": 110.97672422409381, "compact": 0.80184832797030092, "elongated": 1.2421631118682619, "ulig": 0.02097083590575137, "n_children": 0 }, "geometry": { "type": "Polygon", "coordinates": [ [ [ 39709.519868028903147, 19236.724837935937103 ], [ 39439.4466586819035, 19367.068914971299819 ], [ 39209.519868028903147, 19632.593198216192832 ], [ 39119.424395374357118, 19867.068914971299819 ], [ 38971.159559293548227, 20367.068914971299819 ], [ 38847.780006104003405, 20867.068914971299819 ], [ 38852.359622066884185, 21367.068914971299819 ], [ 39158.521042591019068, 21867.068914971299819 ], [ 39209.519868028903147, 21918.691922527475981 ], [ 39709.519868028903147, 22273.244980609364575 ], [ 39919.773682339990046, 22367.068914971299819 ], [ 39841.198425501657766, 22867.068914971299819 ], [ 40209.519868028903147, 23205.600390445237281 ], [ 40542.591120782613871, 22867.068914971299819 ], [ 40709.519868028903147, 22589.560174592545081 ], [ 40793.027129616064485, 22367.068914971299819 ], [ 41209.519868028903147, 22021.946302660544461 ], [ 41310.852259592356859, 21867.068914971299819 ], [ 41647.943781392576057, 21367.068914971299819 ], [ 41709.519868028903147, 21200.947761597039062 ], [ 41837.33922288773465, 20867.068914971299819 ], [ 41878.681866945917136, 20367.068914971299819 ], [ 41709.519868028903147, 19925.499599150694849 ], [ 41532.761993499487289, 19867.068914971299819 ], [ 41209.519868028903147, 19808.00985940679675 ], [ 40709.519868028903147, 19603.249854155961657 ], [ 40233.421870269303326, 19367.068914971299819 ], [ 40209.519868028903147, 19350.40258595153864 ], [ 39709.519868028903147, 19236.724837935937103 ] ] ] } },
{ "type": "Feature", "properties": { "center_id": "T19N001", "tree_id": "T19", "parent_id": "", "child_ids": "", "level": 1, "type": "basic", "main": 0, "contour_v": 34.0, "peak_ntl": 52.767631163379995, "area_km2": 6.3130579615964919, "min_ntl": 34.452285766601562, "max_ntl": 59.815074920654297, "tntl": 1196.0265197753906, "avg_ntl": 44.297278510199654, "std_ntl": 6.5119716567387105, "perim_km": 9.2064905725703916, "orient_deg": 69.861469356502823, "compact": 0.93596889299690322, "elongated": 1.3565672147261101, "ulig": 0.014506324722871146, "n_children": 0 }, "geometry": { "type": "Polygon", "coordinates": [ [ [ 33209.519868028903147, 15093.653578283236129 ], [ 32709.519868028906785, 15016.888392596403719 ], [ 32209.519868028906785, 15087.28933419068926 ], [ 31815.40655401508775, 15367.068914971299819 ], [ 31709.519868028906785, 15564.302530911678332 ], [ 31593.95473719416259, 15867.068914971299819 ], [ 31601.694233937148965, 16367.068914971299819 ], [ 31709.519868028906785, 16749.688851778380922 ], [ 31773.863947701687721, 16867.068914971299819 ], [ 32122.217334375734936, 17367.068914971299819 ], [ 32209.519868028906785, 17484.487049662377103 ], [ 32622.767277271548664, 17867.068914971299819 ], [ 32709.519868028906785, 17945.740612962756131 ], [ 33209.519868028903147, 18136.34394675585645 ], [ 33709.519868028903147, 18034.024533960917324 ], [ 33895.870677012397209, 17867.068914971299819 ], [ 34209.519868028903147, 17559.446283015327936 ], [ 34315.074853003316093, 17367.068914971299819 ], [ 34330.248212153077475, 16867.068914971299819 ], [ 34209.519868028903147, 16580.072128387866542 ], [ 34079.206531407340663, 16367.068914971299819 ], [ 33961.808153168371064, 15867.068914971299819 ], [ 33780.182063618747634, 15367.068914971299819 ], [ 33709.519868028903147, 15309.434333349970984 ], [ 33209.519868028903147, 15093.653578283236129 ] ] ] } }
]
}
