Year,BoundaryName,BoundaryGB,TNTL,ValidPixelCount,AnnualMean,AnnualMin,AnnualMax,HasPositivePixels,DatasetID,Band,PreprocessingID
2017,北京市,156110000,361065.607892292,37245,9.78550516336284,1.00004816055298,245.830963134766,true,projects/sat-io/open-datasets/npp-viirs-ntl,b1,longntl_annual_native500m_positive_pixel_sum_v1
2017,天津市,156120000,328648.435332313,39828,8.31057089775704,1.00006806850433,224.766021728516,true,projects/sat-io/open-datasets/npp-viirs-ntl,b1,longntl_annual_native500m_positive_pixel_sum_v1
2017,石家庄市,156130100,82943.7459755191,18017,4.61495557642989,1.00004637241364,82.6439208984375,true,projects/sat-io/open-datasets/npp-viirs-ntl,b1,longntl_annual_native500m_positive_pixel_sum_v1
2017,唐山市,156130200,119270.7777141,25455,4.70158687457901,1.00001323223114,108.041702270508,true,projects/sat-io/open-datasets/npp-viirs-ntl,b1,longntl_annual_native500m_positive_pixel_sum_v1
2017,秦皇岛市,156130300,36786.3359022776,6870,5.41977592658675,1.00021886825562,62.8767929077148,true,projects/sat-io/open-datasets/npp-viirs-ntl,b1,longntl_annual_native500m_positive_pixel_sum_v1
2017,邯郸市,156130400,47312.030685954,14440,3.29730027795564,1.00007498264313,43.1675682067871,true,projects/sat-io/open-datasets/npp-viirs-ntl,b1,longntl_annual_native500m_positive_pixel_sum_v1
2017,邢台市,156130500,35545.9711779356,12174,2.94757185761522,1.00003373622894,50.1661376953125,true,projects/sat-io/open-datasets/npp-viirs-ntl,b1,longntl_annual_native500m_positive_pixel_sum_v1
2017,保定市,156130600,71498.626296639,23569,3.05408062084214,1.00008320808411,59.8658409118652,true,projects/sat-io/open-datasets/npp-viirs-ntl,b1,longntl_annual_native500m_positive_pixel_sum_v1
2017,张家口市,156130700,36567.9970624045,8375,4.38166447426786,1.000075340271,97.4649124145508,true,projects/sat-io/open-datasets/npp-viirs-ntl,b1,longntl_annual_native500m_positive_pixel_sum_v1
2017,承德市,156130800,20695.3140738595,5097,4.0721611985939,1.00010991096497,102.484786987305,true,projects/sat-io/open-datasets/npp-viirs-ntl,b1,longntl_annual_native500m_positive_pixel_sum_v1
2017,沧州市,156130900,69733.3124780501,20012,3.51262183300024,1.00006413459778,101.043151855469,true,projects/sat-io/open-datasets/npp-viirs-ntl,b1,longntl_annual_native500m_positive_pixel_sum_v1
2017,廊坊市,156131000,73825.2350445803,19905,3.79404159511085,1.00003588199615,58.3057823181152,true,projects/sat-io/open-datasets/npp-viirs-ntl,b1,longntl_annual_native500m_positive_pixel_sum_v1
2017,衡水市,156131100,20155.7321035857,6522,3.12388268519121,1.0000958442688,42.9396934509277,true,projects/sat-io/open-datasets/npp-viirs-ntl,b1,longntl_annual_native500m_positive_pixel_sum_v1
2017,太原市,156140100,94649.2634124083,8544,11.1892410408947,1.000279545784,191.415939331055,true,projects/sat-io/open-datasets/npp-viirs-ntl,b1,longntl_annual_native500m_positive_pixel_sum_v1
2017,大同市,156140200,45652.6545342202,7219,6.36731566650413,1.00041925907135,120.509994506836,true,projects/sat-io/open-datasets/npp-viirs-ntl,b1,longntl_annual_native500m_positive_pixel_sum_v1
2017,阳泉市,156140300,12414.2103149858,3154,3.94436320157069,1.00042176246643,52.9865646362305,true,projects/sat-io/open-datasets/npp-viirs-ntl,b1,longntl_annual_native500m_positive_pixel_sum_v1
2017,长治市,156140400,37630.1015253249,8614,4.37152865573589,1.0001528263092,100.884429931641,true,projects/sat-io/open-datasets/npp-viirs-ntl,b1,longntl_annual_native500m_positive_pixel_sum_v1
2017,晋城市,156140500,17540.6278189841,4684,3.74954321191656,1.00000143051147,95.4445648193359,true,projects/sat-io/open-datasets/npp-viirs-ntl,b1,longntl_annual_native500m_positive_pixel_sum_v1
2017,朔州市,156140600,27501.0920489092,6153,4.49309258733029,1.00001859664917,63.9415893554688,true,projects/sat-io/open-datasets/npp-viirs-ntl,b1,longntl_annual_native500m_positive_pixel_sum_v1
2017,晋中市,156140700,39301.0552976543,9472,4.2057345268888,1.00008583068848,60.2192916870117,true,projects/sat-io/open-datasets/npp-viirs-ntl,b1,longntl_annual_native500m_positive_pixel_sum_v1
2017,运城市,156140800,22728.4466632628,6562,3.5103102475201,1.00004804134369,37.6305541992188,true,projects/sat-io/open-datasets/npp-viirs-ntl,b1,longntl_annual_native500m_positive_pixel_sum_v1
2017,忻州市,156140900,28788.3236605191,8027,3.61703164532424,1.00012731552124,54.3533897399902,true,projects/sat-io/open-datasets/npp-viirs-ntl,b1,longntl_annual_native500m_positive_pixel_sum_v1
2017,临汾市,156141000,24559.2308589351,6769,3.65792412614501,1.00022292137146,96.0149765014648,true,projects/sat-io/open-datasets/npp-viirs-ntl,b1,longntl_annual_native500m_positive_pixel_sum_v1
2017,吕梁市,156141100,32494.2684267516,10254,3.19331220737613,1.00002884864807,65.7038650512695,true,projects/sat-io/open-datasets/npp-viirs-ntl,b1,longntl_annual_native500m_positive_pixel_sum_v1
2017,呼和浩特市,156150100,78638.2513221488,8455,9.30893292832176,1.0001072883606,141.059234619141,true,projects/sat-io/open-datasets/npp-viirs-ntl,b1,longntl_annual_native500m_positive_pixel_sum_v1
2017,包头市,156150200,49814.6896987719,6153,8.11568152080987,1.00022411346436,143.820831298828,true,projects/sat-io/open-datasets/npp-viirs-ntl,b1,longntl_annual_native500m_positive_pixel_sum_v1
2017,乌海市,156150300,10556.7713171898,2999,3.64538775356235,1.00005400180817,37.9099998474121,true,projects/sat-io/open-datasets/npp-viirs-ntl,b1,longntl_annual_native500m_positive_pixel_sum_v1
2017,赤峰市,156150400,28819.1326870783,4790,6.04229829433603,1.00085759162903,79.5908660888672,true,projects/sat-io/open-datasets/npp-viirs-ntl,b1,longntl_annual_native500m_positive_pixel_sum_v1
2017,通辽市,156150500,22737.7207284839,4259,5.34888714961575,1.00031745433807,91.1350021362305,true,projects/sat-io/open-datasets/npp-viirs-ntl,b1,longntl_annual_native500m_positive_pixel_sum_v1
2017,鄂尔多斯市,156150600,60157.8124046405,12186,5.02392785150346,1.0000536441803,205.797576904297,true,projects/sat-io/open-datasets/npp-viirs-ntl,b1,longntl_annual_native500m_positive_pixel_sum_v1
2017,呼伦贝尔市,156150700,19494.8724835919,4858,4.02847659085921,1.0001015663147,88.7469024658203,true,projects/sat-io/open-datasets/npp-viirs-ntl,b1,longntl_annual_native500m_positive_pixel_sum_v1
2017,巴彦淖尔市,156150800,9771.08395153027,2813,3.48107740640438,1.00053155422211,50.3247222900391,true,projects/sat-io/open-datasets/npp-viirs-ntl,b1,longntl_annual_native500m_positive_pixel_sum_v1
2017,乌兰察布市,156150900,14573.366838185,3843,3.80915184884909,1.00006699562073,102.100929260254,true,projects/sat-io/open-datasets/npp-viirs-ntl,b1,longntl_annual_native500m_positive_pixel_sum_v1
2017,兴安盟,156152200,9167.96760560671,2003,4.59668326696641,1.0002589225769,60.8349990844727,true,projects/sat-io/open-datasets/npp-viirs-ntl,b1,longntl_annual_native500m_positive_pixel_sum_v1
2017,锡林郭勒盟,156152500,20512.2713060954,3811,5.38609338244523,1.00006222724915,71.4736022949219,true,projects/sat-io/open-datasets/npp-viirs-ntl,b1,longntl_annual_native500m_positive_pixel_sum_v1
2017,阿拉善盟,156152900,14119.9917343649,1861,7.76662135220968,1.00067389011383,141.849411010742,true,projects/sat-io/open-datasets/npp-viirs-ntl,b1,longntl_annual_native500m_positive_pixel_sum_v1
2017,沈阳市,156210100,147291.380863254,14632,10.1492261530988,1.00018894672394,177.174224853516,true,projects/sat-io/open-datasets/npp-viirs-ntl,b1,longntl_annual_native500m_positive_pixel_sum_v1
2017,大连市,156210200,88836.691302745,10997,8.17126905434368,1.00000977516174,133.118896484375,true,projects/sat-io/open-datasets/npp-viirs-ntl,b1,longntl_annual_native500m_positive_pixel_sum_v1
2017,鞍山市,156210300,40031.7043193803,6173,6.58121172555,1.00014865398407,88.4801635742188,true,projects/sat-io/open-datasets/npp-viirs-ntl,b1,longntl_annual_native500m_positive_pixel_sum_v1
2017,抚顺市,156210400,25398.4200891079,3439,7.51551134965316,1.00058424472809,113.207565307617,true,projects/sat-io/open-datasets/npp-viirs-ntl,b1,longntl_annual_native500m_positive_pixel_sum_v1
2017,本溪市,156210500,18202.4371552865,3109,5.92254319406785,1.0004346370697,66.5072784423828,true,projects/sat-io/open-datasets/npp-viirs-ntl,b1,longntl_annual_native500m_positive_pixel_sum_v1
2017,丹东市,156210600,14423.5167191809,2930,5.00204238465051,1.00067257881165,58.5292510986328,true,projects/sat-io/open-datasets/npp-viirs-ntl,b1,longntl_annual_native500m_positive_pixel_sum_v1
2017,锦州市,156210700,23172.168472809,4110,5.7299508650984,1.00000071525574,93.1699981689453,true,projects/sat-io/open-datasets/npp-viirs-ntl,b1,longntl_annual_native500m_positive_pixel_sum_v1
2017,营口市,156210800,31375.184045153,5861,5.41614276532743,1.0001962184906,57.6314697265625,true,projects/sat-io/open-datasets/npp-viirs-ntl,b1,longntl_annual_native500m_positive_pixel_sum_v1
2017,阜新市,156210900,9922.78029368672,2008,4.94961782053687,1.00076246261597,55.4249305725098,true,projects/sat-io/open-datasets/npp-viirs-ntl,b1,longntl_annual_native500m_positive_pixel_sum_v1
2017,辽阳市,156211000,29400.2826668253,4799,6.2860305738121,1.00002682209015,106.266189575195,true,projects/sat-io/open-datasets/npp-viirs-ntl,b1,longntl_annual_native500m_positive_pixel_sum_v1
2017,盘锦市,156211100,41825.7895983327,6075,7.0098305490999,1.00026679039001,395.527099609375,true,projects/sat-io/open-datasets/npp-viirs-ntl,b1,longntl_annual_native500m_positive_pixel_sum_v1
2017,铁岭市,156211200,13074.7194309183,3425,3.87051450651635,1.00009882450104,34.4831008911133,true,projects/sat-io/open-datasets/npp-viirs-ntl,b1,longntl_annual_native500m_positive_pixel_sum_v1
2017,朝阳市,156211300,14508.9865278866,3277,4.45918657999819,1.00025856494904,51.8776931762695,true,projects/sat-io/open-datasets/npp-viirs-ntl,b1,longntl_annual_native500m_positive_pixel_sum_v1
2017,葫芦岛市,156211400,20328.9492379628,4168,5.01910484366306,1.00075650215149,96.7610321044922,true,projects/sat-io/open-datasets/npp-viirs-ntl,b1,longntl_annual_native500m_positive_pixel_sum_v1
2017,长春市,156220100,136405.106985306,15017,9.09458444629959,1.00016140937805,139.90901184082,true,projects/sat-io/open-datasets/npp-viirs-ntl,b1,longntl_annual_native500m_positive_pixel_sum_v1
2017,吉林市,156220200,34428.5497792099,5061,6.82235568811859,1.00011539459229,101.730270385742,true,projects/sat-io/open-datasets/npp-viirs-ntl,b1,longntl_annual_native500m_positive_pixel_sum_v1
2017,四平市,156220300,15898.3706123642,2636,6.10170781970517,1.00013220310211,77.7254257202148,true,projects/sat-io/open-datasets/npp-viirs-ntl,b1,longntl_annual_native500m_positive_pixel_sum_v1
2017,辽源市,156220400,7862.65972543698,1328,5.97723032109383,1.00107336044312,68.2346496582031,true,projects/sat-io/open-datasets/npp-viirs-ntl,b1,longntl_annual_native500m_positive_pixel_sum_v1
2017,通化市,156220500,8438.91956985277,2109,4.04272910756715,1.00170075893402,49.9653396606445,true,projects/sat-io/open-datasets/npp-viirs-ntl,b1,longntl_annual_native500m_positive_pixel_sum_v1
2017,白山市,156220600,5105.46503544836,1552,3.34143586726416,1.00013756752014,26.6933822631836,true,projects/sat-io/open-datasets/npp-viirs-ntl,b1,longntl_annual_native500m_positive_pixel_sum_v1
2017,松原市,156220700,20179.6610503113,3303,6.11252098695889,1.00042915344238,111.16724395752,true,projects/sat-io/open-datasets/npp-viirs-ntl,b1,longntl_annual_native500m_positive_pixel_sum_v1
2017,白城市,156220800,9614.63176814995,2213,4.36149420842871,1.00015115737915,47.5299453735352,true,projects/sat-io/open-datasets/npp-viirs-ntl,b1,longntl_annual_native500m_positive_pixel_sum_v1
2017,延边朝鲜族自治州,156222400,24444.1206186603,3870,6.33482331478769,1.00008034706116,78.1173553466797,true,projects/sat-io/open-datasets/npp-viirs-ntl,b1,longntl_annual_native500m_positive_pixel_sum_v1
2017,哈尔滨市,156230100,108180.58180402,12734,8.49979428722915,1.00002884864807,274.775329589844,true,projects/sat-io/open-datasets/npp-viirs-ntl,b1,longntl_annual_native500m_positive_pixel_sum_v1
2017,齐齐哈尔市,156230200,32352.5775168564,4673,6.93300978935042,1.00014317035675,75.5450134277344,true,projects/sat-io/open-datasets/npp-viirs-ntl,b1,longntl_annual_native500m_positive_pixel_sum_v1
2017,鸡西市,156230300,9274.17519733345,2091,4.43962025388416,1.00005006790161,76.1741027832031,true,projects/sat-io/open-datasets/npp-viirs-ntl,b1,longntl_annual_native500m_positive_pixel_sum_v1
2017,鹤岗市,156230400,5528.59826552915,1300,4.28055600067385,1.00308001041412,91.4000015258789,true,projects/sat-io/open-datasets/npp-viirs-ntl,b1,longntl_annual_native500m_positive_pixel_sum_v1
2017,双鸭山市,156230500,8332.31970527079,2132,3.91311194674583,1.00055277347565,63.793327331543,true,projects/sat-io/open-datasets/npp-viirs-ntl,b1,longntl_annual_native500m_positive_pixel_sum_v1
2017,大庆市,156230600,80015.3313427392,10063,8.0547481705205,1.00051712989807,150.470291137695,true,projects/sat-io/open-datasets/npp-viirs-ntl,b1,longntl_annual_native500m_positive_pixel_sum_v1
2017,伊春市,156230700,3261.2109009121,960,3.40655734774941,1.00441515445709,28.3433074951172,true,projects/sat-io/open-datasets/npp-viirs-ntl,b1,longntl_annual_native500m_positive_pixel_sum_v1
2017,佳木斯市,156230800,27448.0750834161,4132,6.74865460612718,1.00050187110901,93.838249206543,true,projects/sat-io/open-datasets/npp-viirs-ntl,b1,longntl_annual_native500m_positive_pixel_sum_v1
2017,七台河市,156230900,4311.1144105196,1227,3.51354067687009,1.00001204013824,46.2110443115234,true,projects/sat-io/open-datasets/npp-viirs-ntl,b1,longntl_annual_native500m_positive_pixel_sum_v1
2017,牡丹江市,156231000,20549.6737201985,2915,7.06543789307073,1.00016140937805,132.234725952148,true,projects/sat-io/open-datasets/npp-viirs-ntl,b1,longntl_annual_native500m_positive_pixel_sum_v1
2017,黑河市,156231100,8693.71356937465,1795,4.94363053773799,1.00030696392059,57.6797561645508,true,projects/sat-io/open-datasets/npp-viirs-ntl,b1,longntl_annual_native500m_positive_pixel_sum_v1
2017,绥化市,156231200,17614.8933838727,4352,4.18929314423545,1.00032579898834,122.842208862305,true,projects/sat-io/open-datasets/npp-viirs-ntl,b1,longntl_annual_native500m_positive_pixel_sum_v1
2017,大兴安岭地区,156232700,514.457162699512,223,2.33257901688049,1.00086879730225,18.5342082977295,true,projects/sat-io/open-datasets/npp-viirs-ntl,b1,longntl_annual_native500m_positive_pixel_sum_v1
2017,上海市,156310000,473376.166910915,27487,17.4216127319947,1.0000319480896,256.929534912109,true,projects/sat-io/open-datasets/npp-viirs-ntl,b1,longntl_annual_native500m_positive_pixel_sum_v1
2017,南京市,156320100,165677.620817396,19823,8.4710361266828,1.00012981891632,124.443145751953,true,projects/sat-io/open-datasets/npp-viirs-ntl,b1,longntl_annual_native500m_positive_pixel_sum_v1
2017,无锡市,156320200,158012.23537752,17993,8.99605624617494,1.00025033950806,95.9297180175781,true,projects/sat-io/open-datasets/npp-viirs-ntl,b1,longntl_annual_native500m_positive_pixel_sum_v1
2017,徐州市,156320300,81576.3447144578,16217,5.08397116932416,1.00013554096222,61.0250015258789,true,projects/sat-io/open-datasets/npp-viirs-ntl,b1,longntl_annual_native500m_positive_pixel_sum_v1
2017,常州市,156320400,102249.887271084,13530,7.77442571656483,1.00028705596924,62.4735145568848,true,projects/sat-io/open-datasets/npp-viirs-ntl,b1,longntl_annual_native500m_positive_pixel_sum_v1
2017,苏州市,156320500,387505.669333108,32435,12.125770384549,1.00054168701172,205.851776123047,true,projects/sat-io/open-datasets/npp-viirs-ntl,b1,longntl_annual_native500m_positive_pixel_sum_v1
2017,南通市,156320600,122602.15627724,19944,6.16132762336061,1.00004506111145,66.5908050537109,true,projects/sat-io/open-datasets/npp-viirs-ntl,b1,longntl_annual_native500m_positive_pixel_sum_v1
2017,连云港市,156320700,52047.4523620577,10449,5.03636092748664,1.00007748603821,91.5173950195312,true,projects/sat-io/open-datasets/npp-viirs-ntl,b1,longntl_annual_native500m_positive_pixel_sum_v1
2017,淮安市,156320800,54406.319147217,8396,6.49220944983153,1.00003969669342,75.6980438232422,true,projects/sat-io/open-datasets/npp-viirs-ntl,b1,longntl_annual_native500m_positive_pixel_sum_v1
2017,盐城市,156320900,86101.5156327239,15333,5.66005965994213,1.00005149841309,319.87890625,true,projects/sat-io/open-datasets/npp-viirs-ntl,b1,longntl_annual_native500m_positive_pixel_sum_v1
2017,扬州市,156321000,72840.9268477309,12353,5.99164155837451,1.00000238418579,133.141036987305,true,projects/sat-io/open-datasets/npp-viirs-ntl,b1,longntl_annual_native500m_positive_pixel_sum_v1
2017,镇江市,156321100,77326.7600731845,13498,5.90097602379925,1.00014865398407,77.9251403808594,true,projects/sat-io/open-datasets/npp-viirs-ntl,b1,longntl_annual_native500m_positive_pixel_sum_v1
2017,泰州市,156321200,77696.0066934314,14890,5.29079199906669,1.00001585483551,76.0117111206055,true,projects/sat-io/open-datasets/npp-viirs-ntl,b1,longntl_annual_native500m_positive_pixel_sum_v1
2017,宿迁市,156321300,43231.7231126977,8242,5.26501543755434,1.0000866651535,227.295120239258,true,projects/sat-io/open-datasets/npp-viirs-ntl,b1,longntl_annual_native500m_positive_pixel_sum_v1
2017,杭州市,156330100,195234.294729891,19921,9.90108512871125,1.00020098686218,263.968841552734,true,projects/sat-io/open-datasets/npp-viirs-ntl,b1,longntl_annual_native500m_positive_pixel_sum_v1
2017,宁波市,156330200,203363.095709914,22770,8.97815958667868,1.00004386901855,142.555938720703,true,projects/sat-io/open-datasets/npp-viirs-ntl,b1,longntl_annual_native500m_positive_pixel_sum_v1
2017,温州市,156330300,107392.672135905,15776,6.83648957734441,1.00025916099548,174.445190429688,true,projects/sat-io/open-datasets/npp-viirs-ntl,b1,longntl_annual_native500m_positive_pixel_sum_v1
2017,嘉兴市,156330400,95991.9239713066,18604,5.24313116934943,1.00009942054749,73.4530334472656,true,projects/sat-io/open-datasets/npp-viirs-ntl,b1,longntl_annual_native500m_positive_pixel_sum_v1
2017,湖州市,156330500,58335.646372855,13222,4.48636946466631,1.00002455711365,70.4722290039062,true,projects/sat-io/open-datasets/npp-viirs-ntl,b1,longntl_annual_native500m_positive_pixel_sum_v1
2017,绍兴市,156330600,82202.5061361388,14399,5.77585618160214,1.00004315376282,74.099723815918,true,projects/sat-io/open-datasets/npp-viirs-ntl,b1,longntl_annual_native500m_positive_pixel_sum_v1
2017,金华市,156330700,113105.123485785,16223,6.98462811821473,1.00005900859833,93.8929901123047,true,projects/sat-io/open-datasets/npp-viirs-ntl,b1,longntl_annual_native500m_positive_pixel_sum_v1
2017,衢州市,156330800,20910.7828282501,5129,4.0858835357052,1.00031042098999,40.9641647338867,true,projects/sat-io/open-datasets/npp-viirs-ntl,b1,longntl_annual_native500m_positive_pixel_sum_v1
2017,舟山市,156330900,18845.6135629453,3924,5.03179030562779,1.00016009807587,156.447662353516,true,projects/sat-io/open-datasets/npp-viirs-ntl,b1,longntl_annual_native500m_positive_pixel_sum_v1
2017,台州市,156331000,87381.2224918328,14457,6.07098912028094,1.00018382072449,116.463150024414,true,projects/sat-io/open-datasets/npp-viirs-ntl,b1,longntl_annual_native500m_positive_pixel_sum_v1
2017,丽水市,156331100,24923.4367382774,4617,5.41692388514829,1.00088608264923,60.2529754638672,true,projects/sat-io/open-datasets/npp-viirs-ntl,b1,longntl_annual_native500m_positive_pixel_sum_v1
2017,合肥市,156340100,141084.270089882,13969,10.1398348305245,1.00030112266541,129.21418762207,true,projects/sat-io/open-datasets/npp-viirs-ntl,b1,longntl_annual_native500m_positive_pixel_sum_v1
2017,芜湖市,156340200,49273.7172837313,8755,5.69896460296491,1.00012588500977,71.4670333862305,true,projects/sat-io/open-datasets/npp-viirs-ntl,b1,longntl_annual_native500m_positive_pixel_sum_v1
2017,蚌埠市,156340300,32678.3025106996,4740,6.96470256785524,1.00053799152374,76.6626281738281,true,projects/sat-io/open-datasets/npp-viirs-ntl,b1,longntl_annual_native500m_positive_pixel_sum_v1
2017,淮南市,156340400,24964.5128909747,5636,4.44817706983926,1.0000319480896,85.5150756835938,true,projects/sat-io/open-datasets/npp-viirs-ntl,b1,longntl_annual_native500m_positive_pixel_sum_v1
2017,马鞍山市,156340500,36746.6702460953,6748,5.5906244482727,1.00072598457336,77.7376327514648,true,projects/sat-io/open-datasets/npp-viirs-ntl,b1,longntl_annual_native500m_positive_pixel_sum_v1
2017,淮北市,156340600,18347.8092036177,3999,4.71429369289123,1.00005531311035,57.7092590332031,true,projects/sat-io/open-datasets/npp-viirs-ntl,b1,longntl_annual_native500m_positive_pixel_sum_v1
2017,铜陵市,156340700,12480.2345539397,2275,5.53805481091132,1.00006151199341,56.2170295715332,true,projects/sat-io/open-datasets/npp-viirs-ntl,b1,longntl_annual_native500m_positive_pixel_sum_v1
2017,安庆市,156340800,19819.1564202098,3801,5.26775028080386,1.00001645088196,49.0614624023438,true,projects/sat-io/open-datasets/npp-viirs-ntl,b1,longntl_annual_native500m_positive_pixel_sum_v1
2017,黄山市,156341000,4900.73577772496,1483,3.31317787548315,1.00007915496826,25.6642570495605,true,projects/sat-io/open-datasets/npp-viirs-ntl,b1,longntl_annual_native500m_positive_pixel_sum_v1
2017,滁州市,156341100,49460.9817338331,9167,5.46574237686471,1.00000059604645,69.1725387573242,true,projects/sat-io/open-datasets/npp-viirs-ntl,b1,longntl_annual_native500m_positive_pixel_sum_v1
2017,阜阳市,156341200,46699.2275464236,9664,4.85610981360973,1.00000584125519,56.5460395812988,true,projects/sat-io/open-datasets/npp-viirs-ntl,b1,longntl_annual_native500m_positive_pixel_sum_v1
2017,宿州市,156341300,24817.3495230329,6071,4.18632123123931,1.0002361536026,50.3011856079102,true,projects/sat-io/open-datasets/npp-viirs-ntl,b1,longntl_annual_native500m_positive_pixel_sum_v1
2017,六安市,156341500,29519.8167545791,5961,4.98250477888006,1.00003743171692,86.252799987793,true,projects/sat-io/open-datasets/npp-viirs-ntl,b1,longntl_annual_native500m_positive_pixel_sum_v1
2017,亳州市,156341600,29679.173708013,5633,5.29679603334162,1.00014662742615,51.7379875183105,true,projects/sat-io/open-datasets/npp-viirs-ntl,b1,longntl_annual_native500m_positive_pixel_sum_v1
2017,池州市,156341700,7561.67147790778,1913,4.01628451217967,1.00050759315491,37.3393859863281,true,projects/sat-io/open-datasets/npp-viirs-ntl,b1,longntl_annual_native500m_positive_pixel_sum_v1
2017,宣城市,156341800,20400.3667802582,4717,4.35461564968645,1.00027167797089,48.8641777038574,true,projects/sat-io/open-datasets/npp-viirs-ntl,b1,longntl_annual_native500m_positive_pixel_sum_v1
2017,福州市,156350100,114376.511591635,16685,6.94503562189715,1.00007498264313,178.489990234375,true,projects/sat-io/open-datasets/npp-viirs-ntl,b1,longntl_annual_native500m_positive_pixel_sum_v1
2017,厦门市,156350200,79767.3094256177,4778,17.0374584891203,1.00054562091827,109.829177856445,true,projects/sat-io/open-datasets/npp-viirs-ntl,b1,longntl_annual_native500m_positive_pixel_sum_v1
2017,莆田市,156350300,46859.7770684018,6515,7.25997027321239,1.00102305412292,68.4483184814453,true,projects/sat-io/open-datasets/npp-viirs-ntl,b1,longntl_annual_native500m_positive_pixel_sum_v1
2017,三明市,156350400,18797.4513759272,4248,4.43626616472999,1.00038194656372,44.825080871582,true,projects/sat-io/open-datasets/npp-viirs-ntl,b1,longntl_annual_native500m_positive_pixel_sum_v1
2017,泉州市,156350500,145908.378654359,18807,7.83868102677286,1.00007891654968,75.6741943359375,true,projects/sat-io/open-datasets/npp-viirs-ntl,b1,longntl_annual_native500m_positive_pixel_sum_v1
2017,漳州市,156350600,70248.6345272415,15312,4.62307345405408,1.00003230571747,73.5431289672852,true,projects/sat-io/open-datasets/npp-viirs-ntl,b1,longntl_annual_native500m_positive_pixel_sum_v1
2017,南平市,156350700,20461.1882296548,4922,4.16643282817705,1.00000488758087,41.8501815795898,true,projects/sat-io/open-datasets/npp-viirs-ntl,b1,longntl_annual_native500m_positive_pixel_sum_v1
2017,龙岩市,156350800,25218.2816953911,5684,4.44410324208177,1.00033736228943,67.4524383544922,true,projects/sat-io/open-datasets/npp-viirs-ntl,b1,longntl_annual_native500m_positive_pixel_sum_v1
2017,宁德市,156350900,28195.1952513929,5973,4.79442654735473,1.00036585330963,65.6328430175781,true,projects/sat-io/open-datasets/npp-viirs-ntl,b1,longntl_annual_native500m_positive_pixel_sum_v1
2017,南昌市,156360100,53496.2051136438,7200,7.45142495443297,1.00008845329285,97.9533157348633,true,projects/sat-io/open-datasets/npp-viirs-ntl,b1,longntl_annual_native500m_positive_pixel_sum_v1
2017,景德镇市,156360200,9093.50379037857,1567,5.80312941313246,1.00039005279541,46.110954284668,true,projects/sat-io/open-datasets/npp-viirs-ntl,b1,longntl_annual_native500m_positive_pixel_sum_v1
2017,萍乡市,156360300,4392.8225595521,1310,3.36238883341524,1.00037622451782,25.6837673187256,true,projects/sat-io/open-datasets/npp-viirs-ntl,b1,longntl_annual_native500m_positive_pixel_sum_v1
2017,九江市,156360400,25545.5487238136,5324,4.85486702234546,1.00031065940857,51.8484802246094,true,projects/sat-io/open-datasets/npp-viirs-ntl,b1,longntl_annual_native500m_positive_pixel_sum_v1
2017,新余市,156360500,6671.61155474186,1356,4.92006751824621,1.00026440620422,58.1399993896484,true,projects/sat-io/open-datasets/npp-viirs-ntl,b1,longntl_annual_native500m_positive_pixel_sum_v1
2017,鹰潭市,156360600,5808.75636207309,1495,3.92669780401579,1.00220334529877,28.5071105957031,true,projects/sat-io/open-datasets/npp-viirs-ntl,b1,longntl_annual_native500m_positive_pixel_sum_v1
2017,赣州市,156360700,34752.2097835803,6513,5.3399312548096,1.00010251998901,55.3458976745605,true,projects/sat-io/open-datasets/npp-viirs-ntl,b1,longntl_annual_native500m_positive_pixel_sum_v1
2017,吉安市,156360800,14404.3985637426,3173,4.53967808501186,1.00055408477783,54.7202301025391,true,projects/sat-io/open-datasets/npp-viirs-ntl,b1,longntl_annual_native500m_positive_pixel_sum_v1
2017,宜春市,156360900,20698.4034005619,5252,3.94451239431222,1.00005793571472,56.6367607116699,true,projects/sat-io/open-datasets/npp-viirs-ntl,b1,longntl_annual_native500m_positive_pixel_sum_v1
2017,抚州市,156361000,13630.7462765245,2928,4.65751776197563,1.00000357627869,52.6287879943848,true,projects/sat-io/open-datasets/npp-viirs-ntl,b1,longntl_annual_native500m_positive_pixel_sum_v1
2017,上饶市,156361100,19023.914712379,4685,4.0756763684927,1.00028836727142,35.9688720703125,true,projects/sat-io/open-datasets/npp-viirs-ntl,b1,longntl_annual_native500m_positive_pixel_sum_v1
2017,济南市,156370100,103397.695221756,17359,5.99328585215866,1.00001549720764,135.988891601562,true,projects/sat-io/open-datasets/npp-viirs-ntl,b1,longntl_annual_native500m_positive_pixel_sum_v1
2017,青岛市,156370200,136400.61523303,21462,6.39688085590449,1.00008797645569,141.716033935547,true,projects/sat-io/open-datasets/npp-viirs-ntl,b1,longntl_annual_native500m_positive_pixel_sum_v1
2017,淄博市,156370300,50508.4075525583,12196,4.21970319264833,1.00002562999725,41.845703125,true,projects/sat-io/open-datasets/npp-viirs-ntl,b1,longntl_annual_native500m_positive_pixel_sum_v1
2017,枣庄市,156370400,24215.0603424119,7358,3.33844090364337,1.0001323223114,47.9076461791992,true,projects/sat-io/open-datasets/npp-viirs-ntl,b1,longntl_annual_native500m_positive_pixel_sum_v1
2017,东营市,156370500,53373.9613637424,12444,4.33847225674735,1.00015389919281,54.2773170471191,true,projects/sat-io/open-datasets/npp-viirs-ntl,b1,longntl_annual_native500m_positive_pixel_sum_v1
2017,烟台市,156370600,79238.5335269507,15506,5.14270350055343,1.00003445148468,206.014801025391,true,projects/sat-io/open-datasets/npp-viirs-ntl,b1,longntl_annual_native500m_positive_pixel_sum_v1
2017,潍坊市,156370700,97801.5499741063,27212,3.6153618687202,1.00003361701965,72.9228668212891,true,projects/sat-io/open-datasets/npp-viirs-ntl,b1,longntl_annual_native500m_positive_pixel_sum_v1
2017,济宁市,156370800,57504.6968160587,16794,3.45536973927609,1.00004744529724,264.468139648438,true,projects/sat-io/open-datasets/npp-viirs-ntl,b1,longntl_annual_native500m_positive_pixel_sum_v1
2017,泰安市,156370900,32464.1408681009,8195,3.98886361851457,1.00002908706665,168.389099121094,true,projects/sat-io/open-datasets/npp-viirs-ntl,b1,longntl_annual_native500m_positive_pixel_sum_v1
2017,威海市,156371000,35932.8802673027,6414,5.66233358576889,1.0002213716507,190.170547485352,true,projects/sat-io/open-datasets/npp-viirs-ntl,b1,longntl_annual_native500m_positive_pixel_sum_v1
2017,日照市,156371100,23630.9703663228,6080,3.92800753766076,1.000168800354,61.0421867370605,true,projects/sat-io/open-datasets/npp-viirs-ntl,b1,longntl_annual_native500m_positive_pixel_sum_v1
2017,临沂市,156371300,85590.3209385872,22538,3.81350965372599,1.00006234645844,178.058258056641,true,projects/sat-io/open-datasets/npp-viirs-ntl,b1,longntl_annual_native500m_positive_pixel_sum_v1
2017,德州市,156371400,31725.5570505456,8897,3.61252433554213,1.00000667572021,37.5018463134766,true,projects/sat-io/open-datasets/npp-viirs-ntl,b1,longntl_annual_native500m_positive_pixel_sum_v1
2017,聊城市,156371500,38379.358187388,10054,3.84128300730438,1.00003552436829,56.9224243164062,true,projects/sat-io/open-datasets/npp-viirs-ntl,b1,longntl_annual_native500m_positive_pixel_sum_v1
2017,滨州市,156371600,53901.1090016188,13885,3.9382609589431,1.00019967556,55.4513854980469,true,projects/sat-io/open-datasets/npp-viirs-ntl,b1,longntl_annual_native500m_positive_pixel_sum_v1
2017,菏泽市,156371700,43113.7470690573,12104,3.57120413660795,1.00032842159271,53.1011543273926,true,projects/sat-io/open-datasets/npp-viirs-ntl,b1,longntl_annual_native500m_positive_pixel_sum_v1
2017,郑州市,156410100,155401.534710343,21520,7.27065408106999,1.0000159740448,285.437591552734,true,projects/sat-io/open-datasets/npp-viirs-ntl,b1,longntl_annual_native500m_positive_pixel_sum_v1
2017,开封市,156410200,29752.5098554695,6296,4.79966016189186,1.00028991699219,90.9296569824219,true,projects/sat-io/open-datasets/npp-viirs-ntl,b1,longntl_annual_native500m_positive_pixel_sum_v1
2017,洛阳市,156410300,48607.7023671234,10469,4.67137792051153,1.00014197826385,39.3781280517578,true,projects/sat-io/open-datasets/npp-viirs-ntl,b1,longntl_annual_native500m_positive_pixel_sum_v1
2017,平顶山市,156410400,30479.6286011859,7762,3.95171957788752,1.00005483627319,51.3491287231445,true,projects/sat-io/open-datasets/npp-viirs-ntl,b1,longntl_annual_native500m_positive_pixel_sum_v1
2017,安阳市,156410500,31659.6283346831,7796,4.10537169391689,1.00025272369385,47.7350006103516,true,projects/sat-io/open-datasets/npp-viirs-ntl,b1,longntl_annual_native500m_positive_pixel_sum_v1
2017,鹤壁市,156410600,11343.9265818947,2900,3.97794409728355,1.00034809112549,38.2097778320312,true,projects/sat-io/open-datasets/npp-viirs-ntl,b1,longntl_annual_native500m_positive_pixel_sum_v1
2017,新乡市,156410700,37718.2072842757,11193,3.39380657406713,1.00021123886108,36.8626480102539,true,projects/sat-io/open-datasets/npp-viirs-ntl,b1,longntl_annual_native500m_positive_pixel_sum_v1
2017,焦作市,156410800,21659.2145212407,6386,3.42580697164651,1.00006413459778,33.2133140563965,true,projects/sat-io/open-datasets/npp-viirs-ntl,b1,longntl_annual_native500m_positive_pixel_sum_v1
2017,濮阳市,156410900,24578.8301953764,6549,3.78611654937758,1.00000596046448,84.8040924072266,true,projects/sat-io/open-datasets/npp-viirs-ntl,b1,longntl_annual_native500m_positive_pixel_sum_v1
2017,许昌市,156411000,26756.7344553634,7733,3.49358820628894,1.0001540184021,59.6100692749023,true,projects/sat-io/open-datasets/npp-viirs-ntl,b1,longntl_annual_native500m_positive_pixel_sum_v1
2017,漯河市,156411100,17399.4176556321,3066,5.78138103949267,1.00038278102875,54.7600021362305,true,projects/sat-io/open-datasets/npp-viirs-ntl,b1,longntl_annual_native500m_positive_pixel_sum_v1
2017,三门峡市,156411200,15545.2896515257,4000,3.93167934509093,1.00074326992035,51.2161254882812,true,projects/sat-io/open-datasets/npp-viirs-ntl,b1,longntl_annual_native500m_positive_pixel_sum_v1
2017,南阳市,156411300,34255.0400960829,9254,3.70426522029205,1.00003528594971,34.3649673461914,true,projects/sat-io/open-datasets/npp-viirs-ntl,b1,longntl_annual_native500m_positive_pixel_sum_v1
2017,商丘市,156411400,37808.24651398,7808,4.86730186494526,1.00012683868408,67.2686004638672,true,projects/sat-io/open-datasets/npp-viirs-ntl,b1,longntl_annual_native500m_positive_pixel_sum_v1
2017,信阳市,156411500,19086.4777444751,4559,4.20481818898512,1.00042760372162,59.5074996948242,true,projects/sat-io/open-datasets/npp-viirs-ntl,b1,longntl_annual_native500m_positive_pixel_sum_v1
2017,周口市,156411600,28613.3231494361,8130,3.53059459557452,1.00004410743713,39.3036956787109,true,projects/sat-io/open-datasets/npp-viirs-ntl,b1,longntl_annual_native500m_positive_pixel_sum_v1
2017,驻马店市,156411700,35043.9074290252,7371,4.77903410356384,1.00003361701965,53.2369995117188,true,projects/sat-io/open-datasets/npp-viirs-ntl,b1,longntl_annual_native500m_positive_pixel_sum_v1
2017,济源市,156419001,5640.48074544879,1583,3.61497487952227,1.00016736984253,32.0103378295898,true,projects/sat-io/open-datasets/npp-viirs-ntl,b1,longntl_annual_native500m_positive_pixel_sum_v1
2017,武汉市,156420100,165671.421337938,16644,10.0183411225329,1.00006020069122,146.927291870117,true,projects/sat-io/open-datasets/npp-viirs-ntl,b1,longntl_annual_native500m_positive_pixel_sum_v1
2017,黄石市,156420200,15022.9154980234,3413,4.52376692732151,1.00020527839661,30.6506423950195,true,projects/sat-io/open-datasets/npp-viirs-ntl,b1,longntl_annual_native500m_positive_pixel_sum_v1
2017,十堰市,156420300,11479.2152467667,2997,3.85575417580552,1.00011765956879,26.7718467712402,true,projects/sat-io/open-datasets/npp-viirs-ntl,b1,longntl_annual_native500m_positive_pixel_sum_v1
2017,宜昌市,156420500,23406.714966875,5668,4.13696396152495,1.00014400482178,28.6665878295898,true,projects/sat-io/open-datasets/npp-viirs-ntl,b1,longntl_annual_native500m_positive_pixel_sum_v1
2017,襄阳市,156420600,23059.1987480926,5589,4.14170579206975,1.0000194311142,51.3103637695312,true,projects/sat-io/open-datasets/npp-viirs-ntl,b1,longntl_annual_native500m_positive_pixel_sum_v1
2017,鄂州市,156420700,10057.1156758234,2823,3.69815680444454,1.00006771087646,29.904260635376,true,projects/sat-io/open-datasets/npp-viirs-ntl,b1,longntl_annual_native500m_positive_pixel_sum_v1
2017,荆门市,156420800,10628.1082817269,2649,4.01841478424281,1.00044512748718,53.8322906494141,true,projects/sat-io/open-datasets/npp-viirs-ntl,b1,longntl_annual_native500m_positive_pixel_sum_v1
2017,孝感市,156420900,15653.3903413184,4092,3.88466958340504,1.00019085407257,33.7448196411133,true,projects/sat-io/open-datasets/npp-viirs-ntl,b1,longntl_annual_native500m_positive_pixel_sum_v1
2017,荆州市,156421000,17286.2704476296,4144,4.22103659044496,1.0008442401886,53.7852668762207,true,projects/sat-io/open-datasets/npp-viirs-ntl,b1,longntl_annual_native500m_positive_pixel_sum_v1
2017,黄冈市,156421100,18010.4187401393,5129,3.61721647955881,1.00090861320496,55.6570510864258,true,projects/sat-io/open-datasets/npp-viirs-ntl,b1,longntl_annual_native500m_positive_pixel_sum_v1
2017,咸宁市,156421200,11482.133847656,2767,4.16964295490956,1.00063490867615,50.7774200439453,true,projects/sat-io/open-datasets/npp-viirs-ntl,b1,longntl_annual_native500m_positive_pixel_sum_v1
2017,随州市,156421300,6107.3616003303,1727,3.54179582202119,1.00085699558258,24.6729202270508,true,projects/sat-io/open-datasets/npp-viirs-ntl,b1,longntl_annual_native500m_positive_pixel_sum_v1
2017,恩施土家族苗族自治州,156422800,9099.30327193176,2146,4.29217976248786,1.00016832351685,33.3973846435547,true,projects/sat-io/open-datasets/npp-viirs-ntl,b1,longntl_annual_native500m_positive_pixel_sum_v1
2017,仙桃市,156429004,3080.2366687424,963,3.25522748590634,1.00030994415283,17.4775848388672,true,projects/sat-io/open-datasets/npp-viirs-ntl,b1,longntl_annual_native500m_positive_pixel_sum_v1
2017,潜江市,156429005,5245.63044261184,1261,4.19228247902824,1.00015437602997,36.0245246887207,true,projects/sat-io/open-datasets/npp-viirs-ntl,b1,longntl_annual_native500m_positive_pixel_sum_v1
2017,天门市,156429006,3484.08404795516,756,4.73426390120837,1.00124740600586,25.7459983825684,true,projects/sat-io/open-datasets/npp-viirs-ntl,b1,longntl_annual_native500m_positive_pixel_sum_v1
2017,神农架林区,156429021,79.4860775470734,42,1.8925256558827,1.01063561439514,3.55665397644043,true,projects/sat-io/open-datasets/npp-viirs-ntl,b1,longntl_annual_native500m_positive_pixel_sum_v1
2017,长沙市,156430100,104917.715776521,11528,9.17431478948808,1.0000205039978,122.764030456543,true,projects/sat-io/open-datasets/npp-viirs-ntl,b1,longntl_annual_native500m_positive_pixel_sum_v1
2017,株洲市,156430200,23919.9487665817,3783,6.42481086127613,1.00062441825867,56.2665481567383,true,projects/sat-io/open-datasets/npp-viirs-ntl,b1,longntl_annual_native500m_positive_pixel_sum_v1
2017,湘潭市,156430300,24403.8084196147,3432,7.3245893914804,1.0000422000885,64.4216232299805,true,projects/sat-io/open-datasets/npp-viirs-ntl,b1,longntl_annual_native500m_positive_pixel_sum_v1
2017,衡阳市,156430400,16594.2994919983,3915,4.24014538530095,1.00023436546326,34.9707984924316,true,projects/sat-io/open-datasets/npp-viirs-ntl,b1,longntl_annual_native500m_positive_pixel_sum_v1
2017,邵阳市,156430500,15167.3816197349,3145,4.83075640150579,1.00071275234222,41.7957191467285,true,projects/sat-io/open-datasets/npp-viirs-ntl,b1,longntl_annual_native500m_positive_pixel_sum_v1
2017,岳阳市,156430600,21087.4234150344,4573,4.66027676812099,1.00074303150177,42.3335571289062,true,projects/sat-io/open-datasets/npp-viirs-ntl,b1,longntl_annual_native500m_positive_pixel_sum_v1
2017,常德市,156430700,23744.0844398971,4605,5.15973406181187,1.00071024894714,47.8270111083984,true,projects/sat-io/open-datasets/npp-viirs-ntl,b1,longntl_annual_native500m_positive_pixel_sum_v1
2017,张家界市,156430800,5416.87402049934,1144,4.74203583117568,1.00007057189941,34.9438095092773,true,projects/sat-io/open-datasets/npp-viirs-ntl,b1,longntl_annual_native500m_positive_pixel_sum_v1
2017,益阳市,156430900,9864.20547537897,2555,3.89060946882349,1.00051045417786,24.0519218444824,true,projects/sat-io/open-datasets/npp-viirs-ntl,b1,longntl_annual_native500m_positive_pixel_sum_v1
2017,郴州市,156431000,14274.0487801332,3783,3.77872409848459,1.00006508827209,58.5328216552734,true,projects/sat-io/open-datasets/npp-viirs-ntl,b1,longntl_annual_native500m_positive_pixel_sum_v1
2017,永州市,156431100,13509.0211831976,3062,4.41964617908161,1.0003844499588,26.2540283203125,true,projects/sat-io/open-datasets/npp-viirs-ntl,b1,longntl_annual_native500m_positive_pixel_sum_v1
2017,怀化市,156431200,14814.5476581924,3221,4.65580924361202,1.0002304315567,34.0066757202148,true,projects/sat-io/open-datasets/npp-viirs-ntl,b1,longntl_annual_native500m_positive_pixel_sum_v1
2017,娄底市,156431300,11348.7019624215,2307,4.95663083613795,1.00194215774536,35.7739143371582,true,projects/sat-io/open-datasets/npp-viirs-ntl,b1,longntl_annual_native500m_positive_pixel_sum_v1
2017,湘西土家族苗族自治州,156433100,8402.18227661544,1955,4.38510205820507,1.00008082389832,41.7249298095703,true,projects/sat-io/open-datasets/npp-viirs-ntl,b1,longntl_annual_native500m_positive_pixel_sum_v1
2017,广州市,156440100,207714.57128544,20745,10.1628278586614,1.00017011165619,265.811340332031,true,projects/sat-io/open-datasets/npp-viirs-ntl,b1,longntl_annual_native500m_positive_pixel_sum_v1
2017,韶关市,156440200,18822.6265040636,5384,3.50471206207159,1.00023698806763,39.2790374755859,true,projects/sat-io/open-datasets/npp-viirs-ntl,b1,longntl_annual_native500m_positive_pixel_sum_v1
2017,深圳市,156440300,149784.119658342,8094,19.1522795042399,1.0003057718277,143.26335144043,true,projects/sat-io/open-datasets/npp-viirs-ntl,b1,longntl_annual_native500m_positive_pixel_sum_v1
2017,珠海市,156440400,28759.5848902511,4651,6.36049403604143,1.00029301643372,115.265441894531,true,projects/sat-io/open-datasets/npp-viirs-ntl,b1,longntl_annual_native500m_positive_pixel_sum_v1
2017,汕头市,156440500,54800.0607989914,7264,7.77178296635669,1.00002837181091,67.8748626708984,true,projects/sat-io/open-datasets/npp-viirs-ntl,b1,longntl_annual_native500m_positive_pixel_sum_v1
2017,佛山市,156440600,128701.589701781,14207,9.3205658453638,1.00039267539978,57.1271057128906,true,projects/sat-io/open-datasets/npp-viirs-ntl,b1,longntl_annual_native500m_positive_pixel_sum_v1
2017,江门市,156440700,56383.4976147895,13595,4.20064272451803,1.00028395652771,36.5746688842773,true,projects/sat-io/open-datasets/npp-viirs-ntl,b1,longntl_annual_native500m_positive_pixel_sum_v1
2017,湛江市,156440800,37890.7411569306,9065,4.23459502830866,1.00022006034851,68.7221374511719,true,projects/sat-io/open-datasets/npp-viirs-ntl,b1,longntl_annual_native500m_positive_pixel_sum_v1
2017,茂名市,156440900,29138.1626589336,7599,3.86808496092109,1.00024056434631,60.7296905517578,true,projects/sat-io/open-datasets/npp-viirs-ntl,b1,longntl_annual_native500m_positive_pixel_sum_v1
2017,肇庆市,156441200,31185.9168628725,8675,3.67969971641694,1.00009441375732,40.5881500244141,true,projects/sat-io/open-datasets/npp-viirs-ntl,b1,longntl_annual_native500m_positive_pixel_sum_v1
2017,惠州市,156441300,88803.8343798329,17004,5.31235674084832,1.00016474723816,77.6800537109375,true,projects/sat-io/open-datasets/npp-viirs-ntl,b1,longntl_annual_native500m_positive_pixel_sum_v1
2017,梅州市,156441400,20139.5066846974,5208,3.88510616433321,1.0001323223114,35.8578720092773,true,projects/sat-io/open-datasets/npp-viirs-ntl,b1,longntl_annual_native500m_positive_pixel_sum_v1
2017,汕尾市,156441500,26827.9514748307,6791,3.99342222841869,1.00015389919281,60.6550827026367,true,projects/sat-io/open-datasets/npp-viirs-ntl,b1,longntl_annual_native500m_positive_pixel_sum_v1
2017,河源市,156441600,18951.852150875,3997,4.78182455787905,1.00043630599976,43.4039764404297,true,projects/sat-io/open-datasets/npp-viirs-ntl,b1,longntl_annual_native500m_positive_pixel_sum_v1
2017,阳江市,156441700,22154.3868894325,4583,4.88214030748415,1.00047898292542,55.9250030517578,true,projects/sat-io/open-datasets/npp-viirs-ntl,b1,longntl_annual_native500m_positive_pixel_sum_v1
2017,清远市,156441800,37770.7946258423,10330,3.6830744046904,1.00004696846008,40.5304260253906,true,projects/sat-io/open-datasets/npp-viirs-ntl,b1,longntl_annual_native500m_positive_pixel_sum_v1
2017,东莞市,156441900,148600.082488628,10514,14.4742883314986,1.00054931640625,129.392501831055,true,projects/sat-io/open-datasets/npp-viirs-ntl,b1,longntl_annual_native500m_positive_pixel_sum_v1
2017,中山市,156442000,67002.7382863564,7159,9.55678054144535,1.00281620025635,101.675430297852,true,projects/sat-io/open-datasets/npp-viirs-ntl,b1,longntl_annual_native500m_positive_pixel_sum_v1
2017,潮州市,156445100,25016.2649412651,4589,5.61481908274567,1.00005102157593,67.1016387939453,true,projects/sat-io/open-datasets/npp-viirs-ntl,b1,longntl_annual_native500m_positive_pixel_sum_v1
2017,揭阳市,156445200,47313.1493169967,9870,4.8904026051527,1.00042355060577,93.8497009277344,true,projects/sat-io/open-datasets/npp-viirs-ntl,b1,longntl_annual_native500m_positive_pixel_sum_v1
2017,云浮市,156445300,13286.5309834359,4079,3.33364038780485,1.00001955032349,47.7602462768555,true,projects/sat-io/open-datasets/npp-viirs-ntl,b1,longntl_annual_native500m_positive_pixel_sum_v1
2017,南宁市,156450100,74748.9553398806,10403,7.20516250532782,1.00001907348633,86.5179901123047,true,projects/sat-io/open-datasets/npp-viirs-ntl,b1,longntl_annual_native500m_positive_pixel_sum_v1
2017,柳州市,156450200,38465.4495434022,5379,7.16316722465596,1.00017213821411,99.745849609375,true,projects/sat-io/open-datasets/npp-viirs-ntl,b1,longntl_annual_native500m_positive_pixel_sum_v1
2017,桂林市,156450300,23365.6168628524,4685,4.98787177368717,1.00017046928406,52.5417251586914,true,projects/sat-io/open-datasets/npp-viirs-ntl,b1,longntl_annual_native500m_positive_pixel_sum_v1
2017,梧州市,156450400,9883.12595359812,2671,3.7104283121338,1.00083780288696,32.6757316589355,true,projects/sat-io/open-datasets/npp-viirs-ntl,b1,longntl_annual_native500m_positive_pixel_sum_v1
2017,北海市,156450500,18253.0467546304,2370,7.88479227674411,1.00007939338684,97.7829971313477,true,projects/sat-io/open-datasets/npp-viirs-ntl,b1,longntl_annual_native500m_positive_pixel_sum_v1
2017,防城港市,156450600,7610.57748276252,1884,4.14768413290997,1.00003051757812,50.2486839294434,true,projects/sat-io/open-datasets/npp-viirs-ntl,b1,longntl_annual_native500m_positive_pixel_sum_v1
2017,钦州市,156450700,13180.7589830628,2605,5.1292870026798,1.00036025047302,89.9247589111328,true,projects/sat-io/open-datasets/npp-viirs-ntl,b1,longntl_annual_native500m_positive_pixel_sum_v1
2017,贵港市,156450800,13372.7203191888,3507,3.81715040655282,1.00003528594971,46.6007881164551,true,projects/sat-io/open-datasets/npp-viirs-ntl,b1,longntl_annual_native500m_positive_pixel_sum_v1
2017,玉林市,156450900,22056.3435249576,4807,4.60052905805269,1.00010788440704,67.6884765625,true,projects/sat-io/open-datasets/npp-viirs-ntl,b1,longntl_annual_native500m_positive_pixel_sum_v1
2017,百色市,156451000,19737.0000113216,4574,4.33343608369332,1.00039935112,51.3978042602539,true,projects/sat-io/open-datasets/npp-viirs-ntl,b1,longntl_annual_native500m_positive_pixel_sum_v1
2017,贺州市,156451100,6664.2919070155,1702,3.91897838787025,1.00021994113922,38.144775390625,true,projects/sat-io/open-datasets/npp-viirs-ntl,b1,longntl_annual_native500m_positive_pixel_sum_v1
2017,河池市,156451200,11795.3323465665,2329,5.09020927088372,1.00015807151794,81.2018814086914,true,projects/sat-io/open-datasets/npp-viirs-ntl,b1,longntl_annual_native500m_positive_pixel_sum_v1
2017,来宾市,156451300,9459.11514526535,2069,4.58515224829519,1.00006294250488,56.7934341430664,true,projects/sat-io/open-datasets/npp-viirs-ntl,b1,longntl_annual_native500m_positive_pixel_sum_v1
2017,崇左市,156451400,8513.42347071405,2178,3.93645417346413,1.00002729892731,35.6851005554199,true,projects/sat-io/open-datasets/npp-viirs-ntl,b1,longntl_annual_native500m_positive_pixel_sum_v1
2017,海口市,156460100,34652.1943830163,3273,10.7425282323947,1.00007677078247,121.372840881348,true,projects/sat-io/open-datasets/npp-viirs-ntl,b1,longntl_annual_native500m_positive_pixel_sum_v1
2017,三亚市,156460200,15804.7681937713,2417,6.64721959787579,1.00009822845459,163.896881103516,true,projects/sat-io/open-datasets/npp-viirs-ntl,b1,longntl_annual_native500m_positive_pixel_sum_v1
2017,三沙市,156460300,5.15344247070013,5,3.08480711274304,1.80491828918457,5.93195199966431,true,projects/sat-io/open-datasets/npp-viirs-ntl,b1,longntl_annual_native500m_positive_pixel_sum_v1
2017,儋州市,156460400,11893.4426333755,1906,6.29132559200677,1.00041401386261,115.367309570312,true,projects/sat-io/open-datasets/npp-viirs-ntl,b1,longntl_annual_native500m_positive_pixel_sum_v1
2017,五指山市,156469001,680.404992699623,191,3.56232980471007,1.00071597099304,17.0503730773926,true,projects/sat-io/open-datasets/npp-viirs-ntl,b1,longntl_annual_native500m_positive_pixel_sum_v1
2017,琼海市,156469002,3229.3694636761,842,3.88462128921776,1.00000596046448,33.4358596801758,true,projects/sat-io/open-datasets/npp-viirs-ntl,b1,longntl_annual_native500m_positive_pixel_sum_v1
2017,文昌市,156469005,3525.93956647013,934,3.83275539330774,1.00178003311157,26.9982299804688,true,projects/sat-io/open-datasets/npp-viirs-ntl,b1,longntl_annual_native500m_positive_pixel_sum_v1
2017,万宁市,156469006,3635.58674723775,1092,3.36983250534559,1.00029015541077,44.5293426513672,true,projects/sat-io/open-datasets/npp-viirs-ntl,b1,longntl_annual_native500m_positive_pixel_sum_v1
2017,东方市,156469007,5652.72800651438,1222,4.65700545247565,1.00212860107422,56.5336456298828,true,projects/sat-io/open-datasets/npp-viirs-ntl,b1,longntl_annual_native500m_positive_pixel_sum_v1
2017,定安县,156469021,1721.13206282503,414,4.34087666429672,1.00055742263794,23.6678237915039,true,projects/sat-io/open-datasets/npp-viirs-ntl,b1,longntl_annual_native500m_positive_pixel_sum_v1
2017,屯昌县,156469022,552.119928588119,199,2.80906986811593,1.00334429740906,10.4711036682129,true,projects/sat-io/open-datasets/npp-viirs-ntl,b1,longntl_annual_native500m_positive_pixel_sum_v1
2017,澄迈县,156469023,6279.08317852441,1193,5.38569192910772,1.00055742263794,35.2391929626465,true,projects/sat-io/open-datasets/npp-viirs-ntl,b1,longntl_annual_native500m_positive_pixel_sum_v1
2017,临高县,156469024,2459.34691018731,701,3.52391460173497,1.00459110736847,36.0794982910156,true,projects/sat-io/open-datasets/npp-viirs-ntl,b1,longntl_annual_native500m_positive_pixel_sum_v1
2017,白沙黎族自治县,156469025,706.189631223679,218,3.23940197809027,1.00144946575165,17.6679000854492,true,projects/sat-io/open-datasets/npp-viirs-ntl,b1,longntl_annual_native500m_positive_pixel_sum_v1
2017,昌江黎族自治县,156469026,2546.60337030981,642,4.03938629802257,1.00135719776154,58.4396362304688,true,projects/sat-io/open-datasets/npp-viirs-ntl,b1,longntl_annual_native500m_positive_pixel_sum_v1
2017,乐东黎族自治县,156469027,4054.08905840949,1369,2.96565776760651,1.0001974105835,60.0722808837891,true,projects/sat-io/open-datasets/npp-viirs-ntl,b1,longntl_annual_native500m_positive_pixel_sum_v1
2017,陵水黎族自治县,156469028,4492.86762396915,1177,3.91125616334937,1.00075256824493,35.1100311279297,true,projects/sat-io/open-datasets/npp-viirs-ntl,b1,longntl_annual_native500m_positive_pixel_sum_v1
2017,保亭黎族苗族自治县,156469029,938.473534345627,209,4.49030399208434,1.01222133636475,25.1460762023926,true,projects/sat-io/open-datasets/npp-viirs-ntl,b1,longntl_annual_native500m_positive_pixel_sum_v1
2017,琼中黎族苗族自治县,156469030,640.85276055336,189,3.39075534684317,1.00112915039062,20.5377330780029,true,projects/sat-io/open-datasets/npp-viirs-ntl,b1,longntl_annual_native500m_positive_pixel_sum_v1
2017,重庆市,156500000,211617.391713589,34382,6.15988083599433,1.00001132488251,174.785003662109,true,projects/sat-io/open-datasets/npp-viirs-ntl,b1,longntl_annual_native500m_positive_pixel_sum_v1
2017,成都市,156510100,243074.043914574,27486,8.87914619967064,1.00010120868683,270.745056152344,true,projects/sat-io/open-datasets/npp-viirs-ntl,b1,longntl_annual_native500m_positive_pixel_sum_v1
2017,自贡市,156510300,8789.93879581152,1969,4.49053862583681,1.00061094760895,48.3090667724609,true,projects/sat-io/open-datasets/npp-viirs-ntl,b1,longntl_annual_native500m_positive_pixel_sum_v1
2017,攀枝花市,156510400,9443.06607934213,2224,4.27858231843383,1.00028300285339,56.4089508056641,true,projects/sat-io/open-datasets/npp-viirs-ntl,b1,longntl_annual_native500m_positive_pixel_sum_v1
2017,泸州市,156510500,13092.8913132864,2881,4.61147837331477,1.00014340877533,36.2505531311035,true,projects/sat-io/open-datasets/npp-viirs-ntl,b1,longntl_annual_native500m_positive_pixel_sum_v1
2017,德阳市,156510600,29210.8186232048,6465,4.56383525848002,1.00006580352783,47.8315048217773,true,projects/sat-io/open-datasets/npp-viirs-ntl,b1,longntl_annual_native500m_positive_pixel_sum_v1
2017,绵阳市,156510700,29322.7945516684,5686,5.16076780254173,1.00001835823059,39.9616851806641,true,projects/sat-io/open-datasets/npp-viirs-ntl,b1,longntl_annual_native500m_positive_pixel_sum_v1
2017,广元市,156510800,10437.5939732458,2509,4.16654111330257,1.00039291381836,43.2076950073242,true,projects/sat-io/open-datasets/npp-viirs-ntl,b1,longntl_annual_native500m_positive_pixel_sum_v1
2017,遂宁市,156510900,15332.4334557136,2826,5.44652346698804,1.00055575370789,42.4463729858398,true,projects/sat-io/open-datasets/npp-viirs-ntl,b1,longntl_annual_native500m_positive_pixel_sum_v1
2017,内江市,156511000,12786.7471352367,2330,5.52708437282981,1.00184631347656,53.2472991943359,true,projects/sat-io/open-datasets/npp-viirs-ntl,b1,longntl_annual_native500m_positive_pixel_sum_v1
2017,乐山市,156511100,16678.7958361102,4297,3.88580650715209,1.00000500679016,76.5339279174805,true,projects/sat-io/open-datasets/npp-viirs-ntl,b1,longntl_annual_native500m_positive_pixel_sum_v1
2017,南充市,156511300,29967.9810643519,4437,6.76269197708115,1.00004482269287,73.8437576293945,true,projects/sat-io/open-datasets/npp-viirs-ntl,b1,longntl_annual_native500m_positive_pixel_sum_v1
2017,眉山市,156511400,14881.0848155026,3764,4.0115023409858,1.00006818771362,51.9791259765625,true,projects/sat-io/open-datasets/npp-viirs-ntl,b1,longntl_annual_native500m_positive_pixel_sum_v1
2017,宜宾市,156511500,12091.729533153,2911,4.18324016995939,1.00001132488251,38.8429527282715,true,projects/sat-io/open-datasets/npp-viirs-ntl,b1,longntl_annual_native500m_positive_pixel_sum_v1
2017,广安市,156511600,14564.6805986905,2709,5.39072450166348,1.00009226799011,53.2659339904785,true,projects/sat-io/open-datasets/npp-viirs-ntl,b1,longntl_annual_native500m_positive_pixel_sum_v1
2017,达州市,156511700,18814.2043092232,3238,5.82435727179592,1.00017499923706,105.624610900879,true,projects/sat-io/open-datasets/npp-viirs-ntl,b1,longntl_annual_native500m_positive_pixel_sum_v1
2017,雅安市,156511800,6039.52799314097,1710,3.54134103707856,1.0015389919281,33.3925628662109,true,projects/sat-io/open-datasets/npp-viirs-ntl,b1,longntl_annual_native500m_positive_pixel_sum_v1
2017,巴中市,156511900,6654.82963597588,1595,4.18655294473998,1.00092363357544,27.7351951599121,true,projects/sat-io/open-datasets/npp-viirs-ntl,b1,longntl_annual_native500m_positive_pixel_sum_v1
2017,资阳市,156512000,6648.92117055351,1343,4.97109042648847,1.00116920471191,33.2346115112305,true,projects/sat-io/open-datasets/npp-viirs-ntl,b1,longntl_annual_native500m_positive_pixel_sum_v1
2017,阿坝藏族羌族自治州,156513200,5371.48836040497,1419,3.78540405948201,1.0019154548645,39.0536155700684,true,projects/sat-io/open-datasets/npp-viirs-ntl,b1,longntl_annual_native500m_positive_pixel_sum_v1
2017,甘孜藏族自治州,156513300,6821.63590959988,1672,4.09910609250992,1.00051391124725,56.4298706054688,true,projects/sat-io/open-datasets/npp-viirs-ntl,b1,longntl_annual_native500m_positive_pixel_sum_v1
2017,凉山彝族自治州,156513400,14163.7990023538,3346,4.2983430868652,1.00009787082672,77.6300048828125,true,projects/sat-io/open-datasets/npp-viirs-ntl,b1,longntl_annual_native500m_positive_pixel_sum_v1
2017,贵阳市,156520100,64425.3832335177,9364,6.95459565597798,1.00016760826111,99.9708633422852,true,projects/sat-io/open-datasets/npp-viirs-ntl,b1,longntl_annual_native500m_positive_pixel_sum_v1
2017,六盘水市,156520200,21466.4096468215,4456,4.8396970068843,1.00001180171967,103.776336669922,true,projects/sat-io/open-datasets/npp-viirs-ntl,b1,longntl_annual_native500m_positive_pixel_sum_v1
2017,遵义市,156520300,54063.281616332,10335,5.2601917826305,1.00014221668243,81.9785003662109,true,projects/sat-io/open-datasets/npp-viirs-ntl,b1,longntl_annual_native500m_positive_pixel_sum_v1
2017,安顺市,156520400,27291.3696493065,4948,5.58928681275221,1.00031578540802,97.3516845703125,true,projects/sat-io/open-datasets/npp-viirs-ntl,b1,longntl_annual_native500m_positive_pixel_sum_v1
2017,毕节市,156520500,22696.8102419662,4992,4.57079116695061,1.00007808208466,72.8707427978516,true,projects/sat-io/open-datasets/npp-viirs-ntl,b1,longntl_annual_native500m_positive_pixel_sum_v1
2017,铜仁市,156520600,21913.2149395012,4778,4.64542077832797,1.00054264068604,51.5014724731445,true,projects/sat-io/open-datasets/npp-viirs-ntl,b1,longntl_annual_native500m_positive_pixel_sum_v1
2017,黔西南布依族苗族自治州,156522300,19004.8244129737,3948,4.84047973538266,1.00008928775787,68.4856338500977,true,projects/sat-io/open-datasets/npp-viirs-ntl,b1,longntl_annual_native500m_positive_pixel_sum_v1
2017,黔东南苗族侗族自治州,156522600,22376.9625635119,4446,5.05644328214576,1.00009441375732,58.8782577514648,true,projects/sat-io/open-datasets/npp-viirs-ntl,b1,longntl_annual_native500m_positive_pixel_sum_v1
2017,黔南布依族苗族自治州,156522700,27469.7263350262,6244,4.4420221603501,1.00011396408081,89.3702239990234,true,projects/sat-io/open-datasets/npp-viirs-ntl,b1,longntl_annual_native500m_positive_pixel_sum_v1
2017,昆明市,156530100,121914.496404616,13812,8.85898201091379,1.00022506713867,200.330352783203,true,projects/sat-io/open-datasets/npp-viirs-ntl,b1,longntl_annual_native500m_positive_pixel_sum_v1
2017,曲靖市,156530300,33698.5370998794,6333,5.34051043939654,1.00044870376587,76.3721771240234,true,projects/sat-io/open-datasets/npp-viirs-ntl,b1,longntl_annual_native500m_positive_pixel_sum_v1
2017,玉溪市,156530400,22089.041890646,4335,5.12204776412681,1.00000643730164,86.4598693847656,true,projects/sat-io/open-datasets/npp-viirs-ntl,b1,longntl_annual_native500m_positive_pixel_sum_v1
2017,保山市,156530500,11091.2934338719,2195,5.0633932578984,1.00080525875092,54.5008239746094,true,projects/sat-io/open-datasets/npp-viirs-ntl,b1,longntl_annual_native500m_positive_pixel_sum_v1
2017,昭通市,156530600,16871.2661731907,2874,5.99692899620799,1.00047492980957,87.6438980102539,true,projects/sat-io/open-datasets/npp-viirs-ntl,b1,longntl_annual_native500m_positive_pixel_sum_v1
2017,丽江市,156530700,10622.3203967866,1552,6.9795092431191,1.00007033348083,95.97314453125,true,projects/sat-io/open-datasets/npp-viirs-ntl,b1,longntl_annual_native500m_positive_pixel_sum_v1
2017,普洱市,156530800,9199.34850914385,1715,5.42478388320784,1.00003254413605,59.6393280029297,true,projects/sat-io/open-datasets/npp-viirs-ntl,b1,longntl_annual_native500m_positive_pixel_sum_v1
2017,临沧市,156530900,6744.92672652263,1475,4.6151022734337,1.00028443336487,51.018196105957,true,projects/sat-io/open-datasets/npp-viirs-ntl,b1,longntl_annual_native500m_positive_pixel_sum_v1
2017,楚雄彝族自治州,156532300,15540.6785719376,2482,6.28857774226651,1.00005757808685,107.757965087891,true,projects/sat-io/open-datasets/npp-viirs-ntl,b1,longntl_annual_native500m_positive_pixel_sum_v1
2017,红河哈尼族彝族自治州,156532500,25199.1844885097,5288,4.79905243994827,1.00047659873962,125.710105895996,true,projects/sat-io/open-datasets/npp-viirs-ntl,b1,longntl_annual_native500m_positive_pixel_sum_v1
2017,文山壮族苗族自治州,156532600,13141.0048696812,2633,5.00479612659972,1.00021469593048,57.4005432128906,true,projects/sat-io/open-datasets/npp-viirs-ntl,b1,longntl_annual_native500m_positive_pixel_sum_v1
2017,西双版纳傣族自治州,156532800,5686.8051182443,1224,4.67977302040609,1.00004637241364,48.1327896118164,true,projects/sat-io/open-datasets/npp-viirs-ntl,b1,longntl_annual_native500m_positive_pixel_sum_v1
2017,大理白族自治州,156532900,22409.9759479275,4025,5.59993558503812,1.00005507469177,81.25,true,projects/sat-io/open-datasets/npp-viirs-ntl,b1,longntl_annual_native500m_positive_pixel_sum_v1
2017,德宏傣族景颇族自治州,156533100,9107.79940442525,1768,5.28503808915871,1.00013172626495,41.7510986328125,true,projects/sat-io/open-datasets/npp-viirs-ntl,b1,longntl_annual_native500m_positive_pixel_sum_v1
2017,怒江傈僳族自治州,156533300,1875.59302128343,589,3.21305588312894,1.00061535835266,18.7284545898438,true,projects/sat-io/open-datasets/npp-viirs-ntl,b1,longntl_annual_native500m_positive_pixel_sum_v1
2017,迪庆藏族自治州,156533400,2586.00881367384,672,3.93674441955757,1.00155901908875,47.5099258422852,true,projects/sat-io/open-datasets/npp-viirs-ntl,b1,longntl_annual_native500m_positive_pixel_sum_v1
2017,拉萨市,156540100,16681.0720720932,1849,9.0415197431955,1.00116145610809,113.014129638672,true,projects/sat-io/open-datasets/npp-viirs-ntl,b1,longntl_annual_native500m_positive_pixel_sum_v1
2017,日喀则市,156540200,2597.15212361953,689,3.78645553338925,1.00499999523163,58.9076461791992,true,projects/sat-io/open-datasets/npp-viirs-ntl,b1,longntl_annual_native500m_positive_pixel_sum_v1
2017,昌都市,156540300,3121.19866609994,645,4.88186845519303,1.00283288955688,63.2449989318848,true,projects/sat-io/open-datasets/npp-viirs-ntl,b1,longntl_annual_native500m_positive_pixel_sum_v1
2017,林芝市,156540400,2255.62077191437,587,3.85964299170048,1.00102829933167,30.1088562011719,true,projects/sat-io/open-datasets/npp-viirs-ntl,b1,longntl_annual_native500m_positive_pixel_sum_v1
2017,山南市,156540500,4323.12892657495,1492,2.91927716046949,1.00076961517334,100.553672790527,true,projects/sat-io/open-datasets/npp-viirs-ntl,b1,longntl_annual_native500m_positive_pixel_sum_v1
2017,那曲市,156540600,1669.03839528561,351,4.75509514326384,1.00077486038208,36.4099807739258,true,projects/sat-io/open-datasets/npp-viirs-ntl,b1,longntl_annual_native500m_positive_pixel_sum_v1
2017,阿里地区,156542500,946.043776693064,192,4.92761327403091,1.00744259357452,64.6161117553711,true,projects/sat-io/open-datasets/npp-viirs-ntl,b1,longntl_annual_native500m_positive_pixel_sum_v1
2017,西安市,156610100,154131.725082557,15988,9.7437817532872,1.0001163482666,162.790863037109,true,projects/sat-io/open-datasets/npp-viirs-ntl,b1,longntl_annual_native500m_positive_pixel_sum_v1
2017,铜川市,156610200,5966.93032042326,1547,3.9228086009429,1.00011718273163,46.1451225280762,true,projects/sat-io/open-datasets/npp-viirs-ntl,b1,longntl_annual_native500m_positive_pixel_sum_v1
2017,宝鸡市,156610300,23328.8189726072,4787,4.88814566864682,1.00015461444855,88.156135559082,true,projects/sat-io/open-datasets/npp-viirs-ntl,b1,longntl_annual_native500m_positive_pixel_sum_v1
2017,咸阳市,156610400,49834.5703474853,8878,5.72007223501464,1.00005912780762,145.630859375,true,projects/sat-io/open-datasets/npp-viirs-ntl,b1,longntl_annual_native500m_positive_pixel_sum_v1
2017,渭南市,156610500,35453.4742700062,8134,4.4245767650943,1.00009942054749,70.8709716796875,true,projects/sat-io/open-datasets/npp-viirs-ntl,b1,longntl_annual_native500m_positive_pixel_sum_v1
2017,延安市,156610600,57557.3790596583,14495,3.99866167414098,1.00013089179993,134.527923583984,true,projects/sat-io/open-datasets/npp-viirs-ntl,b1,longntl_annual_native500m_positive_pixel_sum_v1
2017,汉中市,156610700,22482.3708374482,4526,4.97243571403728,1.00010621547699,179.096984863281,true,projects/sat-io/open-datasets/npp-viirs-ntl,b1,longntl_annual_native500m_positive_pixel_sum_v1
2017,榆林市,156610800,87416.8430929133,20681,4.27606772496735,1.00005674362183,143.2041015625,true,projects/sat-io/open-datasets/npp-viirs-ntl,b1,longntl_annual_native500m_positive_pixel_sum_v1
2017,安康市,156610900,9096.90655063321,2014,4.53244751458373,1.00023555755615,42.7326583862305,true,projects/sat-io/open-datasets/npp-viirs-ntl,b1,longntl_annual_native500m_positive_pixel_sum_v1
2017,商洛市,156611000,5003.41553085832,1583,3.16579150402432,1.00080013275146,36.806339263916,true,projects/sat-io/open-datasets/npp-viirs-ntl,b1,longntl_annual_native500m_positive_pixel_sum_v1
2017,兰州市,156620100,49951.3019165479,7527,6.68441222877189,1.00007581710815,112.279998779297,true,projects/sat-io/open-datasets/npp-viirs-ntl,b1,longntl_annual_native500m_positive_pixel_sum_v1
2017,嘉峪关市,156620200,8648.97720364028,1089,8.04564824030276,1.0025475025177,70.2342529296875,true,projects/sat-io/open-datasets/npp-viirs-ntl,b1,longntl_annual_native500m_positive_pixel_sum_v1
2017,金昌市,156620300,6462.58657031387,989,6.54497627161538,1.0002715587616,50.0401382446289,true,projects/sat-io/open-datasets/npp-viirs-ntl,b1,longntl_annual_native500m_positive_pixel_sum_v1
2017,白银市,156620400,8352.88398902884,1974,4.25459302881628,1.00089931488037,34.0871696472168,true,projects/sat-io/open-datasets/npp-viirs-ntl,b1,longntl_annual_native500m_positive_pixel_sum_v1
2017,天水市,156620500,11076.176744225,2196,5.04660811369842,1.00049340724945,61.4017448425293,true,projects/sat-io/open-datasets/npp-viirs-ntl,b1,longntl_annual_native500m_positive_pixel_sum_v1
2017,武威市,156620600,9841.29961980324,1886,5.23959746333127,1.00073850154877,74.7350006103516,true,projects/sat-io/open-datasets/npp-viirs-ntl,b1,longntl_annual_native500m_positive_pixel_sum_v1
2017,张掖市,156620700,7196.14049549009,1500,4.80864087322586,1.00024271011353,88.6762237548828,true,projects/sat-io/open-datasets/npp-viirs-ntl,b1,longntl_annual_native500m_positive_pixel_sum_v1
2017,平凉市,156620800,7656.36389165392,1711,4.50513605675514,1.00179648399353,42.1763153076172,true,projects/sat-io/open-datasets/npp-viirs-ntl,b1,longntl_annual_native500m_positive_pixel_sum_v1
2017,酒泉市,156620900,14850.6795266815,2974,5.01893673692762,1.00026035308838,83.5735626220703,true,projects/sat-io/open-datasets/npp-viirs-ntl,b1,longntl_annual_native500m_positive_pixel_sum_v1
2017,庆阳市,156621000,34356.1785463679,9000,3.83711893217428,1.00010538101196,268.563110351562,true,projects/sat-io/open-datasets/npp-viirs-ntl,b1,longntl_annual_native500m_positive_pixel_sum_v1
2017,定西市,156621100,8828.42849490783,2019,4.40268956007607,1.00029897689819,43.5372657775879,true,projects/sat-io/open-datasets/npp-viirs-ntl,b1,longntl_annual_native500m_positive_pixel_sum_v1
2017,陇南市,156621200,7284.08124528025,2065,3.53742980629019,1.00002431869507,39.8524284362793,true,projects/sat-io/open-datasets/npp-viirs-ntl,b1,longntl_annual_native500m_positive_pixel_sum_v1
2017,临夏回族自治州,156622900,4158.69553538771,1321,3.26667537865604,1.00172984600067,31.0767097473145,true,projects/sat-io/open-datasets/npp-viirs-ntl,b1,longntl_annual_native500m_positive_pixel_sum_v1
2017,甘南藏族自治州,156623000,2740.67173627311,662,4.17259012573597,1.00048327445984,40.1399993896484,true,projects/sat-io/open-datasets/npp-viirs-ntl,b1,longntl_annual_native500m_positive_pixel_sum_v1
2017,中农发山丹马场,156629700,1.35557389259338,1,1.35557389259338,1.35557389259338,1.35557389259338,true,projects/sat-io/open-datasets/npp-viirs-ntl,b1,longntl_annual_native500m_positive_pixel_sum_v1
2017,莲花山风景林自然保护区,156629800,9.82185558945525,6,2.10822657854469,1.14275646209717,4.07641220092773,true,projects/sat-io/open-datasets/npp-viirs-ntl,b1,longntl_annual_native500m_positive_pixel_sum_v1
2017,太子山天然林保护区,156629900,6.25792458104152,8,1.52998156104083,1.04726648330688,2.96293044090271,true,projects/sat-io/open-datasets/npp-viirs-ntl,b1,longntl_annual_native500m_positive_pixel_sum_v1
2017,西宁市,156630100,32090.1698073555,4070,7.98275390199795,1.00001037120819,91.2110366821289,true,projects/sat-io/open-datasets/npp-viirs-ntl,b1,longntl_annual_native500m_positive_pixel_sum_v1
2017,海东市,156630200,9413.66021729731,2500,3.91736570288001,1.00018262863159,58.0583572387695,true,projects/sat-io/open-datasets/npp-viirs-ntl,b1,longntl_annual_native500m_positive_pixel_sum_v1
2017,海北藏族自治州,156632200,977.65835333525,333,2.97977505648107,1.00189018249512,31.5927505493164,true,projects/sat-io/open-datasets/npp-viirs-ntl,b1,longntl_annual_native500m_positive_pixel_sum_v1
2017,黄南藏族自治州,156632300,1384.2143530093,359,4.07117172832345,1.00067186355591,34.120002746582,true,projects/sat-io/open-datasets/npp-viirs-ntl,b1,longntl_annual_native500m_positive_pixel_sum_v1
2017,海南藏族自治州,156632500,1645.87850218754,581,2.84370121118663,1.00180149078369,22.8361167907715,true,projects/sat-io/open-datasets/npp-viirs-ntl,b1,longntl_annual_native500m_positive_pixel_sum_v1
2017,果洛藏族自治州,156632600,794.751967618045,270,2.95214426637826,1.00019967556,17.8271865844727,true,projects/sat-io/open-datasets/npp-viirs-ntl,b1,longntl_annual_native500m_positive_pixel_sum_v1
2017,玉树藏族自治州,156632700,1712.27253448963,471,3.63539816239837,1.00137937068939,34.5008010864258,true,projects/sat-io/open-datasets/npp-viirs-ntl,b1,longntl_annual_native500m_positive_pixel_sum_v1
2017,海西蒙古族藏族自治州,156632800,20005.3130241992,3764,5.31880900868175,1.00002241134644,295.128356933594,true,projects/sat-io/open-datasets/npp-viirs-ntl,b1,longntl_annual_native500m_positive_pixel_sum_v1
2017,银川市,156640100,88058.317279624,10707,8.27672503949634,1.00026023387909,229.027526855469,true,projects/sat-io/open-datasets/npp-viirs-ntl,b1,longntl_annual_native500m_positive_pixel_sum_v1
2017,石嘴山市,156640200,14540.0054744389,2911,5.04083623166045,1.00081670284271,77.3105621337891,true,projects/sat-io/open-datasets/npp-viirs-ntl,b1,longntl_annual_native500m_positive_pixel_sum_v1
2017,吴忠市,156640300,18210.7978917898,4392,4.21151322553052,1.00000643730164,74.2729797363281,true,projects/sat-io/open-datasets/npp-viirs-ntl,b1,longntl_annual_native500m_positive_pixel_sum_v1
2017,固原市,156640400,10730.9559374622,1514,7.09612560630694,1.00089800357819,72.1108093261719,true,projects/sat-io/open-datasets/npp-viirs-ntl,b1,longntl_annual_native500m_positive_pixel_sum_v1
2017,中卫市,156640500,11813.5136329534,2686,4.42076450352731,1.00037598609924,57.402099609375,true,projects/sat-io/open-datasets/npp-viirs-ntl,b1,longntl_annual_native500m_positive_pixel_sum_v1
2017,乌鲁木齐市,156650100,98939.709697082,11177,8.95786685733841,1.00010466575623,154.059234619141,true,projects/sat-io/open-datasets/npp-viirs-ntl,b1,longntl_annual_native500m_positive_pixel_sum_v1
2017,克拉玛依市,156650200,41848.1252359647,5319,7.95981624874856,1.00003528594971,117.625,true,projects/sat-io/open-datasets/npp-viirs-ntl,b1,longntl_annual_native500m_positive_pixel_sum_v1
2017,吐鲁番市,156650400,14863.0843331814,3358,4.4261716298932,1.0000809431076,69.0050048828125,true,projects/sat-io/open-datasets/npp-viirs-ntl,b1,longntl_annual_native500m_positive_pixel_sum_v1
2017,哈密市,156650500,13338.7534741836,2713,4.95949756779624,1.00128722190857,178.86555480957,true,projects/sat-io/open-datasets/npp-viirs-ntl,b1,longntl_annual_native500m_positive_pixel_sum_v1
2017,昌吉回族自治州,156652300,48918.6087688951,9381,5.29731531361505,1.00028705596924,87.5899963378906,true,projects/sat-io/open-datasets/npp-viirs-ntl,b1,longntl_annual_native500m_positive_pixel_sum_v1
2017,博尔塔拉蒙古自治州,156652700,8746.91655248006,1547,5.77804416534313,1.00041687488556,48.8458557128906,true,projects/sat-io/open-datasets/npp-viirs-ntl,b1,longntl_annual_native500m_positive_pixel_sum_v1
2017,巴音郭楞蒙古自治州,156652800,39498.054960939,6365,6.24682000584209,1.00014472007751,127.224243164062,true,projects/sat-io/open-datasets/npp-viirs-ntl,b1,longntl_annual_native500m_positive_pixel_sum_v1
2017,阿克苏地区,156652900,64571.3913467477,12885,5.01702020750978,1.00003051757812,402.390197753906,true,projects/sat-io/open-datasets/npp-viirs-ntl,b1,longntl_annual_native500m_positive_pixel_sum_v1
2017,克孜勒苏柯尔克孜自治州,156653000,6859.43969393711,1349,5.127959149914,1.00020480155945,56.491756439209,true,projects/sat-io/open-datasets/npp-viirs-ntl,b1,longntl_annual_native500m_positive_pixel_sum_v1
2017,喀什地区,156653100,32681.2812244088,7754,4.21812624435983,1.00006937980652,87.4921112060547,true,projects/sat-io/open-datasets/npp-viirs-ntl,b1,longntl_annual_native500m_positive_pixel_sum_v1
2017,和田地区,156653200,19987.8933026678,4555,4.40303422554279,1.00004935264587,86.4377899169922,true,projects/sat-io/open-datasets/npp-viirs-ntl,b1,longntl_annual_native500m_positive_pixel_sum_v1
2017,伊犁哈萨克自治州,156654000,40393.175280794,6154,6.64879908068306,1.00004029273987,190.559997558594,true,projects/sat-io/open-datasets/npp-viirs-ntl,b1,longntl_annual_native500m_positive_pixel_sum_v1
2017,塔城地区,156654200,15517.4026000224,3533,4.48725999869101,1.00002646446228,62.6904144287109,true,projects/sat-io/open-datasets/npp-viirs-ntl,b1,longntl_annual_native500m_positive_pixel_sum_v1
2017,阿勒泰地区,156654300,11156.5987834005,1953,5.87906546430656,1.00002765655518,75.7643585205078,true,projects/sat-io/open-datasets/npp-viirs-ntl,b1,longntl_annual_native500m_positive_pixel_sum_v1
2017,石河子市,156659001,7599.69825365684,1442,5.43609128587035,1.00242936611176,43.685001373291,true,projects/sat-io/open-datasets/npp-viirs-ntl,b1,longntl_annual_native500m_positive_pixel_sum_v1
2017,阿拉尔市,156659002,2075.26184389357,664,3.14370103599309,1.00010275840759,17.9195899963379,true,projects/sat-io/open-datasets/npp-viirs-ntl,b1,longntl_annual_native500m_positive_pixel_sum_v1
2017,图木舒克市,156659003,5224.64993476868,695,7.61558535609523,1.00009870529175,81.2203674316406,true,projects/sat-io/open-datasets/npp-viirs-ntl,b1,longntl_annual_native500m_positive_pixel_sum_v1
2017,五家渠市,156659004,4975.01774920903,982,5.56536065228187,1.00015377998352,84.7709197998047,true,projects/sat-io/open-datasets/npp-viirs-ntl,b1,longntl_annual_native500m_positive_pixel_sum_v1
2017,北屯市,156659005,3164.38307234259,462,7.61889985315231,1.0012674331665,54.4906997680664,true,projects/sat-io/open-datasets/npp-viirs-ntl,b1,longntl_annual_native500m_positive_pixel_sum_v1
2017,铁门关市,156659006,536.365075454525,287,2.09938900429636,1.00030016899109,9.42754173278809,true,projects/sat-io/open-datasets/npp-viirs-ntl,b1,longntl_annual_native500m_positive_pixel_sum_v1
2017,双河市,156659007,311.02441528311,188,2.0350822615517,1.00471043586731,11.6962099075317,true,projects/sat-io/open-datasets/npp-viirs-ntl,b1,longntl_annual_native500m_positive_pixel_sum_v1
2017,可克达拉市,156659008,166.888591834611,81,2.483896043765,1.00494956970215,37.5408210754395,true,projects/sat-io/open-datasets/npp-viirs-ntl,b1,longntl_annual_native500m_positive_pixel_sum_v1
2017,昆玉市,156659009,392.329415486373,138,3.19527310600528,1.00434446334839,25.1877632141113,true,projects/sat-io/open-datasets/npp-viirs-ntl,b1,longntl_annual_native500m_positive_pixel_sum_v1
2017,胡杨河市,156659010,121.161924494014,91,1.52642116229305,1.0033814907074,3.14503240585327,true,projects/sat-io/open-datasets/npp-viirs-ntl,b1,longntl_annual_native500m_positive_pixel_sum_v1
2017,新星市,156659011,859.717979914067,273,3.3928883040531,1.00321710109711,32.4049987792969,true,projects/sat-io/open-datasets/npp-viirs-ntl,b1,longntl_annual_native500m_positive_pixel_sum_v1
2017,白杨市,156659012,71.1534705255546,36,2.61593641638068,1.03296041488647,8.18886566162109,true,projects/sat-io/open-datasets/npp-viirs-ntl,b1,longntl_annual_native500m_positive_pixel_sum_v1
2017,台湾省,156710000,723601.434643931,72841,9.99908883683872,1.00003170967102,245.508483886719,true,projects/sat-io/open-datasets/npp-viirs-ntl,b1,longntl_annual_native500m_positive_pixel_sum_v1
2017,香港特别行政区,156810000,69054.8893961906,3966,18.1898909639628,1.00292098522186,181.543273925781,true,projects/sat-io/open-datasets/npp-viirs-ntl,b1,longntl_annual_native500m_positive_pixel_sum_v1
2017,澳门特别行政区,156820000,5057.73426908605,66,90.6595134694885,16.9209175109863,407.554992675781,true,projects/sat-io/open-datasets/npp-viirs-ntl,b1,longntl_annual_native500m_positive_pixel_sum_v1
2018,北京市,156110000,370940.998060853,37939,9.86990423877245,1.00999999046326,218.190002441406,true,projects/sat-io/open-datasets/npp-viirs-ntl,b1,longntl_annual_native500m_positive_pixel_sum_v1
2018,天津市,156120000,337213.451041094,40707,8.34183674856923,1.00999999046326,232.919998168945,true,projects/sat-io/open-datasets/npp-viirs-ntl,b1,longntl_annual_native500m_positive_pixel_sum_v1
2018,石家庄市,156130100,92476.9722003474,19050,4.86521778827955,1.00999999046326,80.5800018310547,true,projects/sat-io/open-datasets/npp-viirs-ntl,b1,longntl_annual_native500m_positive_pixel_sum_v1
2018,唐山市,156130200,112848.029203841,25069,4.51702321170202,1.00999999046326,91.7399978637695,true,projects/sat-io/open-datasets/npp-viirs-ntl,b1,longntl_annual_native500m_positive_pixel_sum_v1
2018,秦皇岛市,156130300,37858.1851744923,6771,5.66241668528687,1.00999999046326,66.25,true,projects/sat-io/open-datasets/npp-viirs-ntl,b1,longntl_annual_native500m_positive_pixel_sum_v1
2018,邯郸市,156130400,50192.6009494005,15064,3.35440550236545,1.00999999046326,43.3499984741211,true,projects/sat-io/open-datasets/npp-viirs-ntl,b1,longntl_annual_native500m_positive_pixel_sum_v1
2018,邢台市,156130500,39204.8895691853,13077,3.02547419668706,1.00999999046326,56.5900001525879,true,projects/sat-io/open-datasets/npp-viirs-ntl,b1,longntl_annual_native500m_positive_pixel_sum_v1
2018,保定市,156130600,78062.2166783436,25115,3.13010304171742,1.00999999046326,78.2300033569336,true,projects/sat-io/open-datasets/npp-viirs-ntl,b1,longntl_annual_native500m_positive_pixel_sum_v1
2018,张家口市,156130700,38145.3411456435,8364,4.57758957450341,1.00999999046326,84.6399993896484,true,projects/sat-io/open-datasets/npp-viirs-ntl,b1,longntl_annual_native500m_positive_pixel_sum_v1
2018,承德市,156130800,22307.9246677857,5502,4.06575861860154,1.00999999046326,87.9199981689453,true,projects/sat-io/open-datasets/npp-viirs-ntl,b1,longntl_annual_native500m_positive_pixel_sum_v1
2018,沧州市,156130900,74157.0197664326,20898,3.57776147647155,1.00999999046326,97.0299987792969,true,projects/sat-io/open-datasets/npp-viirs-ntl,b1,longntl_annual_native500m_positive_pixel_sum_v1
2018,廊坊市,156131000,75307.4684662412,20090,3.83521187963794,1.00999999046326,56.5099983215332,true,projects/sat-io/open-datasets/npp-viirs-ntl,b1,longntl_annual_native500m_positive_pixel_sum_v1
2018,衡水市,156131100,20505.7689879394,6589,3.1475726067117,1.00999999046326,48.7099990844727,true,projects/sat-io/open-datasets/npp-viirs-ntl,b1,longntl_annual_native500m_positive_pixel_sum_v1
2018,太原市,156140100,96559.0673804236,8924,10.9373915845077,1.00999999046326,187.539993286133,true,projects/sat-io/open-datasets/npp-viirs-ntl,b1,longntl_annual_native500m_positive_pixel_sum_v1
2018,大同市,156140200,46187.9389149713,7209,6.4530596472533,1.00999999046326,99.9400024414062,true,projects/sat-io/open-datasets/npp-viirs-ntl,b1,longntl_annual_native500m_positive_pixel_sum_v1
2018,阳泉市,156140300,13020.7941472039,3276,3.98068167463171,1.00999999046326,48,true,projects/sat-io/open-datasets/npp-viirs-ntl,b1,longntl_annual_native500m_positive_pixel_sum_v1
2018,长治市,156140400,44708.4691873013,9504,4.70808647294776,1.00999999046326,264.75,true,projects/sat-io/open-datasets/npp-viirs-ntl,b1,longntl_annual_native500m_positive_pixel_sum_v1
2018,晋城市,156140500,21688.9822743392,5317,4.08661242171864,1.00999999046326,101.050003051758,true,projects/sat-io/open-datasets/npp-viirs-ntl,b1,longntl_annual_native500m_positive_pixel_sum_v1
2018,朔州市,156140600,27300.8622273721,6050,4.54329313119361,1.00999999046326,83.870002746582,true,projects/sat-io/open-datasets/npp-viirs-ntl,b1,longntl_annual_native500m_positive_pixel_sum_v1
2018,晋中市,156140700,41325.4477118815,10049,4.166351033634,1.00999999046326,72.8099975585938,true,projects/sat-io/open-datasets/npp-viirs-ntl,b1,longntl_annual_native500m_positive_pixel_sum_v1
2018,运城市,156140800,27372.3256395971,7015,3.94993559407531,1.00999999046326,52.75,true,projects/sat-io/open-datasets/npp-viirs-ntl,b1,longntl_annual_native500m_positive_pixel_sum_v1
2018,忻州市,156140900,27079.9620826787,7405,3.69006604395075,1.00999999046326,52.6399993896484,true,projects/sat-io/open-datasets/npp-viirs-ntl,b1,longntl_annual_native500m_positive_pixel_sum_v1
2018,临汾市,156141000,30061.0973334906,7460,4.06329235895908,1.00999999046326,92.8499984741211,true,projects/sat-io/open-datasets/npp-viirs-ntl,b1,longntl_annual_native500m_positive_pixel_sum_v1
2018,吕梁市,156141100,31364.7255378344,9784,3.23318014160325,1.00999999046326,44.7200012207031,true,projects/sat-io/open-datasets/npp-viirs-ntl,b1,longntl_annual_native500m_positive_pixel_sum_v1
2018,呼和浩特市,156150100,78623.8708912733,8214,9.57851518957709,1.00999999046326,133.080001831055,true,projects/sat-io/open-datasets/npp-viirs-ntl,b1,longntl_annual_native500m_positive_pixel_sum_v1
2018,包头市,156150200,48401.2921557146,6023,8.05372760419891,1.00999999046326,105.790000915527,true,projects/sat-io/open-datasets/npp-viirs-ntl,b1,longntl_annual_native500m_positive_pixel_sum_v1
2018,乌海市,156150300,12098.8021239388,3138,3.99649022975377,1.00999999046326,45.0999984741211,true,projects/sat-io/open-datasets/npp-viirs-ntl,b1,longntl_annual_native500m_positive_pixel_sum_v1
2018,赤峰市,156150400,34972.8821457559,5653,6.21182335072211,1.00999999046326,92.5,true,projects/sat-io/open-datasets/npp-viirs-ntl,b1,longntl_annual_native500m_positive_pixel_sum_v1
2018,通辽市,156150500,24295.8385212711,4540,5.36014121645748,1.00999999046326,101.040000915527,true,projects/sat-io/open-datasets/npp-viirs-ntl,b1,longntl_annual_native500m_positive_pixel_sum_v1
2018,鄂尔多斯市,156150600,59958.7052271011,12971,4.70037522312516,1.00999999046326,179.660003662109,true,projects/sat-io/open-datasets/npp-viirs-ntl,b1,longntl_annual_native500m_positive_pixel_sum_v1
2018,呼伦贝尔市,156150700,20099.1217797546,5066,3.98193816622971,1.00999999046326,72.1600036621094,true,projects/sat-io/open-datasets/npp-viirs-ntl,b1,longntl_annual_native500m_positive_pixel_sum_v1
2018,巴彦淖尔市,156150800,8853.05873816715,2688,3.30223492618542,1.00999999046326,40.1800003051758,true,projects/sat-io/open-datasets/npp-viirs-ntl,b1,longntl_annual_native500m_positive_pixel_sum_v1
2018,乌兰察布市,156150900,17651.5680402167,3985,4.4473985908858,1.00999999046326,125.23999786377,true,projects/sat-io/open-datasets/npp-viirs-ntl,b1,longntl_annual_native500m_positive_pixel_sum_v1
2018,兴安盟,156152200,10186.7657640925,2094,4.88182745351649,1.00999999046326,57.4599990844727,true,projects/sat-io/open-datasets/npp-viirs-ntl,b1,longntl_annual_native500m_positive_pixel_sum_v1
2018,锡林郭勒盟,156152500,20612.2944729763,3733,5.5299622303702,1.00999999046326,127.040000915527,true,projects/sat-io/open-datasets/npp-viirs-ntl,b1,longntl_annual_native500m_positive_pixel_sum_v1
2018,阿拉善盟,156152900,16024.8809406982,2311,7.1162530495397,1.00999999046326,85.9499969482422,true,projects/sat-io/open-datasets/npp-viirs-ntl,b1,longntl_annual_native500m_positive_pixel_sum_v1
2018,沈阳市,156210100,159456.334394075,15698,10.2371678465255,1.00999999046326,218.860000610352,true,projects/sat-io/open-datasets/npp-viirs-ntl,b1,longntl_annual_native500m_positive_pixel_sum_v1
2018,大连市,156210200,92670.8722184953,11879,7.89259095880652,1.00999999046326,129.570007324219,true,projects/sat-io/open-datasets/npp-viirs-ntl,b1,longntl_annual_native500m_positive_pixel_sum_v1
2018,鞍山市,156210300,48240.9568437221,7143,6.85946221167106,1.00999999046326,103.230003356934,true,projects/sat-io/open-datasets/npp-viirs-ntl,b1,longntl_annual_native500m_positive_pixel_sum_v1
2018,抚顺市,156210400,26246.3167553766,3508,7.62491899518776,1.00999999046326,109.540000915527,true,projects/sat-io/open-datasets/npp-viirs-ntl,b1,longntl_annual_native500m_positive_pixel_sum_v1
2018,本溪市,156210500,21542.1306431999,3292,6.62211531109904,1.00999999046326,116.769996643066,true,projects/sat-io/open-datasets/npp-viirs-ntl,b1,longntl_annual_native500m_positive_pixel_sum_v1
2018,丹东市,156210600,15100.3276467216,2966,5.16315587272135,1.00999999046326,62.1300010681152,true,projects/sat-io/open-datasets/npp-viirs-ntl,b1,longntl_annual_native500m_positive_pixel_sum_v1
2018,锦州市,156210700,25920.0810586653,4671,5.64425062078336,1.00999999046326,80.8399963378906,true,projects/sat-io/open-datasets/npp-viirs-ntl,b1,longntl_annual_native500m_positive_pixel_sum_v1
2018,营口市,156210800,35769.09702517,6533,5.54055023387628,1.00999999046326,69.3199996948242,true,projects/sat-io/open-datasets/npp-viirs-ntl,b1,longntl_annual_native500m_positive_pixel_sum_v1
2018,阜新市,156210900,11426.3610082477,2231,5.12814015397004,1.00999999046326,75.8499984741211,true,projects/sat-io/open-datasets/npp-viirs-ntl,b1,longntl_annual_native500m_positive_pixel_sum_v1
2018,辽阳市,156211000,37114.7352564278,5902,6.43404669070243,1.00999999046326,118.400001525879,true,projects/sat-io/open-datasets/npp-viirs-ntl,b1,longntl_annual_native500m_positive_pixel_sum_v1
2018,盘锦市,156211100,48354.2787996414,7143,6.88383615801487,1.00999999046326,94.7699966430664,true,projects/sat-io/open-datasets/npp-viirs-ntl,b1,longntl_annual_native500m_positive_pixel_sum_v1
2018,铁岭市,156211200,13962.6054357921,3454,4.09848477844823,1.00999999046326,35.4900016784668,true,projects/sat-io/open-datasets/npp-viirs-ntl,b1,longntl_annual_native500m_positive_pixel_sum_v1
2018,朝阳市,156211300,15486.0627271386,3775,4.13156099123283,1.00999999046326,46.5900001525879,true,projects/sat-io/open-datasets/npp-viirs-ntl,b1,longntl_annual_native500m_positive_pixel_sum_v1
2018,葫芦岛市,156211400,20978.5378665531,4522,4.77205589951486,1.00999999046326,100.110000610352,true,projects/sat-io/open-datasets/npp-viirs-ntl,b1,longntl_annual_native500m_positive_pixel_sum_v1
2018,长春市,156220100,144815.511202655,14293,10.1450426804058,1.00999999046326,162.570007324219,true,projects/sat-io/open-datasets/npp-viirs-ntl,b1,longntl_annual_native500m_positive_pixel_sum_v1
2018,吉林市,156220200,37944.668509603,4886,7.79032741318813,1.00999999046326,140.119995117188,true,projects/sat-io/open-datasets/npp-viirs-ntl,b1,longntl_annual_native500m_positive_pixel_sum_v1
2018,四平市,156220300,16373.2511403626,2525,6.56163117637924,1.00999999046326,76.4899978637695,true,projects/sat-io/open-datasets/npp-viirs-ntl,b1,longntl_annual_native500m_positive_pixel_sum_v1
2018,辽源市,156220400,8698.32391881803,1276,6.90272271848393,1.00999999046326,85.7399978637695,true,projects/sat-io/open-datasets/npp-viirs-ntl,b1,longntl_annual_native500m_positive_pixel_sum_v1
2018,通化市,156220500,11763.7810624651,2186,5.44328947680177,1.00999999046326,108.319999694824,true,projects/sat-io/open-datasets/npp-viirs-ntl,b1,longntl_annual_native500m_positive_pixel_sum_v1
2018,白山市,156220600,5612.47148400195,1521,3.75996087721503,1.00999999046326,37.2299995422363,true,projects/sat-io/open-datasets/npp-viirs-ntl,b1,longntl_annual_native500m_positive_pixel_sum_v1
2018,松原市,156220700,20151.6773452862,3204,6.30235764295925,1.00999999046326,113.040000915527,true,projects/sat-io/open-datasets/npp-viirs-ntl,b1,longntl_annual_native500m_positive_pixel_sum_v1
2018,白城市,156220800,11936.4237130315,2345,5.10710404489837,1.00999999046326,66.2300033569336,true,projects/sat-io/open-datasets/npp-viirs-ntl,b1,longntl_annual_native500m_positive_pixel_sum_v1
2018,延边朝鲜族自治州,156222400,26454.5779788036,3726,7.12034800477396,1.00999999046326,87.5299987792969,true,projects/sat-io/open-datasets/npp-viirs-ntl,b1,longntl_annual_native500m_positive_pixel_sum_v1
2018,哈尔滨市,156230100,109317.53968952,11882,9.20355696260785,1.00999999046326,351.440002441406,true,projects/sat-io/open-datasets/npp-viirs-ntl,b1,longntl_annual_native500m_positive_pixel_sum_v1
2018,齐齐哈尔市,156230200,35593.9929193637,4826,7.38585367425455,1.00999999046326,88.1500015258789,true,projects/sat-io/open-datasets/npp-viirs-ntl,b1,longntl_annual_native500m_positive_pixel_sum_v1
2018,鸡西市,156230300,8434.85137494078,1973,4.27970802663447,1.00999999046326,62.6399993896484,true,projects/sat-io/open-datasets/npp-viirs-ntl,b1,longntl_annual_native500m_positive_pixel_sum_v1
2018,鹤岗市,156230400,8849.40738597945,1608,5.5190434324054,1.00999999046326,467.410003662109,true,projects/sat-io/open-datasets/npp-viirs-ntl,b1,longntl_annual_native500m_positive_pixel_sum_v1
2018,双鸭山市,156230500,8512.45152251159,2038,4.17993779845575,1.00999999046326,59.5800018310547,true,projects/sat-io/open-datasets/npp-viirs-ntl,b1,longntl_annual_native500m_positive_pixel_sum_v1
2018,大庆市,156230600,81392.4702859616,9910,8.32405742511494,1.00999999046326,114.580001831055,true,projects/sat-io/open-datasets/npp-viirs-ntl,b1,longntl_annual_native500m_positive_pixel_sum_v1
2018,伊春市,156230700,4030.86481677364,1114,3.63026827204051,1.00999999046326,30.1900005340576,true,projects/sat-io/open-datasets/npp-viirs-ntl,b1,longntl_annual_native500m_positive_pixel_sum_v1
2018,佳木斯市,156230800,28186.8034397579,3732,7.67310452748789,1.00999999046326,110.129997253418,true,projects/sat-io/open-datasets/npp-viirs-ntl,b1,longntl_annual_native500m_positive_pixel_sum_v1
2018,七台河市,156230900,6183.12999522686,1399,4.4196783382608,1.00999999046326,53.8899993896484,true,projects/sat-io/open-datasets/npp-viirs-ntl,b1,longntl_annual_native500m_positive_pixel_sum_v1
2018,牡丹江市,156231000,23855.3000684794,2975,8.03875335653285,1.00999999046326,146.5,true,projects/sat-io/open-datasets/npp-viirs-ntl,b1,longntl_annual_native500m_positive_pixel_sum_v1
2018,黑河市,156231100,8543.33585221861,1875,4.6474755574617,1.00999999046326,67.370002746582,true,projects/sat-io/open-datasets/npp-viirs-ntl,b1,longntl_annual_native500m_positive_pixel_sum_v1
2018,绥化市,156231200,17528.6098133499,4211,4.31556581143514,1.00999999046326,79.870002746582,true,projects/sat-io/open-datasets/npp-viirs-ntl,b1,longntl_annual_native500m_positive_pixel_sum_v1
2018,大兴安岭地区,156232700,650.12643096634,257,2.56160944244903,1.00999999046326,19.6499996185303,true,projects/sat-io/open-datasets/npp-viirs-ntl,b1,longntl_annual_native500m_positive_pixel_sum_v1
2018,上海市,156310000,477025.499455906,27399,17.6072809001511,1.00999999046326,344.380004882812,true,projects/sat-io/open-datasets/npp-viirs-ntl,b1,longntl_annual_native500m_positive_pixel_sum_v1
2018,南京市,156320100,177073.05405856,20442,8.78271591197775,1.00999999046326,134.839996337891,true,projects/sat-io/open-datasets/npp-viirs-ntl,b1,longntl_annual_native500m_positive_pixel_sum_v1
2018,无锡市,156320200,166532.626216851,18240,9.3504444783453,1.00999999046326,119.160003662109,true,projects/sat-io/open-datasets/npp-viirs-ntl,b1,longntl_annual_native500m_positive_pixel_sum_v1
2018,徐州市,156320300,88659.81535251,17391,5.14579191797644,1.00999999046326,57.939998626709,true,projects/sat-io/open-datasets/npp-viirs-ntl,b1,longntl_annual_native500m_positive_pixel_sum_v1
2018,常州市,156320400,111305.858277655,13879,8.24677089609582,1.00999999046326,139.020004272461,true,projects/sat-io/open-datasets/npp-viirs-ntl,b1,longntl_annual_native500m_positive_pixel_sum_v1
2018,苏州市,156320500,400095.039644539,32380,12.5435505269262,1.00999999046326,227.020004272461,true,projects/sat-io/open-datasets/npp-viirs-ntl,b1,longntl_annual_native500m_positive_pixel_sum_v1
2018,南通市,156320600,131827.599028051,20091,6.57617866311638,1.00999999046326,70.4899978637695,true,projects/sat-io/open-datasets/npp-viirs-ntl,b1,longntl_annual_native500m_positive_pixel_sum_v1
2018,连云港市,156320700,57081.2597314213,11198,5.15224154108366,1.00999999046326,80.7300033569336,true,projects/sat-io/open-datasets/npp-viirs-ntl,b1,longntl_annual_native500m_positive_pixel_sum_v1
2018,淮安市,156320800,58416.7643888137,8507,6.88056323832586,1.00999999046326,76.9300003051758,true,projects/sat-io/open-datasets/npp-viirs-ntl,b1,longntl_annual_native500m_positive_pixel_sum_v1
2018,盐城市,156320900,98079.0069774787,15873,6.22851487008905,1.00999999046326,319.829986572266,true,projects/sat-io/open-datasets/npp-viirs-ntl,b1,longntl_annual_native500m_positive_pixel_sum_v1
2018,扬州市,156321000,77574.256100664,12101,6.51584318895737,1.00999999046326,108.639999389648,true,projects/sat-io/open-datasets/npp-viirs-ntl,b1,longntl_annual_native500m_positive_pixel_sum_v1
2018,镇江市,156321100,82666.0827859065,13578,6.27164853005151,1.00999999046326,76.7799987792969,true,projects/sat-io/open-datasets/npp-viirs-ntl,b1,longntl_annual_native500m_positive_pixel_sum_v1
2018,泰州市,156321200,85291.4661967755,15024,5.75577040673992,1.00999999046326,78.25,true,projects/sat-io/open-datasets/npp-viirs-ntl,b1,longntl_annual_native500m_positive_pixel_sum_v1
2018,宿迁市,156321300,48304.8749804632,8663,5.60027493659578,1.00999999046326,199.009994506836,true,projects/sat-io/open-datasets/npp-viirs-ntl,b1,longntl_annual_native500m_positive_pixel_sum_v1
2018,杭州市,156330100,202866.368393721,20195,10.1509296265276,1.00999999046326,274.329986572266,true,projects/sat-io/open-datasets/npp-viirs-ntl,b1,longntl_annual_native500m_positive_pixel_sum_v1
2018,宁波市,156330200,204595.865208235,22684,9.064665581235,1.00999999046326,203.570007324219,true,projects/sat-io/open-datasets/npp-viirs-ntl,b1,longntl_annual_native500m_positive_pixel_sum_v1
2018,温州市,156330300,109159.276839102,16109,6.80577065585081,1.00999999046326,133.169998168945,true,projects/sat-io/open-datasets/npp-viirs-ntl,b1,longntl_annual_native500m_positive_pixel_sum_v1
2018,嘉兴市,156330400,106295.523709579,18529,5.82996066435132,1.00999999046326,117.319999694824,true,projects/sat-io/open-datasets/npp-viirs-ntl,b1,longntl_annual_native500m_positive_pixel_sum_v1
2018,湖州市,156330500,66379.2552921393,14139,4.77244170089147,1.00999999046326,67.1600036621094,true,projects/sat-io/open-datasets/npp-viirs-ntl,b1,longntl_annual_native500m_positive_pixel_sum_v1
2018,绍兴市,156330600,84041.7503632784,14299,5.9430720076262,1.00999999046326,72.5999984741211,true,projects/sat-io/open-datasets/npp-viirs-ntl,b1,longntl_annual_native500m_positive_pixel_sum_v1
2018,金华市,156330700,124513.890337313,16803,7.42497850007607,1.00999999046326,95.9499969482422,true,projects/sat-io/open-datasets/npp-viirs-ntl,b1,longntl_annual_native500m_positive_pixel_sum_v1
2018,衢州市,156330800,22393.8571439734,5188,4.32785324591876,1.00999999046326,46.8699989318848,true,projects/sat-io/open-datasets/npp-viirs-ntl,b1,longntl_annual_native500m_positive_pixel_sum_v1
2018,舟山市,156330900,20087.1918008286,3907,5.39823486119443,1.00999999046326,145.399993896484,true,projects/sat-io/open-datasets/npp-viirs-ntl,b1,longntl_annual_native500m_positive_pixel_sum_v1
2018,台州市,156331000,89552.472941544,14403,6.24550766076775,1.00999999046326,80.2300033569336,true,projects/sat-io/open-datasets/npp-viirs-ntl,b1,longntl_annual_native500m_positive_pixel_sum_v1
2018,丽水市,156331100,25447.5252573925,4614,5.53819435525477,1.00999999046326,58.439998626709,true,projects/sat-io/open-datasets/npp-viirs-ntl,b1,longntl_annual_native500m_positive_pixel_sum_v1
2018,合肥市,156340100,148617.650599887,13923,10.7203173035552,1.00999999046326,121.480003356934,true,projects/sat-io/open-datasets/npp-viirs-ntl,b1,longntl_annual_native500m_positive_pixel_sum_v1
2018,芜湖市,156340200,51634.6971435668,9046,5.7716347945054,1.00999999046326,87.5100021362305,true,projects/sat-io/open-datasets/npp-viirs-ntl,b1,longntl_annual_native500m_positive_pixel_sum_v1
2018,蚌埠市,156340300,35345.2430361855,4786,7.45812278688153,1.00999999046326,87.7399978637695,true,projects/sat-io/open-datasets/npp-viirs-ntl,b1,longntl_annual_native500m_positive_pixel_sum_v1
2018,淮南市,156340400,26048.7791484047,5574,4.69288016766875,1.00999999046326,87.2200012207031,true,projects/sat-io/open-datasets/npp-viirs-ntl,b1,longntl_annual_native500m_positive_pixel_sum_v1
2018,马鞍山市,156340500,37080.4430477157,6668,5.71278656916537,1.00999999046326,86.8000030517578,true,projects/sat-io/open-datasets/npp-viirs-ntl,b1,longntl_annual_native500m_positive_pixel_sum_v1
2018,淮北市,156340600,20191.8973376873,3845,5.39830303133997,1.00999999046326,63.9000015258789,true,projects/sat-io/open-datasets/npp-viirs-ntl,b1,longntl_annual_native500m_positive_pixel_sum_v1
2018,铜陵市,156340700,12455.5606771623,2246,5.59627869381798,1.00999999046326,35.5,true,projects/sat-io/open-datasets/npp-viirs-ntl,b1,longntl_annual_native500m_positive_pixel_sum_v1
2018,安庆市,156340800,23712.6302703563,4126,5.81291929209356,1.00999999046326,49.7200012207031,true,projects/sat-io/open-datasets/npp-viirs-ntl,b1,longntl_annual_native500m_positive_pixel_sum_v1
2018,黄山市,156341000,4649.6321143155,1382,3.36560689085133,1.00999999046326,25.1900005340576,true,projects/sat-io/open-datasets/npp-viirs-ntl,b1,longntl_annual_native500m_positive_pixel_sum_v1
2018,滁州市,156341100,56234.4850349169,9552,5.95435909118058,1.00999999046326,86.6399993896484,true,projects/sat-io/open-datasets/npp-viirs-ntl,b1,longntl_annual_native500m_positive_pixel_sum_v1
2018,阜阳市,156341200,57252.7339336339,10687,5.37756232244225,1.00999999046326,68.2600021362305,true,projects/sat-io/open-datasets/npp-viirs-ntl,b1,longntl_annual_native500m_positive_pixel_sum_v1
2018,宿州市,156341300,27516.9149806121,6228,4.52390883346588,1.00999999046326,44.0499992370605,true,projects/sat-io/open-datasets/npp-viirs-ntl,b1,longntl_annual_native500m_positive_pixel_sum_v1
2018,六安市,156341500,32073.0144641423,6030,5.3451530542816,1.00999999046326,80.1500015258789,true,projects/sat-io/open-datasets/npp-viirs-ntl,b1,longntl_annual_native500m_positive_pixel_sum_v1
2018,亳州市,156341600,37984.0393361377,6238,6.12113439021415,1.00999999046326,73.0999984741211,true,projects/sat-io/open-datasets/npp-viirs-ntl,b1,longntl_annual_native500m_positive_pixel_sum_v1
2018,池州市,156341700,8120.66011419811,2054,4.0308495301433,1.00999999046326,32.7799987792969,true,projects/sat-io/open-datasets/npp-viirs-ntl,b1,longntl_annual_native500m_positive_pixel_sum_v1
2018,宣城市,156341800,21593.4159181637,4892,4.4510702309246,1.00999999046326,57.1199989318848,true,projects/sat-io/open-datasets/npp-viirs-ntl,b1,longntl_annual_native500m_positive_pixel_sum_v1
2018,福州市,156350100,118675.975610464,16784,7.1634261643071,1.00999999046326,188.039993286133,true,projects/sat-io/open-datasets/npp-viirs-ntl,b1,longntl_annual_native500m_positive_pixel_sum_v1
2018,厦门市,156350200,87096.121075467,4977,17.8629827368237,1.00999999046326,106.480003356934,true,projects/sat-io/open-datasets/npp-viirs-ntl,b1,longntl_annual_native500m_positive_pixel_sum_v1
2018,莆田市,156350300,46749.9382775396,6525,7.23888912820044,1.00999999046326,68.3000030517578,true,projects/sat-io/open-datasets/npp-viirs-ntl,b1,longntl_annual_native500m_positive_pixel_sum_v1
2018,三明市,156350400,19355.6397253266,4764,4.07389277784101,1.00999999046326,45.2700004577637,true,projects/sat-io/open-datasets/npp-viirs-ntl,b1,longntl_annual_native500m_positive_pixel_sum_v1
2018,泉州市,156350500,151477.750855818,19342,7.91165631797224,1.00999999046326,104.680000305176,true,projects/sat-io/open-datasets/npp-viirs-ntl,b1,longntl_annual_native500m_positive_pixel_sum_v1
2018,漳州市,156350600,78537.9259512798,16517,4.79484734108782,1.00999999046326,77.5500030517578,true,projects/sat-io/open-datasets/npp-viirs-ntl,b1,longntl_annual_native500m_positive_pixel_sum_v1
2018,南平市,156350700,23151.9142258588,5373,4.32032893299387,1.00999999046326,46.060001373291,true,projects/sat-io/open-datasets/npp-viirs-ntl,b1,longntl_annual_native500m_positive_pixel_sum_v1
2018,龙岩市,156350800,26304.1438107762,6129,4.29878716696965,1.00999999046326,50.1399993896484,true,projects/sat-io/open-datasets/npp-viirs-ntl,b1,longntl_annual_native500m_positive_pixel_sum_v1
2018,宁德市,156350900,29316.4712844297,6131,4.85837311899759,1.00999999046326,79.879997253418,true,projects/sat-io/open-datasets/npp-viirs-ntl,b1,longntl_annual_native500m_positive_pixel_sum_v1
2018,南昌市,156360100,63525.071122399,7741,8.22652582579992,1.00999999046326,130.899993896484,true,projects/sat-io/open-datasets/npp-viirs-ntl,b1,longntl_annual_native500m_positive_pixel_sum_v1
2018,景德镇市,156360200,10953.9200006723,1725,6.3500985511144,1.00999999046326,54.6599998474121,true,projects/sat-io/open-datasets/npp-viirs-ntl,b1,longntl_annual_native500m_positive_pixel_sum_v1
2018,萍乡市,156360300,6169.01062624314,1595,3.87556992885458,1.00999999046326,30.8500003814697,true,projects/sat-io/open-datasets/npp-viirs-ntl,b1,longntl_annual_native500m_positive_pixel_sum_v1
2018,九江市,156360400,28734.4823378736,5787,5.02592979492239,1.00999999046326,59.5699996948242,true,projects/sat-io/open-datasets/npp-viirs-ntl,b1,longntl_annual_native500m_positive_pixel_sum_v1
2018,新余市,156360500,6945.59467399307,1375,5.05457074000426,1.00999999046326,35.7000007629395,true,projects/sat-io/open-datasets/npp-viirs-ntl,b1,longntl_annual_native500m_positive_pixel_sum_v1
2018,鹰潭市,156360600,6053.34870632162,1518,4.03239260114789,1.00999999046326,26.4200000762939,true,projects/sat-io/open-datasets/npp-viirs-ntl,b1,longntl_annual_native500m_positive_pixel_sum_v1
2018,赣州市,156360700,42967.4779547607,7778,5.52849690617096,1.00999999046326,52.4900016784668,true,projects/sat-io/open-datasets/npp-viirs-ntl,b1,longntl_annual_native500m_positive_pixel_sum_v1
2018,吉安市,156360800,16885.5869858246,3543,4.76648653947985,1.00999999046326,59.0400009155273,true,projects/sat-io/open-datasets/npp-viirs-ntl,b1,longntl_annual_native500m_positive_pixel_sum_v1
2018,宜春市,156360900,24094.4533238827,5794,4.16149518975388,1.00999999046326,65.2300033569336,true,projects/sat-io/open-datasets/npp-viirs-ntl,b1,longntl_annual_native500m_positive_pixel_sum_v1
2018,抚州市,156361000,15794.4217724492,3129,5.05117871356328,1.00999999046326,59.75,true,projects/sat-io/open-datasets/npp-viirs-ntl,b1,longntl_annual_native500m_positive_pixel_sum_v1
2018,上饶市,156361100,22738.3424538145,4946,4.61414474553206,1.00999999046326,52.0800018310547,true,projects/sat-io/open-datasets/npp-viirs-ntl,b1,longntl_annual_native500m_positive_pixel_sum_v1
2018,济南市,156370100,114927.028060892,18261,6.33084752110161,1.00999999046326,148.880004882812,true,projects/sat-io/open-datasets/npp-viirs-ntl,b1,longntl_annual_native500m_positive_pixel_sum_v1
2018,青岛市,156370200,153029.993619629,23335,6.59837229321594,1.00999999046326,165.440002441406,true,projects/sat-io/open-datasets/npp-viirs-ntl,b1,longntl_annual_native500m_positive_pixel_sum_v1
2018,淄博市,156370300,54959.8083177534,12545,4.46184856603131,1.00999999046326,53.8600006103516,true,projects/sat-io/open-datasets/npp-viirs-ntl,b1,longntl_annual_native500m_positive_pixel_sum_v1
2018,枣庄市,156370400,29554.2843237456,8656,3.46398965931865,1.00999999046326,45.7700004577637,true,projects/sat-io/open-datasets/npp-viirs-ntl,b1,longntl_annual_native500m_positive_pixel_sum_v1
2018,东营市,156370500,63029.1918606608,13352,4.77628396959943,1.00999999046326,64.7900009155273,true,projects/sat-io/open-datasets/npp-viirs-ntl,b1,longntl_annual_native500m_positive_pixel_sum_v1
2018,烟台市,156370600,90070.699878069,17108,5.29918961096816,1.00999999046326,312.720001220703,true,projects/sat-io/open-datasets/npp-viirs-ntl,b1,longntl_annual_native500m_positive_pixel_sum_v1
2018,潍坊市,156370700,118516.922789383,29878,3.98941368134798,1.00999999046326,111.589996337891,true,projects/sat-io/open-datasets/npp-viirs-ntl,b1,longntl_annual_native500m_positive_pixel_sum_v1
2018,济宁市,156370800,63313.0890188021,17819,3.58661471701881,1.00999999046326,234.270004272461,true,projects/sat-io/open-datasets/npp-viirs-ntl,b1,longntl_annual_native500m_positive_pixel_sum_v1
2018,泰安市,156370900,39240.9750102267,8945,4.41689673179649,1.00999999046326,284.25,true,projects/sat-io/open-datasets/npp-viirs-ntl,b1,longntl_annual_native500m_positive_pixel_sum_v1
2018,威海市,156371000,42230.6329415901,7273,5.86621878023954,1.00999999046326,174.779998779297,true,projects/sat-io/open-datasets/npp-viirs-ntl,b1,longntl_annual_native500m_positive_pixel_sum_v1
2018,日照市,156371100,28500.1051017228,7038,4.09594121532444,1.00999999046326,57.7999992370605,true,projects/sat-io/open-datasets/npp-viirs-ntl,b1,longntl_annual_native500m_positive_pixel_sum_v1
2018,临沂市,156371300,97111.1332082459,25325,3.85196974901994,1.00999999046326,209.039993286133,true,projects/sat-io/open-datasets/npp-viirs-ntl,b1,longntl_annual_native500m_positive_pixel_sum_v1
2018,德州市,156371400,40873.90981869,9988,4.14444948702229,1.00999999046326,51.7999992370605,true,projects/sat-io/open-datasets/npp-viirs-ntl,b1,longntl_annual_native500m_positive_pixel_sum_v1
2018,聊城市,156371500,43928.6928105817,10836,4.07979835468689,1.00999999046326,57.4799995422363,true,projects/sat-io/open-datasets/npp-viirs-ntl,b1,longntl_annual_native500m_positive_pixel_sum_v1
2018,滨州市,156371600,57106.8446145801,14594,3.97093304629894,1.00999999046326,113.940002441406,true,projects/sat-io/open-datasets/npp-viirs-ntl,b1,longntl_annual_native500m_positive_pixel_sum_v1
2018,菏泽市,156371700,50137.3686570275,13838,3.63418055100761,1.00999999046326,58.75,true,projects/sat-io/open-datasets/npp-viirs-ntl,b1,longntl_annual_native500m_positive_pixel_sum_v1
2018,郑州市,156410100,162809.466641667,21589,7.59180606483091,1.00999999046326,302.679992675781,true,projects/sat-io/open-datasets/npp-viirs-ntl,b1,longntl_annual_native500m_positive_pixel_sum_v1
2018,开封市,156410200,34148.2245876826,6767,5.11564954626579,1.00999999046326,76.9899978637695,true,projects/sat-io/open-datasets/npp-viirs-ntl,b1,longntl_annual_native500m_positive_pixel_sum_v1
2018,洛阳市,156410300,58281.7050570385,10805,5.42794373514935,1.00999999046326,72.5100021362305,true,projects/sat-io/open-datasets/npp-viirs-ntl,b1,longntl_annual_native500m_positive_pixel_sum_v1
2018,平顶山市,156410400,33479.4387660157,7716,4.36193681402421,1.00999999046326,56.560001373291,true,projects/sat-io/open-datasets/npp-viirs-ntl,b1,longntl_annual_native500m_positive_pixel_sum_v1
2018,安阳市,156410500,36356.7332377625,8818,4.16524970499425,1.00999999046326,38.8600006103516,true,projects/sat-io/open-datasets/npp-viirs-ntl,b1,longntl_annual_native500m_positive_pixel_sum_v1
2018,鹤壁市,156410600,12221.9152196192,2847,4.359614844236,1.00999999046326,45.3300018310547,true,projects/sat-io/open-datasets/npp-viirs-ntl,b1,longntl_annual_native500m_positive_pixel_sum_v1
2018,新乡市,156410700,43336.6492210944,11392,3.82972294382281,1.00999999046326,36.9700012207031,true,projects/sat-io/open-datasets/npp-viirs-ntl,b1,longntl_annual_native500m_positive_pixel_sum_v1
2018,焦作市,156410800,24766.4042028539,6601,3.78983893042522,1.00999999046326,34.8300018310547,true,projects/sat-io/open-datasets/npp-viirs-ntl,b1,longntl_annual_native500m_positive_pixel_sum_v1
2018,濮阳市,156410900,29593.7187173432,7621,3.92146380056492,1.00999999046326,67.2300033569336,true,projects/sat-io/open-datasets/npp-viirs-ntl,b1,longntl_annual_native500m_positive_pixel_sum_v1
2018,许昌市,156411000,29930.1117364626,7484,4.03451592110992,1.00999999046326,58.5400009155273,true,projects/sat-io/open-datasets/npp-viirs-ntl,b1,longntl_annual_native500m_positive_pixel_sum_v1
2018,漯河市,156411100,20401.0140227556,3171,6.55124511017393,1.00999999046326,73.2699966430664,true,projects/sat-io/open-datasets/npp-viirs-ntl,b1,longntl_annual_native500m_positive_pixel_sum_v1
2018,三门峡市,156411200,17483.7310167925,4157,4.24831877725345,1.00999999046326,59.8300018310547,true,projects/sat-io/open-datasets/npp-viirs-ntl,b1,longntl_annual_native500m_positive_pixel_sum_v1
2018,南阳市,156411300,39706.8436977415,9632,4.12658681982722,1.00999999046326,51,true,projects/sat-io/open-datasets/npp-viirs-ntl,b1,longntl_annual_native500m_positive_pixel_sum_v1
2018,商丘市,156411400,41994.1673669923,8363,5.04764711083789,1.00999999046326,64.25,true,projects/sat-io/open-datasets/npp-viirs-ntl,b1,longntl_annual_native500m_positive_pixel_sum_v1
2018,信阳市,156411500,20350.7649732487,4642,4.40020644023255,1.00999999046326,53.7200012207031,true,projects/sat-io/open-datasets/npp-viirs-ntl,b1,longntl_annual_native500m_positive_pixel_sum_v1
2018,周口市,156411600,34312.7893129755,8757,3.93188675264422,1.00999999046326,58.2200012207031,true,projects/sat-io/open-datasets/npp-viirs-ntl,b1,longntl_annual_native500m_positive_pixel_sum_v1
2018,驻马店市,156411700,42465.8415341868,7901,5.40559178937981,1.00999999046326,62.1100006103516,true,projects/sat-io/open-datasets/npp-viirs-ntl,b1,longntl_annual_native500m_positive_pixel_sum_v1
2018,济源市,156419001,6133.55250787314,1665,3.72777687885552,1.00999999046326,28.5900001525879,true,projects/sat-io/open-datasets/npp-viirs-ntl,b1,longntl_annual_native500m_positive_pixel_sum_v1
2018,武汉市,156420100,181219.533408117,17547,10.401244300723,1.00999999046326,415.339996337891,true,projects/sat-io/open-datasets/npp-viirs-ntl,b1,longntl_annual_native500m_positive_pixel_sum_v1
2018,黄石市,156420200,16870.9514895378,3520,4.92176217467206,1.00999999046326,41.75,true,projects/sat-io/open-datasets/npp-viirs-ntl,b1,longntl_annual_native500m_positive_pixel_sum_v1
2018,十堰市,156420300,12314.46239303,3151,3.93541284925971,1.00999999046326,26.9500007629395,true,projects/sat-io/open-datasets/npp-viirs-ntl,b1,longntl_annual_native500m_positive_pixel_sum_v1
2018,宜昌市,156420500,28289.8151534931,6205,4.56805400694193,1.00999999046326,40.5900001525879,true,projects/sat-io/open-datasets/npp-viirs-ntl,b1,longntl_annual_native500m_positive_pixel_sum_v1
2018,襄阳市,156420600,25910.2898571533,5763,4.51425918452028,1.00999999046326,50.9599990844727,true,projects/sat-io/open-datasets/npp-viirs-ntl,b1,longntl_annual_native500m_positive_pixel_sum_v1
2018,鄂州市,156420700,13267.4837577469,3288,4.16789863405993,1.00999999046326,108.660003662109,true,projects/sat-io/open-datasets/npp-viirs-ntl,b1,longntl_annual_native500m_positive_pixel_sum_v1
2018,荆门市,156420800,12162.9413305011,2863,4.25864524578336,1.00999999046326,46.6599998474121,true,projects/sat-io/open-datasets/npp-viirs-ntl,b1,longntl_annual_native500m_positive_pixel_sum_v1
2018,孝感市,156420900,18777.8122575049,4703,4.05962003184705,1.00999999046326,31.7099990844727,true,projects/sat-io/open-datasets/npp-viirs-ntl,b1,longntl_annual_native500m_positive_pixel_sum_v1
2018,荆州市,156421000,21818.7663819407,4904,4.5053703165257,1.00999999046326,52.6399993896484,true,projects/sat-io/open-datasets/npp-viirs-ntl,b1,longntl_annual_native500m_positive_pixel_sum_v1
2018,黄冈市,156421100,20885.7641371246,5495,3.90874325987082,1.00999999046326,85.379997253418,true,projects/sat-io/open-datasets/npp-viirs-ntl,b1,longntl_annual_native500m_positive_pixel_sum_v1
2018,咸宁市,156421200,12620.6501088376,3018,4.2067953843496,1.00999999046326,48.9599990844727,true,projects/sat-io/open-datasets/npp-viirs-ntl,b1,longntl_annual_native500m_positive_pixel_sum_v1
2018,随州市,156421300,6440.8551311535,1809,3.57070691228589,1.00999999046326,26.2600002288818,true,projects/sat-io/open-datasets/npp-viirs-ntl,b1,longntl_annual_native500m_positive_pixel_sum_v1
2018,恩施土家族苗族自治州,156422800,10196.7277129271,2243,4.59544225981758,1.00999999046326,37.2400016784668,true,projects/sat-io/open-datasets/npp-viirs-ntl,b1,longntl_annual_native500m_positive_pixel_sum_v1
2018,仙桃市,156429004,3612.19576908794,1062,3.46451243509018,1.00999999046326,29.7700004577637,true,projects/sat-io/open-datasets/npp-viirs-ntl,b1,longntl_annual_native500m_positive_pixel_sum_v1
2018,潜江市,156429005,5839.31702120818,1372,4.29316979900612,1.00999999046326,29.9799995422363,true,projects/sat-io/open-datasets/npp-viirs-ntl,b1,longntl_annual_native500m_positive_pixel_sum_v1
2018,天门市,156429006,3633.34026914344,813,4.61579964843057,1.00999999046326,24.3700008392334,true,projects/sat-io/open-datasets/npp-viirs-ntl,b1,longntl_annual_native500m_positive_pixel_sum_v1
2018,神农架林区,156429021,74.5882346485175,43,1.80884449218944,1.03999996185303,3.85999989509583,true,projects/sat-io/open-datasets/npp-viirs-ntl,b1,longntl_annual_native500m_positive_pixel_sum_v1
2018,长沙市,156430100,116985.947349013,12805,9.21185601098278,1.00999999046326,162.029998779297,true,projects/sat-io/open-datasets/npp-viirs-ntl,b1,longntl_annual_native500m_positive_pixel_sum_v1
2018,株洲市,156430200,25270.1124165147,4023,6.38680616630911,1.00999999046326,72.5199966430664,true,projects/sat-io/open-datasets/npp-viirs-ntl,b1,longntl_annual_native500m_positive_pixel_sum_v1
2018,湘潭市,156430300,26684.8922439285,3577,7.71080602460082,1.00999999046326,68.0100021362305,true,projects/sat-io/open-datasets/npp-viirs-ntl,b1,longntl_annual_native500m_positive_pixel_sum_v1
2018,衡阳市,156430400,20637.31353709,4456,4.63146407706553,1.00999999046326,37.2799987792969,true,projects/sat-io/open-datasets/npp-viirs-ntl,b1,longntl_annual_native500m_positive_pixel_sum_v1
2018,邵阳市,156430500,16037.3078846815,3439,4.67125262785651,1.00999999046326,43.5200004577637,true,projects/sat-io/open-datasets/npp-viirs-ntl,b1,longntl_annual_native500m_positive_pixel_sum_v1
2018,岳阳市,156430600,24477.0231047612,5275,4.69524009140831,1.00999999046326,43.2900009155273,true,projects/sat-io/open-datasets/npp-viirs-ntl,b1,longntl_annual_native500m_positive_pixel_sum_v1
2018,常德市,156430700,27934.0393301782,5366,5.20935248514529,1.00999999046326,37.5099983215332,true,projects/sat-io/open-datasets/npp-viirs-ntl,b1,longntl_annual_native500m_positive_pixel_sum_v1
2018,张家界市,156430800,7383.50319185491,1306,5.66377975893354,1.00999999046326,59.8499984741211,true,projects/sat-io/open-datasets/npp-viirs-ntl,b1,longntl_annual_native500m_positive_pixel_sum_v1
2018,益阳市,156430900,11398.6738082292,2858,4.02265490282428,1.00999999046326,28.5599994659424,true,projects/sat-io/open-datasets/npp-viirs-ntl,b1,longntl_annual_native500m_positive_pixel_sum_v1
2018,郴州市,156431000,15037.2981019039,3847,3.91317363234284,1.00999999046326,36.1100006103516,true,projects/sat-io/open-datasets/npp-viirs-ntl,b1,longntl_annual_native500m_positive_pixel_sum_v1
2018,永州市,156431100,16639.9212887675,3674,4.53967033808648,1.00999999046326,40.5,true,projects/sat-io/open-datasets/npp-viirs-ntl,b1,longntl_annual_native500m_positive_pixel_sum_v1
2018,怀化市,156431200,15331.094245518,3505,4.43080645950329,1.00999999046326,37.6199989318848,true,projects/sat-io/open-datasets/npp-viirs-ntl,b1,longntl_annual_native500m_positive_pixel_sum_v1
2018,娄底市,156431300,13085.5740419687,2576,5.12337977024476,1.00999999046326,52.3800010681152,true,projects/sat-io/open-datasets/npp-viirs-ntl,b1,longntl_annual_native500m_positive_pixel_sum_v1
2018,湘西土家族苗族自治州,156433100,10553.6828673395,2269,4.73203567182199,1.00999999046326,48.939998626709,true,projects/sat-io/open-datasets/npp-viirs-ntl,b1,longntl_annual_native500m_positive_pixel_sum_v1
2018,广州市,156440100,227326.255162717,21356,10.8015384363746,1.00999999046326,346.640014648438,true,projects/sat-io/open-datasets/npp-viirs-ntl,b1,longntl_annual_native500m_positive_pixel_sum_v1
2018,韶关市,156440200,20727.3082001723,5811,3.57453181192507,1.00999999046326,39.5800018310547,true,projects/sat-io/open-datasets/npp-viirs-ntl,b1,longntl_annual_native500m_positive_pixel_sum_v1
2018,深圳市,156440300,157047.728484514,8122,20.01040852776,1.00999999046326,170.830001831055,true,projects/sat-io/open-datasets/npp-viirs-ntl,b1,longntl_annual_native500m_positive_pixel_sum_v1
2018,珠海市,156440400,33516.7273963278,4891,7.04889037842834,1.00999999046326,150.919998168945,true,projects/sat-io/open-datasets/npp-viirs-ntl,b1,longntl_annual_native500m_positive_pixel_sum_v1
2018,汕头市,156440500,63589.211078094,7528,8.70122176099185,1.00999999046326,118.209999084473,true,projects/sat-io/open-datasets/npp-viirs-ntl,b1,longntl_annual_native500m_positive_pixel_sum_v1
2018,佛山市,156440600,134678.528566437,14358,9.65617995477163,1.00999999046326,55.939998626709,true,projects/sat-io/open-datasets/npp-viirs-ntl,b1,longntl_annual_native500m_positive_pixel_sum_v1
2018,江门市,156440700,67093.8608768402,14942,4.54693508549468,1.00999999046326,49.1599998474121,true,projects/sat-io/open-datasets/npp-viirs-ntl,b1,longntl_annual_native500m_positive_pixel_sum_v1
2018,湛江市,156440800,40940.5444948524,10032,4.12916367568769,1.00999999046326,55.9300003051758,true,projects/sat-io/open-datasets/npp-viirs-ntl,b1,longntl_annual_native500m_positive_pixel_sum_v1
2018,茂名市,156440900,33784.6767563717,8648,3.94134597823466,1.00999999046326,63.1699981689453,true,projects/sat-io/open-datasets/npp-viirs-ntl,b1,longntl_annual_native500m_positive_pixel_sum_v1
2018,肇庆市,156441200,38113.5828697462,9603,4.05971577780681,1.00999999046326,52.1800003051758,true,projects/sat-io/open-datasets/npp-viirs-ntl,b1,longntl_annual_native500m_positive_pixel_sum_v1
2018,惠州市,156441300,100803.382456354,17992,5.69651360120428,1.00999999046326,131.660003662109,true,projects/sat-io/open-datasets/npp-viirs-ntl,b1,longntl_annual_native500m_positive_pixel_sum_v1
2018,梅州市,156441400,25292.3116822318,6116,4.15261564506257,1.00999999046326,62.6699981689453,true,projects/sat-io/open-datasets/npp-viirs-ntl,b1,longntl_annual_native500m_positive_pixel_sum_v1
2018,汕尾市,156441500,33308.5363106424,8039,4.18902150479768,1.00999999046326,90.870002746582,true,projects/sat-io/open-datasets/npp-viirs-ntl,b1,longntl_annual_native500m_positive_pixel_sum_v1
2018,河源市,156441600,21907.2531373379,4654,4.74243350738246,1.00999999046326,56.4700012207031,true,projects/sat-io/open-datasets/npp-viirs-ntl,b1,longntl_annual_native500m_positive_pixel_sum_v1
2018,阳江市,156441700,22881.7302168374,4808,4.81143462603254,1.00999999046326,57.2900009155273,true,projects/sat-io/open-datasets/npp-viirs-ntl,b1,longntl_annual_native500m_positive_pixel_sum_v1
2018,清远市,156441800,40191.4513239473,10566,3.83278892275258,1.00999999046326,49.1100006103516,true,projects/sat-io/open-datasets/npp-viirs-ntl,b1,longntl_annual_native500m_positive_pixel_sum_v1
2018,东莞市,156441900,158685.182312523,10551,15.4035426639741,1.00999999046326,135.529998779297,true,projects/sat-io/open-datasets/npp-viirs-ntl,b1,longntl_annual_native500m_positive_pixel_sum_v1
2018,中山市,156442000,72998.9289186726,7194,10.3641548506301,1.00999999046326,101.339996337891,true,projects/sat-io/open-datasets/npp-viirs-ntl,b1,longntl_annual_native500m_positive_pixel_sum_v1
2018,潮州市,156445100,29335.9889894738,4966,6.08240522089476,1.00999999046326,66.129997253418,true,projects/sat-io/open-datasets/npp-viirs-ntl,b1,longntl_annual_native500m_positive_pixel_sum_v1
2018,揭阳市,156445200,56225.9600991768,10756,5.32958384997745,1.00999999046326,73.7900009155273,true,projects/sat-io/open-datasets/npp-viirs-ntl,b1,longntl_annual_native500m_positive_pixel_sum_v1
2018,云浮市,156445300,14308.5949762854,4434,3.30063930431297,1.00999999046326,37.5400009155273,true,projects/sat-io/open-datasets/npp-viirs-ntl,b1,longntl_annual_native500m_positive_pixel_sum_v1
2018,南宁市,156450100,84896.9985506577,11231,7.57870927926908,1.00999999046326,81.9800033569336,true,projects/sat-io/open-datasets/npp-viirs-ntl,b1,longntl_annual_native500m_positive_pixel_sum_v1
2018,柳州市,156450200,41433.7649915457,5805,7.14725130682237,1.00999999046326,86.5500030517578,true,projects/sat-io/open-datasets/npp-viirs-ntl,b1,longntl_annual_native500m_positive_pixel_sum_v1
2018,桂林市,156450300,27735.4039907231,5483,5.06101677741661,1.00999999046326,52.9000015258789,true,projects/sat-io/open-datasets/npp-viirs-ntl,b1,longntl_annual_native500m_positive_pixel_sum_v1
2018,梧州市,156450400,10872.7720823484,3014,3.62490652704975,1.00999999046326,32,true,projects/sat-io/open-datasets/npp-viirs-ntl,b1,longntl_annual_native500m_positive_pixel_sum_v1
2018,北海市,156450500,17089.7163954221,2535,6.90711379913433,1.00999999046326,75.1500015258789,true,projects/sat-io/open-datasets/npp-viirs-ntl,b1,longntl_annual_native500m_positive_pixel_sum_v1
2018,防城港市,156450600,8178.50967170211,1955,4.29102559011898,1.00999999046326,46.1500015258789,true,projects/sat-io/open-datasets/npp-viirs-ntl,b1,longntl_annual_native500m_positive_pixel_sum_v1
2018,钦州市,156450700,15089.6451441606,2969,5.13519003000212,1.00999999046326,78.9100036621094,true,projects/sat-io/open-datasets/npp-viirs-ntl,b1,longntl_annual_native500m_positive_pixel_sum_v1
2018,贵港市,156450800,14954.0505473347,4124,3.63058115415006,1.00999999046326,42.2099990844727,true,projects/sat-io/open-datasets/npp-viirs-ntl,b1,longntl_annual_native500m_positive_pixel_sum_v1
2018,玉林市,156450900,24960.4464565263,5407,4.63151074169515,1.00999999046326,66.8300018310547,true,projects/sat-io/open-datasets/npp-viirs-ntl,b1,longntl_annual_native500m_positive_pixel_sum_v1
2018,百色市,156451000,22604.3382783357,4995,4.54038955018802,1.00999999046326,49.689998626709,true,projects/sat-io/open-datasets/npp-viirs-ntl,b1,longntl_annual_native500m_positive_pixel_sum_v1
2018,贺州市,156451100,8018.8668154637,2062,3.89725363639408,1.00999999046326,39.2900009155273,true,projects/sat-io/open-datasets/npp-viirs-ntl,b1,longntl_annual_native500m_positive_pixel_sum_v1
2018,河池市,156451200,11400.7157177948,2510,4.56168878280646,1.00999999046326,76.5999984741211,true,projects/sat-io/open-datasets/npp-viirs-ntl,b1,longntl_annual_native500m_positive_pixel_sum_v1
2018,来宾市,156451300,10187.9661090902,2327,4.39060770086633,1.00999999046326,51.3199996948242,true,projects/sat-io/open-datasets/npp-viirs-ntl,b1,longntl_annual_native500m_positive_pixel_sum_v1
2018,崇左市,156451400,10476.0533716019,2515,4.19719611696133,1.00999999046326,58.2700004577637,true,projects/sat-io/open-datasets/npp-viirs-ntl,b1,longntl_annual_native500m_positive_pixel_sum_v1
2018,海口市,156460100,33326.3570325145,3354,10.069244747246,1.00999999046326,123.26000213623,true,projects/sat-io/open-datasets/npp-viirs-ntl,b1,longntl_annual_native500m_positive_pixel_sum_v1
2018,三亚市,156460200,17709.9766062353,2490,7.23345944447382,1.00999999046326,203.800003051758,true,projects/sat-io/open-datasets/npp-viirs-ntl,b1,longntl_annual_native500m_positive_pixel_sum_v1
2018,三沙市,156460300,5.92690194447835,5,3.54779341746944,1.5900000333786,5.84000015258789,true,projects/sat-io/open-datasets/npp-viirs-ntl,b1,longntl_annual_native500m_positive_pixel_sum_v1
2018,儋州市,156460400,11272.2365503671,1811,6.27369823502982,1.00999999046326,72.5400009155273,true,projects/sat-io/open-datasets/npp-viirs-ntl,b1,longntl_annual_native500m_positive_pixel_sum_v1
2018,五指山市,156469001,699.169999837875,153,4.56973856103187,1.01999998092651,22.4500007629395,true,projects/sat-io/open-datasets/npp-viirs-ntl,b1,longntl_annual_native500m_positive_pixel_sum_v1
2018,琼海市,156469002,3411.18917254607,902,3.83313461860154,1.00999999046326,36.8699989318848,true,projects/sat-io/open-datasets/npp-viirs-ntl,b1,longntl_annual_native500m_positive_pixel_sum_v1
2018,文昌市,156469005,3816.10133512815,943,4.11914087562512,1.00999999046326,29.7000007629395,true,projects/sat-io/open-datasets/npp-viirs-ntl,b1,longntl_annual_native500m_positive_pixel_sum_v1
2018,万宁市,156469006,4339.25212069773,1302,3.37438868355094,1.00999999046326,48.7799987792969,true,projects/sat-io/open-datasets/npp-viirs-ntl,b1,longntl_annual_native500m_positive_pixel_sum_v1
2018,东方市,156469007,7520.54313959888,1722,4.38836741135162,1.00999999046326,85.5100021362305,true,projects/sat-io/open-datasets/npp-viirs-ntl,b1,longntl_annual_native500m_positive_pixel_sum_v1
2018,定安县,156469021,1609.81893970639,395,4.22624706198915,1.00999999046326,22.3999996185303,true,projects/sat-io/open-datasets/npp-viirs-ntl,b1,longntl_annual_native500m_positive_pixel_sum_v1
2018,屯昌县,156469022,711.342901933894,226,3.17636086632362,1.00999999046326,14.2600002288818,true,projects/sat-io/open-datasets/npp-viirs-ntl,b1,longntl_annual_native500m_positive_pixel_sum_v1
2018,澄迈县,156469023,6381.3575388511,1194,5.45691357921063,1.00999999046326,68.1500015258789,true,projects/sat-io/open-datasets/npp-viirs-ntl,b1,longntl_annual_native500m_positive_pixel_sum_v1
2018,临高县,156469024,2774.53443037201,753,3.70104350057994,1.00999999046326,33.560001373291,true,projects/sat-io/open-datasets/npp-viirs-ntl,b1,longntl_annual_native500m_positive_pixel_sum_v1
2018,白沙黎族自治县,156469025,618.54999935627,198,3.12398989573874,1.00999999046326,15.0900001525879,true,projects/sat-io/open-datasets/npp-viirs-ntl,b1,longntl_annual_native500m_positive_pixel_sum_v1
2018,昌江黎族自治县,156469026,2650.90980834634,672,4.0153371020393,1.00999999046326,62.7700004577637,true,projects/sat-io/open-datasets/npp-viirs-ntl,b1,longntl_annual_native500m_positive_pixel_sum_v1
2018,乐东黎族自治县,156469027,5526.69968057988,1556,3.55670406457669,1.00999999046326,87.8000030517578,true,projects/sat-io/open-datasets/npp-viirs-ntl,b1,longntl_annual_native500m_positive_pixel_sum_v1
2018,陵水黎族自治县,156469028,5132.77816121532,1260,4.16694554722117,1.00999999046326,42.4700012207031,true,projects/sat-io/open-datasets/npp-viirs-ntl,b1,longntl_annual_native500m_positive_pixel_sum_v1
2018,保亭黎族苗族自治县,156469029,929.399997234344,230,4.0408695531928,1.00999999046326,23.0200004577637,true,projects/sat-io/open-datasets/npp-viirs-ntl,b1,longntl_annual_native500m_positive_pixel_sum_v1
2018,琼中黎族苗族自治县,156469030,596.719997763634,176,3.39045453274792,1.00999999046326,20,true,projects/sat-io/open-datasets/npp-viirs-ntl,b1,longntl_annual_native500m_positive_pixel_sum_v1
2018,重庆市,156500000,244056.359705715,36491,6.69447085285605,1.00999999046326,190.270004272461,true,projects/sat-io/open-datasets/npp-viirs-ntl,b1,longntl_annual_native500m_positive_pixel_sum_v1
2018,成都市,156510100,269182.504962148,29372,9.20084451314733,1.00999999046326,249.309997558594,true,projects/sat-io/open-datasets/npp-viirs-ntl,b1,longntl_annual_native500m_positive_pixel_sum_v1
2018,自贡市,156510300,12283.5883379085,2479,4.99121212138114,1.00999999046326,50.0699996948242,true,projects/sat-io/open-datasets/npp-viirs-ntl,b1,longntl_annual_native500m_positive_pixel_sum_v1
2018,攀枝花市,156510400,9639.97539981627,2140,4.53881270278686,1.00999999046326,68.0199966430664,true,projects/sat-io/open-datasets/npp-viirs-ntl,b1,longntl_annual_native500m_positive_pixel_sum_v1
2018,泸州市,156510500,18413.7956964166,3795,4.9137935247491,1.00999999046326,49.1699981689453,true,projects/sat-io/open-datasets/npp-viirs-ntl,b1,longntl_annual_native500m_positive_pixel_sum_v1
2018,德阳市,156510600,34251.2343805547,7096,4.87534023138517,1.00999999046326,54.25,true,projects/sat-io/open-datasets/npp-viirs-ntl,b1,longntl_annual_native500m_positive_pixel_sum_v1
2018,绵阳市,156510700,33920.0554571264,6202,5.47819432026334,1.00999999046326,55.8600006103516,true,projects/sat-io/open-datasets/npp-viirs-ntl,b1,longntl_annual_native500m_positive_pixel_sum_v1
2018,广元市,156510800,11441.3303585987,2696,4.25097110462957,1.00999999046326,41.9300003051758,true,projects/sat-io/open-datasets/npp-viirs-ntl,b1,longntl_annual_native500m_positive_pixel_sum_v1
2018,遂宁市,156510900,16752.1040445618,3024,5.55675211817956,1.00999999046326,46.1699981689453,true,projects/sat-io/open-datasets/npp-viirs-ntl,b1,longntl_annual_native500m_positive_pixel_sum_v1
2018,内江市,156511000,15532.6375008186,2810,5.57491718562974,1.00999999046326,57.8400001525879,true,projects/sat-io/open-datasets/npp-viirs-ntl,b1,longntl_annual_native500m_positive_pixel_sum_v1
2018,乐山市,156511100,22346.6426290063,5341,4.18787691990862,1.00999999046326,200.339996337891,true,projects/sat-io/open-datasets/npp-viirs-ntl,b1,longntl_annual_native500m_positive_pixel_sum_v1
2018,南充市,156511300,39400.3279549061,5040,7.82609926569184,1.00999999046326,111.470001220703,true,projects/sat-io/open-datasets/npp-viirs-ntl,b1,longntl_annual_native500m_positive_pixel_sum_v1
2018,眉山市,156511400,17386.4535706997,4383,4.02238546324631,1.00999999046326,53.75,true,projects/sat-io/open-datasets/npp-viirs-ntl,b1,longntl_annual_native500m_positive_pixel_sum_v1
2018,宜宾市,156511500,19371.1620763021,4331,4.50666818370736,1.00999999046326,50.8400001525879,true,projects/sat-io/open-datasets/npp-viirs-ntl,b1,longntl_annual_native500m_positive_pixel_sum_v1
2018,广安市,156511600,16313.2596124845,2877,5.69039171967394,1.00999999046326,71.9100036621094,true,projects/sat-io/open-datasets/npp-viirs-ntl,b1,longntl_annual_native500m_positive_pixel_sum_v1
2018,达州市,156511700,20641.5856996868,3480,5.94022576972011,1.00999999046326,112.180000305176,true,projects/sat-io/open-datasets/npp-viirs-ntl,b1,longntl_annual_native500m_positive_pixel_sum_v1
2018,雅安市,156511800,8959.82149765258,2180,4.1193393238174,1.00999999046326,52.3699989318848,true,projects/sat-io/open-datasets/npp-viirs-ntl,b1,longntl_annual_native500m_positive_pixel_sum_v1
2018,巴中市,156511900,6913.89738078445,1638,4.23073320191118,1.00999999046326,27.7700004577637,true,projects/sat-io/open-datasets/npp-viirs-ntl,b1,longntl_annual_native500m_positive_pixel_sum_v1
2018,资阳市,156512000,9072.77667367926,1529,5.94587564677787,1.00999999046326,66.2900009155273,true,projects/sat-io/open-datasets/npp-viirs-ntl,b1,longntl_annual_native500m_positive_pixel_sum_v1
2018,阿坝藏族羌族自治州,156513200,5516.49521212531,1460,3.77925376820023,1.00999999046326,47.7900009155273,true,projects/sat-io/open-datasets/npp-viirs-ntl,b1,longntl_annual_native500m_positive_pixel_sum_v1
2018,甘孜藏族自治州,156513300,8229.20592219362,1818,4.54632560642887,1.00999999046326,67.4899978637695,true,projects/sat-io/open-datasets/npp-viirs-ntl,b1,longntl_annual_native500m_positive_pixel_sum_v1
2018,凉山彝族自治州,156513400,16423.5786303324,3465,4.82013464885488,1.00999999046326,85.1600036621094,true,projects/sat-io/open-datasets/npp-viirs-ntl,b1,longntl_annual_native500m_positive_pixel_sum_v1
2018,贵阳市,156520100,71483.9530920608,9892,7.30782042699179,1.00999999046326,86.8000030517578,true,projects/sat-io/open-datasets/npp-viirs-ntl,b1,longntl_annual_native500m_positive_pixel_sum_v1
2018,六盘水市,156520200,22065.12768354,4365,5.08330861756586,1.00999999046326,86.9899978637695,true,projects/sat-io/open-datasets/npp-viirs-ntl,b1,longntl_annual_native500m_positive_pixel_sum_v1
2018,遵义市,156520300,59446.1514034365,10680,5.59645423562554,1.00999999046326,74.5800018310547,true,projects/sat-io/open-datasets/npp-viirs-ntl,b1,longntl_annual_native500m_positive_pixel_sum_v1
2018,安顺市,156520400,31371.301676811,5479,5.80135229647452,1.00999999046326,98.5999984741211,true,projects/sat-io/open-datasets/npp-viirs-ntl,b1,longntl_annual_native500m_positive_pixel_sum_v1
2018,毕节市,156520500,26835.1710518678,5463,4.93560076643624,1.00999999046326,108.26000213623,true,projects/sat-io/open-datasets/npp-viirs-ntl,b1,longntl_annual_native500m_positive_pixel_sum_v1
2018,铜仁市,156520600,23352.6061705973,4962,4.77096214862405,1.00999999046326,62.2999992370605,true,projects/sat-io/open-datasets/npp-viirs-ntl,b1,longntl_annual_native500m_positive_pixel_sum_v1
2018,黔西南布依族苗族自治州,156522300,18882.9258981172,3970,4.77569409510026,1.00999999046326,71.1600036621094,true,projects/sat-io/open-datasets/npp-viirs-ntl,b1,longntl_annual_native500m_positive_pixel_sum_v1
2018,黔东南苗族侗族自治州,156522600,21101.0417731841,4604,4.6122653819552,1.00999999046326,56.0400009155273,true,projects/sat-io/open-datasets/npp-viirs-ntl,b1,longntl_annual_native500m_positive_pixel_sum_v1
2018,黔南布依族苗族自治州,156522700,29713.2100874181,6793,4.41976191804289,1.00999999046326,68.5100021362305,true,projects/sat-io/open-datasets/npp-viirs-ntl,b1,longntl_annual_native500m_positive_pixel_sum_v1
2018,昆明市,156530100,130846.891045571,14333,9.16069347922864,1.00999999046326,312.769989013672,true,projects/sat-io/open-datasets/npp-viirs-ntl,b1,longntl_annual_native500m_positive_pixel_sum_v1
2018,曲靖市,156530300,37205.3825757228,6316,5.91009345816863,1.00999999046326,81.2600021362305,true,projects/sat-io/open-datasets/npp-viirs-ntl,b1,longntl_annual_native500m_positive_pixel_sum_v1
2018,玉溪市,156530400,24678.2908202209,4709,5.27026413373995,1.00999999046326,80.5999984741211,true,projects/sat-io/open-datasets/npp-viirs-ntl,b1,longntl_annual_native500m_positive_pixel_sum_v1
2018,保山市,156530500,13316.5859549906,2366,5.64455333417986,1.00999999046326,56.7599983215332,true,projects/sat-io/open-datasets/npp-viirs-ntl,b1,longntl_annual_native500m_positive_pixel_sum_v1
2018,昭通市,156530600,19602.4793148345,3435,5.83109714732657,1.00999999046326,109,true,projects/sat-io/open-datasets/npp-viirs-ntl,b1,longntl_annual_native500m_positive_pixel_sum_v1
2018,丽江市,156530700,11816.6074932991,1652,7.29948549250432,1.00999999046326,88.0899963378906,true,projects/sat-io/open-datasets/npp-viirs-ntl,b1,longntl_annual_native500m_positive_pixel_sum_v1
2018,普洱市,156530800,10882.7375271068,1882,5.84232402470791,1.00999999046326,71.1100006103516,true,projects/sat-io/open-datasets/npp-viirs-ntl,b1,longntl_annual_native500m_positive_pixel_sum_v1
2018,临沧市,156530900,7591.52164828029,1525,5.02304937144737,1.00999999046326,58.7599983215332,true,projects/sat-io/open-datasets/npp-viirs-ntl,b1,longntl_annual_native500m_positive_pixel_sum_v1
2018,楚雄彝族自治州,156532300,23604.3158352165,2642,8.97574774973337,1.00999999046326,180.399993896484,true,projects/sat-io/open-datasets/npp-viirs-ntl,b1,longntl_annual_native500m_positive_pixel_sum_v1
2018,红河哈尼族彝族自治州,156532500,29812.1115122767,5776,5.19369087693963,1.00999999046326,75.879997253418,true,projects/sat-io/open-datasets/npp-viirs-ntl,b1,longntl_annual_native500m_positive_pixel_sum_v1
2018,文山壮族苗族自治州,156532600,15518.0167070983,2933,5.30058611848819,1.00999999046326,62.6199989318848,true,projects/sat-io/open-datasets/npp-viirs-ntl,b1,longntl_annual_native500m_positive_pixel_sum_v1
2018,西双版纳傣族自治州,156532800,6179.72160810162,1425,4.36254286903176,1.00999999046326,47.25,true,projects/sat-io/open-datasets/npp-viirs-ntl,b1,longntl_annual_native500m_positive_pixel_sum_v1
2018,大理白族自治州,156532900,24371.6903937489,4073,6.01784117995091,1.00999999046326,79.5800018310547,true,projects/sat-io/open-datasets/npp-viirs-ntl,b1,longntl_annual_native500m_positive_pixel_sum_v1
2018,德宏傣族景颇族自治州,156533100,9746.90777074449,1737,5.74730315740026,1.00999999046326,45.8300018310547,true,projects/sat-io/open-datasets/npp-viirs-ntl,b1,longntl_annual_native500m_positive_pixel_sum_v1
2018,怒江傈僳族自治州,156533300,2550.33188650608,640,4.02853604650287,1.00999999046326,52.5800018310547,true,projects/sat-io/open-datasets/npp-viirs-ntl,b1,longntl_annual_native500m_positive_pixel_sum_v1
2018,迪庆藏族自治州,156533400,4652.45667430607,779,6.10395268595737,1.00999999046326,63.25,true,projects/sat-io/open-datasets/npp-viirs-ntl,b1,longntl_annual_native500m_positive_pixel_sum_v1
2018,拉萨市,156540100,17861.3918564885,2026,8.8392358351034,1.00999999046326,114.139999389648,true,projects/sat-io/open-datasets/npp-viirs-ntl,b1,longntl_annual_native500m_positive_pixel_sum_v1
2018,日喀则市,156540200,2897.49054325328,838,3.47275597520945,1.00999999046326,47.9900016784668,true,projects/sat-io/open-datasets/npp-viirs-ntl,b1,longntl_annual_native500m_positive_pixel_sum_v1
2018,昌都市,156540300,3537.62242592877,795,4.49097774962581,1.00999999046326,58.4500007629395,true,projects/sat-io/open-datasets/npp-viirs-ntl,b1,longntl_annual_native500m_positive_pixel_sum_v1
2018,林芝市,156540400,2241.23368918054,581,3.8842871562921,1.00999999046326,32.2900009155273,true,projects/sat-io/open-datasets/npp-viirs-ntl,b1,longntl_annual_native500m_positive_pixel_sum_v1
2018,山南市,156540500,5001.25414811116,1613,3.12322708314357,1.00999999046326,83.9000015258789,true,projects/sat-io/open-datasets/npp-viirs-ntl,b1,longntl_annual_native500m_positive_pixel_sum_v1
2018,那曲市,156540600,2386.34999930859,418,5.70897129021193,1.00999999046326,49.7799987792969,true,projects/sat-io/open-datasets/npp-viirs-ntl,b1,longntl_annual_native500m_positive_pixel_sum_v1
2018,阿里地区,156542500,1977.96092755795,218,9.08203753470318,1.00999999046326,111.699996948242,true,projects/sat-io/open-datasets/npp-viirs-ntl,b1,longntl_annual_native500m_positive_pixel_sum_v1
2018,西安市,156610100,176472.076866639,16422,10.8547643814749,1.00999999046326,445.390014648438,true,projects/sat-io/open-datasets/npp-viirs-ntl,b1,longntl_annual_native500m_positive_pixel_sum_v1
2018,铜川市,156610200,7556.28513371383,1737,4.41931599514922,1.00999999046326,42.060001373291,true,projects/sat-io/open-datasets/npp-viirs-ntl,b1,longntl_annual_native500m_positive_pixel_sum_v1
2018,宝鸡市,156610300,26486.5581911036,5127,5.18364945177117,1.00999999046326,80.9599990844727,true,projects/sat-io/open-datasets/npp-viirs-ntl,b1,longntl_annual_native500m_positive_pixel_sum_v1
2018,咸阳市,156610400,57202.4630595174,9133,6.37911647844591,1.00999999046326,162.669998168945,true,projects/sat-io/open-datasets/npp-viirs-ntl,b1,longntl_annual_native500m_positive_pixel_sum_v1
2018,渭南市,156610500,38858.042555672,8061,4.89042390038337,1.00999999046326,66.9400024414062,true,projects/sat-io/open-datasets/npp-viirs-ntl,b1,longntl_annual_native500m_positive_pixel_sum_v1
2018,延安市,156610600,56690.6613965605,14998,3.80735576785511,1.00999999046326,128.25,true,projects/sat-io/open-datasets/npp-viirs-ntl,b1,longntl_annual_native500m_positive_pixel_sum_v1
2018,汉中市,156610700,24447.1085163958,4705,5.20011100194184,1.00999999046326,52.5499992370605,true,projects/sat-io/open-datasets/npp-viirs-ntl,b1,longntl_annual_native500m_positive_pixel_sum_v1
2018,榆林市,156610800,86291.8870826572,20852,4.19053959206791,1.00999999046326,126.169998168945,true,projects/sat-io/open-datasets/npp-viirs-ntl,b1,longntl_annual_native500m_positive_pixel_sum_v1
2018,安康市,156610900,11974.0069869934,2396,5.01209253051674,1.00999999046326,56.4099998474121,true,projects/sat-io/open-datasets/npp-viirs-ntl,b1,longntl_annual_native500m_positive_pixel_sum_v1
2018,商洛市,156611000,5307.40081446638,1571,3.38321427815146,1.00999999046326,39.3499984741211,true,projects/sat-io/open-datasets/npp-viirs-ntl,b1,longntl_annual_native500m_positive_pixel_sum_v1
2018,兰州市,156620100,66614.5946389904,8387,7.99104004379811,1.00999999046326,149.580001831055,true,projects/sat-io/open-datasets/npp-viirs-ntl,b1,longntl_annual_native500m_positive_pixel_sum_v1
2018,嘉峪关市,156620200,9247.36676163113,1203,7.7834905852473,1.00999999046326,64.0299987792969,true,projects/sat-io/open-datasets/npp-viirs-ntl,b1,longntl_annual_native500m_positive_pixel_sum_v1
2018,金昌市,156620300,6309.98099087734,1006,6.28226511536836,1.00999999046326,43.7099990844727,true,projects/sat-io/open-datasets/npp-viirs-ntl,b1,longntl_annual_native500m_positive_pixel_sum_v1
2018,白银市,156620400,9926.80487128426,2088,4.77970253488473,1.00999999046326,55.189998626709,true,projects/sat-io/open-datasets/npp-viirs-ntl,b1,longntl_annual_native500m_positive_pixel_sum_v1
2018,天水市,156620500,12371.0028171193,2330,5.31405835643752,1.00999999046326,57.1300010681152,true,projects/sat-io/open-datasets/npp-viirs-ntl,b1,longntl_annual_native500m_positive_pixel_sum_v1
2018,武威市,156620600,9736.08050328376,1823,5.35732125004285,1.00999999046326,69.879997253418,true,projects/sat-io/open-datasets/npp-viirs-ntl,b1,longntl_annual_native500m_positive_pixel_sum_v1
2018,张掖市,156620700,8343.23322138038,1651,5.06561888281947,1.00999999046326,86.8899993896484,true,projects/sat-io/open-datasets/npp-viirs-ntl,b1,longntl_annual_native500m_positive_pixel_sum_v1
2018,平凉市,156620800,9312.31435394521,2050,4.57007840605387,1.00999999046326,51.6800003051758,true,projects/sat-io/open-datasets/npp-viirs-ntl,b1,longntl_annual_native500m_positive_pixel_sum_v1
2018,酒泉市,156620900,18307.8850302135,3392,5.4247287150382,1.00999999046326,84.6500015258789,true,projects/sat-io/open-datasets/npp-viirs-ntl,b1,longntl_annual_native500m_positive_pixel_sum_v1
2018,庆阳市,156621000,39211.9912933845,9958,3.95851629530822,1.00999999046326,276.179992675781,true,projects/sat-io/open-datasets/npp-viirs-ntl,b1,longntl_annual_native500m_positive_pixel_sum_v1
2018,定西市,156621100,11571.7007287166,2166,5.37867418233552,1.00999999046326,59.9000015258789,true,projects/sat-io/open-datasets/npp-viirs-ntl,b1,longntl_annual_native500m_positive_pixel_sum_v1
2018,陇南市,156621200,8012.9467408068,2108,3.80668935608018,1.00999999046326,41.7200012207031,true,projects/sat-io/open-datasets/npp-viirs-ntl,b1,longntl_annual_native500m_positive_pixel_sum_v1
2018,临夏回族自治州,156622900,4850.96639769965,1395,3.58620374860382,1.00999999046326,28.7700004577637,true,projects/sat-io/open-datasets/npp-viirs-ntl,b1,longntl_annual_native500m_positive_pixel_sum_v1
2018,甘南藏族自治州,156623000,3427.45901570694,722,4.76573287423877,1.00999999046326,36.8199996948242,true,projects/sat-io/open-datasets/npp-viirs-ntl,b1,longntl_annual_native500m_positive_pixel_sum_v1
2018,中农发山丹马场,156629700,0,0,0,0,0,false,projects/sat-io/open-datasets/npp-viirs-ntl,b1,longntl_annual_native500m_positive_pixel_sum_v1
2018,莲花山风景林自然保护区,156629800,8.28956861028484,5,2.2656377230682,1.48000001907349,3.4300000667572,true,projects/sat-io/open-datasets/npp-viirs-ntl,b1,longntl_annual_native500m_positive_pixel_sum_v1
2018,太子山天然林保护区,156629900,2.22596083996343,5,2.04179861219667,1.08000004291534,3.90000009536743,true,projects/sat-io/open-datasets/npp-viirs-ntl,b1,longntl_annual_native500m_positive_pixel_sum_v1
2018,西宁市,156630100,35256.086721978,4197,8.50353430016031,1.00999999046326,105.339996337891,true,projects/sat-io/open-datasets/npp-viirs-ntl,b1,longntl_annual_native500m_positive_pixel_sum_v1
2018,海东市,156630200,12190.9724892303,2773,4.56405044103923,1.00999999046326,88.5599975585938,true,projects/sat-io/open-datasets/npp-viirs-ntl,b1,longntl_annual_native500m_positive_pixel_sum_v1
2018,海北藏族自治州,156632200,1026.85101780284,353,2.95441683353895,1.00999999046326,22.4599990844727,true,projects/sat-io/open-datasets/npp-viirs-ntl,b1,longntl_annual_native500m_positive_pixel_sum_v1
2018,黄南藏族自治州,156632300,2743.04846247364,500,5.73539544704554,1.00999999046326,125.339996337891,true,projects/sat-io/open-datasets/npp-viirs-ntl,b1,longntl_annual_native500m_positive_pixel_sum_v1
2018,海南藏族自治州,156632500,2560.90999901295,672,3.81087797472165,1.00999999046326,29.3700008392334,true,projects/sat-io/open-datasets/npp-viirs-ntl,b1,longntl_annual_native500m_positive_pixel_sum_v1
2018,果洛藏族自治州,156632600,1217.11999964714,397,3.0657934499928,1.00999999046326,18.0799999237061,true,projects/sat-io/open-datasets/npp-viirs-ntl,b1,longntl_annual_native500m_positive_pixel_sum_v1
2018,玉树藏族自治州,156632700,2206.20000219345,544,4.05551470991443,1.00999999046326,33.1699981689453,true,projects/sat-io/open-datasets/npp-viirs-ntl,b1,longntl_annual_native500m_positive_pixel_sum_v1
2018,海西蒙古族藏族自治州,156632800,21455.9542712459,4110,5.22314792035898,1.00999999046326,107.160003662109,true,projects/sat-io/open-datasets/npp-viirs-ntl,b1,longntl_annual_native500m_positive_pixel_sum_v1
2018,银川市,156640100,90332.3198258255,11088,8.20430152974827,1.00999999046326,330.350006103516,true,projects/sat-io/open-datasets/npp-viirs-ntl,b1,longntl_annual_native500m_positive_pixel_sum_v1
2018,石嘴山市,156640200,13606.4679477425,2863,4.80197707367329,1.00999999046326,74.3399963378906,true,projects/sat-io/open-datasets/npp-viirs-ntl,b1,longntl_annual_native500m_positive_pixel_sum_v1
2018,吴忠市,156640300,19040.19314248,4817,4.01610433173751,1.00999999046326,64.6900024414062,true,projects/sat-io/open-datasets/npp-viirs-ntl,b1,longntl_annual_native500m_positive_pixel_sum_v1
2018,固原市,156640400,13231.7014015698,1725,7.67688676850757,1.00999999046326,78.6500015258789,true,projects/sat-io/open-datasets/npp-viirs-ntl,b1,longntl_annual_native500m_positive_pixel_sum_v1
2018,中卫市,156640500,12244.2748288585,2771,4.44434492052153,1.00999999046326,53.9000015258789,true,projects/sat-io/open-datasets/npp-viirs-ntl,b1,longntl_annual_native500m_positive_pixel_sum_v1
2018,乌鲁木齐市,156650100,108075.882435253,11794,9.27315087664283,1.00999999046326,170.369995117188,true,projects/sat-io/open-datasets/npp-viirs-ntl,b1,longntl_annual_native500m_positive_pixel_sum_v1
2018,克拉玛依市,156650200,45144.4265225069,5180,8.82559211637141,1.00999999046326,120.540000915527,true,projects/sat-io/open-datasets/npp-viirs-ntl,b1,longntl_annual_native500m_positive_pixel_sum_v1
2018,吐鲁番市,156650400,17094.560002327,3589,4.76304263090749,1.00999999046326,89.3300018310547,true,projects/sat-io/open-datasets/npp-viirs-ntl,b1,longntl_annual_native500m_positive_pixel_sum_v1
2018,哈密市,156650500,15763.3562577771,2926,5.42752998660982,1.00999999046326,251.910003662109,true,projects/sat-io/open-datasets/npp-viirs-ntl,b1,longntl_annual_native500m_positive_pixel_sum_v1
2018,昌吉回族自治州,156652300,54560.3098908929,10079,5.498464037637,1.00999999046326,106.349998474121,true,projects/sat-io/open-datasets/npp-viirs-ntl,b1,longntl_annual_native500m_positive_pixel_sum_v1
2018,博尔塔拉蒙古自治州,156652700,10781.030509484,1656,6.65742281677415,1.00999999046326,56.25,true,projects/sat-io/open-datasets/npp-viirs-ntl,b1,longntl_annual_native500m_positive_pixel_sum_v1
2018,巴音郭楞蒙古自治州,156652800,47673.0064601052,7488,6.41444107193551,1.00999999046326,152.110000610352,true,projects/sat-io/open-datasets/npp-viirs-ntl,b1,longntl_annual_native500m_positive_pixel_sum_v1
2018,阿克苏地区,156652900,87703.4611292839,17008,5.16137266254039,1.00999999046326,400.730010986328,true,projects/sat-io/open-datasets/npp-viirs-ntl,b1,longntl_annual_native500m_positive_pixel_sum_v1
2018,克孜勒苏柯尔克孜自治州,156653000,7020.42364353573,1525,4.64281220347577,1.00999999046326,48.7400016784668,true,projects/sat-io/open-datasets/npp-viirs-ntl,b1,longntl_annual_native500m_positive_pixel_sum_v1
2018,喀什地区,156653100,33049.309843334,8447,3.91442544730432,1.00999999046326,60.6300010681152,true,projects/sat-io/open-datasets/npp-viirs-ntl,b1,longntl_annual_native500m_positive_pixel_sum_v1
2018,和田地区,156653200,26517.7214277263,5887,4.51599994127627,1.00999999046326,90.8199996948242,true,projects/sat-io/open-datasets/npp-viirs-ntl,b1,longntl_annual_native500m_positive_pixel_sum_v1
2018,伊犁哈萨克自治州,156654000,42774.538398875,6647,6.51330175165639,1.00999999046326,165.139999389648,true,projects/sat-io/open-datasets/npp-viirs-ntl,b1,longntl_annual_native500m_positive_pixel_sum_v1
2018,塔城地区,156654200,15256.4715777318,3534,4.40008398016388,1.00999999046326,59.5499992370605,true,projects/sat-io/open-datasets/npp-viirs-ntl,b1,longntl_annual_native500m_positive_pixel_sum_v1
2018,阿勒泰地区,156654300,12392.381670641,2103,6.03385643503592,1.00999999046326,83.2900009155273,true,projects/sat-io/open-datasets/npp-viirs-ntl,b1,longntl_annual_native500m_positive_pixel_sum_v1
2018,石河子市,156659001,8887.49999338412,1413,6.48457193223598,1.00999999046326,63.1500015258789,true,projects/sat-io/open-datasets/npp-viirs-ntl,b1,longntl_annual_native500m_positive_pixel_sum_v1
2018,阿拉尔市,156659002,3408.6199940962,793,4.32138023205112,1.00999999046326,33.7099990844727,true,projects/sat-io/open-datasets/npp-viirs-ntl,b1,longntl_annual_native500m_positive_pixel_sum_v1
2018,图木舒克市,156659003,5165.26331135479,698,7.49747916298837,1.00999999046326,76.879997253418,true,projects/sat-io/open-datasets/npp-viirs-ntl,b1,longntl_annual_native500m_positive_pixel_sum_v1
2018,五家渠市,156659004,7027.20639479254,1033,7.46625124756608,1.00999999046326,82.9000015258789,true,projects/sat-io/open-datasets/npp-viirs-ntl,b1,longntl_annual_native500m_positive_pixel_sum_v1
2018,北屯市,156659005,3713.05356184688,463,8.79412867823598,1.00999999046326,57.689998626709,true,projects/sat-io/open-datasets/npp-viirs-ntl,b1,longntl_annual_native500m_positive_pixel_sum_v1
2018,铁门关市,156659006,1300.02282138338,428,3.36660085359618,1.00999999046326,24.5100002288818,true,projects/sat-io/open-datasets/npp-viirs-ntl,b1,longntl_annual_native500m_positive_pixel_sum_v1
2018,双河市,156659007,365.802980543585,223,1.96411522021844,1.00999999046326,17.3199996948242,true,projects/sat-io/open-datasets/npp-viirs-ntl,b1,longntl_annual_native500m_positive_pixel_sum_v1
2018,可克达拉市,156659008,203.863921984504,113,2.14930748360891,1.00999999046326,33.5499992370605,true,projects/sat-io/open-datasets/npp-viirs-ntl,b1,longntl_annual_native500m_positive_pixel_sum_v1
2018,昆玉市,156659009,708.968783194879,196,3.94395688637828,1.00999999046326,23.9500007629395,true,projects/sat-io/open-datasets/npp-viirs-ntl,b1,longntl_annual_native500m_positive_pixel_sum_v1
2018,胡杨河市,156659010,174.613608291102,110,1.81149186795082,1.02999997138977,5.30000019073486,true,projects/sat-io/open-datasets/npp-viirs-ntl,b1,longntl_annual_native500m_positive_pixel_sum_v1
2018,新星市,156659011,975.333799632858,292,3.56558311336256,1.00999999046326,30.8999996185303,true,projects/sat-io/open-datasets/npp-viirs-ntl,b1,longntl_annual_native500m_positive_pixel_sum_v1
2018,白杨市,156659012,39.4363918332493,29,1.92722880748918,1.01999998092651,5.57999992370605,true,projects/sat-io/open-datasets/npp-viirs-ntl,b1,longntl_annual_native500m_positive_pixel_sum_v1
2018,台湾省,156710000,727114.637130441,72932,10.0345093771225,1.00999999046326,252.350006103516,true,projects/sat-io/open-datasets/npp-viirs-ntl,b1,longntl_annual_native500m_positive_pixel_sum_v1
2018,香港特别行政区,156810000,72476.533990421,3987,19.0124776303399,1.00999999046326,178.559997558594,true,projects/sat-io/open-datasets/npp-viirs-ntl,b1,longntl_annual_native500m_positive_pixel_sum_v1
2018,澳门特别行政区,156820000,4941.45971053628,66,88.5753005895369,16.1800003051758,353.899993896484,true,projects/sat-io/open-datasets/npp-viirs-ntl,b1,longntl_annual_native500m_positive_pixel_sum_v1
2019,北京市,156110000,426536.364677486,39647,10.8615189634106,1.00499999523163,244.489990234375,true,projects/sat-io/open-datasets/npp-viirs-ntl,b1,longntl_annual_native500m_positive_pixel_sum_v1
2019,天津市,156120000,342020.834195564,39192,8.80169624118194,1.00499999523163,317.049987792969,true,projects/sat-io/open-datasets/npp-viirs-ntl,b1,longntl_annual_native500m_positive_pixel_sum_v1
2019,石家庄市,156130100,114079.078256421,21631,5.28655259760848,1.00499999523163,201.040008544922,true,projects/sat-io/open-datasets/npp-viirs-ntl,b1,longntl_annual_native500m_positive_pixel_sum_v1
2019,唐山市,156130200,119075.11942907,26172,4.56582282496931,1.00499999523163,148.365005493164,true,projects/sat-io/open-datasets/npp-viirs-ntl,b1,longntl_annual_native500m_positive_pixel_sum_v1
2019,秦皇岛市,156130300,38256.1149115263,7129,5.42147162720087,1.00499999523163,67.5950012207031,true,projects/sat-io/open-datasets/npp-viirs-ntl,b1,longntl_annual_native500m_positive_pixel_sum_v1
2019,邯郸市,156130400,59572.3301201722,17516,3.42623611561687,1.00499999523163,51.6450004577637,true,projects/sat-io/open-datasets/npp-viirs-ntl,b1,longntl_annual_native500m_positive_pixel_sum_v1
2019,邢台市,156130500,51835.3229127229,16146,3.24002136058377,1.00499999523163,62.6699981689453,true,projects/sat-io/open-datasets/npp-viirs-ntl,b1,longntl_annual_native500m_positive_pixel_sum_v1
2019,保定市,156130600,94106.0327112829,29093,3.25789006866812,1.00499999523163,84.6549987792969,true,projects/sat-io/open-datasets/npp-viirs-ntl,b1,longntl_annual_native500m_positive_pixel_sum_v1
2019,张家口市,156130700,42824.0993027645,9174,4.68294697628237,1.00499999523163,107.039993286133,true,projects/sat-io/open-datasets/npp-viirs-ntl,b1,longntl_annual_native500m_positive_pixel_sum_v1
2019,承德市,156130800,26381.8849769686,6233,4.24454346081196,1.00499999523163,70.4899978637695,true,projects/sat-io/open-datasets/npp-viirs-ntl,b1,longntl_annual_native500m_positive_pixel_sum_v1
2019,沧州市,156130900,78523.0927494984,22087,3.58545936718615,1.00499999523163,106.88500213623,true,projects/sat-io/open-datasets/npp-viirs-ntl,b1,longntl_annual_native500m_positive_pixel_sum_v1
2019,廊坊市,156131000,89362.0914635153,22885,3.99463462927791,1.00499999523163,72.4199981689453,true,projects/sat-io/open-datasets/npp-viirs-ntl,b1,longntl_annual_native500m_positive_pixel_sum_v1
2019,衡水市,156131100,24205.39199566,7604,3.21870309522876,1.00499999523163,43.3349990844727,true,projects/sat-io/open-datasets/npp-viirs-ntl,b1,longntl_annual_native500m_positive_pixel_sum_v1
2019,太原市,156140100,114683.68358574,9909,11.7039622336538,1.00499999523163,228.054992675781,true,projects/sat-io/open-datasets/npp-viirs-ntl,b1,longntl_annual_native500m_positive_pixel_sum_v1
2019,大同市,156140200,56217.1820867038,8532,6.6455714284235,1.00499999523163,121.055000305176,true,projects/sat-io/open-datasets/npp-viirs-ntl,b1,longntl_annual_native500m_positive_pixel_sum_v1
2019,阳泉市,156140300,15104.9941219984,3512,4.3057069634369,1.00499999523163,49.4749984741211,true,projects/sat-io/open-datasets/npp-viirs-ntl,b1,longntl_annual_native500m_positive_pixel_sum_v1
2019,长治市,156140400,48804.615736427,10488,4.65944317087311,1.00499999523163,263.304992675781,true,projects/sat-io/open-datasets/npp-viirs-ntl,b1,longntl_annual_native500m_positive_pixel_sum_v1
2019,晋城市,156140500,23975.8576720808,6175,3.88981484184935,1.00499999523163,112.255004882812,true,projects/sat-io/open-datasets/npp-viirs-ntl,b1,longntl_annual_native500m_positive_pixel_sum_v1
2019,朔州市,156140600,31872.0981570683,7174,4.4796677420515,1.00499999523163,95.7200012207031,true,projects/sat-io/open-datasets/npp-viirs-ntl,b1,longntl_annual_native500m_positive_pixel_sum_v1
2019,晋中市,156140700,49409.8184915561,11404,4.39049473253928,1.00499999523163,90.9799957275391,true,projects/sat-io/open-datasets/npp-viirs-ntl,b1,longntl_annual_native500m_positive_pixel_sum_v1
2019,运城市,156140800,30363.4202905674,7509,4.08336265102024,1.00499999523163,54.245002746582,true,projects/sat-io/open-datasets/npp-viirs-ntl,b1,longntl_annual_native500m_positive_pixel_sum_v1
2019,忻州市,156140900,32284.7449314879,8584,3.78713131223643,1.00499999523163,59.3549995422363,true,projects/sat-io/open-datasets/npp-viirs-ntl,b1,longntl_annual_native500m_positive_pixel_sum_v1
2019,临汾市,156141000,32557.5378052038,8361,3.9280345899883,1.00499999523163,90.4250030517578,true,projects/sat-io/open-datasets/npp-viirs-ntl,b1,longntl_annual_native500m_positive_pixel_sum_v1
2019,吕梁市,156141100,35023.8797866541,10624,3.32370804120032,1.00499999523163,52.7900009155273,true,projects/sat-io/open-datasets/npp-viirs-ntl,b1,longntl_annual_native500m_positive_pixel_sum_v1
2019,呼和浩特市,156150100,83640.4359514522,9660,8.66664899105404,1.00499999523163,149.544998168945,true,projects/sat-io/open-datasets/npp-viirs-ntl,b1,longntl_annual_native500m_positive_pixel_sum_v1
2019,包头市,156150200,50926.205874473,6648,7.6910763790207,1.00499999523163,100.285003662109,true,projects/sat-io/open-datasets/npp-viirs-ntl,b1,longntl_annual_native500m_positive_pixel_sum_v1
2019,乌海市,156150300,13022.9692871192,3388,3.97478478650669,1.00499999523163,35.3000030517578,true,projects/sat-io/open-datasets/npp-viirs-ntl,b1,longntl_annual_native500m_positive_pixel_sum_v1
2019,赤峰市,156150400,36260.2617869732,6132,5.93518208634505,1.00499999523163,95.5250015258789,true,projects/sat-io/open-datasets/npp-viirs-ntl,b1,longntl_annual_native500m_positive_pixel_sum_v1
2019,通辽市,156150500,27041.404634766,5194,5.22317172115545,1.00499999523163,123.694999694824,true,projects/sat-io/open-datasets/npp-viirs-ntl,b1,longntl_annual_native500m_positive_pixel_sum_v1
2019,鄂尔多斯市,156150600,71513.7741748726,16198,4.48243085791016,1.00499999523163,154.559997558594,true,projects/sat-io/open-datasets/npp-viirs-ntl,b1,longntl_annual_native500m_positive_pixel_sum_v1
2019,呼伦贝尔市,156150700,25180.2046402983,5496,4.59665480681955,1.00499999523163,101.220001220703,true,projects/sat-io/open-datasets/npp-viirs-ntl,b1,longntl_annual_native500m_positive_pixel_sum_v1
2019,巴彦淖尔市,156150800,9820.57852771469,2993,3.2932685676056,1.00499999523163,37.5100021362305,true,projects/sat-io/open-datasets/npp-viirs-ntl,b1,longntl_annual_native500m_positive_pixel_sum_v1
2019,乌兰察布市,156150900,22645.3343185453,4717,4.81957979347179,1.00499999523163,79.7149963378906,true,projects/sat-io/open-datasets/npp-viirs-ntl,b1,longntl_annual_native500m_positive_pixel_sum_v1
2019,兴安盟,156152200,12399.3422340762,2530,4.91527199388347,1.00499999523163,70.5850067138672,true,projects/sat-io/open-datasets/npp-viirs-ntl,b1,longntl_annual_native500m_positive_pixel_sum_v1
2019,锡林郭勒盟,156152500,20836.9286964267,3884,5.37314469400739,1.00499999523163,101.214996337891,true,projects/sat-io/open-datasets/npp-viirs-ntl,b1,longntl_annual_native500m_positive_pixel_sum_v1
2019,阿拉善盟,156152900,14483.5963672423,2383,6.23529871091967,1.00499999523163,67.7749938964844,true,projects/sat-io/open-datasets/npp-viirs-ntl,b1,longntl_annual_native500m_positive_pixel_sum_v1
2019,沈阳市,156210100,158025.720515786,16948,9.39369122037393,1.00499999523163,205.450012207031,true,projects/sat-io/open-datasets/npp-viirs-ntl,b1,longntl_annual_native500m_positive_pixel_sum_v1
2019,大连市,156210200,95385.8856306581,12033,7.98840294538326,1.00499999523163,132,true,projects/sat-io/open-datasets/npp-viirs-ntl,b1,longntl_annual_native500m_positive_pixel_sum_v1
2019,鞍山市,156210300,44167.6613300473,7337,6.11170818961962,1.00499999523163,89.3450012207031,true,projects/sat-io/open-datasets/npp-viirs-ntl,b1,longntl_annual_native500m_positive_pixel_sum_v1
2019,抚顺市,156210400,23711.6369169749,3552,6.80761300915637,1.00499999523163,92.9550018310547,true,projects/sat-io/open-datasets/npp-viirs-ntl,b1,longntl_annual_native500m_positive_pixel_sum_v1
2019,本溪市,156210500,19405.4012747835,3331,5.89656924612341,1.00499999523163,77.8099975585938,true,projects/sat-io/open-datasets/npp-viirs-ntl,b1,longntl_annual_native500m_positive_pixel_sum_v1
2019,丹东市,156210600,15834.367621973,3099,5.1669222684642,1.00499999523163,56.1399993896484,true,projects/sat-io/open-datasets/npp-viirs-ntl,b1,longntl_annual_native500m_positive_pixel_sum_v1
2019,锦州市,156210700,27443.2743563853,5122,5.43243028303011,1.00499999523163,95.1450042724609,true,projects/sat-io/open-datasets/npp-viirs-ntl,b1,longntl_annual_native500m_positive_pixel_sum_v1
2019,营口市,156210800,38010.6196188791,6353,6.02703886000419,1.00499999523163,69.875,true,projects/sat-io/open-datasets/npp-viirs-ntl,b1,longntl_annual_native500m_positive_pixel_sum_v1
2019,阜新市,156210900,12399.7405217797,2423,5.12514702778015,1.00499999523163,109.350006103516,true,projects/sat-io/open-datasets/npp-viirs-ntl,b1,longntl_annual_native500m_positive_pixel_sum_v1
2019,辽阳市,156211000,35915.1315833274,6079,6.04485382742049,1.00499999523163,162.199996948242,true,projects/sat-io/open-datasets/npp-viirs-ntl,b1,longntl_annual_native500m_positive_pixel_sum_v1
2019,盘锦市,156211100,45760.4901756698,7013,6.61776048123876,1.00499999523163,99.7850036621094,true,projects/sat-io/open-datasets/npp-viirs-ntl,b1,longntl_annual_native500m_positive_pixel_sum_v1
2019,铁岭市,156211200,14660.8041686021,3678,4.04167952772742,1.00499999523163,52.6999969482422,true,projects/sat-io/open-datasets/npp-viirs-ntl,b1,longntl_annual_native500m_positive_pixel_sum_v1
2019,朝阳市,156211300,16743.3353079726,4255,3.96230541689605,1.00499999523163,53.6450004577637,true,projects/sat-io/open-datasets/npp-viirs-ntl,b1,longntl_annual_native500m_positive_pixel_sum_v1
2019,葫芦岛市,156211400,23373.2757641951,4856,4.91440487654571,1.00499999523163,94.1300048828125,true,projects/sat-io/open-datasets/npp-viirs-ntl,b1,longntl_annual_native500m_positive_pixel_sum_v1
2019,长春市,156220100,161842.922297955,16824,9.63383110589587,1.00499999523163,170.080001831055,true,projects/sat-io/open-datasets/npp-viirs-ntl,b1,longntl_annual_native500m_positive_pixel_sum_v1
2019,吉林市,156220200,36517.7992021776,5142,7.12335842656078,1.00499999523163,125.279998779297,true,projects/sat-io/open-datasets/npp-viirs-ntl,b1,longntl_annual_native500m_positive_pixel_sum_v1
2019,四平市,156220300,19050.6680534162,2867,6.7435525050961,1.00499999523163,84.7250061035156,true,projects/sat-io/open-datasets/npp-viirs-ntl,b1,longntl_annual_native500m_positive_pixel_sum_v1
2019,辽源市,156220400,8720.89282951589,1410,6.28919433681628,1.00499999523163,74.9700012207031,true,projects/sat-io/open-datasets/npp-viirs-ntl,b1,longntl_annual_native500m_positive_pixel_sum_v1
2019,通化市,156220500,18886.1367619169,2643,7.23955942132528,1.00499999523163,130.334991455078,true,projects/sat-io/open-datasets/npp-viirs-ntl,b1,longntl_annual_native500m_positive_pixel_sum_v1
2019,白山市,156220600,6084.28496877259,1634,3.78983169070775,1.00499999523163,31.6749992370605,true,projects/sat-io/open-datasets/npp-viirs-ntl,b1,longntl_annual_native500m_positive_pixel_sum_v1
2019,松原市,156220700,20624.3938952554,3504,5.89657537948306,1.00499999523163,99.0050048828125,true,projects/sat-io/open-datasets/npp-viirs-ntl,b1,longntl_annual_native500m_positive_pixel_sum_v1
2019,白城市,156220800,12725.568911982,2473,5.1577680315018,1.00499999523163,73.5849990844727,true,projects/sat-io/open-datasets/npp-viirs-ntl,b1,longntl_annual_native500m_positive_pixel_sum_v1
2019,延边朝鲜族自治州,156222400,26879.2321035268,3882,6.9387318173989,1.00499999523163,90.2949981689453,true,projects/sat-io/open-datasets/npp-viirs-ntl,b1,longntl_annual_native500m_positive_pixel_sum_v1
2019,哈尔滨市,156230100,118318.747474907,13065,9.06074937238171,1.00499999523163,336.880004882812,true,projects/sat-io/open-datasets/npp-viirs-ntl,b1,longntl_annual_native500m_positive_pixel_sum_v1
2019,齐齐哈尔市,156230200,35735.9744551976,4859,7.36082032999708,1.00499999523163,84.4949951171875,true,projects/sat-io/open-datasets/npp-viirs-ntl,b1,longntl_annual_native500m_positive_pixel_sum_v1
2019,鸡西市,156230300,10077.5666250785,2107,4.78920024562137,1.00499999523163,52.5449981689453,true,projects/sat-io/open-datasets/npp-viirs-ntl,b1,longntl_annual_native500m_positive_pixel_sum_v1
2019,鹤岗市,156230400,7909.34974048371,1587,5.00169671615749,1.00499999523163,316.510009765625,true,projects/sat-io/open-datasets/npp-viirs-ntl,b1,longntl_annual_native500m_positive_pixel_sum_v1
2019,双鸭山市,156230500,7797.56207582997,1840,4.24152087471473,1.00499999523163,67.504997253418,true,projects/sat-io/open-datasets/npp-viirs-ntl,b1,longntl_annual_native500m_positive_pixel_sum_v1
2019,大庆市,156230600,78115.2856952967,10025,7.88113599892884,1.00499999523163,114.809997558594,true,projects/sat-io/open-datasets/npp-viirs-ntl,b1,longntl_annual_native500m_positive_pixel_sum_v1
2019,伊春市,156230700,4616.16483293702,1177,3.93077619738979,1.00499999523163,36.4749984741211,true,projects/sat-io/open-datasets/npp-viirs-ntl,b1,longntl_annual_native500m_positive_pixel_sum_v1
2019,佳木斯市,156230800,27575.2604066858,3632,7.60862283910268,1.00499999523163,100.904998779297,true,projects/sat-io/open-datasets/npp-viirs-ntl,b1,longntl_annual_native500m_positive_pixel_sum_v1
2019,七台河市,156230900,6631.77499222755,1360,4.87630514134379,1.00499999523163,63.8499984741211,true,projects/sat-io/open-datasets/npp-viirs-ntl,b1,longntl_annual_native500m_positive_pixel_sum_v1
2019,牡丹江市,156231000,22395.5779480289,2895,7.75740865620012,1.00499999523163,121.709999084473,true,projects/sat-io/open-datasets/npp-viirs-ntl,b1,longntl_annual_native500m_positive_pixel_sum_v1
2019,黑河市,156231100,9578.36699714708,1943,4.94919785835068,1.00499999523163,67.3600006103516,true,projects/sat-io/open-datasets/npp-viirs-ntl,b1,longntl_annual_native500m_positive_pixel_sum_v1
2019,绥化市,156231200,18674.0851573364,4352,4.42513043849077,1.00499999523163,64.8950042724609,true,projects/sat-io/open-datasets/npp-viirs-ntl,b1,longntl_annual_native500m_positive_pixel_sum_v1
2019,大兴安岭地区,156232700,975.851213593109,306,3.21426618443053,1.01499998569489,27.7449989318848,true,projects/sat-io/open-datasets/npp-viirs-ntl,b1,longntl_annual_native500m_positive_pixel_sum_v1
2019,上海市,156310000,479881.377318369,26958,17.9687781699656,1.00499999523163,340.830017089844,true,projects/sat-io/open-datasets/npp-viirs-ntl,b1,longntl_annual_native500m_positive_pixel_sum_v1
2019,南京市,156320100,193709.777598587,21925,8.96033267074215,1.00499999523163,131.714996337891,true,projects/sat-io/open-datasets/npp-viirs-ntl,b1,longntl_annual_native500m_positive_pixel_sum_v1
2019,无锡市,156320200,166214.703242329,17244,9.85474352911274,1.00499999523163,119.535003662109,true,projects/sat-io/open-datasets/npp-viirs-ntl,b1,longntl_annual_native500m_positive_pixel_sum_v1
2019,徐州市,156320300,98029.5245216898,20199,4.90335969307248,1.00499999523163,65.5999984741211,true,projects/sat-io/open-datasets/npp-viirs-ntl,b1,longntl_annual_native500m_positive_pixel_sum_v1
2019,常州市,156320400,116276.942075751,14292,8.36058674281641,1.00499999523163,127.270004272461,true,projects/sat-io/open-datasets/npp-viirs-ntl,b1,longntl_annual_native500m_positive_pixel_sum_v1
2019,苏州市,156320500,392800.672476983,28247,14.0982395643283,1.00499999523163,214.75,true,projects/sat-io/open-datasets/npp-viirs-ntl,b1,longntl_annual_native500m_positive_pixel_sum_v1
2019,南通市,156320600,139305.556780038,22037,6.3349084855497,1.00499999523163,85.8249969482422,true,projects/sat-io/open-datasets/npp-viirs-ntl,b1,longntl_annual_native500m_positive_pixel_sum_v1
2019,连云港市,156320700,54236.315777177,11595,4.71390751139348,1.00499999523163,73.6199951171875,true,projects/sat-io/open-datasets/npp-viirs-ntl,b1,longntl_annual_native500m_positive_pixel_sum_v1
2019,淮安市,156320800,62291.763602483,9884,6.32030273290636,1.00499999523163,67.7399978637695,true,projects/sat-io/open-datasets/npp-viirs-ntl,b1,longntl_annual_native500m_positive_pixel_sum_v1
2019,盐城市,156320900,104630.477501717,19073,5.52331177198114,1.00499999523163,161.380004882812,true,projects/sat-io/open-datasets/npp-viirs-ntl,b1,longntl_annual_native500m_positive_pixel_sum_v1
2019,扬州市,156321000,82817.9628670898,13108,6.37701647630695,1.00499999523163,74.8000030517578,true,projects/sat-io/open-datasets/npp-viirs-ntl,b1,longntl_annual_native500m_positive_pixel_sum_v1
2019,镇江市,156321100,79729.9316262269,13387,6.09209565845888,1.00499999523163,64.7200012207031,true,projects/sat-io/open-datasets/npp-viirs-ntl,b1,longntl_annual_native500m_positive_pixel_sum_v1
2019,泰州市,156321200,88885.2116066966,16413,5.46572797579184,1.00499999523163,71.2799987792969,true,projects/sat-io/open-datasets/npp-viirs-ntl,b1,longntl_annual_native500m_positive_pixel_sum_v1
2019,宿迁市,156321300,55552.9669646857,10687,5.22474645312127,1.00499999523163,61.254997253418,true,projects/sat-io/open-datasets/npp-viirs-ntl,b1,longntl_annual_native500m_positive_pixel_sum_v1
2019,杭州市,156330100,210478.128422146,20567,10.3444285573185,1.00499999523163,257.705017089844,true,projects/sat-io/open-datasets/npp-viirs-ntl,b1,longntl_annual_native500m_positive_pixel_sum_v1
2019,宁波市,156330200,214942.423639138,23884,9.04070570669259,1.00499999523163,134.895004272461,true,projects/sat-io/open-datasets/npp-viirs-ntl,b1,longntl_annual_native500m_positive_pixel_sum_v1
2019,温州市,156330300,113443.985672509,17009,6.69960467961152,1.00499999523163,174.829986572266,true,projects/sat-io/open-datasets/npp-viirs-ntl,b1,longntl_annual_native500m_positive_pixel_sum_v1
2019,嘉兴市,156330400,118068.07633213,18569,6.45634411594327,1.00499999523163,82.5999984741211,true,projects/sat-io/open-datasets/npp-viirs-ntl,b1,longntl_annual_native500m_positive_pixel_sum_v1
2019,湖州市,156330500,72417.5359154239,15407,4.75995810293039,1.00499999523163,64.5950012207031,true,projects/sat-io/open-datasets/npp-viirs-ntl,b1,longntl_annual_native500m_positive_pixel_sum_v1
2019,绍兴市,156330600,87634.3955404721,15352,5.77522344113509,1.00499999523163,62.5849990844727,true,projects/sat-io/open-datasets/npp-viirs-ntl,b1,longntl_annual_native500m_positive_pixel_sum_v1
2019,金华市,156330700,132565.372338196,18506,7.18323858781352,1.00499999523163,102.665000915527,true,projects/sat-io/open-datasets/npp-viirs-ntl,b1,longntl_annual_native500m_positive_pixel_sum_v1
2019,衢州市,156330800,25080.2437409752,5979,4.21090407335113,1.00499999523163,41.2799987792969,true,projects/sat-io/open-datasets/npp-viirs-ntl,b1,longntl_annual_native500m_positive_pixel_sum_v1
2019,舟山市,156330900,21863.8351668783,4043,5.60673737094233,1.00499999523163,131.850006103516,true,projects/sat-io/open-datasets/npp-viirs-ntl,b1,longntl_annual_native500m_positive_pixel_sum_v1
2019,台州市,156331000,93019.0445623562,15393,6.06494241680746,1.00499999523163,81.6150054931641,true,projects/sat-io/open-datasets/npp-viirs-ntl,b1,longntl_annual_native500m_positive_pixel_sum_v1
2019,丽水市,156331100,28088.615677942,5168,5.45795696321117,1.00499999523163,68.7700042724609,true,projects/sat-io/open-datasets/npp-viirs-ntl,b1,longntl_annual_native500m_positive_pixel_sum_v1
2019,合肥市,156340100,163387.307225802,15587,10.5333588197483,1.00499999523163,94.2900009155273,true,projects/sat-io/open-datasets/npp-viirs-ntl,b1,longntl_annual_native500m_positive_pixel_sum_v1
2019,芜湖市,156340200,50529.5877020125,8966,5.68187304222483,1.00499999523163,63.0950012207031,true,projects/sat-io/open-datasets/npp-viirs-ntl,b1,longntl_annual_native500m_positive_pixel_sum_v1
2019,蚌埠市,156340300,35596.9867264112,5193,6.93845336536201,1.00499999523163,63.6149978637695,true,projects/sat-io/open-datasets/npp-viirs-ntl,b1,longntl_annual_native500m_positive_pixel_sum_v1
2019,淮南市,156340400,28318.6741128604,6137,4.64339068962196,1.00499999523163,103.110000610352,true,projects/sat-io/open-datasets/npp-viirs-ntl,b1,longntl_annual_native500m_positive_pixel_sum_v1
2019,马鞍山市,156340500,36022.6639700562,6591,5.61189811610441,1.00499999523163,76.8850021362305,true,projects/sat-io/open-datasets/npp-viirs-ntl,b1,longntl_annual_native500m_positive_pixel_sum_v1
2019,淮北市,156340600,22717.6069633793,4643,5.04149013210043,1.00499999523163,54.3899993896484,true,projects/sat-io/open-datasets/npp-viirs-ntl,b1,longntl_annual_native500m_positive_pixel_sum_v1
2019,铜陵市,156340700,12859.7743423518,2402,5.4020025917477,1.00499999523163,54.8300018310547,true,projects/sat-io/open-datasets/npp-viirs-ntl,b1,longntl_annual_native500m_positive_pixel_sum_v1
2019,安庆市,156340800,28373.8864211961,4666,6.09310861677797,1.00499999523163,55.9349975585938,true,projects/sat-io/open-datasets/npp-viirs-ntl,b1,longntl_annual_native500m_positive_pixel_sum_v1
2019,黄山市,156341000,4968.40000343323,1532,3.24308094218879,1.00499999523163,30.7849998474121,true,projects/sat-io/open-datasets/npp-viirs-ntl,b1,longntl_annual_native500m_positive_pixel_sum_v1
2019,滁州市,156341100,64269.6354196006,11248,5.78755656255861,1.00499999523163,79.4100036621094,true,projects/sat-io/open-datasets/npp-viirs-ntl,b1,longntl_annual_native500m_positive_pixel_sum_v1
2019,阜阳市,156341200,69065.4178522026,13656,5.07537891025842,1.00499999523163,67.8999938964844,true,projects/sat-io/open-datasets/npp-viirs-ntl,b1,longntl_annual_native500m_positive_pixel_sum_v1
2019,宿州市,156341300,37318.4028672181,8095,4.7185782725378,1.00499999523163,56.4900016784668,true,projects/sat-io/open-datasets/npp-viirs-ntl,b1,longntl_annual_native500m_positive_pixel_sum_v1
2019,六安市,156341500,39953.130292619,7199,5.57699158343433,1.00499999523163,70.7799987792969,true,projects/sat-io/open-datasets/npp-viirs-ntl,b1,longntl_annual_native500m_positive_pixel_sum_v1
2019,亳州市,156341600,40624.3231742522,7091,5.76816452418964,1.00499999523163,68.9949951171875,true,projects/sat-io/open-datasets/npp-viirs-ntl,b1,longntl_annual_native500m_positive_pixel_sum_v1
2019,池州市,156341700,8936.03266142957,2240,4.01184585761112,1.00499999523163,33.9150009155273,true,projects/sat-io/open-datasets/npp-viirs-ntl,b1,longntl_annual_native500m_positive_pixel_sum_v1
2019,宣城市,156341800,24082.4785443895,5677,4.28396373670421,1.00499999523163,56.5200004577637,true,projects/sat-io/open-datasets/npp-viirs-ntl,b1,longntl_annual_native500m_positive_pixel_sum_v1
2019,福州市,156350100,120517.346497348,16978,7.16771194664171,1.00499999523163,151.850006103516,true,projects/sat-io/open-datasets/npp-viirs-ntl,b1,longntl_annual_native500m_positive_pixel_sum_v1
2019,厦门市,156350200,87025.0471045101,5015,17.6852548236128,1.00499999523163,90.8549957275391,true,projects/sat-io/open-datasets/npp-viirs-ntl,b1,longntl_annual_native500m_positive_pixel_sum_v1
2019,莆田市,156350300,47507.3142253936,6746,7.09775621077449,1.00499999523163,69.625,true,projects/sat-io/open-datasets/npp-viirs-ntl,b1,longntl_annual_native500m_positive_pixel_sum_v1
2019,三明市,156350400,18926.1520789637,4644,4.07981894229004,1.00499999523163,47.5699996948242,true,projects/sat-io/open-datasets/npp-viirs-ntl,b1,longntl_annual_native500m_positive_pixel_sum_v1
2019,泉州市,156350500,152092.342674239,19608,7.82463829124785,1.00499999523163,78.6949996948242,true,projects/sat-io/open-datasets/npp-viirs-ntl,b1,longntl_annual_native500m_positive_pixel_sum_v1
2019,漳州市,156350600,86916.2151947802,17721,4.93448076996199,1.00499999523163,77.0899963378906,true,projects/sat-io/open-datasets/npp-viirs-ntl,b1,longntl_annual_native500m_positive_pixel_sum_v1
2019,南平市,156350700,23414.9213438249,5247,4.47221156826532,1.00499999523163,45.7700004577637,true,projects/sat-io/open-datasets/npp-viirs-ntl,b1,longntl_annual_native500m_positive_pixel_sum_v1
2019,龙岩市,156350800,27732.0922416869,6157,4.50919415693372,1.00499999523163,49.5299987792969,true,projects/sat-io/open-datasets/npp-viirs-ntl,b1,longntl_annual_native500m_positive_pixel_sum_v1
2019,宁德市,156350900,29802.3768712983,6587,4.58112268772791,1.00499999523163,63.4700012207031,true,projects/sat-io/open-datasets/npp-viirs-ntl,b1,longntl_annual_native500m_positive_pixel_sum_v1
2019,南昌市,156360100,67593.9681942982,7942,8.54122750817309,1.00499999523163,131.755004882812,true,projects/sat-io/open-datasets/npp-viirs-ntl,b1,longntl_annual_native500m_positive_pixel_sum_v1
2019,景德镇市,156360200,14837.0221036869,2140,6.9360858787255,1.00499999523163,61.5,true,projects/sat-io/open-datasets/npp-viirs-ntl,b1,longntl_annual_native500m_positive_pixel_sum_v1
2019,萍乡市,156360300,7072.65897196555,1709,4.14900776843034,1.00499999523163,36.5699996948242,true,projects/sat-io/open-datasets/npp-viirs-ntl,b1,longntl_annual_native500m_positive_pixel_sum_v1
2019,九江市,156360400,30235.3446032576,5733,5.31282046475089,1.00499999523163,64.2149963378906,true,projects/sat-io/open-datasets/npp-viirs-ntl,b1,longntl_annual_native500m_positive_pixel_sum_v1
2019,新余市,156360500,7277.52023139935,1458,4.994449597129,1.00499999523163,34.1050033569336,true,projects/sat-io/open-datasets/npp-viirs-ntl,b1,longntl_annual_native500m_positive_pixel_sum_v1
2019,鹰潭市,156360600,7033.1379255005,1694,4.18333517062143,1.00499999523163,31.4600009918213,true,projects/sat-io/open-datasets/npp-viirs-ntl,b1,longntl_annual_native500m_positive_pixel_sum_v1
2019,赣州市,156360700,44832.0005531577,8291,5.41071039713416,1.00499999523163,58.1549987792969,true,projects/sat-io/open-datasets/npp-viirs-ntl,b1,longntl_annual_native500m_positive_pixel_sum_v1
2019,吉安市,156360800,16833.6863428653,3813,4.41529549451884,1.00499999523163,53.7600021362305,true,projects/sat-io/open-datasets/npp-viirs-ntl,b1,longntl_annual_native500m_positive_pixel_sum_v1
2019,宜春市,156360900,25834.2950615761,6165,4.19393246711947,1.00499999523163,53.6999969482422,true,projects/sat-io/open-datasets/npp-viirs-ntl,b1,longntl_annual_native500m_positive_pixel_sum_v1
2019,抚州市,156361000,15974.958970342,3227,4.95511455065509,1.00499999523163,42.2200012207031,true,projects/sat-io/open-datasets/npp-viirs-ntl,b1,longntl_annual_native500m_positive_pixel_sum_v1
2019,上饶市,156361100,25904.3603808188,5573,4.66543813065604,1.00499999523163,78.2899932861328,true,projects/sat-io/open-datasets/npp-viirs-ntl,b1,longntl_annual_native500m_positive_pixel_sum_v1
2019,济南市,156370100,130917.593950105,20078,6.55974777603881,1.00499999523163,149.759994506836,true,projects/sat-io/open-datasets/npp-viirs-ntl,b1,longntl_annual_native500m_positive_pixel_sum_v1
2019,青岛市,156370200,157032.171130399,24035,6.57048938324903,1.00499999523163,139.154998779297,true,projects/sat-io/open-datasets/npp-viirs-ntl,b1,longntl_annual_native500m_positive_pixel_sum_v1
2019,淄博市,156370300,63976.9664169915,13510,4.83006853834058,1.00499999523163,60.1399993896484,true,projects/sat-io/open-datasets/npp-viirs-ntl,b1,longntl_annual_native500m_positive_pixel_sum_v1
2019,枣庄市,156370400,32777.1828927914,9724,3.42334188303542,1.00499999523163,44.2849998474121,true,projects/sat-io/open-datasets/npp-viirs-ntl,b1,longntl_annual_native500m_positive_pixel_sum_v1
2019,东营市,156370500,64417.7722757788,13792,4.72955157964487,1.00499999523163,109.350006103516,true,projects/sat-io/open-datasets/npp-viirs-ntl,b1,longntl_annual_native500m_positive_pixel_sum_v1
2019,烟台市,156370600,89798.8043142333,17613,5.12712297380439,1.00499999523163,301.820007324219,true,projects/sat-io/open-datasets/npp-viirs-ntl,b1,longntl_annual_native500m_positive_pixel_sum_v1
2019,潍坊市,156370700,118606.29837204,30725,3.88325584073553,1.00499999523163,85.4799957275391,true,projects/sat-io/open-datasets/npp-viirs-ntl,b1,longntl_annual_native500m_positive_pixel_sum_v1
2019,济宁市,156370800,68530.4678377572,19199,3.60608447963674,1.00499999523163,151.779998779297,true,projects/sat-io/open-datasets/npp-viirs-ntl,b1,longntl_annual_native500m_positive_pixel_sum_v1
2019,泰安市,156370900,47823.9632555176,10088,4.77803800539468,1.00499999523163,343.539978027344,true,projects/sat-io/open-datasets/npp-viirs-ntl,b1,longntl_annual_native500m_positive_pixel_sum_v1
2019,威海市,156371000,49405.3558280543,8376,5.94457135314761,1.00499999523163,153.510009765625,true,projects/sat-io/open-datasets/npp-viirs-ntl,b1,longntl_annual_native500m_positive_pixel_sum_v1
2019,日照市,156371100,28383.1267799943,7546,3.80092633934614,1.00499999523163,42.6800003051758,true,projects/sat-io/open-datasets/npp-viirs-ntl,b1,longntl_annual_native500m_positive_pixel_sum_v1
2019,临沂市,156371300,96771.1037433928,26966,3.60463545990065,1.00499999523163,189.675003051758,true,projects/sat-io/open-datasets/npp-viirs-ntl,b1,longntl_annual_native500m_positive_pixel_sum_v1
2019,德州市,156371400,48891.0892704057,11299,4.37917080173627,1.00499999523163,91.8999938964844,true,projects/sat-io/open-datasets/npp-viirs-ntl,b1,longntl_annual_native500m_positive_pixel_sum_v1
2019,聊城市,156371500,47432.0010468525,11908,4.00870477861351,1.00499999523163,55.875,true,projects/sat-io/open-datasets/npp-viirs-ntl,b1,longntl_annual_native500m_positive_pixel_sum_v1
2019,滨州市,156371600,57190.9717572137,14974,3.88160481976527,1.00499999523163,85.5899963378906,true,projects/sat-io/open-datasets/npp-viirs-ntl,b1,longntl_annual_native500m_positive_pixel_sum_v1
2019,菏泽市,156371700,59980.582414068,16408,3.66512542155694,1.00499999523163,63.5699996948242,true,projects/sat-io/open-datasets/npp-viirs-ntl,b1,longntl_annual_native500m_positive_pixel_sum_v1
2019,郑州市,156410100,179834.969688238,24043,7.54063838374066,1.00499999523163,254.075012207031,true,projects/sat-io/open-datasets/npp-viirs-ntl,b1,longntl_annual_native500m_positive_pixel_sum_v1
2019,开封市,156410200,38926.3433131185,8166,4.85031233394065,1.00499999523163,75.7149963378906,true,projects/sat-io/open-datasets/npp-viirs-ntl,b1,longntl_annual_native500m_positive_pixel_sum_v1
2019,洛阳市,156410300,66347.6665226623,11805,5.65405241418454,1.00499999523163,83.0800018310547,true,projects/sat-io/open-datasets/npp-viirs-ntl,b1,longntl_annual_native500m_positive_pixel_sum_v1
2019,平顶山市,156410400,34859.1031964246,8330,4.21012435377467,1.00499999523163,56.6049995422363,true,projects/sat-io/open-datasets/npp-viirs-ntl,b1,longntl_annual_native500m_positive_pixel_sum_v1
2019,安阳市,156410500,49913.3199250385,11341,4.45728774249387,1.00499999523163,59.0250015258789,true,projects/sat-io/open-datasets/npp-viirs-ntl,b1,longntl_annual_native500m_positive_pixel_sum_v1
2019,鹤壁市,156410600,16723.6957718466,3666,4.64826101703842,1.00499999523163,67.7099990844727,true,projects/sat-io/open-datasets/npp-viirs-ntl,b1,longntl_annual_native500m_positive_pixel_sum_v1
2019,新乡市,156410700,52784.0499493533,14138,3.75579423086059,1.00499999523163,37.6049995422363,true,projects/sat-io/open-datasets/npp-viirs-ntl,b1,longntl_annual_native500m_positive_pixel_sum_v1
2019,焦作市,156410800,30076.1743663881,8070,3.76293426069179,1.00499999523163,48.685001373291,true,projects/sat-io/open-datasets/npp-viirs-ntl,b1,longntl_annual_native500m_positive_pixel_sum_v1
2019,濮阳市,156410900,33982.4411473129,8773,3.91217681005249,1.00499999523163,73.4300003051758,true,projects/sat-io/open-datasets/npp-viirs-ntl,b1,longntl_annual_native500m_positive_pixel_sum_v1
2019,许昌市,156411000,33134.7473373184,8992,3.71961431548687,1.00499999523163,52.8349990844727,true,projects/sat-io/open-datasets/npp-viirs-ntl,b1,longntl_annual_native500m_positive_pixel_sum_v1
2019,漯河市,156411100,23194.005740679,3757,6.28304760232047,1.00499999523163,88.5999984741211,true,projects/sat-io/open-datasets/npp-viirs-ntl,b1,longntl_annual_native500m_positive_pixel_sum_v1
2019,三门峡市,156411200,16849.7538996977,4266,3.98084685495109,1.00499999523163,39.2799987792969,true,projects/sat-io/open-datasets/npp-viirs-ntl,b1,longntl_annual_native500m_positive_pixel_sum_v1
2019,南阳市,156411300,40548.5106502439,10203,3.97763196971892,1.00499999523163,42.0200004577637,true,projects/sat-io/open-datasets/npp-viirs-ntl,b1,longntl_annual_native500m_positive_pixel_sum_v1
2019,商丘市,156411400,50195.2847085897,10619,4.75131929173427,1.00499999523163,64.0050048828125,true,projects/sat-io/open-datasets/npp-viirs-ntl,b1,longntl_annual_native500m_positive_pixel_sum_v1
2019,信阳市,156411500,22788.3752545418,5293,4.3217675555636,1.00499999523163,55.4250030517578,true,projects/sat-io/open-datasets/npp-viirs-ntl,b1,longntl_annual_native500m_positive_pixel_sum_v1
2019,周口市,156411600,43280.0948848032,11155,3.89586900401286,1.00499999523163,68.0650024414062,true,projects/sat-io/open-datasets/npp-viirs-ntl,b1,longntl_annual_native500m_positive_pixel_sum_v1
2019,驻马店市,156411700,50117.4239769922,9707,5.19088492558399,1.00499999523163,70.375,true,projects/sat-io/open-datasets/npp-viirs-ntl,b1,longntl_annual_native500m_positive_pixel_sum_v1
2019,济源市,156419001,6587.63413720738,1826,3.64346860580771,1.00499999523163,30.7350006103516,true,projects/sat-io/open-datasets/npp-viirs-ntl,b1,longntl_annual_native500m_positive_pixel_sum_v1
2019,武汉市,156420100,191401.20884174,17126,11.2486242675416,1.00499999523163,342.60498046875,true,projects/sat-io/open-datasets/npp-viirs-ntl,b1,longntl_annual_native500m_positive_pixel_sum_v1
2019,黄石市,156420200,18138.2898285969,3587,5.13097825398302,1.00499999523163,54.2849998474121,true,projects/sat-io/open-datasets/npp-viirs-ntl,b1,longntl_annual_native500m_positive_pixel_sum_v1
2019,十堰市,156420300,14103.6453379337,3506,4.0455958905132,1.00499999523163,40.0749969482422,true,projects/sat-io/open-datasets/npp-viirs-ntl,b1,longntl_annual_native500m_positive_pixel_sum_v1
2019,宜昌市,156420500,29654.7501854756,6234,4.76315814830258,1.00499999523163,44.125,true,projects/sat-io/open-datasets/npp-viirs-ntl,b1,longntl_annual_native500m_positive_pixel_sum_v1
2019,襄阳市,156420600,28066.2086932374,6176,4.56080765069362,1.00499999523163,41.1549987792969,true,projects/sat-io/open-datasets/npp-viirs-ntl,b1,longntl_annual_native500m_positive_pixel_sum_v1
2019,鄂州市,156420700,13613.3577269797,3366,4.11022572264472,1.00499999523163,32.5449981689453,true,projects/sat-io/open-datasets/npp-viirs-ntl,b1,longntl_annual_native500m_positive_pixel_sum_v1
2019,荆门市,156420800,12889.9739007969,3134,4.12242747651317,1.00499999523163,46.375,true,projects/sat-io/open-datasets/npp-viirs-ntl,b1,longntl_annual_native500m_positive_pixel_sum_v1
2019,孝感市,156420900,24179.3467487181,5620,4.36839923831202,1.00499999523163,39.6849975585938,true,projects/sat-io/open-datasets/npp-viirs-ntl,b1,longntl_annual_native500m_positive_pixel_sum_v1
2019,荆州市,156421000,23271.8370565859,5064,4.62723187193953,1.00499999523163,60.9150009155273,true,projects/sat-io/open-datasets/npp-viirs-ntl,b1,longntl_annual_native500m_positive_pixel_sum_v1
2019,黄冈市,156421100,23511.9977186432,5976,3.96461697455146,1.00499999523163,62.3450012207031,true,projects/sat-io/open-datasets/npp-viirs-ntl,b1,longntl_annual_native500m_positive_pixel_sum_v1
2019,咸宁市,156421200,14438.3360708751,3521,4.11814229157278,1.00499999523163,73.3699951171875,true,projects/sat-io/open-datasets/npp-viirs-ntl,b1,longntl_annual_native500m_positive_pixel_sum_v1
2019,随州市,156421300,7320.82387797833,1925,3.82069378922539,1.00499999523163,35.5650024414062,true,projects/sat-io/open-datasets/npp-viirs-ntl,b1,longntl_annual_native500m_positive_pixel_sum_v1
2019,恩施土家族苗族自治州,156422800,11490.3868377461,2417,4.8112931221412,1.00499999523163,60.2799987792969,true,projects/sat-io/open-datasets/npp-viirs-ntl,b1,longntl_annual_native500m_positive_pixel_sum_v1
2019,仙桃市,156429004,6246.56516382507,1389,4.56660842115712,1.00499999523163,33.9749984741211,true,projects/sat-io/open-datasets/npp-viirs-ntl,b1,longntl_annual_native500m_positive_pixel_sum_v1
2019,潜江市,156429005,6193.21923587275,1516,4.1196042966638,1.00499999523163,30.3549995422363,true,projects/sat-io/open-datasets/npp-viirs-ntl,b1,longntl_annual_native500m_positive_pixel_sum_v1
2019,天门市,156429006,4402.34231719457,1007,4.49276134152678,1.00499999523163,30.5450000762939,true,projects/sat-io/open-datasets/npp-viirs-ntl,b1,longntl_annual_native500m_positive_pixel_sum_v1
2019,神农架林区,156429021,72.2978628429712,38,1.99523322780927,1.00999999046326,5.17000007629395,true,projects/sat-io/open-datasets/npp-viirs-ntl,b1,longntl_annual_native500m_positive_pixel_sum_v1
2019,长沙市,156430100,128169.178588604,13527,9.54866738774204,1.00499999523163,145.330001831055,true,projects/sat-io/open-datasets/npp-viirs-ntl,b1,longntl_annual_native500m_positive_pixel_sum_v1
2019,株洲市,156430200,27601.6448622264,4129,6.79668185628524,1.00499999523163,91.9150009155273,true,projects/sat-io/open-datasets/npp-viirs-ntl,b1,longntl_annual_native500m_positive_pixel_sum_v1
2019,湘潭市,156430300,24086.3700803191,3513,7.08754546013632,1.00499999523163,60.9400024414062,true,projects/sat-io/open-datasets/npp-viirs-ntl,b1,longntl_annual_native500m_positive_pixel_sum_v1
2019,衡阳市,156430400,21057.3481773736,4506,4.67335062266123,1.00499999523163,35.3600006103516,true,projects/sat-io/open-datasets/npp-viirs-ntl,b1,longntl_annual_native500m_positive_pixel_sum_v1
2019,邵阳市,156430500,16569.6909390085,3381,4.90909313601459,1.00499999523163,43.3600006103516,true,projects/sat-io/open-datasets/npp-viirs-ntl,b1,longntl_annual_native500m_positive_pixel_sum_v1
2019,岳阳市,156430600,24881.2353649995,5362,4.67518358422883,1.00499999523163,42.6999969482422,true,projects/sat-io/open-datasets/npp-viirs-ntl,b1,longntl_annual_native500m_positive_pixel_sum_v1
2019,常德市,156430700,27983.3829287258,5491,5.09884532380108,1.00499999523163,46.4599990844727,true,projects/sat-io/open-datasets/npp-viirs-ntl,b1,longntl_annual_native500m_positive_pixel_sum_v1
2019,张家界市,156430800,9536.93550655047,1577,6.05287621844439,1.00499999523163,51.6350021362305,true,projects/sat-io/open-datasets/npp-viirs-ntl,b1,longntl_annual_native500m_positive_pixel_sum_v1
2019,益阳市,156430900,11601.2077821704,2908,4.0198061297067,1.00499999523163,26.9400005340576,true,projects/sat-io/open-datasets/npp-viirs-ntl,b1,longntl_annual_native500m_positive_pixel_sum_v1
2019,郴州市,156431000,14956.6077268409,3819,3.92066326576508,1.00499999523163,36.1349983215332,true,projects/sat-io/open-datasets/npp-viirs-ntl,b1,longntl_annual_native500m_positive_pixel_sum_v1
2019,永州市,156431100,19789.9765726118,4223,4.69739034431094,1.00499999523163,49.8649978637695,true,projects/sat-io/open-datasets/npp-viirs-ntl,b1,longntl_annual_native500m_positive_pixel_sum_v1
2019,怀化市,156431200,15253.3486837107,3280,4.70951663130685,1.00499999523163,40.2050018310547,true,projects/sat-io/open-datasets/npp-viirs-ntl,b1,longntl_annual_native500m_positive_pixel_sum_v1
2019,娄底市,156431300,15255.5057709815,2692,5.72556351385604,1.00499999523163,50.6149978637695,true,projects/sat-io/open-datasets/npp-viirs-ntl,b1,longntl_annual_native500m_positive_pixel_sum_v1
2019,湘西土家族苗族自治州,156433100,10820.0478383373,2273,4.8427311941981,1.00499999523163,62.620002746582,true,projects/sat-io/open-datasets/npp-viirs-ntl,b1,longntl_annual_native500m_positive_pixel_sum_v1
2019,广州市,156440100,233869.552885372,20937,11.323455966979,1.00499999523163,304.649993896484,true,projects/sat-io/open-datasets/npp-viirs-ntl,b1,longntl_annual_native500m_positive_pixel_sum_v1
2019,韶关市,156440200,22548.2256091548,6167,3.66252003649557,1.00499999523163,42.5100021362305,true,projects/sat-io/open-datasets/npp-viirs-ntl,b1,longntl_annual_native500m_positive_pixel_sum_v1
2019,深圳市,156440300,166866.421332012,8087,21.2951028046173,1.00499999523163,158.550003051758,true,projects/sat-io/open-datasets/npp-viirs-ntl,b1,longntl_annual_native500m_positive_pixel_sum_v1
2019,珠海市,156440400,35155.2337708286,4807,7.48820301660454,1.00499999523163,126.965003967285,true,projects/sat-io/open-datasets/npp-viirs-ntl,b1,longntl_annual_native500m_positive_pixel_sum_v1
2019,汕头市,156440500,62610.1031401237,7247,8.84338185564817,1.00499999523163,125.669998168945,true,projects/sat-io/open-datasets/npp-viirs-ntl,b1,longntl_annual_native500m_positive_pixel_sum_v1
2019,佛山市,156440600,137433.567939732,13939,10.1122763077671,1.00499999523163,89.2400054931641,true,projects/sat-io/open-datasets/npp-viirs-ntl,b1,longntl_annual_native500m_positive_pixel_sum_v1
2019,江门市,156440700,70777.8505496946,15238,4.68773019121248,1.00499999523163,45.1750030517578,true,projects/sat-io/open-datasets/npp-viirs-ntl,b1,longntl_annual_native500m_positive_pixel_sum_v1
2019,湛江市,156440800,44496.8527252038,11088,4.05193610180532,1.00499999523163,57.0999984741211,true,projects/sat-io/open-datasets/npp-viirs-ntl,b1,longntl_annual_native500m_positive_pixel_sum_v1
2019,茂名市,156440900,38320.5106190195,9697,3.99175899103994,1.00499999523163,50.7750015258789,true,projects/sat-io/open-datasets/npp-viirs-ntl,b1,longntl_annual_native500m_positive_pixel_sum_v1
2019,肇庆市,156441200,39427.9220715537,9776,4.0936321158769,1.00499999523163,53.125,true,projects/sat-io/open-datasets/npp-viirs-ntl,b1,longntl_annual_native500m_positive_pixel_sum_v1
2019,惠州市,156441300,108846.273208649,19124,5.76842297007043,1.00499999523163,113.660003662109,true,projects/sat-io/open-datasets/npp-viirs-ntl,b1,longntl_annual_native500m_positive_pixel_sum_v1
2019,梅州市,156441400,28171.1684391672,6586,4.29498367000403,1.00499999523163,77.9799957275391,true,projects/sat-io/open-datasets/npp-viirs-ntl,b1,longntl_annual_native500m_positive_pixel_sum_v1
2019,汕尾市,156441500,39726.8305042954,9063,4.42441784775071,1.00499999523163,133.375,true,projects/sat-io/open-datasets/npp-viirs-ntl,b1,longntl_annual_native500m_positive_pixel_sum_v1
2019,河源市,156441600,21195.0758454954,4827,4.4226795100383,1.00499999523163,54.2249984741211,true,projects/sat-io/open-datasets/npp-viirs-ntl,b1,longntl_annual_native500m_positive_pixel_sum_v1
2019,阳江市,156441700,22517.8729578729,4964,4.56639747638498,1.00499999523163,49.0250015258789,true,projects/sat-io/open-datasets/npp-viirs-ntl,b1,longntl_annual_native500m_positive_pixel_sum_v1
2019,清远市,156441800,39613.0920343656,10595,3.76841933471337,1.00499999523163,37.9599990844727,true,projects/sat-io/open-datasets/npp-viirs-ntl,b1,longntl_annual_native500m_positive_pixel_sum_v1
2019,东莞市,156441900,168086.062191365,10337,16.6378044757769,1.00499999523163,180.5,true,projects/sat-io/open-datasets/npp-viirs-ntl,b1,longntl_annual_native500m_positive_pixel_sum_v1
2019,中山市,156442000,71475.0884476447,7014,10.3687442600877,1.05499994754791,89.6849975585938,true,projects/sat-io/open-datasets/npp-viirs-ntl,b1,longntl_annual_native500m_positive_pixel_sum_v1
2019,潮州市,156445100,30042.637973575,4998,6.16946597779054,1.00499999523163,57.8450012207031,true,projects/sat-io/open-datasets/npp-viirs-ntl,b1,longntl_annual_native500m_positive_pixel_sum_v1
2019,揭阳市,156445200,57262.9620240291,11151,5.22159897046258,1.00499999523163,89.6399993896484,true,projects/sat-io/open-datasets/npp-viirs-ntl,b1,longntl_annual_native500m_positive_pixel_sum_v1
2019,云浮市,156445300,16642.9683881072,4707,3.58961651356003,1.00499999523163,45.879997253418,true,projects/sat-io/open-datasets/npp-viirs-ntl,b1,longntl_annual_native500m_positive_pixel_sum_v1
2019,南宁市,156450100,90576.5852731139,12005,7.57151552217528,1.00499999523163,88.495002746582,true,projects/sat-io/open-datasets/npp-viirs-ntl,b1,longntl_annual_native500m_positive_pixel_sum_v1
2019,柳州市,156450200,46494.4067409085,6105,7.62663291585133,1.00499999523163,80.9599990844727,true,projects/sat-io/open-datasets/npp-viirs-ntl,b1,longntl_annual_native500m_positive_pixel_sum_v1
2019,桂林市,156450300,28040.7039834775,5793,4.84128176510316,1.00499999523163,55.4700012207031,true,projects/sat-io/open-datasets/npp-viirs-ntl,b1,longntl_annual_native500m_positive_pixel_sum_v1
2019,梧州市,156450400,12572.8958972169,3039,4.15445497126599,1.00499999523163,36.2299995422363,true,projects/sat-io/open-datasets/npp-viirs-ntl,b1,longntl_annual_native500m_positive_pixel_sum_v1
2019,北海市,156450500,15711.782015577,2687,5.9499300740635,1.00499999523163,75.6650009155273,true,projects/sat-io/open-datasets/npp-viirs-ntl,b1,longntl_annual_native500m_positive_pixel_sum_v1
2019,防城港市,156450600,9763.04734921689,2111,4.69948763872036,1.00499999523163,49.9749984741211,true,projects/sat-io/open-datasets/npp-viirs-ntl,b1,longntl_annual_native500m_positive_pixel_sum_v1
2019,钦州市,156450700,16686.8000159642,3168,5.3062753041764,1.00499999523163,71.8000030517578,true,projects/sat-io/open-datasets/npp-viirs-ntl,b1,longntl_annual_native500m_positive_pixel_sum_v1
2019,贵港市,156450800,16235.4535566339,4427,3.6716452063255,1.00499999523163,42.0950012207031,true,projects/sat-io/open-datasets/npp-viirs-ntl,b1,longntl_annual_native500m_positive_pixel_sum_v1
2019,玉林市,156450900,23831.1523445358,5565,4.2956131946288,1.00499999523163,50.5149993896484,true,projects/sat-io/open-datasets/npp-viirs-ntl,b1,longntl_annual_native500m_positive_pixel_sum_v1
2019,百色市,156451000,20272.367300085,4553,4.46915495646365,1.00499999523163,51.8399963378906,true,projects/sat-io/open-datasets/npp-viirs-ntl,b1,longntl_annual_native500m_positive_pixel_sum_v1
2019,贺州市,156451100,8968.03550655748,2161,4.15803589233151,1.00499999523163,36.7249984741211,true,projects/sat-io/open-datasets/npp-viirs-ntl,b1,longntl_annual_native500m_positive_pixel_sum_v1
2019,河池市,156451200,12075.380750521,2789,4.36185653995133,1.00499999523163,49.4749984741211,true,projects/sat-io/open-datasets/npp-viirs-ntl,b1,longntl_annual_native500m_positive_pixel_sum_v1
2019,来宾市,156451300,10498.9774562639,2523,4.17028451251955,1.00499999523163,42.2750015258789,true,projects/sat-io/open-datasets/npp-viirs-ntl,b1,longntl_annual_native500m_positive_pixel_sum_v1
2019,崇左市,156451400,12865.2820119942,2822,4.58761157452493,1.00499999523163,62.6650009155273,true,projects/sat-io/open-datasets/npp-viirs-ntl,b1,longntl_annual_native500m_positive_pixel_sum_v1
2019,海口市,156460100,33825.7159826606,3325,10.328363955895,1.00499999523163,128.119995117188,true,projects/sat-io/open-datasets/npp-viirs-ntl,b1,longntl_annual_native500m_positive_pixel_sum_v1
2019,三亚市,156460200,17559.9762085382,2500,7.11678215919126,1.00499999523163,186.184997558594,true,projects/sat-io/open-datasets/npp-viirs-ntl,b1,longntl_annual_native500m_positive_pixel_sum_v1
2019,三沙市,156460300,2.480000185499,1,2.55000019073486,2.55000019073486,2.55000019073486,true,projects/sat-io/open-datasets/npp-viirs-ntl,b1,longntl_annual_native500m_positive_pixel_sum_v1
2019,儋州市,156460400,10689.9909181567,1829,5.87972788832606,1.00499999523163,67.6699981689453,true,projects/sat-io/open-datasets/npp-viirs-ntl,b1,longntl_annual_native500m_positive_pixel_sum_v1
2019,五指山市,156469001,696.374996423721,167,4.16991015822588,1.00499999523163,22.5849990844727,true,projects/sat-io/open-datasets/npp-viirs-ntl,b1,longntl_annual_native500m_positive_pixel_sum_v1
2019,琼海市,156469002,3242.29329266501,906,3.61674718450027,1.00499999523163,37.0250015258789,true,projects/sat-io/open-datasets/npp-viirs-ntl,b1,longntl_annual_native500m_positive_pixel_sum_v1
2019,文昌市,156469005,3963.81633847227,955,4.20529947665526,1.00499999523163,32.8699989318848,true,projects/sat-io/open-datasets/npp-viirs-ntl,b1,longntl_annual_native500m_positive_pixel_sum_v1
2019,万宁市,156469006,4579.40539858528,1315,3.526907149987,1.00499999523163,51.5800018310547,true,projects/sat-io/open-datasets/npp-viirs-ntl,b1,longntl_annual_native500m_positive_pixel_sum_v1
2019,东方市,156469007,7692.78210521399,1830,4.22288165231075,1.00499999523163,82.3150024414062,true,projects/sat-io/open-datasets/npp-viirs-ntl,b1,longntl_annual_native500m_positive_pixel_sum_v1
2019,定安县,156469021,1541.28375996001,376,4.25188626498119,1.00499999523163,25.0750007629395,true,projects/sat-io/open-datasets/npp-viirs-ntl,b1,longntl_annual_native500m_positive_pixel_sum_v1
2019,屯昌县,156469022,629.322784916092,218,2.93420080000006,1.00999999046326,12.039999961853,true,projects/sat-io/open-datasets/npp-viirs-ntl,b1,longntl_annual_native500m_positive_pixel_sum_v1
2019,澄迈县,156469023,5743.42000177935,1155,5.06574280801532,1.00499999523163,60.3800010681152,true,projects/sat-io/open-datasets/npp-viirs-ntl,b1,longntl_annual_native500m_positive_pixel_sum_v1
2019,临高县,156469024,2617.39921940448,798,3.28692689255357,1.00499999523163,28.8549995422363,true,projects/sat-io/open-datasets/npp-viirs-ntl,b1,longntl_annual_native500m_positive_pixel_sum_v1
2019,白沙黎族自治县,156469025,931.75499902052,269,3.46528877343007,1.01999998092651,43.3600006103516,true,projects/sat-io/open-datasets/npp-viirs-ntl,b1,longntl_annual_native500m_positive_pixel_sum_v1
2019,昌江黎族自治县,156469026,2733.74251416992,715,3.84320918435452,1.00499999523163,53.2350006103516,true,projects/sat-io/open-datasets/npp-viirs-ntl,b1,longntl_annual_native500m_positive_pixel_sum_v1
2019,乐东黎族自治县,156469027,4373.99649275378,1402,3.12170365007127,1.00499999523163,55.9700012207031,true,projects/sat-io/open-datasets/npp-viirs-ntl,b1,longntl_annual_native500m_positive_pixel_sum_v1
2019,陵水黎族自治县,156469028,5162.26559171957,1249,4.19331404799422,1.00499999523163,49.9899978637695,true,projects/sat-io/open-datasets/npp-viirs-ntl,b1,longntl_annual_native500m_positive_pixel_sum_v1
2019,保亭黎族苗族自治县,156469029,957.784995317459,208,4.60473555441086,1.00499999523163,24.5999984741211,true,projects/sat-io/open-datasets/npp-viirs-ntl,b1,longntl_annual_native500m_positive_pixel_sum_v1
2019,琼中黎族苗族自治县,156469030,561.030000209808,162,3.46314814944326,1.00499999523163,20.1350002288818,true,projects/sat-io/open-datasets/npp-viirs-ntl,b1,longntl_annual_native500m_positive_pixel_sum_v1
2019,重庆市,156500000,250757.734865446,36013,6.96991298737485,1.00499999523163,179.540008544922,true,projects/sat-io/open-datasets/npp-viirs-ntl,b1,longntl_annual_native500m_positive_pixel_sum_v1
2019,成都市,156510100,297530.541853322,30848,9.68596479701961,1.00499999523163,247.985000610352,true,projects/sat-io/open-datasets/npp-viirs-ntl,b1,longntl_annual_native500m_positive_pixel_sum_v1
2019,自贡市,156510300,13415.2618658183,2578,5.2497779029438,1.00499999523163,44.9850006103516,true,projects/sat-io/open-datasets/npp-viirs-ntl,b1,longntl_annual_native500m_positive_pixel_sum_v1
2019,攀枝花市,156510400,10106.462625806,2300,4.42765565843299,1.00499999523163,54.0550003051758,true,projects/sat-io/open-datasets/npp-viirs-ntl,b1,longntl_annual_native500m_positive_pixel_sum_v1
2019,泸州市,156510500,17175.8224144337,3643,4.77004853618305,1.00499999523163,43.7150001525879,true,projects/sat-io/open-datasets/npp-viirs-ntl,b1,longntl_annual_native500m_positive_pixel_sum_v1
2019,德阳市,156510600,38210.6873791442,7640,5.05384922449017,1.00499999523163,57.2300033569336,true,projects/sat-io/open-datasets/npp-viirs-ntl,b1,longntl_annual_native500m_positive_pixel_sum_v1
2019,绵阳市,156510700,35253.2712408921,6462,5.46384950344591,1.00499999523163,45.2299995422363,true,projects/sat-io/open-datasets/npp-viirs-ntl,b1,longntl_annual_native500m_positive_pixel_sum_v1
2019,广元市,156510800,10936.6315994936,2514,4.35747564169925,1.00499999523163,45.9349975585938,true,projects/sat-io/open-datasets/npp-viirs-ntl,b1,longntl_annual_native500m_positive_pixel_sum_v1
2019,遂宁市,156510900,17938.7556607728,2914,6.17558121546043,1.00499999523163,53.7999992370605,true,projects/sat-io/open-datasets/npp-viirs-ntl,b1,longntl_annual_native500m_positive_pixel_sum_v1
2019,内江市,156511000,17774.1606289574,3022,5.94321799008959,1.00499999523163,61.9099998474121,true,projects/sat-io/open-datasets/npp-viirs-ntl,b1,longntl_annual_native500m_positive_pixel_sum_v1
2019,乐山市,156511100,24530.2459187732,5605,4.3813122962459,1.00499999523163,134.200012207031,true,projects/sat-io/open-datasets/npp-viirs-ntl,b1,longntl_annual_native500m_positive_pixel_sum_v1
2019,南充市,156511300,41118.3219903979,5313,7.74967025273152,1.00499999523163,96.1699981689453,true,projects/sat-io/open-datasets/npp-viirs-ntl,b1,longntl_annual_native500m_positive_pixel_sum_v1
2019,眉山市,156511400,22424.503066012,5202,4.37118467249495,1.00499999523163,59.0999984741211,true,projects/sat-io/open-datasets/npp-viirs-ntl,b1,longntl_annual_native500m_positive_pixel_sum_v1
2019,宜宾市,156511500,21765.2652332694,4120,5.30532319053334,1.00499999523163,53.25,true,projects/sat-io/open-datasets/npp-viirs-ntl,b1,longntl_annual_native500m_positive_pixel_sum_v1
2019,广安市,156511600,18208.0452875437,3200,5.70536830529665,1.00499999523163,63.4499969482422,true,projects/sat-io/open-datasets/npp-viirs-ntl,b1,longntl_annual_native500m_positive_pixel_sum_v1
2019,达州市,156511700,20813.0424744943,3552,5.86634121837768,1.00499999523163,82.6549987792969,true,projects/sat-io/open-datasets/npp-viirs-ntl,b1,longntl_annual_native500m_positive_pixel_sum_v1
2019,雅安市,156511800,9768.90260856759,2302,4.25564256545106,1.00499999523163,37.1800003051758,true,projects/sat-io/open-datasets/npp-viirs-ntl,b1,longntl_annual_native500m_positive_pixel_sum_v1
2019,巴中市,156511900,6632.19631311707,1656,4.01590504512845,1.00499999523163,23.3950004577637,true,projects/sat-io/open-datasets/npp-viirs-ntl,b1,longntl_annual_native500m_positive_pixel_sum_v1
2019,资阳市,156512000,10660.900018692,1704,6.25639672458452,1.00499999523163,62.4949989318848,true,projects/sat-io/open-datasets/npp-viirs-ntl,b1,longntl_annual_native500m_positive_pixel_sum_v1
2019,阿坝藏族羌族自治州,156513200,5958.15590285881,1477,4.03895524412962,1.00499999523163,41.9700012207031,true,projects/sat-io/open-datasets/npp-viirs-ntl,b1,longntl_annual_native500m_positive_pixel_sum_v1
2019,甘孜藏族自治州,156513300,9870.87649783527,2078,4.78053939879017,1.00499999523163,75.8050003051758,true,projects/sat-io/open-datasets/npp-viirs-ntl,b1,longntl_annual_native500m_positive_pixel_sum_v1
2019,凉山彝族自治州,156513400,17910.5558601954,3633,5.00098739277382,1.00499999523163,85.5650024414062,true,projects/sat-io/open-datasets/npp-viirs-ntl,b1,longntl_annual_native500m_positive_pixel_sum_v1
2019,贵阳市,156520100,76361.3095053762,9776,7.90200394442945,1.00499999523163,87.2299957275391,true,projects/sat-io/open-datasets/npp-viirs-ntl,b1,longntl_annual_native500m_positive_pixel_sum_v1
2019,六盘水市,156520200,19931.5562972017,4048,4.95297697804089,1.00499999523163,72.1049957275391,true,projects/sat-io/open-datasets/npp-viirs-ntl,b1,longntl_annual_native500m_positive_pixel_sum_v1
2019,遵义市,156520300,50593.5614768739,10147,5.0105825476879,1.00499999523163,69.6449966430664,true,projects/sat-io/open-datasets/npp-viirs-ntl,b1,longntl_annual_native500m_positive_pixel_sum_v1
2019,安顺市,156520400,27794.7395797926,5328,5.27997475565316,1.00499999523163,80.1650009155273,true,projects/sat-io/open-datasets/npp-viirs-ntl,b1,longntl_annual_native500m_positive_pixel_sum_v1
2019,毕节市,156520500,26926.9097167104,5617,4.81413481794832,1.00499999523163,92.1999969482422,true,projects/sat-io/open-datasets/npp-viirs-ntl,b1,longntl_annual_native500m_positive_pixel_sum_v1
2019,铜仁市,156520600,21608.6415157645,4660,4.69844401684211,1.00499999523163,63.2049980163574,true,projects/sat-io/open-datasets/npp-viirs-ntl,b1,longntl_annual_native500m_positive_pixel_sum_v1
2019,黔西南布依族苗族自治州,156522300,19239.9724383817,4150,4.65238225771755,1.00499999523163,86.4499969482422,true,projects/sat-io/open-datasets/npp-viirs-ntl,b1,longntl_annual_native500m_positive_pixel_sum_v1
2019,黔东南苗族侗族自治州,156522600,22470.5812795045,4667,4.8392108167574,1.00499999523163,67.5449981689453,true,projects/sat-io/open-datasets/npp-viirs-ntl,b1,longntl_annual_native500m_positive_pixel_sum_v1
2019,黔南布依族苗族自治州,156522700,29155.4493833724,6676,4.41902573011667,1.00499999523163,67.1150054931641,true,projects/sat-io/open-datasets/npp-viirs-ntl,b1,longntl_annual_native500m_positive_pixel_sum_v1
2019,昆明市,156530100,138201.491876136,14332,9.68392735152068,1.00499999523163,421.474975585938,true,projects/sat-io/open-datasets/npp-viirs-ntl,b1,longntl_annual_native500m_positive_pixel_sum_v1
2019,曲靖市,156530300,43405.4252303984,6970,6.24867453637693,1.00499999523163,90.7550048828125,true,projects/sat-io/open-datasets/npp-viirs-ntl,b1,longntl_annual_native500m_positive_pixel_sum_v1
2019,玉溪市,156530400,24113.8914214994,4677,5.18850041850495,1.00499999523163,66.8849945068359,true,projects/sat-io/open-datasets/npp-viirs-ntl,b1,longntl_annual_native500m_positive_pixel_sum_v1
2019,保山市,156530500,15004.5192885806,2704,5.56505358090684,1.00499999523163,52.2700004577637,true,projects/sat-io/open-datasets/npp-viirs-ntl,b1,longntl_annual_native500m_positive_pixel_sum_v1
2019,昭通市,156530600,19389.2251709536,3340,5.8972124672362,1.00499999523163,86.5249938964844,true,projects/sat-io/open-datasets/npp-viirs-ntl,b1,longntl_annual_native500m_positive_pixel_sum_v1
2019,丽江市,156530700,13081.7878990758,1782,7.47381679455374,1.00499999523163,92.1900024414062,true,projects/sat-io/open-datasets/npp-viirs-ntl,b1,longntl_annual_native500m_positive_pixel_sum_v1
2019,普洱市,156530800,10499.4024795892,1919,5.52353879858567,1.00499999523163,67.3050003051758,true,projects/sat-io/open-datasets/npp-viirs-ntl,b1,longntl_annual_native500m_positive_pixel_sum_v1
2019,临沧市,156530900,8639.84045378648,1797,4.83809967502872,1.00499999523163,60.9150009155273,true,projects/sat-io/open-datasets/npp-viirs-ntl,b1,longntl_annual_native500m_positive_pixel_sum_v1
2019,楚雄彝族自治州,156532300,23857.7249683988,2824,8.49939138948772,1.00499999523163,146.290008544922,true,projects/sat-io/open-datasets/npp-viirs-ntl,b1,longntl_annual_native500m_positive_pixel_sum_v1
2019,红河哈尼族彝族自治州,156532500,30887.4261643424,5954,5.21647198695222,1.00499999523163,84.5500030517578,true,projects/sat-io/open-datasets/npp-viirs-ntl,b1,longntl_annual_native500m_positive_pixel_sum_v1
2019,文山壮族苗族自治州,156532600,15246.5931265083,3044,5.01667922241628,1.00499999523163,61.0900001525879,true,projects/sat-io/open-datasets/npp-viirs-ntl,b1,longntl_annual_native500m_positive_pixel_sum_v1
2019,西双版纳傣族自治州,156532800,8327.16009776312,1742,4.80652321275204,1.00499999523163,57.2249984741211,true,projects/sat-io/open-datasets/npp-viirs-ntl,b1,longntl_annual_native500m_positive_pixel_sum_v1
2019,大理白族自治州,156532900,25378.8809995558,4053,6.29998418571528,1.00499999523163,85.4100036621094,true,projects/sat-io/open-datasets/npp-viirs-ntl,b1,longntl_annual_native500m_positive_pixel_sum_v1
2019,德宏傣族景颇族自治州,156533100,10473.1988797894,1804,5.95272378299659,1.00499999523163,51.125,true,projects/sat-io/open-datasets/npp-viirs-ntl,b1,longntl_annual_native500m_positive_pixel_sum_v1
2019,怒江傈僳族自治州,156533300,2932.74965136659,670,4.45629613511271,1.00499999523163,55.0750007629395,true,projects/sat-io/open-datasets/npp-viirs-ntl,b1,longntl_annual_native500m_positive_pixel_sum_v1
2019,迪庆藏族自治州,156533400,4768.75268089678,821,5.93200777398804,1.00499999523163,53.7900009155273,true,projects/sat-io/open-datasets/npp-viirs-ntl,b1,longntl_annual_native500m_positive_pixel_sum_v1
2019,拉萨市,156540100,21412.5455428755,2174,9.86120608163777,1.00499999523163,152.195007324219,true,projects/sat-io/open-datasets/npp-viirs-ntl,b1,longntl_annual_native500m_positive_pixel_sum_v1
2019,日喀则市,156540200,3582.88029799415,1003,3.58021268853994,1.00499999523163,56.1849975585938,true,projects/sat-io/open-datasets/npp-viirs-ntl,b1,longntl_annual_native500m_positive_pixel_sum_v1
2019,昌都市,156540300,5026.15724971294,899,5.64863705294779,1.00499999523163,66.0299987792969,true,projects/sat-io/open-datasets/npp-viirs-ntl,b1,longntl_annual_native500m_positive_pixel_sum_v1
2019,林芝市,156540400,2709.5809930418,605,4.51069110795645,1.00499999523163,47.2150001525879,true,projects/sat-io/open-datasets/npp-viirs-ntl,b1,longntl_annual_native500m_positive_pixel_sum_v1
2019,山南市,156540500,6042.39888006519,1620,3.75499093285915,1.00499999523163,99.3499984741211,true,projects/sat-io/open-datasets/npp-viirs-ntl,b1,longntl_annual_native500m_positive_pixel_sum_v1
2019,那曲市,156540600,2983.01001083851,542,5.50370850708212,1.00499999523163,59.5750007629395,true,projects/sat-io/open-datasets/npp-viirs-ntl,b1,longntl_annual_native500m_positive_pixel_sum_v1
2019,阿里地区,156542500,1729.23011010955,228,7.5913934179998,1.00999999046326,113.824996948242,true,projects/sat-io/open-datasets/npp-viirs-ntl,b1,longntl_annual_native500m_positive_pixel_sum_v1
2019,西安市,156610100,191044.510379311,17880,10.8006851913605,1.00499999523163,194.434997558594,true,projects/sat-io/open-datasets/npp-viirs-ntl,b1,longntl_annual_native500m_positive_pixel_sum_v1
2019,铜川市,156610200,7280.64771262057,1818,4.06946042737862,1.00499999523163,37.8050003051758,true,projects/sat-io/open-datasets/npp-viirs-ntl,b1,longntl_annual_native500m_positive_pixel_sum_v1
2019,宝鸡市,156610300,27259.2654664559,5283,5.18265965363473,1.00499999523163,52.8600006103516,true,projects/sat-io/open-datasets/npp-viirs-ntl,b1,longntl_annual_native500m_positive_pixel_sum_v1
2019,咸阳市,156610400,65715.0555681509,10178,6.58131817316583,1.00499999523163,205.494995117188,true,projects/sat-io/open-datasets/npp-viirs-ntl,b1,longntl_annual_native500m_positive_pixel_sum_v1
2019,渭南市,156610500,39134.7146147349,8519,4.66104450921219,1.00499999523163,61.314998626709,true,projects/sat-io/open-datasets/npp-viirs-ntl,b1,longntl_annual_native500m_positive_pixel_sum_v1
2019,延安市,156610600,51499.6996316793,14411,3.59757629086234,1.00499999523163,187.769989013672,true,projects/sat-io/open-datasets/npp-viirs-ntl,b1,longntl_annual_native500m_positive_pixel_sum_v1
2019,汉中市,156610700,23068.0533701504,4690,4.92269820735544,1.00499999523163,48.9700012207031,true,projects/sat-io/open-datasets/npp-viirs-ntl,b1,longntl_annual_native500m_positive_pixel_sum_v1
2019,榆林市,156610800,98498.1885028862,24037,4.14209559148514,1.00499999523163,112.294998168945,true,projects/sat-io/open-datasets/npp-viirs-ntl,b1,longntl_annual_native500m_positive_pixel_sum_v1
2019,安康市,156610900,11598.0261257377,2243,5.18667065711311,1.00499999523163,76.3249969482422,true,projects/sat-io/open-datasets/npp-viirs-ntl,b1,longntl_annual_native500m_positive_pixel_sum_v1
2019,商洛市,156611000,5541.58948238457,1597,3.48213308003643,1.00499999523163,45.7399978637695,true,projects/sat-io/open-datasets/npp-viirs-ntl,b1,longntl_annual_native500m_positive_pixel_sum_v1
2019,兰州市,156620100,63025.5289781131,8728,7.25670420777909,1.00499999523163,122.819999694824,true,projects/sat-io/open-datasets/npp-viirs-ntl,b1,longntl_annual_native500m_positive_pixel_sum_v1
2019,嘉峪关市,156620200,8736.59194040205,1128,7.85470840462054,1.00499999523163,58.8249969482422,true,projects/sat-io/open-datasets/npp-viirs-ntl,b1,longntl_annual_native500m_positive_pixel_sum_v1
2019,金昌市,156620300,6960.11791593374,1075,6.48410809792161,1.00499999523163,45.1999969482422,true,projects/sat-io/open-datasets/npp-viirs-ntl,b1,longntl_annual_native500m_positive_pixel_sum_v1
2019,白银市,156620400,10546.7531005163,2156,4.91234787743095,1.00499999523163,71.0849990844727,true,projects/sat-io/open-datasets/npp-viirs-ntl,b1,longntl_annual_native500m_positive_pixel_sum_v1
2019,天水市,156620500,12523.6597351598,2434,5.14876732757935,1.00499999523163,62.370002746582,true,projects/sat-io/open-datasets/npp-viirs-ntl,b1,longntl_annual_native500m_positive_pixel_sum_v1
2019,武威市,156620600,11105.6217506773,1970,5.64984417959169,1.00499999523163,69.5800018310547,true,projects/sat-io/open-datasets/npp-viirs-ntl,b1,longntl_annual_native500m_positive_pixel_sum_v1
2019,张掖市,156620700,11853.0590281318,2059,5.7733324397385,1.00499999523163,92.6399993896484,true,projects/sat-io/open-datasets/npp-viirs-ntl,b1,longntl_annual_native500m_positive_pixel_sum_v1
2019,平凉市,156620800,9628.77696863763,1991,4.86570738634063,1.00499999523163,44.8549995422363,true,projects/sat-io/open-datasets/npp-viirs-ntl,b1,longntl_annual_native500m_positive_pixel_sum_v1
2019,酒泉市,156620900,21711.4690707412,3580,6.0941824757688,1.00499999523163,85.8800048828125,true,projects/sat-io/open-datasets/npp-viirs-ntl,b1,longntl_annual_native500m_positive_pixel_sum_v1
2019,庆阳市,156621000,33599.4019033703,9236,3.65541841179287,1.00499999523163,355.614990234375,true,projects/sat-io/open-datasets/npp-viirs-ntl,b1,longntl_annual_native500m_positive_pixel_sum_v1
2019,定西市,156621100,11351.9067616014,2146,5.32102045003641,1.00499999523163,42.9500007629395,true,projects/sat-io/open-datasets/npp-viirs-ntl,b1,longntl_annual_native500m_positive_pixel_sum_v1
2019,陇南市,156621200,7614.3103373822,2064,3.68911085488546,1.00499999523163,33.0149993896484,true,projects/sat-io/open-datasets/npp-viirs-ntl,b1,longntl_annual_native500m_positive_pixel_sum_v1
2019,临夏回族自治州,156622900,4856.87421569824,1379,3.62115240674656,1.00499999523163,37.6999969482422,true,projects/sat-io/open-datasets/npp-viirs-ntl,b1,longntl_annual_native500m_positive_pixel_sum_v1
2019,甘南藏族自治州,156623000,3858.35218495294,805,4.80149824637526,1.00499999523163,40.3400001525879,true,projects/sat-io/open-datasets/npp-viirs-ntl,b1,longntl_annual_native500m_positive_pixel_sum_v1
2019,中农发山丹马场,156629700,0,0,0,0,0,false,projects/sat-io/open-datasets/npp-viirs-ntl,b1,longntl_annual_native500m_positive_pixel_sum_v1
2019,莲花山风景林自然保护区,156629800,9.13909822211546,8,1.86288572872857,1.08000004291534,2.88000011444092,true,projects/sat-io/open-datasets/npp-viirs-ntl,b1,longntl_annual_native500m_positive_pixel_sum_v1
2019,太子山天然林保护区,156629900,1.9682353590049,5,1.80539574297212,1.04500007629395,2.96500015258789,true,projects/sat-io/open-datasets/npp-viirs-ntl,b1,longntl_annual_native500m_positive_pixel_sum_v1
2019,西宁市,156630100,34989.7809377203,4280,8.27763276758587,1.00499999523163,96.4349975585938,true,projects/sat-io/open-datasets/npp-viirs-ntl,b1,longntl_annual_native500m_positive_pixel_sum_v1
2019,海东市,156630200,13473.5672387142,2812,4.96580300436506,1.00499999523163,124.884994506836,true,projects/sat-io/open-datasets/npp-viirs-ntl,b1,longntl_annual_native500m_positive_pixel_sum_v1
2019,海北藏族自治州,156632200,1190.19409215918,384,3.1480084379275,1.00499999523163,22.8699989318848,true,projects/sat-io/open-datasets/npp-viirs-ntl,b1,longntl_annual_native500m_positive_pixel_sum_v1
2019,黄南藏族自治州,156632300,3239.72783673371,591,5.66420935315558,1.00499999523163,140.100006103516,true,projects/sat-io/open-datasets/npp-viirs-ntl,b1,longntl_annual_native500m_positive_pixel_sum_v1
2019,海南藏族自治州,156632500,3677.86566114846,775,4.75169219494489,1.00499999523163,69.2700042724609,true,projects/sat-io/open-datasets/npp-viirs-ntl,b1,longntl_annual_native500m_positive_pixel_sum_v1
2019,果洛藏族自治州,156632600,1535.7150002718,405,3.79188888955999,1.00499999523163,24.2950000762939,true,projects/sat-io/open-datasets/npp-viirs-ntl,b1,longntl_annual_native500m_positive_pixel_sum_v1
2019,玉树藏族自治州,156632700,2542.92000198364,610,4.16872131472728,1.00499999523163,38.9449996948242,true,projects/sat-io/open-datasets/npp-viirs-ntl,b1,longntl_annual_native500m_positive_pixel_sum_v1
2019,海西蒙古族藏族自治州,156632800,24342.737791218,4246,5.73690853120772,1.00499999523163,410.304992675781,true,projects/sat-io/open-datasets/npp-viirs-ntl,b1,longntl_annual_native500m_positive_pixel_sum_v1
2019,银川市,156640100,83604.8808544617,11206,7.51005795768071,1.00499999523163,196.889999389648,true,projects/sat-io/open-datasets/npp-viirs-ntl,b1,longntl_annual_native500m_positive_pixel_sum_v1
2019,石嘴山市,156640200,14645.191760555,2959,4.99556414793238,1.00499999523163,64.3849945068359,true,projects/sat-io/open-datasets/npp-viirs-ntl,b1,longntl_annual_native500m_positive_pixel_sum_v1
2019,吴忠市,156640300,20509.0085038947,5282,3.93423122177524,1.00499999523163,64.0299987792969,true,projects/sat-io/open-datasets/npp-viirs-ntl,b1,longntl_annual_native500m_positive_pixel_sum_v1
2019,固原市,156640400,12583.0952094017,1791,7.03443959836331,1.00499999523163,85.5699996948242,true,projects/sat-io/open-datasets/npp-viirs-ntl,b1,longntl_annual_native500m_positive_pixel_sum_v1
2019,中卫市,156640500,12879.1211745332,3075,4.21092460938967,1.00499999523163,51.9400024414062,true,projects/sat-io/open-datasets/npp-viirs-ntl,b1,longntl_annual_native500m_positive_pixel_sum_v1
2019,乌鲁木齐市,156650100,117281.551406771,12625,9.40165186543493,1.00499999523163,197.589996337891,true,projects/sat-io/open-datasets/npp-viirs-ntl,b1,longntl_annual_native500m_positive_pixel_sum_v1
2019,克拉玛依市,156650200,48003.0995203682,5640,8.62968248322389,1.00499999523163,132.309997558594,true,projects/sat-io/open-datasets/npp-viirs-ntl,b1,longntl_annual_native500m_positive_pixel_sum_v1
2019,吐鲁番市,156650400,15960.4300134182,3608,4.42362250926225,1.00499999523163,63.1500015258789,true,projects/sat-io/open-datasets/npp-viirs-ntl,b1,longntl_annual_native500m_positive_pixel_sum_v1
2019,哈密市,156650500,21352.3404091162,3641,5.90599261358604,1.00499999523163,160.100006103516,true,projects/sat-io/open-datasets/npp-viirs-ntl,b1,longntl_annual_native500m_positive_pixel_sum_v1
2019,昌吉回族自治州,156652300,60749.43617648,11338,5.43645824596459,1.00499999523163,113.805000305176,true,projects/sat-io/open-datasets/npp-viirs-ntl,b1,longntl_annual_native500m_positive_pixel_sum_v1
2019,博尔塔拉蒙古自治州,156652700,11530.589279891,2053,5.73163533050459,1.00499999523163,60.2099990844727,true,projects/sat-io/open-datasets/npp-viirs-ntl,b1,longntl_annual_native500m_positive_pixel_sum_v1
2019,巴音郭楞蒙古自治州,156652800,48962.0392441062,7729,6.39593212097048,1.00499999523163,147.485000610352,true,projects/sat-io/open-datasets/npp-viirs-ntl,b1,longntl_annual_native500m_positive_pixel_sum_v1
2019,阿克苏地区,156652900,95128.407797403,20002,4.75912936095541,1.00499999523163,449.404968261719,true,projects/sat-io/open-datasets/npp-viirs-ntl,b1,longntl_annual_native500m_positive_pixel_sum_v1
2019,克孜勒苏柯尔克孜自治州,156653000,7923.93710617224,1747,4.57277469086176,1.00499999523163,47.2099990844727,true,projects/sat-io/open-datasets/npp-viirs-ntl,b1,longntl_annual_native500m_positive_pixel_sum_v1
2019,喀什地区,156653100,40235.6557110253,9519,4.23175287705527,1.00499999523163,67.0249938964844,true,projects/sat-io/open-datasets/npp-viirs-ntl,b1,longntl_annual_native500m_positive_pixel_sum_v1
2019,和田地区,156653200,28070.9063248859,7270,3.86939408442724,1.00499999523163,91.8099975585938,true,projects/sat-io/open-datasets/npp-viirs-ntl,b1,longntl_annual_native500m_positive_pixel_sum_v1
2019,伊犁哈萨克自治州,156654000,42324.2297862114,7779,5.5094117089506,1.00499999523163,128.220001220703,true,projects/sat-io/open-datasets/npp-viirs-ntl,b1,longntl_annual_native500m_positive_pixel_sum_v1
2019,塔城地区,156654200,17106.3024344556,4073,4.29030880296851,1.00499999523163,63.0650024414062,true,projects/sat-io/open-datasets/npp-viirs-ntl,b1,longntl_annual_native500m_positive_pixel_sum_v1
2019,阿勒泰地区,156654300,11725.9535315196,2356,5.08814245987076,1.00499999523163,94.3099975585938,true,projects/sat-io/open-datasets/npp-viirs-ntl,b1,longntl_annual_native500m_positive_pixel_sum_v1
2019,石河子市,156659001,8816.42120246887,1444,6.27876570713888,1.00499999523163,72.2649993896484,true,projects/sat-io/open-datasets/npp-viirs-ntl,b1,longntl_annual_native500m_positive_pixel_sum_v1
2019,阿拉尔市,156659002,2946.3227258341,839,3.51775844350138,1.00499999523163,28.4300003051758,true,projects/sat-io/open-datasets/npp-viirs-ntl,b1,longntl_annual_native500m_positive_pixel_sum_v1
2019,图木舒克市,156659003,5688.92973251203,952,6.06351211003928,1.00499999523163,71.5650024414062,true,projects/sat-io/open-datasets/npp-viirs-ntl,b1,longntl_annual_native500m_positive_pixel_sum_v1
2019,五家渠市,156659004,6320.99173598757,1010,6.8839945020258,1.00499999523163,70.4949951171875,true,projects/sat-io/open-datasets/npp-viirs-ntl,b1,longntl_annual_native500m_positive_pixel_sum_v1
2019,北屯市,156659005,3715.02466009037,551,7.34046683860529,1.00499999523163,51.625,true,projects/sat-io/open-datasets/npp-viirs-ntl,b1,longntl_annual_native500m_positive_pixel_sum_v1
2019,铁门关市,156659006,2285.46658184201,585,4.33913810759888,1.00499999523163,36.7700004577637,true,projects/sat-io/open-datasets/npp-viirs-ntl,b1,longntl_annual_native500m_positive_pixel_sum_v1
2019,双河市,156659007,485.682016482073,297,1.9209721150721,1.00499999523163,22.3199996948242,true,projects/sat-io/open-datasets/npp-viirs-ntl,b1,longntl_annual_native500m_positive_pixel_sum_v1
2019,可克达拉市,156659008,438.868392574553,260,1.84416716278609,1.00499999523163,26.9000015258789,true,projects/sat-io/open-datasets/npp-viirs-ntl,b1,longntl_annual_native500m_positive_pixel_sum_v1
2019,昆玉市,156659009,403.209233599083,176,2.58721105578033,1.00499999523163,16.75,true,projects/sat-io/open-datasets/npp-viirs-ntl,b1,longntl_annual_native500m_positive_pixel_sum_v1
2019,胡杨河市,156659010,186.954607735896,117,1.78786517804813,1.01499998569489,5.10000038146973,true,projects/sat-io/open-datasets/npp-viirs-ntl,b1,longntl_annual_native500m_positive_pixel_sum_v1
2019,新星市,156659011,1017.49599728631,336,3.25682502551884,1.00499999523163,25.5599994659424,true,projects/sat-io/open-datasets/npp-viirs-ntl,b1,longntl_annual_native500m_positive_pixel_sum_v1
2019,白杨市,156659012,61.268216381821,40,2.16270697361079,1.00499999523163,5.36499977111816,true,projects/sat-io/open-datasets/npp-viirs-ntl,b1,longntl_annual_native500m_positive_pixel_sum_v1
2019,台湾省,156710000,691752.234146703,70332,9.85657143192299,1.00499999523163,206.300003051758,true,projects/sat-io/open-datasets/npp-viirs-ntl,b1,longntl_annual_native500m_positive_pixel_sum_v1
2019,香港特别行政区,156810000,68695.3138379148,3931,18.0510381239162,1.00499999523163,162.119995117188,true,projects/sat-io/open-datasets/npp-viirs-ntl,b1,longntl_annual_native500m_positive_pixel_sum_v1
2019,澳门特别行政区,156820000,4184.32473895503,58,81.6313065896666,17.1049995422363,353.894989013672,true,projects/sat-io/open-datasets/npp-viirs-ntl,b1,longntl_annual_native500m_positive_pixel_sum_v1
2020,北京市,156110000,435974.274456043,39943,11.0186455826867,1.00499999523163,312.575012207031,true,projects/sat-io/open-datasets/npp-viirs-ntl,b1,longntl_annual_native500m_positive_pixel_sum_v1
2020,天津市,156120000,351091.739113077,40340,8.78679355226754,1.00499999523163,228.470001220703,true,projects/sat-io/open-datasets/npp-viirs-ntl,b1,longntl_annual_native500m_positive_pixel_sum_v1
2020,石家庄市,156130100,110465.790558245,23061,4.80301277966403,1.00499999523163,80.4150009155273,true,projects/sat-io/open-datasets/npp-viirs-ntl,b1,longntl_annual_native500m_positive_pixel_sum_v1
2020,唐山市,156130200,127392.830175175,27640,4.6256176693631,1.00499999523163,131.550003051758,true,projects/sat-io/open-datasets/npp-viirs-ntl,b1,longntl_annual_native500m_positive_pixel_sum_v1
2020,秦皇岛市,156130300,38325.03688079,7251,5.33911069380931,1.00499999523163,60.6050033569336,true,projects/sat-io/open-datasets/npp-viirs-ntl,b1,longntl_annual_native500m_positive_pixel_sum_v1
2020,邯郸市,156130400,67654.0844766603,19909,3.42202802271522,1.00499999523163,42.2249984741211,true,projects/sat-io/open-datasets/npp-viirs-ntl,b1,longntl_annual_native500m_positive_pixel_sum_v1
2020,邢台市,156130500,57040.7107408912,18049,3.19053993815784,1.00499999523163,56.9000015258789,true,projects/sat-io/open-datasets/npp-viirs-ntl,b1,longntl_annual_native500m_positive_pixel_sum_v1
2020,保定市,156130600,108822.802516504,33013,3.31921844403433,1.00499999523163,76.1450042724609,true,projects/sat-io/open-datasets/npp-viirs-ntl,b1,longntl_annual_native500m_positive_pixel_sum_v1
2020,张家口市,156130700,44387.6430180849,9595,4.64063939492194,1.00499999523163,99.3249969482422,true,projects/sat-io/open-datasets/npp-viirs-ntl,b1,longntl_annual_native500m_positive_pixel_sum_v1
2020,承德市,156130800,27718.2992286799,6936,4.00398707023205,1.00499999523163,66.1199951171875,true,projects/sat-io/open-datasets/npp-viirs-ntl,b1,longntl_annual_native500m_positive_pixel_sum_v1
2020,沧州市,156130900,84314.9024068351,24996,3.40307860570423,1.00499999523163,94.9850006103516,true,projects/sat-io/open-datasets/npp-viirs-ntl,b1,longntl_annual_native500m_positive_pixel_sum_v1
2020,廊坊市,156131000,105036.13608332,25445,4.22646278816595,1.00499999523163,383.475006103516,true,projects/sat-io/open-datasets/npp-viirs-ntl,b1,longntl_annual_native500m_positive_pixel_sum_v1
2020,衡水市,156131100,25608.748094972,8543,3.03188884839088,1.00499999523163,51.6800003051758,true,projects/sat-io/open-datasets/npp-viirs-ntl,b1,longntl_annual_native500m_positive_pixel_sum_v1
2020,太原市,156140100,124296.193363572,10510,11.9743996211894,1.00499999523163,353.309997558594,true,projects/sat-io/open-datasets/npp-viirs-ntl,b1,longntl_annual_native500m_positive_pixel_sum_v1
2020,大同市,156140200,60705.1682570799,8887,6.88817876082314,1.00499999523163,123.86499786377,true,projects/sat-io/open-datasets/npp-viirs-ntl,b1,longntl_annual_native500m_positive_pixel_sum_v1
2020,阳泉市,156140300,14091.0920215499,3476,4.05929660522403,1.00499999523163,43.7399978637695,true,projects/sat-io/open-datasets/npp-viirs-ntl,b1,longntl_annual_native500m_positive_pixel_sum_v1
2020,长治市,156140400,52386.2349776343,11263,4.65741305125956,1.00499999523163,138.540008544922,true,projects/sat-io/open-datasets/npp-viirs-ntl,b1,longntl_annual_native500m_positive_pixel_sum_v1
2020,晋城市,156140500,27274.7308121597,6761,4.04157433420657,1.00499999523163,120.944999694824,true,projects/sat-io/open-datasets/npp-viirs-ntl,b1,longntl_annual_native500m_positive_pixel_sum_v1
2020,朔州市,156140600,33454.3519655331,7308,4.61564918066196,1.00499999523163,94.1350021362305,true,projects/sat-io/open-datasets/npp-viirs-ntl,b1,longntl_annual_native500m_positive_pixel_sum_v1
2020,晋中市,156140700,52016.9719609709,12198,4.32263721607652,1.00499999523163,91.8199996948242,true,projects/sat-io/open-datasets/npp-viirs-ntl,b1,longntl_annual_native500m_positive_pixel_sum_v1
2020,运城市,156140800,32815.0410095925,7835,4.22769337982444,1.00499999523163,67.2649993896484,true,projects/sat-io/open-datasets/npp-viirs-ntl,b1,longntl_annual_native500m_positive_pixel_sum_v1
2020,忻州市,156140900,31202.016784955,8214,3.82486844099263,1.00499999523163,58.0699996948242,true,projects/sat-io/open-datasets/npp-viirs-ntl,b1,longntl_annual_native500m_positive_pixel_sum_v1
2020,临汾市,156141000,34796.2287144437,8674,4.04025683144836,1.00499999523163,94.8350067138672,true,projects/sat-io/open-datasets/npp-viirs-ntl,b1,longntl_annual_native500m_positive_pixel_sum_v1
2020,吕梁市,156141100,36570.2441434407,10975,3.36069421361876,1.00499999523163,59.0250015258789,true,projects/sat-io/open-datasets/npp-viirs-ntl,b1,longntl_annual_native500m_positive_pixel_sum_v1
2020,呼和浩特市,156150100,73547.926638282,8849,8.31920369233612,1.00499999523163,90.4550018310547,true,projects/sat-io/open-datasets/npp-viirs-ntl,b1,longntl_annual_native500m_positive_pixel_sum_v1
2020,包头市,156150200,49516.2531820638,6353,7.81269579402307,1.00499999523163,147.665008544922,true,projects/sat-io/open-datasets/npp-viirs-ntl,b1,longntl_annual_native500m_positive_pixel_sum_v1
2020,乌海市,156150300,13659.4049453478,3603,3.91630754024495,1.00499999523163,65.4949951171875,true,projects/sat-io/open-datasets/npp-viirs-ntl,b1,longntl_annual_native500m_positive_pixel_sum_v1
2020,赤峰市,156150400,46644.0306191673,7715,6.06912454932111,1.00499999523163,86.6549987792969,true,projects/sat-io/open-datasets/npp-viirs-ntl,b1,longntl_annual_native500m_positive_pixel_sum_v1
2020,通辽市,156150500,27053.1537332825,5940,4.56626859124723,1.00499999523163,62.1900024414062,true,projects/sat-io/open-datasets/npp-viirs-ntl,b1,longntl_annual_native500m_positive_pixel_sum_v1
2020,鄂尔多斯市,156150600,70733.791174077,15273,4.70656301250169,1.00499999523163,142.669998168945,true,projects/sat-io/open-datasets/npp-viirs-ntl,b1,longntl_annual_native500m_positive_pixel_sum_v1
2020,呼伦贝尔市,156150700,19273.5604410835,5238,3.69183970277259,1.00499999523163,53.254997253418,true,projects/sat-io/open-datasets/npp-viirs-ntl,b1,longntl_annual_native500m_positive_pixel_sum_v1
2020,巴彦淖尔市,156150800,9738.20519079087,2890,3.38031322856021,1.00499999523163,67.9949951171875,true,projects/sat-io/open-datasets/npp-viirs-ntl,b1,longntl_annual_native500m_positive_pixel_sum_v1
2020,乌兰察布市,156150900,21941.4956028962,4772,4.61574492975716,1.00499999523163,58.004997253418,true,projects/sat-io/open-datasets/npp-viirs-ntl,b1,longntl_annual_native500m_positive_pixel_sum_v1
2020,兴安盟,156152200,10712.4034349063,2652,4.04920551350041,1.00499999523163,53.8899993896484,true,projects/sat-io/open-datasets/npp-viirs-ntl,b1,longntl_annual_native500m_positive_pixel_sum_v1
2020,锡林郭勒盟,156152500,24143.3996458876,4496,5.38019883728263,1.00499999523163,132.024993896484,true,projects/sat-io/open-datasets/npp-viirs-ntl,b1,longntl_annual_native500m_positive_pixel_sum_v1
2020,阿拉善盟,156152900,14024.0756926957,2346,6.13748266887273,1.00499999523163,58.9899978637695,true,projects/sat-io/open-datasets/npp-viirs-ntl,b1,longntl_annual_native500m_positive_pixel_sum_v1
2020,沈阳市,156210100,163667.183672602,16968,9.71595146218692,1.00499999523163,176.145004272461,true,projects/sat-io/open-datasets/npp-viirs-ntl,b1,longntl_annual_native500m_positive_pixel_sum_v1
2020,大连市,156210200,94232.2364245073,12107,7.84162097022873,1.00499999523163,126.820007324219,true,projects/sat-io/open-datasets/npp-viirs-ntl,b1,longntl_annual_native500m_positive_pixel_sum_v1
2020,鞍山市,156210300,44899.5268716681,7812,5.83272634995472,1.00499999523163,99.0200042724609,true,projects/sat-io/open-datasets/npp-viirs-ntl,b1,longntl_annual_native500m_positive_pixel_sum_v1
2020,抚顺市,156210400,22378.6367292666,3533,6.45968730936143,1.00499999523163,74.5650024414062,true,projects/sat-io/open-datasets/npp-viirs-ntl,b1,longntl_annual_native500m_positive_pixel_sum_v1
2020,本溪市,156210500,17852.4416514228,3270,5.52255256563296,1.00499999523163,62.4049987792969,true,projects/sat-io/open-datasets/npp-viirs-ntl,b1,longntl_annual_native500m_positive_pixel_sum_v1
2020,丹东市,156210600,15687.8026049815,3179,4.98834669157723,1.00499999523163,59.5400009155273,true,projects/sat-io/open-datasets/npp-viirs-ntl,b1,longntl_annual_native500m_positive_pixel_sum_v1
2020,锦州市,156210700,27928.3404332591,5246,5.39593433897729,1.00499999523163,84.5950012207031,true,projects/sat-io/open-datasets/npp-viirs-ntl,b1,longntl_annual_native500m_positive_pixel_sum_v1
2020,营口市,156210800,39371.7551302657,6479,6.12767896553524,1.00499999523163,127.330001831055,true,projects/sat-io/open-datasets/npp-viirs-ntl,b1,longntl_annual_native500m_positive_pixel_sum_v1
2020,阜新市,156210900,12951.64905556,2600,4.98683409258316,1.00499999523163,109.494995117188,true,projects/sat-io/open-datasets/npp-viirs-ntl,b1,longntl_annual_native500m_positive_pixel_sum_v1
2020,辽阳市,156211000,35147.221897668,6044,5.94692256655402,1.00499999523163,140.839996337891,true,projects/sat-io/open-datasets/npp-viirs-ntl,b1,longntl_annual_native500m_positive_pixel_sum_v1
2020,盘锦市,156211100,41524.5503807339,7011,6.00338266836933,1.00499999523163,85.125,true,projects/sat-io/open-datasets/npp-viirs-ntl,b1,longntl_annual_native500m_positive_pixel_sum_v1
2020,铁岭市,156211200,14326.0443897617,3866,3.75416206643492,1.00499999523163,45.6050033569336,true,projects/sat-io/open-datasets/npp-viirs-ntl,b1,longntl_annual_native500m_positive_pixel_sum_v1
2020,朝阳市,156211300,17266.7755773082,4666,3.72844410816703,1.00499999523163,58.6599998474121,true,projects/sat-io/open-datasets/npp-viirs-ntl,b1,longntl_annual_native500m_positive_pixel_sum_v1
2020,葫芦岛市,156211400,21931.7749725926,4926,4.53715581975277,1.00499999523163,84.8950042724609,true,projects/sat-io/open-datasets/npp-viirs-ntl,b1,longntl_annual_native500m_positive_pixel_sum_v1
2020,长春市,156220100,178216.381468707,19185,9.30135373609646,1.00499999523163,294.559997558594,true,projects/sat-io/open-datasets/npp-viirs-ntl,b1,longntl_annual_native500m_positive_pixel_sum_v1
2020,吉林市,156220200,37211.5758235983,5478,6.81103627117204,1.00499999523163,145.584991455078,true,projects/sat-io/open-datasets/npp-viirs-ntl,b1,longntl_annual_native500m_positive_pixel_sum_v1
2020,四平市,156220300,18246.9746376991,3059,6.0480525812725,1.00499999523163,65.9100036621094,true,projects/sat-io/open-datasets/npp-viirs-ntl,b1,longntl_annual_native500m_positive_pixel_sum_v1
2020,辽源市,156220400,10499.0811632255,1656,6.44757606908479,1.00499999523163,68.0200042724609,true,projects/sat-io/open-datasets/npp-viirs-ntl,b1,longntl_annual_native500m_positive_pixel_sum_v1
2020,通化市,156220500,21828.9529376951,3019,7.31726563831355,1.00499999523163,167.725006103516,true,projects/sat-io/open-datasets/npp-viirs-ntl,b1,longntl_annual_native500m_positive_pixel_sum_v1
2020,白山市,156220600,5461.58139336296,1509,3.68375695065823,1.00499999523163,55.2850036621094,true,projects/sat-io/open-datasets/npp-viirs-ntl,b1,longntl_annual_native500m_positive_pixel_sum_v1
2020,松原市,156220700,22183.3162731077,3865,5.75275335030572,1.00499999523163,84.4250030517578,true,projects/sat-io/open-datasets/npp-viirs-ntl,b1,longntl_annual_native500m_positive_pixel_sum_v1
2020,白城市,156220800,12282.7064544192,2492,4.94340211473806,1.00499999523163,61.3050003051758,true,projects/sat-io/open-datasets/npp-viirs-ntl,b1,longntl_annual_native500m_positive_pixel_sum_v1
2020,延边朝鲜族自治州,156222400,25055.9139217634,4026,6.24488260901192,1.00499999523163,78.7449951171875,true,projects/sat-io/open-datasets/npp-viirs-ntl,b1,longntl_annual_native500m_positive_pixel_sum_v1
2020,哈尔滨市,156230100,115221.461554926,13841,8.33507970595101,1.00499999523163,150.630004882812,true,projects/sat-io/open-datasets/npp-viirs-ntl,b1,longntl_annual_native500m_positive_pixel_sum_v1
2020,齐齐哈尔市,156230200,28809.2824679945,4522,6.37525613810218,1.00499999523163,61.5449981689453,true,projects/sat-io/open-datasets/npp-viirs-ntl,b1,longntl_annual_native500m_positive_pixel_sum_v1
2020,鸡西市,156230300,8685.64271099754,2077,4.19061176276645,1.00499999523163,74.6500015258789,true,projects/sat-io/open-datasets/npp-viirs-ntl,b1,longntl_annual_native500m_positive_pixel_sum_v1
2020,鹤岗市,156230400,6137.0586255499,1368,4.49530333356856,1.00499999523163,336.924987792969,true,projects/sat-io/open-datasets/npp-viirs-ntl,b1,longntl_annual_native500m_positive_pixel_sum_v1
2020,双鸭山市,156230500,6433.56695276709,1796,3.58571094810931,1.00499999523163,64.0449981689453,true,projects/sat-io/open-datasets/npp-viirs-ntl,b1,longntl_annual_native500m_positive_pixel_sum_v1
2020,大庆市,156230600,70226.5653159791,9828,7.22323587767564,1.00499999523163,75.2250061035156,true,projects/sat-io/open-datasets/npp-viirs-ntl,b1,longntl_annual_native500m_positive_pixel_sum_v1
2020,伊春市,156230700,2624.71034918439,896,2.94165976944081,1.00499999523163,30.6000003814697,true,projects/sat-io/open-datasets/npp-viirs-ntl,b1,longntl_annual_native500m_positive_pixel_sum_v1
2020,佳木斯市,156230800,23188.3463564513,3435,6.76525415163007,1.00499999523163,80.5350036621094,true,projects/sat-io/open-datasets/npp-viirs-ntl,b1,longntl_annual_native500m_positive_pixel_sum_v1
2020,七台河市,156230900,6365.25499808788,1429,4.45434219600272,1.00499999523163,69.495002746582,true,projects/sat-io/open-datasets/npp-viirs-ntl,b1,longntl_annual_native500m_positive_pixel_sum_v1
2020,牡丹江市,156231000,23025.7213271202,3112,7.42537886999255,1.00499999523163,124.540008544922,true,projects/sat-io/open-datasets/npp-viirs-ntl,b1,longntl_annual_native500m_positive_pixel_sum_v1
2020,黑河市,156231100,7935.07908850371,1755,4.54137321643522,1.00499999523163,57.5699996948242,true,projects/sat-io/open-datasets/npp-viirs-ntl,b1,longntl_annual_native500m_positive_pixel_sum_v1
2020,绥化市,156231200,19766.9940051542,4911,4.13894018553633,1.00499999523163,71.0749969482422,true,projects/sat-io/open-datasets/npp-viirs-ntl,b1,longntl_annual_native500m_positive_pixel_sum_v1
2020,大兴安岭地区,156232700,914.668195287387,314,2.93100254845349,1.00499999523163,21.7800006866455,true,projects/sat-io/open-datasets/npp-viirs-ntl,b1,longntl_annual_native500m_positive_pixel_sum_v1
2020,上海市,156310000,490023.819112615,27560,17.9479584595291,1.00499999523163,391.809997558594,true,projects/sat-io/open-datasets/npp-viirs-ntl,b1,longntl_annual_native500m_positive_pixel_sum_v1
2020,南京市,156320100,208539.345319515,23186,9.13000212833969,1.00499999523163,141.839996337891,true,projects/sat-io/open-datasets/npp-viirs-ntl,b1,longntl_annual_native500m_positive_pixel_sum_v1
2020,无锡市,156320200,173079.959636245,17576,10.0647205202737,1.00499999523163,117.625,true,projects/sat-io/open-datasets/npp-viirs-ntl,b1,longntl_annual_native500m_positive_pixel_sum_v1
2020,徐州市,156320300,106537.41043103,21710,4.9602334101482,1.00499999523163,61.8399963378906,true,projects/sat-io/open-datasets/npp-viirs-ntl,b1,longntl_annual_native500m_positive_pixel_sum_v1
2020,常州市,156320400,132201.710645633,14982,9.06134200381696,1.00499999523163,105.839996337891,true,projects/sat-io/open-datasets/npp-viirs-ntl,b1,longntl_annual_native500m_positive_pixel_sum_v1
2020,苏州市,156320500,409714.397780404,28244,14.7072665737494,1.00999999046326,223.824996948242,true,projects/sat-io/open-datasets/npp-viirs-ntl,b1,longntl_annual_native500m_positive_pixel_sum_v1
2020,南通市,156320600,151191.003669598,25284,5.99603101457984,1.00499999523163,124.505004882812,true,projects/sat-io/open-datasets/npp-viirs-ntl,b1,longntl_annual_native500m_positive_pixel_sum_v1
2020,连云港市,156320700,56491.3264910497,12672,4.49297552078101,1.00499999523163,68.2350006103516,true,projects/sat-io/open-datasets/npp-viirs-ntl,b1,longntl_annual_native500m_positive_pixel_sum_v1
2020,淮安市,156320800,71585.3010060801,10906,6.5933911525924,1.00499999523163,84.1800003051758,true,projects/sat-io/open-datasets/npp-viirs-ntl,b1,longntl_annual_native500m_positive_pixel_sum_v1
2020,盐城市,156320900,115441.427381745,21016,5.53011059677628,1.00499999523163,226.544998168945,true,projects/sat-io/open-datasets/npp-viirs-ntl,b1,longntl_annual_native500m_positive_pixel_sum_v1
2020,扬州市,156321000,86487.9905361372,13784,6.3359399556243,1.00499999523163,72.25,true,projects/sat-io/open-datasets/npp-viirs-ntl,b1,longntl_annual_native500m_positive_pixel_sum_v1
2020,镇江市,156321100,81187.8424363917,13807,6.02080691978235,1.00499999523163,68.7649993896484,true,projects/sat-io/open-datasets/npp-viirs-ntl,b1,longntl_annual_native500m_positive_pixel_sum_v1
2020,泰州市,156321200,97513.1125690035,18186,5.41990435770283,1.00499999523163,90.6500015258789,true,projects/sat-io/open-datasets/npp-viirs-ntl,b1,longntl_annual_native500m_positive_pixel_sum_v1
2020,宿迁市,156321300,63056.7226548227,11498,5.51350107907056,1.00499999523163,202.270004272461,true,projects/sat-io/open-datasets/npp-viirs-ntl,b1,longntl_annual_native500m_positive_pixel_sum_v1
2020,杭州市,156330100,221856.235300355,21669,10.3481261159596,1.00499999523163,253.860015869141,true,projects/sat-io/open-datasets/npp-viirs-ntl,b1,longntl_annual_native500m_positive_pixel_sum_v1
2020,宁波市,156330200,229699.896912519,25600,9.01757433056406,1.00499999523163,177.669998168945,true,projects/sat-io/open-datasets/npp-viirs-ntl,b1,longntl_annual_native500m_positive_pixel_sum_v1
2020,温州市,156330300,132437.374135651,19511,6.82254242119807,1.00499999523163,170.850006103516,true,projects/sat-io/open-datasets/npp-viirs-ntl,b1,longntl_annual_native500m_positive_pixel_sum_v1
2020,嘉兴市,156330400,135180.703274112,18639,7.3639300354339,1.01999998092651,98.7149963378906,true,projects/sat-io/open-datasets/npp-viirs-ntl,b1,longntl_annual_native500m_positive_pixel_sum_v1
2020,湖州市,156330500,79340.7714082278,15957,5.03349628484134,1.00499999523163,63.7750015258789,true,projects/sat-io/open-datasets/npp-viirs-ntl,b1,longntl_annual_native500m_positive_pixel_sum_v1
2020,绍兴市,156330600,97855.9844258724,16599,5.96372666740695,1.00499999523163,66.8399963378906,true,projects/sat-io/open-datasets/npp-viirs-ntl,b1,longntl_annual_native500m_positive_pixel_sum_v1
2020,金华市,156330700,141238.115090459,19818,7.14696444092907,1.00499999523163,97.5650024414062,true,projects/sat-io/open-datasets/npp-viirs-ntl,b1,longntl_annual_native500m_positive_pixel_sum_v1
2020,衢州市,156330800,27440.9420614163,6658,4.13421512498237,1.00499999523163,49.9949989318848,true,projects/sat-io/open-datasets/npp-viirs-ntl,b1,longntl_annual_native500m_positive_pixel_sum_v1
2020,舟山市,156330900,24837.1060688056,4154,6.2023505590771,1.00499999523163,180.899993896484,true,projects/sat-io/open-datasets/npp-viirs-ntl,b1,longntl_annual_native500m_positive_pixel_sum_v1
2020,台州市,156331000,98949.7062261404,16259,6.10785574591617,1.00499999523163,76.6600036621094,true,projects/sat-io/open-datasets/npp-viirs-ntl,b1,longntl_annual_native500m_positive_pixel_sum_v1
2020,丽水市,156331100,28486.9777182831,5539,5.1694727667612,1.00499999523163,62.0900001525879,true,projects/sat-io/open-datasets/npp-viirs-ntl,b1,longntl_annual_native500m_positive_pixel_sum_v1
2020,合肥市,156340100,171103.815159417,16598,10.3630588934991,1.00499999523163,82.6999969482422,true,projects/sat-io/open-datasets/npp-viirs-ntl,b1,longntl_annual_native500m_positive_pixel_sum_v1
2020,芜湖市,156340200,50735.0657164644,9719,5.26563621491887,1.00499999523163,73.0950012207031,true,projects/sat-io/open-datasets/npp-viirs-ntl,b1,longntl_annual_native500m_positive_pixel_sum_v1
2020,蚌埠市,156340300,36803.1408927212,5636,6.60465194656198,1.00499999523163,56.0299987792969,true,projects/sat-io/open-datasets/npp-viirs-ntl,b1,longntl_annual_native500m_positive_pixel_sum_v1
2020,淮南市,156340400,29333.340739425,6471,4.56597427584056,1.00499999523163,112.430000305176,true,projects/sat-io/open-datasets/npp-viirs-ntl,b1,longntl_annual_native500m_positive_pixel_sum_v1
2020,马鞍山市,156340500,37794.0226145235,7272,5.33429776205429,1.00499999523163,74.3150024414062,true,projects/sat-io/open-datasets/npp-viirs-ntl,b1,longntl_annual_native500m_positive_pixel_sum_v1
2020,淮北市,156340600,27259.2287009066,5642,4.99534559338965,1.00499999523163,64.8300018310547,true,projects/sat-io/open-datasets/npp-viirs-ntl,b1,longntl_annual_native500m_positive_pixel_sum_v1
2020,铜陵市,156340700,14042.6837047367,2560,5.5664644964493,1.00499999523163,54.6750030517578,true,projects/sat-io/open-datasets/npp-viirs-ntl,b1,longntl_annual_native500m_positive_pixel_sum_v1
2020,安庆市,156340800,31574.1873234398,5340,5.93143857914914,1.00499999523163,60.6399993896484,true,projects/sat-io/open-datasets/npp-viirs-ntl,b1,longntl_annual_native500m_positive_pixel_sum_v1
2020,黄山市,156341000,5018.53000128269,1559,3.21906991743598,1.00499999523163,23.9200000762939,true,projects/sat-io/open-datasets/npp-viirs-ntl,b1,longntl_annual_native500m_positive_pixel_sum_v1
2020,滁州市,156341100,69206.97308262,11800,5.94438859438709,1.00499999523163,79.6000061035156,true,projects/sat-io/open-datasets/npp-viirs-ntl,b1,longntl_annual_native500m_positive_pixel_sum_v1
2020,阜阳市,156341200,77742.2878633083,16045,4.8634751479442,1.00499999523163,82.8049926757812,true,projects/sat-io/open-datasets/npp-viirs-ntl,b1,longntl_annual_native500m_positive_pixel_sum_v1
2020,宿州市,156341300,41183.179084372,9171,4.59993064719893,1.00499999523163,64.6600036621094,true,projects/sat-io/open-datasets/npp-viirs-ntl,b1,longntl_annual_native500m_positive_pixel_sum_v1
2020,六安市,156341500,45117.7594572357,8128,5.58283792903923,1.00499999523163,73.1150054931641,true,projects/sat-io/open-datasets/npp-viirs-ntl,b1,longntl_annual_native500m_positive_pixel_sum_v1
2020,亳州市,156341600,41746.5060618349,7470,5.62416573942891,1.00499999523163,73.5650024414062,true,projects/sat-io/open-datasets/npp-viirs-ntl,b1,longntl_annual_native500m_positive_pixel_sum_v1
2020,池州市,156341700,9213.72098191766,2369,3.91667350211796,1.00499999523163,32.1100006103516,true,projects/sat-io/open-datasets/npp-viirs-ntl,b1,longntl_annual_native500m_positive_pixel_sum_v1
2020,宣城市,156341800,24255.0035002129,5760,4.25523449618804,1.00499999523163,60.7150001525879,true,projects/sat-io/open-datasets/npp-viirs-ntl,b1,longntl_annual_native500m_positive_pixel_sum_v1
2020,福州市,156350100,121915.368691939,18346,6.70991367673502,1.00499999523163,111.835006713867,true,projects/sat-io/open-datasets/npp-viirs-ntl,b1,longntl_annual_native500m_positive_pixel_sum_v1
2020,厦门市,156350200,87006.9500034057,5181,17.1281985916152,1.00499999523163,153.214996337891,true,projects/sat-io/open-datasets/npp-viirs-ntl,b1,longntl_annual_native500m_positive_pixel_sum_v1
2020,莆田市,156350300,48024.6464088753,7044,6.87070616619092,1.00499999523163,74.5999984741211,true,projects/sat-io/open-datasets/npp-viirs-ntl,b1,longntl_annual_native500m_positive_pixel_sum_v1
2020,三明市,156350400,19056.8739354755,4998,3.81622663287698,1.00499999523163,38.5449981689453,true,projects/sat-io/open-datasets/npp-viirs-ntl,b1,longntl_annual_native500m_positive_pixel_sum_v1
2020,泉州市,156350500,152482.357002202,20208,7.60941675534725,1.00499999523163,114.650001525879,true,projects/sat-io/open-datasets/npp-viirs-ntl,b1,longntl_annual_native500m_positive_pixel_sum_v1
2020,漳州市,156350600,95862.5916941895,19071,5.05723003658472,1.00499999523163,86.1350021362305,true,projects/sat-io/open-datasets/npp-viirs-ntl,b1,longntl_annual_native500m_positive_pixel_sum_v1
2020,南平市,156350700,24392.4574305259,5856,4.17401582669599,1.00499999523163,51.6699981689453,true,projects/sat-io/open-datasets/npp-viirs-ntl,b1,longntl_annual_native500m_positive_pixel_sum_v1
2020,龙岩市,156350800,26613.310475191,6654,4.00403930832775,1.00499999523163,40.7649993896484,true,projects/sat-io/open-datasets/npp-viirs-ntl,b1,longntl_annual_native500m_positive_pixel_sum_v1
2020,宁德市,156350900,31582.1595899152,7656,4.18319134519415,1.00499999523163,60.5149993896484,true,projects/sat-io/open-datasets/npp-viirs-ntl,b1,longntl_annual_native500m_positive_pixel_sum_v1
2020,南昌市,156360100,76293.0226113997,8920,8.5831682629134,1.00499999523163,133.985000610352,true,projects/sat-io/open-datasets/npp-viirs-ntl,b1,longntl_annual_native500m_positive_pixel_sum_v1
2020,景德镇市,156360200,16290.9385446245,2375,6.86091722827487,1.00499999523163,57.1149978637695,true,projects/sat-io/open-datasets/npp-viirs-ntl,b1,longntl_annual_native500m_positive_pixel_sum_v1
2020,萍乡市,156360300,7182.6443760194,1812,3.97691100219942,1.00499999523163,34.3849983215332,true,projects/sat-io/open-datasets/npp-viirs-ntl,b1,longntl_annual_native500m_positive_pixel_sum_v1
2020,九江市,156360400,33770.8440530679,6214,5.47550695411285,1.00499999523163,59.2999992370605,true,projects/sat-io/open-datasets/npp-viirs-ntl,b1,longntl_annual_native500m_positive_pixel_sum_v1
2020,新余市,156360500,7436.31358762909,1492,4.98860870794179,1.00499999523163,32.9599990844727,true,projects/sat-io/open-datasets/npp-viirs-ntl,b1,longntl_annual_native500m_positive_pixel_sum_v1
2020,鹰潭市,156360600,8017.75520270245,2024,3.99382635770513,1.00499999523163,28.1499996185303,true,projects/sat-io/open-datasets/npp-viirs-ntl,b1,longntl_annual_native500m_positive_pixel_sum_v1
2020,赣州市,156360700,50350.6517039224,9597,5.24953009029284,1.00499999523163,57.0299987792969,true,projects/sat-io/open-datasets/npp-viirs-ntl,b1,longntl_annual_native500m_positive_pixel_sum_v1
2020,吉安市,156360800,18006.6879040769,4000,4.5021310168288,1.00499999523163,50.0999984741211,true,projects/sat-io/open-datasets/npp-viirs-ntl,b1,longntl_annual_native500m_positive_pixel_sum_v1
2020,宜春市,156360900,28645.3574787505,6828,4.19858151197076,1.00499999523163,68.1650009155273,true,projects/sat-io/open-datasets/npp-viirs-ntl,b1,longntl_annual_native500m_positive_pixel_sum_v1
2020,抚州市,156361000,18371.9368686311,3855,4.76924523441437,1.00499999523163,50.3649978637695,true,projects/sat-io/open-datasets/npp-viirs-ntl,b1,longntl_annual_native500m_positive_pixel_sum_v1
2020,上饶市,156361100,26278.2346103603,6214,4.24065389565412,1.00499999523163,58.7200012207031,true,projects/sat-io/open-datasets/npp-viirs-ntl,b1,longntl_annual_native500m_positive_pixel_sum_v1
2020,济南市,156370100,137593.321555297,22457,6.16837177646597,1.00499999523163,167.404998779297,true,projects/sat-io/open-datasets/npp-viirs-ntl,b1,longntl_annual_native500m_positive_pixel_sum_v1
2020,青岛市,156370200,170046.514411418,25695,6.66256540702235,1.00499999523163,133.380004882812,true,projects/sat-io/open-datasets/npp-viirs-ntl,b1,longntl_annual_native500m_positive_pixel_sum_v1
2020,淄博市,156370300,72180.8219979843,14529,5.07989474018643,1.00499999523163,77.25,true,projects/sat-io/open-datasets/npp-viirs-ntl,b1,longntl_annual_native500m_positive_pixel_sum_v1
2020,枣庄市,156370400,35412.417827508,10467,3.42963474342572,1.00499999523163,46.9650001525879,true,projects/sat-io/open-datasets/npp-viirs-ntl,b1,longntl_annual_native500m_positive_pixel_sum_v1
2020,东营市,156370500,65186.035751562,14714,4.48768621816953,1.00499999523163,123.01000213623,true,projects/sat-io/open-datasets/npp-viirs-ntl,b1,longntl_annual_native500m_positive_pixel_sum_v1
2020,烟台市,156370600,97118.3035418758,18571,5.26197564723102,1.00499999523163,244.209991455078,true,projects/sat-io/open-datasets/npp-viirs-ntl,b1,longntl_annual_native500m_positive_pixel_sum_v1
2020,潍坊市,156370700,135733.609662048,34442,3.9656759215517,1.00499999523163,75.2749938964844,true,projects/sat-io/open-datasets/npp-viirs-ntl,b1,longntl_annual_native500m_positive_pixel_sum_v1
2020,济宁市,156370800,76616.8801477783,21160,3.65247434833101,1.00499999523163,130.059997558594,true,projects/sat-io/open-datasets/npp-viirs-ntl,b1,longntl_annual_native500m_positive_pixel_sum_v1
2020,泰安市,156370900,63427.7349861393,12106,5.28232672859254,1.00499999523163,375.77001953125,true,projects/sat-io/open-datasets/npp-viirs-ntl,b1,longntl_annual_native500m_positive_pixel_sum_v1
2020,威海市,156371000,53299.4940356315,9082,5.91030162070564,1.00499999523163,161.264999389648,true,projects/sat-io/open-datasets/npp-viirs-ntl,b1,longntl_annual_native500m_positive_pixel_sum_v1
2020,日照市,156371100,31619.6092421499,8346,3.83897372650312,1.00499999523163,50.6699981689453,true,projects/sat-io/open-datasets/npp-viirs-ntl,b1,longntl_annual_native500m_positive_pixel_sum_v1
2020,临沂市,156371300,114182.366618184,30644,3.74422526478104,1.00499999523163,199.559997558594,true,projects/sat-io/open-datasets/npp-viirs-ntl,b1,longntl_annual_native500m_positive_pixel_sum_v1
2020,德州市,156371400,53346.6873229027,12511,4.31445152859549,1.00499999523163,70.3800048828125,true,projects/sat-io/open-datasets/npp-viirs-ntl,b1,longntl_annual_native500m_positive_pixel_sum_v1
2020,聊城市,156371500,52377.1014454617,14487,3.63880695337031,1.00499999523163,54.2849998474121,true,projects/sat-io/open-datasets/npp-viirs-ntl,b1,longntl_annual_native500m_positive_pixel_sum_v1
2020,滨州市,156371600,64846.214414072,17338,3.80560433525757,1.00499999523163,66.9049987792969,true,projects/sat-io/open-datasets/npp-viirs-ntl,b1,longntl_annual_native500m_positive_pixel_sum_v1
2020,菏泽市,156371700,72220.3624515043,20240,3.57988644731543,1.00499999523163,68.5249938964844,true,projects/sat-io/open-datasets/npp-viirs-ntl,b1,longntl_annual_native500m_positive_pixel_sum_v1
2020,郑州市,156410100,184419.754865543,24367,7.63225834309893,1.00499999523163,202.049987792969,true,projects/sat-io/open-datasets/npp-viirs-ntl,b1,longntl_annual_native500m_positive_pixel_sum_v1
2020,开封市,156410200,41562.5771190475,8451,5.00801264724146,1.00499999523163,130.565002441406,true,projects/sat-io/open-datasets/npp-viirs-ntl,b1,longntl_annual_native500m_positive_pixel_sum_v1
2020,洛阳市,156410300,75068.5037429627,12414,6.08808728773332,1.00499999523163,101.809997558594,true,projects/sat-io/open-datasets/npp-viirs-ntl,b1,longntl_annual_native500m_positive_pixel_sum_v1
2020,平顶山市,156410400,36561.3798765309,8820,4.17070856089206,1.00499999523163,50.5200004577637,true,projects/sat-io/open-datasets/npp-viirs-ntl,b1,longntl_annual_native500m_positive_pixel_sum_v1
2020,安阳市,156410500,51639.813873658,12444,4.20856191378134,1.00499999523163,52.4850006103516,true,projects/sat-io/open-datasets/npp-viirs-ntl,b1,longntl_annual_native500m_positive_pixel_sum_v1
2020,鹤壁市,156410600,18134.6267980954,4163,4.44315998512102,1.00499999523163,83.1199951171875,true,projects/sat-io/open-datasets/npp-viirs-ntl,b1,longntl_annual_native500m_positive_pixel_sum_v1
2020,新乡市,156410700,57665.8541255166,15711,3.69389194290821,1.00499999523163,40.7350006103516,true,projects/sat-io/open-datasets/npp-viirs-ntl,b1,longntl_annual_native500m_positive_pixel_sum_v1
2020,焦作市,156410800,34522.7387231439,8933,3.90273003377775,1.00499999523163,36.4199981689453,true,projects/sat-io/open-datasets/npp-viirs-ntl,b1,longntl_annual_native500m_positive_pixel_sum_v1
2020,濮阳市,156410900,40669.3818380599,10546,3.89994117337344,1.00499999523163,78.2099990844727,true,projects/sat-io/open-datasets/npp-viirs-ntl,b1,longntl_annual_native500m_positive_pixel_sum_v1
2020,许昌市,156411000,32844.3387671237,9202,3.60401689484812,1.00499999523163,48.7050018310547,true,projects/sat-io/open-datasets/npp-viirs-ntl,b1,longntl_annual_native500m_positive_pixel_sum_v1
2020,漯河市,156411100,26210.0071937304,3862,6.91314426870936,1.00499999523163,90.5350036621094,true,projects/sat-io/open-datasets/npp-viirs-ntl,b1,longntl_annual_native500m_positive_pixel_sum_v1
2020,三门峡市,156411200,16932.711121094,4206,4.05624973426639,1.00499999523163,36.1100006103516,true,projects/sat-io/open-datasets/npp-viirs-ntl,b1,longntl_annual_native500m_positive_pixel_sum_v1
2020,南阳市,156411300,47282.9651715545,11182,4.23154766886977,1.00499999523163,61.0500030517578,true,projects/sat-io/open-datasets/npp-viirs-ntl,b1,longntl_annual_native500m_positive_pixel_sum_v1
2020,商丘市,156411400,55095.3211862873,11838,4.68405628696486,1.00499999523163,57.4150009155273,true,projects/sat-io/open-datasets/npp-viirs-ntl,b1,longntl_annual_native500m_positive_pixel_sum_v1
2020,信阳市,156411500,26255.2990390759,5846,4.52392492017495,1.00499999523163,48.1650009155273,true,projects/sat-io/open-datasets/npp-viirs-ntl,b1,longntl_annual_native500m_positive_pixel_sum_v1
2020,周口市,156411600,47815.9068557141,12369,3.88409140082348,1.00499999523163,80.7850036621094,true,projects/sat-io/open-datasets/npp-viirs-ntl,b1,longntl_annual_native500m_positive_pixel_sum_v1
2020,驻马店市,156411700,58532.2333238546,11124,5.29539969828601,1.00499999523163,90.1150054931641,true,projects/sat-io/open-datasets/npp-viirs-ntl,b1,longntl_annual_native500m_positive_pixel_sum_v1
2020,济源市,156419001,8278.74003702238,1977,4.23008459741698,1.00499999523163,35.5449981689453,true,projects/sat-io/open-datasets/npp-viirs-ntl,b1,longntl_annual_native500m_positive_pixel_sum_v1
2020,武汉市,156420100,205593.11299157,17811,11.6179655497767,1.00499999523163,328.649993896484,true,projects/sat-io/open-datasets/npp-viirs-ntl,b1,longntl_annual_native500m_positive_pixel_sum_v1
2020,黄石市,156420200,18653.4634293524,3671,5.15971529287992,1.00499999523163,44.9300003051758,true,projects/sat-io/open-datasets/npp-viirs-ntl,b1,longntl_annual_native500m_positive_pixel_sum_v1
2020,十堰市,156420300,15412.8056330606,3618,4.28315920662336,1.00499999523163,37.9099998474121,true,projects/sat-io/open-datasets/npp-viirs-ntl,b1,longntl_annual_native500m_positive_pixel_sum_v1
2020,宜昌市,156420500,30322.8514297527,6351,4.77936966822549,1.00499999523163,62.9000015258789,true,projects/sat-io/open-datasets/npp-viirs-ntl,b1,longntl_annual_native500m_positive_pixel_sum_v1
2020,襄阳市,156420600,32585.8393368889,6287,5.20111129876271,1.00499999523163,66.3349990844727,true,projects/sat-io/open-datasets/npp-viirs-ntl,b1,longntl_annual_native500m_positive_pixel_sum_v1
2020,鄂州市,156420700,14916.1601033533,3652,4.1554321811039,1.00499999523163,33.9749984741211,true,projects/sat-io/open-datasets/npp-viirs-ntl,b1,longntl_annual_native500m_positive_pixel_sum_v1
2020,荆门市,156420800,13199.6100067045,3203,4.13151589343866,1.00499999523163,45.2099990844727,true,projects/sat-io/open-datasets/npp-viirs-ntl,b1,longntl_annual_native500m_positive_pixel_sum_v1
2020,孝感市,156420900,22248.7829008827,5455,4.14093989768889,1.00499999523163,35.0200004577637,true,projects/sat-io/open-datasets/npp-viirs-ntl,b1,longntl_annual_native500m_positive_pixel_sum_v1
2020,荆州市,156421000,26611.4506157071,5457,4.89987479899901,1.00499999523163,73.9499969482422,true,projects/sat-io/open-datasets/npp-viirs-ntl,b1,longntl_annual_native500m_positive_pixel_sum_v1
2020,黄冈市,156421100,24949.2662792589,6160,4.08197679494912,1.00499999523163,80.0100021362305,true,projects/sat-io/open-datasets/npp-viirs-ntl,b1,longntl_annual_native500m_positive_pixel_sum_v1
2020,咸宁市,156421200,13721.6579015816,3440,4.00190631425947,1.00499999523163,49.1350021362305,true,projects/sat-io/open-datasets/npp-viirs-ntl,b1,longntl_annual_native500m_positive_pixel_sum_v1
2020,随州市,156421300,7319.86576899267,1882,3.89840846757768,1.00499999523163,27.2099990844727,true,projects/sat-io/open-datasets/npp-viirs-ntl,b1,longntl_annual_native500m_positive_pixel_sum_v1
2020,恩施土家族苗族自治州,156422800,10798.5713733379,2513,4.34039179062666,1.00499999523163,37.6749992370605,true,projects/sat-io/open-datasets/npp-viirs-ntl,b1,longntl_annual_native500m_positive_pixel_sum_v1
2020,仙桃市,156429004,6867.99801490494,1520,4.58239115673334,1.00499999523163,34.4250030517578,true,projects/sat-io/open-datasets/npp-viirs-ntl,b1,longntl_annual_native500m_positive_pixel_sum_v1
2020,潜江市,156429005,6456.2928817894,1499,4.33442860226704,1.00499999523163,34.7949981689453,true,projects/sat-io/open-datasets/npp-viirs-ntl,b1,longntl_annual_native500m_positive_pixel_sum_v1
2020,天门市,156429006,4930.22537297174,1043,4.86155354601973,1.00499999523163,36.4899978637695,true,projects/sat-io/open-datasets/npp-viirs-ntl,b1,longntl_annual_native500m_positive_pixel_sum_v1
2020,神农架林区,156429021,82.8150004148483,41,2.01987805889874,1.01999998092651,5.21500015258789,true,projects/sat-io/open-datasets/npp-viirs-ntl,b1,longntl_annual_native500m_positive_pixel_sum_v1
2020,长沙市,156430100,125572.131357193,14009,9.03580174166684,1.00499999523163,137.049987792969,true,projects/sat-io/open-datasets/npp-viirs-ntl,b1,longntl_annual_native500m_positive_pixel_sum_v1
2020,株洲市,156430200,26073.0680379185,4521,5.86232978082652,1.00499999523163,89.2050018310547,true,projects/sat-io/open-datasets/npp-viirs-ntl,b1,longntl_annual_native500m_positive_pixel_sum_v1
2020,湘潭市,156430300,22387.6543652773,3697,6.26230841889964,1.00499999523163,51.0449981689453,true,projects/sat-io/open-datasets/npp-viirs-ntl,b1,longntl_annual_native500m_positive_pixel_sum_v1
2020,衡阳市,156430400,21561.1966099029,4874,4.42729695701644,1.00499999523163,36.1450004577637,true,projects/sat-io/open-datasets/npp-viirs-ntl,b1,longntl_annual_native500m_positive_pixel_sum_v1
2020,邵阳市,156430500,16278.0599446203,3545,4.5964991018054,1.00499999523163,44.1049995422363,true,projects/sat-io/open-datasets/npp-viirs-ntl,b1,longntl_annual_native500m_positive_pixel_sum_v1
2020,岳阳市,156430600,23673.3496702858,5499,4.33388888556298,1.00499999523163,37.9650001525879,true,projects/sat-io/open-datasets/npp-viirs-ntl,b1,longntl_annual_native500m_positive_pixel_sum_v1
2020,常德市,156430700,27795.7389402128,5719,4.86201492766173,1.00499999523163,48.2150001525879,true,projects/sat-io/open-datasets/npp-viirs-ntl,b1,longntl_annual_native500m_positive_pixel_sum_v1
2020,张家界市,156430800,8798.06561446424,1576,5.5874785359988,1.00499999523163,45.8349990844727,true,projects/sat-io/open-datasets/npp-viirs-ntl,b1,longntl_annual_native500m_positive_pixel_sum_v1
2020,益阳市,156430900,11093.8183664883,3078,3.63334662657913,1.00499999523163,28.4949989318848,true,projects/sat-io/open-datasets/npp-viirs-ntl,b1,longntl_annual_native500m_positive_pixel_sum_v1
2020,郴州市,156431000,14578.228721571,3926,3.71802089921908,1.00499999523163,33.6800003051758,true,projects/sat-io/open-datasets/npp-viirs-ntl,b1,longntl_annual_native500m_positive_pixel_sum_v1
2020,永州市,156431100,19530.727741917,4381,4.46922595546943,1.00499999523163,46.6800003051758,true,projects/sat-io/open-datasets/npp-viirs-ntl,b1,longntl_annual_native500m_positive_pixel_sum_v1
2020,怀化市,156431200,14635.419807938,3319,4.45901676779523,1.00499999523163,38.3949966430664,true,projects/sat-io/open-datasets/npp-viirs-ntl,b1,longntl_annual_native500m_positive_pixel_sum_v1
2020,娄底市,156431300,14971.9592903946,3007,5.02765400140988,1.00499999523163,43.629997253418,true,projects/sat-io/open-datasets/npp-viirs-ntl,b1,longntl_annual_native500m_positive_pixel_sum_v1
2020,湘西土家族苗族自治州,156433100,10266.0972948084,2265,4.61507441325741,1.00499999523163,55.0250015258789,true,projects/sat-io/open-datasets/npp-viirs-ntl,b1,longntl_annual_native500m_positive_pixel_sum_v1
2020,广州市,156440100,249183.910844798,22063,11.4460557708219,1.00499999523163,275.850006103516,true,projects/sat-io/open-datasets/npp-viirs-ntl,b1,longntl_annual_native500m_positive_pixel_sum_v1
2020,韶关市,156440200,26009.4757013265,7269,3.58548138977242,1.00499999523163,47.4249992370605,true,projects/sat-io/open-datasets/npp-viirs-ntl,b1,longntl_annual_native500m_positive_pixel_sum_v1
2020,深圳市,156440300,177517.079709842,8191,22.3702528236609,1.00499999523163,215.540008544922,true,projects/sat-io/open-datasets/npp-viirs-ntl,b1,longntl_annual_native500m_positive_pixel_sum_v1
2020,珠海市,156440400,39328.2111982434,4850,8.30890780845107,1.00999999046326,140.815002441406,true,projects/sat-io/open-datasets/npp-viirs-ntl,b1,longntl_annual_native500m_positive_pixel_sum_v1
2020,汕头市,156440500,67684.8787578335,7367,9.40998508505556,1.00499999523163,89.5500030517578,true,projects/sat-io/open-datasets/npp-viirs-ntl,b1,longntl_annual_native500m_positive_pixel_sum_v1
2020,佛山市,156440600,144262.244276538,14221,10.4169136725807,1.00499999523163,56.8949966430664,true,projects/sat-io/open-datasets/npp-viirs-ntl,b1,longntl_annual_native500m_positive_pixel_sum_v1
2020,江门市,156440700,79923.9948746709,17381,4.64007364994942,1.00499999523163,41.560001373291,true,projects/sat-io/open-datasets/npp-viirs-ntl,b1,longntl_annual_native500m_positive_pixel_sum_v1
2020,湛江市,156440800,57227.4356055246,15023,3.8465157509785,1.00499999523163,117.275001525879,true,projects/sat-io/open-datasets/npp-viirs-ntl,b1,longntl_annual_native500m_positive_pixel_sum_v1
2020,茂名市,156440900,42494.3718216625,11174,3.84959417666176,1.00499999523163,72.2949981689453,true,projects/sat-io/open-datasets/npp-viirs-ntl,b1,longntl_annual_native500m_positive_pixel_sum_v1
2020,肇庆市,156441200,43144.4706572939,11083,3.95174221766649,1.00499999523163,52.4000015258789,true,projects/sat-io/open-datasets/npp-viirs-ntl,b1,longntl_annual_native500m_positive_pixel_sum_v1
2020,惠州市,156441300,120694.801715413,21128,5.78880443206394,1.00499999523163,120.910003662109,true,projects/sat-io/open-datasets/npp-viirs-ntl,b1,longntl_annual_native500m_positive_pixel_sum_v1
2020,梅州市,156441400,30953.082945927,7911,3.92936443516398,1.00499999523163,67.4550018310547,true,projects/sat-io/open-datasets/npp-viirs-ntl,b1,longntl_annual_native500m_positive_pixel_sum_v1
2020,汕尾市,156441500,44800.0937587387,10746,4.21652610076545,1.00499999523163,81.5650024414062,true,projects/sat-io/open-datasets/npp-viirs-ntl,b1,longntl_annual_native500m_positive_pixel_sum_v1
2020,河源市,156441600,25039.0774267112,5880,4.28904259026779,1.00499999523163,44.8349990844727,true,projects/sat-io/open-datasets/npp-viirs-ntl,b1,longntl_annual_native500m_positive_pixel_sum_v1
2020,阳江市,156441700,25868.8460372373,5983,4.35170916163134,1.00499999523163,59.1150016784668,true,projects/sat-io/open-datasets/npp-viirs-ntl,b1,longntl_annual_native500m_positive_pixel_sum_v1
2020,清远市,156441800,41457.8838974401,11744,3.55907908722541,1.00499999523163,39.9749984741211,true,projects/sat-io/open-datasets/npp-viirs-ntl,b1,longntl_annual_native500m_positive_pixel_sum_v1
2020,东莞市,156441900,187291.992401957,10357,18.508003198828,1.13999998569489,196.174987792969,true,projects/sat-io/open-datasets/npp-viirs-ntl,b1,longntl_annual_native500m_positive_pixel_sum_v1
2020,中山市,156442000,73405.3767046718,7014,10.6487672124206,1.24500000476837,102.805000305176,true,projects/sat-io/open-datasets/npp-viirs-ntl,b1,longntl_annual_native500m_positive_pixel_sum_v1
2020,潮州市,156445100,33975.6830165358,5556,6.26696196422644,1.00499999523163,56.6599998474121,true,projects/sat-io/open-datasets/npp-viirs-ntl,b1,longntl_annual_native500m_positive_pixel_sum_v1
2020,揭阳市,156445200,64893.6571678096,12246,5.396609444783,1.00499999523163,91.3650054931641,true,projects/sat-io/open-datasets/npp-viirs-ntl,b1,longntl_annual_native500m_positive_pixel_sum_v1
2020,云浮市,156445300,17643.4258443253,5357,3.34411121258874,1.00499999523163,35.2900009155273,true,projects/sat-io/open-datasets/npp-viirs-ntl,b1,longntl_annual_native500m_positive_pixel_sum_v1
2020,南宁市,156450100,91717.7077858784,13880,6.63424870059498,1.00499999523163,73.8050003051758,true,projects/sat-io/open-datasets/npp-viirs-ntl,b1,longntl_annual_native500m_positive_pixel_sum_v1
2020,柳州市,156450200,52910.8978287706,7145,7.41644520746406,1.00499999523163,89.1049957275391,true,projects/sat-io/open-datasets/npp-viirs-ntl,b1,longntl_annual_native500m_positive_pixel_sum_v1
2020,桂林市,156450300,28001.6355603181,6444,4.34572750951477,1.00499999523163,46.9550018310547,true,projects/sat-io/open-datasets/npp-viirs-ntl,b1,longntl_annual_native500m_positive_pixel_sum_v1
2020,梧州市,156450400,13756.8748484985,3452,3.99792478069229,1.00499999523163,39.0900001525879,true,projects/sat-io/open-datasets/npp-viirs-ntl,b1,longntl_annual_native500m_positive_pixel_sum_v1
2020,北海市,156450500,18322.5495135653,3539,5.26019234471235,1.00499999523163,66.9750061035156,true,projects/sat-io/open-datasets/npp-viirs-ntl,b1,longntl_annual_native500m_positive_pixel_sum_v1
2020,防城港市,156450600,11117.7413754019,2407,4.68541707415537,1.00499999523163,77.9599990844727,true,projects/sat-io/open-datasets/npp-viirs-ntl,b1,longntl_annual_native500m_positive_pixel_sum_v1
2020,钦州市,156450700,17691.4947805428,3612,4.93518455976967,1.00499999523163,90.0899963378906,true,projects/sat-io/open-datasets/npp-viirs-ntl,b1,longntl_annual_native500m_positive_pixel_sum_v1
2020,贵港市,156450800,17718.7294125262,5408,3.28071965225203,1.00499999523163,36.3899993896484,true,projects/sat-io/open-datasets/npp-viirs-ntl,b1,longntl_annual_native500m_positive_pixel_sum_v1
2020,玉林市,156450900,24782.5897762219,6587,3.78091450227355,1.00499999523163,47.5900001525879,true,projects/sat-io/open-datasets/npp-viirs-ntl,b1,longntl_annual_native500m_positive_pixel_sum_v1
2020,百色市,156451000,20819.2360293907,5348,3.90554516947355,1.00499999523163,39.5250015258789,true,projects/sat-io/open-datasets/npp-viirs-ntl,b1,longntl_annual_native500m_positive_pixel_sum_v1
2020,贺州市,156451100,9003.16463316328,2421,3.7225962126479,1.00499999523163,35.4150009155273,true,projects/sat-io/open-datasets/npp-viirs-ntl,b1,longntl_annual_native500m_positive_pixel_sum_v1
2020,河池市,156451200,10895.115730633,2917,3.76373612274699,1.00499999523163,41.5250015258789,true,projects/sat-io/open-datasets/npp-viirs-ntl,b1,longntl_annual_native500m_positive_pixel_sum_v1
2020,来宾市,156451300,11662.1093245212,3082,3.79719992664761,1.00499999523163,37.7849998474121,true,projects/sat-io/open-datasets/npp-viirs-ntl,b1,longntl_annual_native500m_positive_pixel_sum_v1
2020,崇左市,156451400,14483.3527646499,3403,4.29532658741745,1.00499999523163,52.2200012207031,true,projects/sat-io/open-datasets/npp-viirs-ntl,b1,longntl_annual_native500m_positive_pixel_sum_v1
2020,海口市,156460100,33308.2580535875,3506,9.64969745722511,1.00499999523163,113.050003051758,true,projects/sat-io/open-datasets/npp-viirs-ntl,b1,longntl_annual_native500m_positive_pixel_sum_v1
2020,三亚市,156460200,18677.4569557952,2824,6.70359705342717,1.00499999523163,149.660003662109,true,projects/sat-io/open-datasets/npp-viirs-ntl,b1,longntl_annual_native500m_positive_pixel_sum_v1
2020,三沙市,156460300,2.24172555512073,1,2.3050000667572,2.3050000667572,2.3050000667572,true,projects/sat-io/open-datasets/npp-viirs-ntl,b1,longntl_annual_native500m_positive_pixel_sum_v1
2020,儋州市,156460400,12113.1004088378,2346,5.18902638871769,1.00499999523163,77.4599990844727,true,projects/sat-io/open-datasets/npp-viirs-ntl,b1,longntl_annual_native500m_positive_pixel_sum_v1
2020,五指山市,156469001,678.124997854233,186,3.64583332179695,1.01499998569489,19.7449989318848,true,projects/sat-io/open-datasets/npp-viirs-ntl,b1,longntl_annual_native500m_positive_pixel_sum_v1
2020,琼海市,156469002,3566.83648115841,1091,3.30440215764243,1.00499999523163,32.6549987792969,true,projects/sat-io/open-datasets/npp-viirs-ntl,b1,longntl_annual_native500m_positive_pixel_sum_v1
2020,文昌市,156469005,4396.48102317745,1178,3.78822568090669,1.00499999523163,33.9799995422363,true,projects/sat-io/open-datasets/npp-viirs-ntl,b1,longntl_annual_native500m_positive_pixel_sum_v1
2020,万宁市,156469006,4556.98591893514,1368,3.37769389772567,1.00499999523163,44.4000015258789,true,projects/sat-io/open-datasets/npp-viirs-ntl,b1,longntl_annual_native500m_positive_pixel_sum_v1
2020,东方市,156469007,9461.38865529789,2343,4.07136474752563,1.00499999523163,63.5999984741211,true,projects/sat-io/open-datasets/npp-viirs-ntl,b1,longntl_annual_native500m_positive_pixel_sum_v1
2020,定安县,156469021,1685.95639509921,442,4.00449781341386,1.00499999523163,25.9899997711182,true,projects/sat-io/open-datasets/npp-viirs-ntl,b1,longntl_annual_native500m_positive_pixel_sum_v1
2020,屯昌县,156469022,951.117976320024,268,3.5962024252188,1.00499999523163,18.314998626709,true,projects/sat-io/open-datasets/npp-viirs-ntl,b1,longntl_annual_native500m_positive_pixel_sum_v1
2020,澄迈县,156469023,5347.31552795102,1215,4.49059756372492,1.00499999523163,48.2000007629395,true,projects/sat-io/open-datasets/npp-viirs-ntl,b1,longntl_annual_native500m_positive_pixel_sum_v1
2020,临高县,156469024,3497.29058682732,917,3.8161403358279,1.00499999523163,57.1900024414062,true,projects/sat-io/open-datasets/npp-viirs-ntl,b1,longntl_annual_native500m_positive_pixel_sum_v1
2020,白沙黎族自治县,156469025,696.463668346873,238,2.92902060607007,1.00499999523163,17.1700000762939,true,projects/sat-io/open-datasets/npp-viirs-ntl,b1,longntl_annual_native500m_positive_pixel_sum_v1
2020,昌江黎族自治县,156469026,3169.7952288104,955,3.35436418521325,1.00499999523163,57.6450004577637,true,projects/sat-io/open-datasets/npp-viirs-ntl,b1,longntl_annual_native500m_positive_pixel_sum_v1
2020,乐东黎族自治县,156469027,6372.51307564763,2151,2.96925630087077,1.00499999523163,48.5599975585938,true,projects/sat-io/open-datasets/npp-viirs-ntl,b1,longntl_annual_native500m_positive_pixel_sum_v1
2020,陵水黎族自治县,156469028,4414.44255212943,1259,3.56735630941751,1.00499999523163,47.5550003051758,true,projects/sat-io/open-datasets/npp-viirs-ntl,b1,longntl_annual_native500m_positive_pixel_sum_v1
2020,保亭黎族苗族自治县,156469029,923.875000953674,214,4.31717290165268,1.00499999523163,24.8999996185303,true,projects/sat-io/open-datasets/npp-viirs-ntl,b1,longntl_annual_native500m_positive_pixel_sum_v1
2020,琼中黎族苗族自治县,156469030,655.355000138283,211,3.10594786795395,1.00999999046326,18.8899993896484,true,projects/sat-io/open-datasets/npp-viirs-ntl,b1,longntl_annual_native500m_positive_pixel_sum_v1
2020,重庆市,156500000,268206.888761034,40406,6.6428518485269,1.00499999523163,169.315002441406,true,projects/sat-io/open-datasets/npp-viirs-ntl,b1,longntl_annual_native500m_positive_pixel_sum_v1
2020,成都市,156510100,297117.078853437,32121,9.29215340534207,1.00499999523163,252.640014648438,true,projects/sat-io/open-datasets/npp-viirs-ntl,b1,longntl_annual_native500m_positive_pixel_sum_v1
2020,自贡市,156510300,15255.486801621,3010,5.11743219256246,1.00499999523163,61.5800018310547,true,projects/sat-io/open-datasets/npp-viirs-ntl,b1,longntl_annual_native500m_positive_pixel_sum_v1
2020,攀枝花市,156510400,11494.9125688258,2575,4.48766353738556,1.00499999523163,47.9099998474121,true,projects/sat-io/open-datasets/npp-viirs-ntl,b1,longntl_annual_native500m_positive_pixel_sum_v1
2020,泸州市,156510500,20144.0165073914,4626,4.39990321696259,1.00499999523163,46.2249984741211,true,projects/sat-io/open-datasets/npp-viirs-ntl,b1,longntl_annual_native500m_positive_pixel_sum_v1
2020,德阳市,156510600,38976.6559967621,7644,5.15573593211534,1.00499999523163,57.4349975585938,true,projects/sat-io/open-datasets/npp-viirs-ntl,b1,longntl_annual_native500m_positive_pixel_sum_v1
2020,绵阳市,156510700,39439.8725722,6527,6.05198682985817,1.00499999523163,54.1749992370605,true,projects/sat-io/open-datasets/npp-viirs-ntl,b1,longntl_annual_native500m_positive_pixel_sum_v1
2020,广元市,156510800,11654.1741649053,2655,4.3970923107495,1.00499999523163,44.0149993896484,true,projects/sat-io/open-datasets/npp-viirs-ntl,b1,longntl_annual_native500m_positive_pixel_sum_v1
2020,遂宁市,156510900,22655.2400168966,3584,6.34807665521528,1.00499999523163,65.5999984741211,true,projects/sat-io/open-datasets/npp-viirs-ntl,b1,longntl_annual_native500m_positive_pixel_sum_v1
2020,内江市,156511000,20816.1137753865,3705,5.68547685339051,1.00499999523163,70.9799957275391,true,projects/sat-io/open-datasets/npp-viirs-ntl,b1,longntl_annual_native500m_positive_pixel_sum_v1
2020,乐山市,156511100,21034.5029442352,5290,3.98090980330715,1.00499999523163,38.7799987792969,true,projects/sat-io/open-datasets/npp-viirs-ntl,b1,longntl_annual_native500m_positive_pixel_sum_v1
2020,南充市,156511300,48904.0054384765,6252,7.82795623985782,1.00499999523163,94.1349945068359,true,projects/sat-io/open-datasets/npp-viirs-ntl,b1,longntl_annual_native500m_positive_pixel_sum_v1
2020,眉山市,156511400,24570.0712578685,6031,4.12990552910536,1.00499999523163,54.7350006103516,true,projects/sat-io/open-datasets/npp-viirs-ntl,b1,longntl_annual_native500m_positive_pixel_sum_v1
2020,宜宾市,156511500,29609.6756724021,5965,4.98229402060268,1.00499999523163,55.7399978637695,true,projects/sat-io/open-datasets/npp-viirs-ntl,b1,longntl_annual_native500m_positive_pixel_sum_v1
2020,广安市,156511600,19768.2116678654,3490,5.68281959380195,1.00499999523163,54.1100006103516,true,projects/sat-io/open-datasets/npp-viirs-ntl,b1,longntl_annual_native500m_positive_pixel_sum_v1
2020,达州市,156511700,24089.827889966,4006,6.02337819503898,1.00499999523163,99.9550018310547,true,projects/sat-io/open-datasets/npp-viirs-ntl,b1,longntl_annual_native500m_positive_pixel_sum_v1
2020,雅安市,156511800,9048.01069810157,2256,4.0205182176635,1.00499999523163,53.9650001525879,true,projects/sat-io/open-datasets/npp-viirs-ntl,b1,longntl_annual_native500m_positive_pixel_sum_v1
2020,巴中市,156511900,7176.50700323956,1893,3.79952970329786,1.00499999523163,23.5299987792969,true,projects/sat-io/open-datasets/npp-viirs-ntl,b1,longntl_annual_native500m_positive_pixel_sum_v1
2020,资阳市,156512000,12840.9159337834,2211,5.82277831580524,1.00499999523163,78.6650009155273,true,projects/sat-io/open-datasets/npp-viirs-ntl,b1,longntl_annual_native500m_positive_pixel_sum_v1
2020,阿坝藏族羌族自治州,156513200,6941.75150737903,1665,4.17576050195006,1.00499999523163,42.8899993896484,true,projects/sat-io/open-datasets/npp-viirs-ntl,b1,longntl_annual_native500m_positive_pixel_sum_v1
2020,甘孜藏族自治州,156513300,12167.8917976637,2387,5.1234666787827,1.00499999523163,176.009994506836,true,projects/sat-io/open-datasets/npp-viirs-ntl,b1,longntl_annual_native500m_positive_pixel_sum_v1
2020,凉山彝族自治州,156513400,19131.8144061079,4320,4.48557328555714,1.00499999523163,84.8650054931641,true,projects/sat-io/open-datasets/npp-viirs-ntl,b1,longntl_annual_native500m_positive_pixel_sum_v1
2020,贵阳市,156520100,74671.1917218583,10420,7.25873096902908,1.00499999523163,82.0149993896484,true,projects/sat-io/open-datasets/npp-viirs-ntl,b1,longntl_annual_native500m_positive_pixel_sum_v1
2020,六盘水市,156520200,18944.6127127788,4051,4.69581976937169,1.00499999523163,62.5849990844727,true,projects/sat-io/open-datasets/npp-viirs-ntl,b1,longntl_annual_native500m_positive_pixel_sum_v1
2020,遵义市,156520300,45121.2487991272,10413,4.35673467645258,1.00499999523163,72.2649993896484,true,projects/sat-io/open-datasets/npp-viirs-ntl,b1,longntl_annual_native500m_positive_pixel_sum_v1
2020,安顺市,156520400,19731.5301544965,5037,3.97679164781361,1.00499999523163,46.7399978637695,true,projects/sat-io/open-datasets/npp-viirs-ntl,b1,longntl_annual_native500m_positive_pixel_sum_v1
2020,毕节市,156520500,25527.4209212411,6243,4.10460194861878,1.00499999523163,55.2799987792969,true,projects/sat-io/open-datasets/npp-viirs-ntl,b1,longntl_annual_native500m_positive_pixel_sum_v1
2020,铜仁市,156520600,18818.5825300254,4442,4.28101792358558,1.00499999523163,51.9899978637695,true,projects/sat-io/open-datasets/npp-viirs-ntl,b1,longntl_annual_native500m_positive_pixel_sum_v1
2020,黔西南布依族苗族自治州,156522300,20670.9050837634,4252,4.87913048614653,1.00499999523163,99.504997253418,true,projects/sat-io/open-datasets/npp-viirs-ntl,b1,longntl_annual_native500m_positive_pixel_sum_v1
2020,黔东南苗族侗族自治州,156522600,18433.7685534697,4472,4.14223738203628,1.00499999523163,63.2249984741211,true,projects/sat-io/open-datasets/npp-viirs-ntl,b1,longntl_annual_native500m_positive_pixel_sum_v1
2020,黔南布依族苗族自治州,156522700,25095.9639071754,6882,3.69436251177949,1.00499999523163,42.0050010681152,true,projects/sat-io/open-datasets/npp-viirs-ntl,b1,longntl_annual_native500m_positive_pixel_sum_v1
2020,昆明市,156530100,134489.815197201,15386,8.78030432892023,1.00499999523163,194.115005493164,true,projects/sat-io/open-datasets/npp-viirs-ntl,b1,longntl_annual_native500m_positive_pixel_sum_v1
2020,曲靖市,156530300,44905.4847518991,7837,5.74801601674889,1.00499999523163,109.944999694824,true,projects/sat-io/open-datasets/npp-viirs-ntl,b1,longntl_annual_native500m_positive_pixel_sum_v1
2020,玉溪市,156530400,23233.354602277,5146,4.54423146878803,1.00499999523163,55.4099998474121,true,projects/sat-io/open-datasets/npp-viirs-ntl,b1,longntl_annual_native500m_positive_pixel_sum_v1
2020,保山市,156530500,15798.548597499,3061,5.17676357963521,1.00499999523163,58.3349990844727,true,projects/sat-io/open-datasets/npp-viirs-ntl,b1,longntl_annual_native500m_positive_pixel_sum_v1
2020,昭通市,156530600,21667.320587974,4412,4.98779201393593,1.00499999523163,87.5700073242188,true,projects/sat-io/open-datasets/npp-viirs-ntl,b1,longntl_annual_native500m_positive_pixel_sum_v1
2020,丽江市,156530700,13500.7892866387,1935,7.10214582239355,1.00499999523163,89.2949981689453,true,projects/sat-io/open-datasets/npp-viirs-ntl,b1,longntl_annual_native500m_positive_pixel_sum_v1
2020,普洱市,156530800,9602.06912986671,2085,4.6441972905507,1.00499999523163,61.435001373291,true,projects/sat-io/open-datasets/npp-viirs-ntl,b1,longntl_annual_native500m_positive_pixel_sum_v1
2020,临沧市,156530900,9508.34495872516,2061,4.64233765499155,1.00499999523163,51.689998626709,true,projects/sat-io/open-datasets/npp-viirs-ntl,b1,longntl_annual_native500m_positive_pixel_sum_v1
2020,楚雄彝族自治州,156532300,21386.18219219,3011,7.14613969070841,1.00499999523163,121.180000305176,true,projects/sat-io/open-datasets/npp-viirs-ntl,b1,longntl_annual_native500m_positive_pixel_sum_v1
2020,红河哈尼族彝族自治州,156532500,29337.7536289341,6552,4.49715073607398,1.00499999523163,68,true,projects/sat-io/open-datasets/npp-viirs-ntl,b1,longntl_annual_native500m_positive_pixel_sum_v1
2020,文山壮族苗族自治州,156532600,14594.5611135562,3278,4.45994332090224,1.00499999523163,47.1800003051758,true,projects/sat-io/open-datasets/npp-viirs-ntl,b1,longntl_annual_native500m_positive_pixel_sum_v1
2020,西双版纳傣族自治州,156532800,7691.8496953062,2061,3.75048600955123,1.00499999523163,50.5749969482422,true,projects/sat-io/open-datasets/npp-viirs-ntl,b1,longntl_annual_native500m_positive_pixel_sum_v1
2020,大理白族自治州,156532900,24115.6776583237,4468,5.43596249398684,1.00499999523163,71.1450042724609,true,projects/sat-io/open-datasets/npp-viirs-ntl,b1,longntl_annual_native500m_positive_pixel_sum_v1
2020,德宏傣族景颇族自治州,156533100,11107.7151526727,2090,5.45009209738419,1.00499999523163,39.0950012207031,true,projects/sat-io/open-datasets/npp-viirs-ntl,b1,longntl_annual_native500m_positive_pixel_sum_v1
2020,怒江傈僳族自治州,156533300,2652.55070320625,768,3.54045521995715,1.00499999523163,42.2000007629395,true,projects/sat-io/open-datasets/npp-viirs-ntl,b1,longntl_annual_native500m_positive_pixel_sum_v1
2020,迪庆藏族自治州,156533400,3949.62088363825,809,4.98561137619426,1.00499999523163,49.0149993896484,true,projects/sat-io/open-datasets/npp-viirs-ntl,b1,longntl_annual_native500m_positive_pixel_sum_v1
2020,拉萨市,156540100,23931.6775921162,2487,9.67698514177874,1.00499999523163,135.934997558594,true,projects/sat-io/open-datasets/npp-viirs-ntl,b1,longntl_annual_native500m_positive_pixel_sum_v1
2020,日喀则市,156540200,5748.30417223397,1271,4.55507184273308,1.00499999523163,101.779998779297,true,projects/sat-io/open-datasets/npp-viirs-ntl,b1,longntl_annual_native500m_positive_pixel_sum_v1
2020,昌都市,156540300,6271.02886530886,1118,5.66474558490413,1.00499999523163,51.2849998474121,true,projects/sat-io/open-datasets/npp-viirs-ntl,b1,longntl_annual_native500m_positive_pixel_sum_v1
2020,林芝市,156540400,2401.38301936505,656,3.68756086654796,1.00499999523163,28.064998626709,true,projects/sat-io/open-datasets/npp-viirs-ntl,b1,longntl_annual_native500m_positive_pixel_sum_v1
2020,山南市,156540500,5838.60882838287,1670,3.5192129078897,1.00499999523163,95.9850006103516,true,projects/sat-io/open-datasets/npp-viirs-ntl,b1,longntl_annual_native500m_positive_pixel_sum_v1
2020,那曲市,156540600,3571.02500760555,631,5.65931063011973,1.00499999523163,57.120002746582,true,projects/sat-io/open-datasets/npp-viirs-ntl,b1,longntl_annual_native500m_positive_pixel_sum_v1
2020,阿里地区,156542500,3452.6311691158,357,9.68538588946918,1.00499999523163,120.649993896484,true,projects/sat-io/open-datasets/npp-viirs-ntl,b1,longntl_annual_native500m_positive_pixel_sum_v1
2020,西安市,156610100,187454.120676983,17623,10.7527763906798,1.00499999523163,203.264999389648,true,projects/sat-io/open-datasets/npp-viirs-ntl,b1,longntl_annual_native500m_positive_pixel_sum_v1
2020,铜川市,156610200,8326.028964196,1951,4.35065570337534,1.00499999523163,42.7449989318848,true,projects/sat-io/open-datasets/npp-viirs-ntl,b1,longntl_annual_native500m_positive_pixel_sum_v1
2020,宝鸡市,156610300,26394.6926069199,5130,5.16452108830066,1.00499999523163,60.4700012207031,true,projects/sat-io/open-datasets/npp-viirs-ntl,b1,longntl_annual_native500m_positive_pixel_sum_v1
2020,咸阳市,156610400,67983.1727088143,10138,6.83284053261563,1.00499999523163,196.489990234375,true,projects/sat-io/open-datasets/npp-viirs-ntl,b1,longntl_annual_native500m_positive_pixel_sum_v1
2020,渭南市,156610500,36217.3729893385,8181,4.49172224710925,1.00499999523163,54.5900001525879,true,projects/sat-io/open-datasets/npp-viirs-ntl,b1,longntl_annual_native500m_positive_pixel_sum_v1
2020,延安市,156610600,47545.82302456,14118,3.39236250810033,1.00499999523163,171.824996948242,true,projects/sat-io/open-datasets/npp-viirs-ntl,b1,longntl_annual_native500m_positive_pixel_sum_v1
2020,汉中市,156610700,23250.3816218175,4588,5.07169964359761,1.00499999523163,58.7099990844727,true,projects/sat-io/open-datasets/npp-viirs-ntl,b1,longntl_annual_native500m_positive_pixel_sum_v1
2020,榆林市,156610800,104806.34174962,25975,4.07487862877334,1.00499999523163,132.440002441406,true,projects/sat-io/open-datasets/npp-viirs-ntl,b1,longntl_annual_native500m_positive_pixel_sum_v1
2020,安康市,156610900,11203.5402269017,2291,4.90905440843614,1.00499999523163,49.4199981689453,true,projects/sat-io/open-datasets/npp-viirs-ntl,b1,longntl_annual_native500m_positive_pixel_sum_v1
2020,商洛市,156611000,5701.30624106258,1609,3.55107042984355,1.00499999523163,48.6399993896484,true,projects/sat-io/open-datasets/npp-viirs-ntl,b1,longntl_annual_native500m_positive_pixel_sum_v1
2020,兰州市,156620100,57530.5502055449,8849,6.53440888484476,1.00499999523163,113.915000915527,true,projects/sat-io/open-datasets/npp-viirs-ntl,b1,longntl_annual_native500m_positive_pixel_sum_v1
2020,嘉峪关市,156620200,9099.09424547168,1196,7.72254332641695,1.00499999523163,55.5299987792969,true,projects/sat-io/open-datasets/npp-viirs-ntl,b1,longntl_annual_native500m_positive_pixel_sum_v1
2020,金昌市,156620300,7830.9051601106,1151,6.81296764185672,1.00499999523163,50.2050018310547,true,projects/sat-io/open-datasets/npp-viirs-ntl,b1,longntl_annual_native500m_positive_pixel_sum_v1
2020,白银市,156620400,11217.9204612811,2334,4.82735471058801,1.00499999523163,64.6350021362305,true,projects/sat-io/open-datasets/npp-viirs-ntl,b1,longntl_annual_native500m_positive_pixel_sum_v1
2020,天水市,156620500,12764.9164240229,2453,5.2134578479679,1.00499999523163,79.5200042724609,true,projects/sat-io/open-datasets/npp-viirs-ntl,b1,longntl_annual_native500m_positive_pixel_sum_v1
2020,武威市,156620600,10946.0390552493,2180,5.03571234335981,1.00499999523163,61.1350021362305,true,projects/sat-io/open-datasets/npp-viirs-ntl,b1,longntl_annual_native500m_positive_pixel_sum_v1
2020,张掖市,156620700,10934.4879678016,2062,5.31208931252934,1.00499999523163,80.9649963378906,true,projects/sat-io/open-datasets/npp-viirs-ntl,b1,longntl_annual_native500m_positive_pixel_sum_v1
2020,平凉市,156620800,9228.44719245995,2042,4.54542721838929,1.00499999523163,48.2750015258789,true,projects/sat-io/open-datasets/npp-viirs-ntl,b1,longntl_annual_native500m_positive_pixel_sum_v1
2020,酒泉市,156620900,22795.3581859579,3822,5.99314404870062,1.00499999523163,93.1699981689453,true,projects/sat-io/open-datasets/npp-viirs-ntl,b1,longntl_annual_native500m_positive_pixel_sum_v1
2020,庆阳市,156621000,34099.70784621,10256,3.33855964836208,1.00499999523163,305.669982910156,true,projects/sat-io/open-datasets/npp-viirs-ntl,b1,longntl_annual_native500m_positive_pixel_sum_v1
2020,定西市,156621100,11352.6389696654,2256,5.09341328873416,1.00499999523163,40.379997253418,true,projects/sat-io/open-datasets/npp-viirs-ntl,b1,longntl_annual_native500m_positive_pixel_sum_v1
2020,陇南市,156621200,7980.49352596648,2225,3.59549649752109,1.00499999523163,33.2449989318848,true,projects/sat-io/open-datasets/npp-viirs-ntl,b1,longntl_annual_native500m_positive_pixel_sum_v1
2020,临夏回族自治州,156622900,5873.27138539529,1713,3.52187456678816,1.00499999523163,35.7249984741211,true,projects/sat-io/open-datasets/npp-viirs-ntl,b1,longntl_annual_native500m_positive_pixel_sum_v1
2020,甘南藏族自治州,156623000,3878.39383311879,876,4.46674266726868,1.00499999523163,31.7000007629395,true,projects/sat-io/open-datasets/npp-viirs-ntl,b1,longntl_annual_native500m_positive_pixel_sum_v1
2020,中农发山丹马场,156629700,0,0,0,0,0,false,projects/sat-io/open-datasets/npp-viirs-ntl,b1,longntl_annual_native500m_positive_pixel_sum_v1
2020,莲花山风景林自然保护区,156629800,8.71474501525655,9,1.6696168135916,1.16499996185303,2.65999984741211,true,projects/sat-io/open-datasets/npp-viirs-ntl,b1,longntl_annual_native500m_positive_pixel_sum_v1
2020,太子山天然林保护区,156629900,1.42249019660202,4,1.92944149007189,1.07999992370605,2.69000005722046,true,projects/sat-io/open-datasets/npp-viirs-ntl,b1,longntl_annual_native500m_positive_pixel_sum_v1
2020,西宁市,156630100,36814.5725314187,4595,8.10322515658978,1.00499999523163,88.5250015258789,true,projects/sat-io/open-datasets/npp-viirs-ntl,b1,longntl_annual_native500m_positive_pixel_sum_v1
2020,海东市,156630200,18359.5472036539,3142,6.02647416812673,1.00499999523163,114.589996337891,true,projects/sat-io/open-datasets/npp-viirs-ntl,b1,longntl_annual_native500m_positive_pixel_sum_v1
2020,海北藏族自治州,156632200,1373.64152574866,413,3.36182458577745,1.00499999523163,27.5250015258789,true,projects/sat-io/open-datasets/npp-viirs-ntl,b1,longntl_annual_native500m_positive_pixel_sum_v1
2020,黄南藏族自治州,156632300,3159.52157128792,618,5.25611284072976,1.00499999523163,97.5849990844727,true,projects/sat-io/open-datasets/npp-viirs-ntl,b1,longntl_annual_native500m_positive_pixel_sum_v1
2020,海南藏族自治州,156632500,3693.93342314982,854,4.32703855438102,1.00499999523163,59.1150016784668,true,projects/sat-io/open-datasets/npp-viirs-ntl,b1,longntl_annual_native500m_positive_pixel_sum_v1
2020,果洛藏族自治州,156632600,1764.20500230789,441,4.00046485784102,1.00499999523163,28.8699989318848,true,projects/sat-io/open-datasets/npp-viirs-ntl,b1,longntl_annual_native500m_positive_pixel_sum_v1
2020,玉树藏族自治州,156632700,2768.34999346733,650,4.25899998994974,1.00499999523163,46.4300003051758,true,projects/sat-io/open-datasets/npp-viirs-ntl,b1,longntl_annual_native500m_positive_pixel_sum_v1
2020,海西蒙古族藏族自治州,156632800,24621.4017851442,4280,5.75624513987698,1.00499999523163,379.005004882812,true,projects/sat-io/open-datasets/npp-viirs-ntl,b1,longntl_annual_native500m_positive_pixel_sum_v1
2020,银川市,156640100,85558.9009351454,11886,7.25274285520692,1.00499999523163,114.964996337891,true,projects/sat-io/open-datasets/npp-viirs-ntl,b1,longntl_annual_native500m_positive_pixel_sum_v1
2020,石嘴山市,156640200,13685.9421968072,2958,4.66533778425275,1.00499999523163,63.7249984741211,true,projects/sat-io/open-datasets/npp-viirs-ntl,b1,longntl_annual_native500m_positive_pixel_sum_v1
2020,吴忠市,156640300,22931.5260548746,6000,3.8739535221392,1.00499999523163,55.8199996948242,true,projects/sat-io/open-datasets/npp-viirs-ntl,b1,longntl_annual_native500m_positive_pixel_sum_v1
2020,固原市,156640400,11655.9532684125,1822,6.40356965396523,1.00499999523163,65.3000030517578,true,projects/sat-io/open-datasets/npp-viirs-ntl,b1,longntl_annual_native500m_positive_pixel_sum_v1
2020,中卫市,156640500,13717.9840202701,3235,4.26182136020262,1.00499999523163,50.6650009155273,true,projects/sat-io/open-datasets/npp-viirs-ntl,b1,longntl_annual_native500m_positive_pixel_sum_v1
2020,乌鲁木齐市,156650100,106753.274633892,12309,8.77426720388309,1.00499999523163,145,true,projects/sat-io/open-datasets/npp-viirs-ntl,b1,longntl_annual_native500m_positive_pixel_sum_v1
2020,克拉玛依市,156650200,48052.9992735358,6401,7.63217300365469,1.00499999523163,274.52001953125,true,projects/sat-io/open-datasets/npp-viirs-ntl,b1,longntl_annual_native500m_positive_pixel_sum_v1
2020,吐鲁番市,156650400,15466.534996748,3649,4.23856809995834,1.00499999523163,72.75,true,projects/sat-io/open-datasets/npp-viirs-ntl,b1,longntl_annual_native500m_positive_pixel_sum_v1
2020,哈密市,156650500,22822.7794445861,4070,5.6548346133593,1.00499999523163,178.904998779297,true,projects/sat-io/open-datasets/npp-viirs-ntl,b1,longntl_annual_native500m_positive_pixel_sum_v1
2020,昌吉回族自治州,156652300,55153.3557620567,11251,4.97287839923048,1.00499999523163,124.175003051758,true,projects/sat-io/open-datasets/npp-viirs-ntl,b1,longntl_annual_native500m_positive_pixel_sum_v1
2020,博尔塔拉蒙古自治州,156652700,11505.4654915263,2013,5.84938523472994,1.00499999523163,47.3699989318848,true,projects/sat-io/open-datasets/npp-viirs-ntl,b1,longntl_annual_native500m_positive_pixel_sum_v1
2020,巴音郭楞蒙古自治州,156652800,50233.8782815742,8393,6.03849707508897,1.00499999523163,144.125,true,projects/sat-io/open-datasets/npp-viirs-ntl,b1,longntl_annual_native500m_positive_pixel_sum_v1
2020,阿克苏地区,156652900,101188.343176528,21037,4.81298299239424,1.00499999523163,391.119995117188,true,projects/sat-io/open-datasets/npp-viirs-ntl,b1,longntl_annual_native500m_positive_pixel_sum_v1
2020,克孜勒苏柯尔克孜自治州,156653000,7493.45958368965,1716,4.41082742903244,1.00499999523163,45.1049995422363,true,projects/sat-io/open-datasets/npp-viirs-ntl,b1,longntl_annual_native500m_positive_pixel_sum_v1
2020,喀什地区,156653100,38122.9644024297,8977,4.25303234462063,1.00499999523163,73.4599990844727,true,projects/sat-io/open-datasets/npp-viirs-ntl,b1,longntl_annual_native500m_positive_pixel_sum_v1
2020,和田地区,156653200,28254.8868850339,7884,3.59174618563512,1.00499999523163,70.254997253418,true,projects/sat-io/open-datasets/npp-viirs-ntl,b1,longntl_annual_native500m_positive_pixel_sum_v1
2020,伊犁哈萨克自治州,156654000,41307.8960715299,7503,5.59436856675797,1.00499999523163,127.86499786377,true,projects/sat-io/open-datasets/npp-viirs-ntl,b1,longntl_annual_native500m_positive_pixel_sum_v1
2020,塔城地区,156654200,20286.0884197212,6039,3.46035872671872,1.00499999523163,274.52001953125,true,projects/sat-io/open-datasets/npp-viirs-ntl,b1,longntl_annual_native500m_positive_pixel_sum_v1
2020,阿勒泰地区,156654300,14511.2699589879,2670,5.57451444789548,1.00499999523163,76.1650009155273,true,projects/sat-io/open-datasets/npp-viirs-ntl,b1,longntl_annual_native500m_positive_pixel_sum_v1
2020,石河子市,156659001,9417.08701599626,1598,6.05834213586996,1.00499999523163,81.7099990844727,true,projects/sat-io/open-datasets/npp-viirs-ntl,b1,longntl_annual_native500m_positive_pixel_sum_v1
2020,阿拉尔市,156659002,2616.25201603525,853,3.07030850199038,1.00499999523163,25.9049987792969,true,projects/sat-io/open-datasets/npp-viirs-ntl,b1,longntl_annual_native500m_positive_pixel_sum_v1
2020,图木舒克市,156659003,5894.93770347156,1063,5.6231520223894,1.00499999523163,59.0250015258789,true,projects/sat-io/open-datasets/npp-viirs-ntl,b1,longntl_annual_native500m_positive_pixel_sum_v1
2020,五家渠市,156659004,5091.56770750729,963,5.79806797459165,1.00499999523163,58.0749969482422,true,projects/sat-io/open-datasets/npp-viirs-ntl,b1,longntl_annual_native500m_positive_pixel_sum_v1
2020,北屯市,156659005,2755.12821842596,473,6.40219520944275,1.00499999523163,45.375,true,projects/sat-io/open-datasets/npp-viirs-ntl,b1,longntl_annual_native500m_positive_pixel_sum_v1
2020,铁门关市,156659006,1835.36599702788,606,3.38034083221101,1.00499999523163,33.2799987792969,true,projects/sat-io/open-datasets/npp-viirs-ntl,b1,longntl_annual_native500m_positive_pixel_sum_v1
2020,双河市,156659007,636.637863060072,372,1.94280412010769,1.00499999523163,32.7849998474121,true,projects/sat-io/open-datasets/npp-viirs-ntl,b1,longntl_annual_native500m_positive_pixel_sum_v1
2020,可克达拉市,156659008,481.849684734438,298,1.79600183598798,1.00499999523163,21.2600002288818,true,projects/sat-io/open-datasets/npp-viirs-ntl,b1,longntl_annual_native500m_positive_pixel_sum_v1
2020,昆玉市,156659009,375.75607864623,181,2.36581319115055,1.00499999523163,13.1599998474121,true,projects/sat-io/open-datasets/npp-viirs-ntl,b1,longntl_annual_native500m_positive_pixel_sum_v1
2020,胡杨河市,156659010,340.773803864741,158,2.40786167490119,1.00499999523163,10.0049991607666,true,projects/sat-io/open-datasets/npp-viirs-ntl,b1,longntl_annual_native500m_positive_pixel_sum_v1
2020,新星市,156659011,1235.2319019168,452,2.94893070121413,1.00499999523163,28.2599983215332,true,projects/sat-io/open-datasets/npp-viirs-ntl,b1,longntl_annual_native500m_positive_pixel_sum_v1
2020,白杨市,156659012,99.4963528418074,50,2.68595913345976,1.00499999523163,7.77500009536743,true,projects/sat-io/open-datasets/npp-viirs-ntl,b1,longntl_annual_native500m_positive_pixel_sum_v1
2020,台湾省,156710000,697973.720657394,71397,9.79680449812594,1.00499999523163,238.125,true,projects/sat-io/open-datasets/npp-viirs-ntl,b1,longntl_annual_native500m_positive_pixel_sum_v1
2020,香港特别行政区,156810000,70171.9901653809,4067,17.847347305095,1.00499999523163,186.195007324219,true,projects/sat-io/open-datasets/npp-viirs-ntl,b1,longntl_annual_native500m_positive_pixel_sum_v1
2020,澳门特别行政区,156820000,4063.53995650796,58,79.2749360346974,13.7399997711182,288.309997558594,true,projects/sat-io/open-datasets/npp-viirs-ntl,b1,longntl_annual_native500m_positive_pixel_sum_v1
2021,北京市,156110000,460811.300503693,40581,11.4627473872994,1.00499999523163,310.89501953125,true,projects/sat-io/open-datasets/npp-viirs-ntl,b1,longntl_annual_native500m_positive_pixel_sum_v1
2021,天津市,156120000,367482.249700179,41601,8.92763407565603,1.00499999523163,221.675003051758,true,projects/sat-io/open-datasets/npp-viirs-ntl,b1,longntl_annual_native500m_positive_pixel_sum_v1
2021,石家庄市,156130100,114318.968974888,24540,4.66955590613205,1.00499999523163,85.6549987792969,true,projects/sat-io/open-datasets/npp-viirs-ntl,b1,longntl_annual_native500m_positive_pixel_sum_v1
2021,唐山市,156130200,142318.511586182,30915,4.62279744032204,1.00499999523163,110.235000610352,true,projects/sat-io/open-datasets/npp-viirs-ntl,b1,longntl_annual_native500m_positive_pixel_sum_v1
2021,秦皇岛市,156130300,44015.6016956689,8389,5.29796305220447,1.00499999523163,69.9499969482422,true,projects/sat-io/open-datasets/npp-viirs-ntl,b1,longntl_annual_native500m_positive_pixel_sum_v1
2021,邯郸市,156130400,72641.0637650322,21021,3.47920620221016,1.00499999523163,46.5800018310547,true,projects/sat-io/open-datasets/npp-viirs-ntl,b1,longntl_annual_native500m_positive_pixel_sum_v1
2021,邢台市,156130500,63217.1574165138,19170,3.32614236325809,1.00499999523163,51.189998626709,true,projects/sat-io/open-datasets/npp-viirs-ntl,b1,longntl_annual_native500m_positive_pixel_sum_v1
2021,保定市,156130600,134498.688490594,38036,3.56125544370436,1.00499999523163,82.8199996948242,true,projects/sat-io/open-datasets/npp-viirs-ntl,b1,longntl_annual_native500m_positive_pixel_sum_v1
2021,张家口市,156130700,43141.1070018235,10362,4.17586975997536,1.00499999523163,84.4749984741211,true,projects/sat-io/open-datasets/npp-viirs-ntl,b1,longntl_annual_native500m_positive_pixel_sum_v1
2021,承德市,156130800,28848.0604768169,7703,3.75125275640105,1.00499999523163,58.5999984741211,true,projects/sat-io/open-datasets/npp-viirs-ntl,b1,longntl_annual_native500m_positive_pixel_sum_v1
2021,沧州市,156130900,92335.5276562999,27735,3.36117321962428,1.00499999523163,92.4250030517578,true,projects/sat-io/open-datasets/npp-viirs-ntl,b1,longntl_annual_native500m_positive_pixel_sum_v1
2021,廊坊市,156131000,108501.530646423,27662,4.02063253496856,1.00499999523163,363.700012207031,true,projects/sat-io/open-datasets/npp-viirs-ntl,b1,longntl_annual_native500m_positive_pixel_sum_v1
2021,衡水市,156131100,28006.8308504582,9509,2.97975465446691,1.00499999523163,55.5149993896484,true,projects/sat-io/open-datasets/npp-viirs-ntl,b1,longntl_annual_native500m_positive_pixel_sum_v1
2021,太原市,156140100,140145.514993431,11295,12.5636119770114,1.00499999523163,184.660003662109,true,projects/sat-io/open-datasets/npp-viirs-ntl,b1,longntl_annual_native500m_positive_pixel_sum_v1
2021,大同市,156140200,59320.5849982243,9632,6.214481075672,1.00499999523163,106.470001220703,true,projects/sat-io/open-datasets/npp-viirs-ntl,b1,longntl_annual_native500m_positive_pixel_sum_v1
2021,阳泉市,156140300,15481.5118544251,3704,4.18698815624467,1.00499999523163,55.8349990844727,true,projects/sat-io/open-datasets/npp-viirs-ntl,b1,longntl_annual_native500m_positive_pixel_sum_v1
2021,长治市,156140400,53986.5271332605,11214,4.81964174472611,1.00499999523163,136.059997558594,true,projects/sat-io/open-datasets/npp-viirs-ntl,b1,longntl_annual_native500m_positive_pixel_sum_v1
2021,晋城市,156140500,32992.2748315054,7434,4.44756882369223,1.00499999523163,139.690002441406,true,projects/sat-io/open-datasets/npp-viirs-ntl,b1,longntl_annual_native500m_positive_pixel_sum_v1
2021,朔州市,156140600,36076.6774471634,8518,4.2747718805899,1.00499999523163,79.25,true,projects/sat-io/open-datasets/npp-viirs-ntl,b1,longntl_annual_native500m_positive_pixel_sum_v1
2021,晋中市,156140700,57036.3861522759,12689,4.55832753853156,1.00499999523163,106.184997558594,true,projects/sat-io/open-datasets/npp-viirs-ntl,b1,longntl_annual_native500m_positive_pixel_sum_v1
2021,运城市,156140800,40191.9701401823,9132,4.44221812252521,1.00499999523163,70.2799987792969,true,projects/sat-io/open-datasets/npp-viirs-ntl,b1,longntl_annual_native500m_positive_pixel_sum_v1
2021,忻州市,156140900,31008.3082862933,9184,3.39995339506711,1.00499999523163,51.3600006103516,true,projects/sat-io/open-datasets/npp-viirs-ntl,b1,longntl_annual_native500m_positive_pixel_sum_v1
2021,临汾市,156141000,38151.4541190269,9278,4.14313022318236,1.00499999523163,113.865005493164,true,projects/sat-io/open-datasets/npp-viirs-ntl,b1,longntl_annual_native500m_positive_pixel_sum_v1
2021,吕梁市,156141100,38548.651405392,11633,3.34003025708114,1.00499999523163,67.4749984741211,true,projects/sat-io/open-datasets/npp-viirs-ntl,b1,longntl_annual_native500m_positive_pixel_sum_v1
2021,呼和浩特市,156150100,75565.8515267138,9458,7.99787993994605,1.00499999523163,89.0650024414062,true,projects/sat-io/open-datasets/npp-viirs-ntl,b1,longntl_annual_native500m_positive_pixel_sum_v1
2021,包头市,156150200,51724.4423306788,6814,7.6173466461472,1.00499999523163,79.8099975585938,true,projects/sat-io/open-datasets/npp-viirs-ntl,b1,longntl_annual_native500m_positive_pixel_sum_v1
2021,乌海市,156150300,17818.8938757929,4405,4.18505031502165,1.00499999523163,78.1149978637695,true,projects/sat-io/open-datasets/npp-viirs-ntl,b1,longntl_annual_native500m_positive_pixel_sum_v1
2021,赤峰市,156150400,43253.8968649602,7992,5.4369334098522,1.00499999523163,96.5950012207031,true,projects/sat-io/open-datasets/npp-viirs-ntl,b1,longntl_annual_native500m_positive_pixel_sum_v1
2021,通辽市,156150500,28381.2071379853,6245,4.55496885829227,1.00499999523163,77.5749969482422,true,projects/sat-io/open-datasets/npp-viirs-ntl,b1,longntl_annual_native500m_positive_pixel_sum_v1
2021,鄂尔多斯市,156150600,70708.7288924068,17164,4.19084713705859,1.00499999523163,263.765014648438,true,projects/sat-io/open-datasets/npp-viirs-ntl,b1,longntl_annual_native500m_positive_pixel_sum_v1
2021,呼伦贝尔市,156150700,18167.879503942,5135,3.55333191197162,1.00499999523163,45.9949989318848,true,projects/sat-io/open-datasets/npp-viirs-ntl,b1,longntl_annual_native500m_positive_pixel_sum_v1
2021,巴彦淖尔市,156150800,13850.0161492511,3719,3.73364341863488,1.00499999523163,335.335021972656,true,projects/sat-io/open-datasets/npp-viirs-ntl,b1,longntl_annual_native500m_positive_pixel_sum_v1
2021,乌兰察布市,156150900,22262.4196147634,5111,4.37349685466069,1.00499999523163,55.120002746582,true,projects/sat-io/open-datasets/npp-viirs-ntl,b1,longntl_annual_native500m_positive_pixel_sum_v1
2021,兴安盟,156152200,10422.6998421641,2650,3.9423236637631,1.00499999523163,52.7050018310547,true,projects/sat-io/open-datasets/npp-viirs-ntl,b1,longntl_annual_native500m_positive_pixel_sum_v1
2021,锡林郭勒盟,156152500,19595.2655802764,4095,4.79122979964645,1.00499999523163,113.194999694824,true,projects/sat-io/open-datasets/npp-viirs-ntl,b1,longntl_annual_native500m_positive_pixel_sum_v1
2021,阿拉善盟,156152900,14753.5990567768,2552,5.93066033504387,1.00499999523163,72.8150024414062,true,projects/sat-io/open-datasets/npp-viirs-ntl,b1,longntl_annual_native500m_positive_pixel_sum_v1
2021,沈阳市,156210100,174458.410424431,19122,9.19008687463794,1.00499999523163,155.035003662109,true,projects/sat-io/open-datasets/npp-viirs-ntl,b1,longntl_annual_native500m_positive_pixel_sum_v1
2021,大连市,156210200,105987.069219449,13897,7.67875822795927,1.00499999523163,157.714996337891,true,projects/sat-io/open-datasets/npp-viirs-ntl,b1,longntl_annual_native500m_positive_pixel_sum_v1
2021,鞍山市,156210300,46425.0677752303,8820,5.3485632741826,1.00499999523163,99.7750015258789,true,projects/sat-io/open-datasets/npp-viirs-ntl,b1,longntl_annual_native500m_positive_pixel_sum_v1
2021,抚顺市,156210400,24275.7564622318,3896,6.35221684869171,1.00499999523163,97.3000030517578,true,projects/sat-io/open-datasets/npp-viirs-ntl,b1,longntl_annual_native500m_positive_pixel_sum_v1
2021,本溪市,156210500,17009.7906274436,3524,4.88261630766766,1.00499999523163,69.3000030517578,true,projects/sat-io/open-datasets/npp-viirs-ntl,b1,longntl_annual_native500m_positive_pixel_sum_v1
2021,丹东市,156210600,19530.0219787294,3858,5.1223099503172,1.00499999523163,76.7750015258789,true,projects/sat-io/open-datasets/npp-viirs-ntl,b1,longntl_annual_native500m_positive_pixel_sum_v1
2021,锦州市,156210700,28242.7388527791,5903,4.84392117483806,1.00499999523163,66.5249938964844,true,projects/sat-io/open-datasets/npp-viirs-ntl,b1,longntl_annual_native500m_positive_pixel_sum_v1
2021,营口市,156210800,43830.5526809407,7631,5.79283624352648,1.00499999523163,84.2449951171875,true,projects/sat-io/open-datasets/npp-viirs-ntl,b1,longntl_annual_native500m_positive_pixel_sum_v1
2021,阜新市,156210900,14076.3545382897,2976,4.73558653056405,1.00499999523163,99.7149963378906,true,projects/sat-io/open-datasets/npp-viirs-ntl,b1,longntl_annual_native500m_positive_pixel_sum_v1
2021,辽阳市,156211000,34443.2808367495,7154,4.9165684887345,1.00499999523163,135.289993286133,true,projects/sat-io/open-datasets/npp-viirs-ntl,b1,longntl_annual_native500m_positive_pixel_sum_v1
2021,盘锦市,156211100,38816.4336147486,7488,5.2558168749789,1.00499999523163,97.4599990844727,true,projects/sat-io/open-datasets/npp-viirs-ntl,b1,longntl_annual_native500m_positive_pixel_sum_v1
2021,铁岭市,156211200,16195.2339150924,4461,3.67616434855823,1.00499999523163,52.6749992370605,true,projects/sat-io/open-datasets/npp-viirs-ntl,b1,longntl_annual_native500m_positive_pixel_sum_v1
2021,朝阳市,156211300,18217.1922105074,5106,3.60076304572195,1.00499999523163,51.8549995422363,true,projects/sat-io/open-datasets/npp-viirs-ntl,b1,longntl_annual_native500m_positive_pixel_sum_v1
2021,葫芦岛市,156211400,23410.7662279143,5375,4.4305665638401,1.00499999523163,98.3999938964844,true,projects/sat-io/open-datasets/npp-viirs-ntl,b1,longntl_annual_native500m_positive_pixel_sum_v1
2021,长春市,156220100,228807.963013369,21370,10.7298821836546,1.00499999523163,281.179992675781,true,projects/sat-io/open-datasets/npp-viirs-ntl,b1,longntl_annual_native500m_positive_pixel_sum_v1
2021,吉林市,156220200,41663.5700281512,6077,6.87689434957452,1.00499999523163,171.5,true,projects/sat-io/open-datasets/npp-viirs-ntl,b1,longntl_annual_native500m_positive_pixel_sum_v1
2021,四平市,156220300,19275.5348328076,3461,5.67524475846097,1.00499999523163,61.4749984741211,true,projects/sat-io/open-datasets/npp-viirs-ntl,b1,longntl_annual_native500m_positive_pixel_sum_v1
2021,辽源市,156220400,13953.9742036759,1892,7.47964883554262,1.00499999523163,91.9749984741211,true,projects/sat-io/open-datasets/npp-viirs-ntl,b1,longntl_annual_native500m_positive_pixel_sum_v1
2021,通化市,156220500,16456.019420657,3181,5.22921751777019,1.00499999523163,121.465003967285,true,projects/sat-io/open-datasets/npp-viirs-ntl,b1,longntl_annual_native500m_positive_pixel_sum_v1
2021,白山市,156220600,6113.83206228368,1740,3.57753917298635,1.00499999523163,34.2949981689453,true,projects/sat-io/open-datasets/npp-viirs-ntl,b1,longntl_annual_native500m_positive_pixel_sum_v1
2021,松原市,156220700,22726.4370776967,4056,5.61613722264527,1.00499999523163,94.9449996948242,true,projects/sat-io/open-datasets/npp-viirs-ntl,b1,longntl_annual_native500m_positive_pixel_sum_v1
2021,白城市,156220800,13970.0387856642,2837,4.94112018434312,1.00499999523163,71.4250030517578,true,projects/sat-io/open-datasets/npp-viirs-ntl,b1,longntl_annual_native500m_positive_pixel_sum_v1
2021,延边朝鲜族自治州,156222400,24673.495522917,4135,5.99460097711043,1.00499999523163,77.0299987792969,true,projects/sat-io/open-datasets/npp-viirs-ntl,b1,longntl_annual_native500m_positive_pixel_sum_v1
2021,哈尔滨市,156230100,116344.377586766,13350,8.72277278301201,1.00499999523163,150.225006103516,true,projects/sat-io/open-datasets/npp-viirs-ntl,b1,longntl_annual_native500m_positive_pixel_sum_v1
2021,齐齐哈尔市,156230200,35220.1098061912,5387,6.54235423824929,1.00499999523163,84.6049957275391,true,projects/sat-io/open-datasets/npp-viirs-ntl,b1,longntl_annual_native500m_positive_pixel_sum_v1
2021,鸡西市,156230300,7872.54591617117,2037,3.87225919866607,1.00499999523163,60.7750015258789,true,projects/sat-io/open-datasets/npp-viirs-ntl,b1,longntl_annual_native500m_positive_pixel_sum_v1
2021,鹤岗市,156230400,5263.3733576424,1453,3.63608835615003,1.00499999523163,97.6149978637695,true,projects/sat-io/open-datasets/npp-viirs-ntl,b1,longntl_annual_native500m_positive_pixel_sum_v1
2021,双鸭山市,156230500,7519.39237382131,2006,3.75015168321495,1.00499999523163,55.2299995422363,true,projects/sat-io/open-datasets/npp-viirs-ntl,b1,longntl_annual_native500m_positive_pixel_sum_v1
2021,大庆市,156230600,72939.1264758699,10155,7.25956777478893,1.00499999523163,123.25,true,projects/sat-io/open-datasets/npp-viirs-ntl,b1,longntl_annual_native500m_positive_pixel_sum_v1
2021,伊春市,156230700,5550.3505590177,1306,4.26728633273088,1.00499999523163,50.1900024414062,true,projects/sat-io/open-datasets/npp-viirs-ntl,b1,longntl_annual_native500m_positive_pixel_sum_v1
2021,佳木斯市,156230800,27828.9254523548,3777,7.38654918867853,1.00499999523163,91.245002746582,true,projects/sat-io/open-datasets/npp-viirs-ntl,b1,longntl_annual_native500m_positive_pixel_sum_v1
2021,七台河市,156230900,5121.56500828266,1292,3.96405960393395,1.00499999523163,39.4850006103516,true,projects/sat-io/open-datasets/npp-viirs-ntl,b1,longntl_annual_native500m_positive_pixel_sum_v1
2021,牡丹江市,156231000,20518.7676544858,2771,7.43289979755813,1.00499999523163,109.770004272461,true,projects/sat-io/open-datasets/npp-viirs-ntl,b1,longntl_annual_native500m_positive_pixel_sum_v1
2021,黑河市,156231100,10612.8051214653,2063,5.17422643906951,1.00499999523163,70.0149993896484,true,projects/sat-io/open-datasets/npp-viirs-ntl,b1,longntl_annual_native500m_positive_pixel_sum_v1
2021,绥化市,156231200,20781.6472812821,4834,4.41702025982657,1.00499999523163,76.6650009155273,true,projects/sat-io/open-datasets/npp-viirs-ntl,b1,longntl_annual_native500m_positive_pixel_sum_v1
2021,大兴安岭地区,156232700,642.875860090349,271,2.37374703990732,1.00499999523163,14.2000007629395,true,projects/sat-io/open-datasets/npp-viirs-ntl,b1,longntl_annual_native500m_positive_pixel_sum_v1
2021,上海市,156310000,505224.515250535,28495,17.8985414241097,1.00499999523163,341.589996337891,true,projects/sat-io/open-datasets/npp-viirs-ntl,b1,longntl_annual_native500m_positive_pixel_sum_v1
2021,南京市,156320100,225631.933287926,24295,9.43839940465873,1.00499999523163,171.505004882812,true,projects/sat-io/open-datasets/npp-viirs-ntl,b1,longntl_annual_native500m_positive_pixel_sum_v1
2021,无锡市,156320200,190726.610315695,17959,10.8525852543837,1.00499999523163,197.800003051758,true,projects/sat-io/open-datasets/npp-viirs-ntl,b1,longntl_annual_native500m_positive_pixel_sum_v1
2021,徐州市,156320300,120840.66630659,25428,4.80637844467628,1.00499999523163,72.5050048828125,true,projects/sat-io/open-datasets/npp-viirs-ntl,b1,longntl_annual_native500m_positive_pixel_sum_v1
2021,常州市,156320400,140056.974820616,15779,9.11667263457502,1.00499999523163,229.179992675781,true,projects/sat-io/open-datasets/npp-viirs-ntl,b1,longntl_annual_native500m_positive_pixel_sum_v1
2021,苏州市,156320500,434791.243233855,28270,15.5928817912771,1.00499999523163,289.295013427734,true,projects/sat-io/open-datasets/npp-viirs-ntl,b1,longntl_annual_native500m_positive_pixel_sum_v1
2021,南通市,156320600,165700.314469186,31130,5.34156714364306,1.00499999523163,126.869995117188,true,projects/sat-io/open-datasets/npp-viirs-ntl,b1,longntl_annual_native500m_positive_pixel_sum_v1
2021,连云港市,156320700,61189.4197532514,14376,4.29221664974784,1.00499999523163,68.0999984741211,true,projects/sat-io/open-datasets/npp-viirs-ntl,b1,longntl_annual_native500m_positive_pixel_sum_v1
2021,淮安市,156320800,77411.1795567812,12245,6.34798637615969,1.00499999523163,86.0800018310547,true,projects/sat-io/open-datasets/npp-viirs-ntl,b1,longntl_annual_native500m_positive_pixel_sum_v1
2021,盐城市,156320900,125931.564161061,24439,5.19053100866927,1.00499999523163,254.964996337891,true,projects/sat-io/open-datasets/npp-viirs-ntl,b1,longntl_annual_native500m_positive_pixel_sum_v1
2021,扬州市,156321000,100532.203003142,15405,6.58821636756917,1.00499999523163,107.604995727539,true,projects/sat-io/open-datasets/npp-viirs-ntl,b1,longntl_annual_native500m_positive_pixel_sum_v1
2021,镇江市,156321100,83916.5831998536,14314,5.99910981264919,1.00499999523163,61.7300033569336,true,projects/sat-io/open-datasets/npp-viirs-ntl,b1,longntl_annual_native500m_positive_pixel_sum_v1
2021,泰州市,156321200,103494.167253102,19959,5.25132415236673,1.00499999523163,80.1399993896484,true,projects/sat-io/open-datasets/npp-viirs-ntl,b1,longntl_annual_native500m_positive_pixel_sum_v1
2021,宿迁市,156321300,68598.8936836892,12776,5.40351160998106,1.00499999523163,134.975006103516,true,projects/sat-io/open-datasets/npp-viirs-ntl,b1,longntl_annual_native500m_positive_pixel_sum_v1
2021,杭州市,156330100,246909.065421824,23699,10.5345356149526,1.00499999523163,234.735000610352,true,projects/sat-io/open-datasets/npp-viirs-ntl,b1,longntl_annual_native500m_positive_pixel_sum_v1
2021,宁波市,156330200,251525.643340662,26507,9.53569636779806,1.00499999523163,181.259994506836,true,projects/sat-io/open-datasets/npp-viirs-ntl,b1,longntl_annual_native500m_positive_pixel_sum_v1
2021,温州市,156330300,156453.861736968,21747,7.23974853482437,1.00499999523163,152.350006103516,true,projects/sat-io/open-datasets/npp-viirs-ntl,b1,longntl_annual_native500m_positive_pixel_sum_v1
2021,嘉兴市,156330400,156366.065431241,18642,8.51660474330293,1.125,123.904998779297,true,projects/sat-io/open-datasets/npp-viirs-ntl,b1,longntl_annual_native500m_positive_pixel_sum_v1
2021,湖州市,156330500,94709.3398862235,17931,5.34305276309526,1.00499999523163,71.6900024414062,true,projects/sat-io/open-datasets/npp-viirs-ntl,b1,longntl_annual_native500m_positive_pixel_sum_v1
2021,绍兴市,156330600,108762.664152279,18291,6.018811631603,1.00499999523163,70.3300018310547,true,projects/sat-io/open-datasets/npp-viirs-ntl,b1,longntl_annual_native500m_positive_pixel_sum_v1
2021,金华市,156330700,157666.448848597,21504,7.35650440977207,1.00499999523163,108.964996337891,true,projects/sat-io/open-datasets/npp-viirs-ntl,b1,longntl_annual_native500m_positive_pixel_sum_v1
2021,衢州市,156330800,34850.9240048722,7902,4.42602109235911,1.00499999523163,60.9650001525879,true,projects/sat-io/open-datasets/npp-viirs-ntl,b1,longntl_annual_native500m_positive_pixel_sum_v1
2021,舟山市,156330900,26737.0632616179,4245,6.53638334630382,1.00499999523163,250.630004882812,true,projects/sat-io/open-datasets/npp-viirs-ntl,b1,longntl_annual_native500m_positive_pixel_sum_v1
2021,台州市,156331000,113521.258339061,17073,6.67444621208015,1.00499999523163,107.714996337891,true,projects/sat-io/open-datasets/npp-viirs-ntl,b1,longntl_annual_native500m_positive_pixel_sum_v1
2021,丽水市,156331100,35358.141913213,6573,5.40560420721931,1.00499999523163,65.6549987792969,true,projects/sat-io/open-datasets/npp-viirs-ntl,b1,longntl_annual_native500m_positive_pixel_sum_v1
2021,合肥市,156340100,190199.288004783,18220,10.5063358507431,1.00499999523163,226.839996337891,true,projects/sat-io/open-datasets/npp-viirs-ntl,b1,longntl_annual_native500m_positive_pixel_sum_v1
2021,芜湖市,156340200,57007.2483506782,10818,5.3192102185458,1.00499999523163,70.4300003051758,true,projects/sat-io/open-datasets/npp-viirs-ntl,b1,longntl_annual_native500m_positive_pixel_sum_v1
2021,蚌埠市,156340300,39819.9198284444,6138,6.56675385811765,1.00499999523163,55.9199981689453,true,projects/sat-io/open-datasets/npp-viirs-ntl,b1,longntl_annual_native500m_positive_pixel_sum_v1
2021,淮南市,156340400,30954.8512721838,7305,4.27496231918337,1.00499999523163,121.230003356934,true,projects/sat-io/open-datasets/npp-viirs-ntl,b1,longntl_annual_native500m_positive_pixel_sum_v1
2021,马鞍山市,156340500,38291.9151727906,7558,5.20319934918252,1.00499999523163,78.6650009155273,true,projects/sat-io/open-datasets/npp-viirs-ntl,b1,longntl_annual_native500m_positive_pixel_sum_v1
2021,淮北市,156340600,32258.5236034604,6376,5.22975835118185,1.00499999523163,69.9600067138672,true,projects/sat-io/open-datasets/npp-viirs-ntl,b1,longntl_annual_native500m_positive_pixel_sum_v1
2021,铜陵市,156340700,16088.4879536937,2959,5.53173897909083,1.00499999523163,60.5849990844727,true,projects/sat-io/open-datasets/npp-viirs-ntl,b1,longntl_annual_native500m_positive_pixel_sum_v1
2021,安庆市,156340800,38741.5838335374,6368,6.09992552078024,1.00499999523163,70.6150054931641,true,projects/sat-io/open-datasets/npp-viirs-ntl,b1,longntl_annual_native500m_positive_pixel_sum_v1
2021,黄山市,156341000,6220.12188270653,1854,3.35516566102547,1.00499999523163,22.7099990844727,true,projects/sat-io/open-datasets/npp-viirs-ntl,b1,longntl_annual_native500m_positive_pixel_sum_v1
2021,滁州市,156341100,77026.3769013396,13458,5.80402673927217,1.00499999523163,69.8600006103516,true,projects/sat-io/open-datasets/npp-viirs-ntl,b1,longntl_annual_native500m_positive_pixel_sum_v1
2021,阜阳市,156341200,85003.1177143041,18907,4.51041383940801,1.00499999523163,82.6650009155273,true,projects/sat-io/open-datasets/npp-viirs-ntl,b1,longntl_annual_native500m_positive_pixel_sum_v1
2021,宿州市,156341300,47911.8976849299,11145,4.39609147790559,1.00499999523163,63.9650001525879,true,projects/sat-io/open-datasets/npp-viirs-ntl,b1,longntl_annual_native500m_positive_pixel_sum_v1
2021,六安市,156341500,50347.0026015721,9248,5.4808196343217,1.00499999523163,83.2099990844727,true,projects/sat-io/open-datasets/npp-viirs-ntl,b1,longntl_annual_native500m_positive_pixel_sum_v1
2021,亳州市,156341600,44828.1431205394,8412,5.36561342914601,1.00499999523163,81.3800048828125,true,projects/sat-io/open-datasets/npp-viirs-ntl,b1,longntl_annual_native500m_positive_pixel_sum_v1
2021,池州市,156341700,11478.9933565271,2851,4.06621663929743,1.00499999523163,34.7150001525879,true,projects/sat-io/open-datasets/npp-viirs-ntl,b1,longntl_annual_native500m_positive_pixel_sum_v1
2021,宣城市,156341800,28243.1813126798,6962,4.10804520481633,1.00499999523163,70.5749969482422,true,projects/sat-io/open-datasets/npp-viirs-ntl,b1,longntl_annual_native500m_positive_pixel_sum_v1
2021,福州市,156350100,141980.699546867,19652,7.29636443824585,1.00499999523163,139.979995727539,true,projects/sat-io/open-datasets/npp-viirs-ntl,b1,longntl_annual_native500m_positive_pixel_sum_v1
2021,厦门市,156350200,98015.342922422,5380,18.6094134784459,1.00499999523163,246.260009765625,true,projects/sat-io/open-datasets/npp-viirs-ntl,b1,longntl_annual_native500m_positive_pixel_sum_v1
2021,莆田市,156350300,53042.6527371818,7154,7.47226956543287,1.00499999523163,83.6000061035156,true,projects/sat-io/open-datasets/npp-viirs-ntl,b1,longntl_annual_native500m_positive_pixel_sum_v1
2021,三明市,156350400,25613.2932004961,6147,4.17592021158173,1.00499999523163,52.7350006103516,true,projects/sat-io/open-datasets/npp-viirs-ntl,b1,longntl_annual_native500m_positive_pixel_sum_v1
2021,泉州市,156350500,175367.083734523,21096,8.38483668883569,1.00499999523163,150.865005493164,true,projects/sat-io/open-datasets/npp-viirs-ntl,b1,longntl_annual_native500m_positive_pixel_sum_v1
2021,漳州市,156350600,113507.377310642,20484,5.57614304017425,1.00499999523163,138.964996337891,true,projects/sat-io/open-datasets/npp-viirs-ntl,b1,longntl_annual_native500m_positive_pixel_sum_v1
2021,南平市,156350700,32485.9192285561,7042,4.62253415365898,1.00499999523163,62.8450012207031,true,projects/sat-io/open-datasets/npp-viirs-ntl,b1,longntl_annual_native500m_positive_pixel_sum_v1
2021,龙岩市,156350800,35616.4943107315,8110,4.3984992794783,1.00499999523163,53.9899978637695,true,projects/sat-io/open-datasets/npp-viirs-ntl,b1,longntl_annual_native500m_positive_pixel_sum_v1
2021,宁德市,156350900,43040.6899274541,10116,4.32397453670083,1.00499999523163,86.9400024414062,true,projects/sat-io/open-datasets/npp-viirs-ntl,b1,longntl_annual_native500m_positive_pixel_sum_v1
2021,南昌市,156360100,92388.4632570276,9995,9.27988890888488,1.00499999523163,142.554992675781,true,projects/sat-io/open-datasets/npp-viirs-ntl,b1,longntl_annual_native500m_positive_pixel_sum_v1
2021,景德镇市,156360200,19576.8221364737,2857,6.85606995043555,1.00499999523163,65.0299987792969,true,projects/sat-io/open-datasets/npp-viirs-ntl,b1,longntl_annual_native500m_positive_pixel_sum_v1
2021,萍乡市,156360300,7489.49885594985,1991,3.7776370920706,1.00499999523163,32.5250015258789,true,projects/sat-io/open-datasets/npp-viirs-ntl,b1,longntl_annual_native500m_positive_pixel_sum_v1
2021,九江市,156360400,40692.7044555921,7446,5.50365153265125,1.00499999523163,77.7250061035156,true,projects/sat-io/open-datasets/npp-viirs-ntl,b1,longntl_annual_native500m_positive_pixel_sum_v1
2021,新余市,156360500,8791.9519645387,1727,5.09399283588274,1.00499999523163,54.625,true,projects/sat-io/open-datasets/npp-viirs-ntl,b1,longntl_annual_native500m_positive_pixel_sum_v1
2021,鹰潭市,156360600,8945.24139722515,2040,4.42796768332757,1.00499999523163,38.5749969482422,true,projects/sat-io/open-datasets/npp-viirs-ntl,b1,longntl_annual_native500m_positive_pixel_sum_v1
2021,赣州市,156360700,64203.3141939196,11133,5.77073860987383,1.00499999523163,88.1499938964844,true,projects/sat-io/open-datasets/npp-viirs-ntl,b1,longntl_annual_native500m_positive_pixel_sum_v1
2021,吉安市,156360800,20691.0093231678,4492,4.60632758240846,1.00499999523163,50.5900001525879,true,projects/sat-io/open-datasets/npp-viirs-ntl,b1,longntl_annual_native500m_positive_pixel_sum_v1
2021,宜春市,156360900,37295.4069756508,8197,4.55631102900126,1.00499999523163,69.6199951171875,true,projects/sat-io/open-datasets/npp-viirs-ntl,b1,longntl_annual_native500m_positive_pixel_sum_v1
2021,抚州市,156361000,23487.3325959304,4502,5.22238366089453,1.00499999523163,56.3250007629395,true,projects/sat-io/open-datasets/npp-viirs-ntl,b1,longntl_annual_native500m_positive_pixel_sum_v1
2021,上饶市,156361100,32424.9968166248,7501,4.3363066850149,1.00499999523163,60.8250007629395,true,projects/sat-io/open-datasets/npp-viirs-ntl,b1,longntl_annual_native500m_positive_pixel_sum_v1
2021,济南市,156370100,157215.566874388,24103,6.56761818616779,1.00499999523163,221.255004882812,true,projects/sat-io/open-datasets/npp-viirs-ntl,b1,longntl_annual_native500m_positive_pixel_sum_v1
2021,青岛市,156370200,191322.750958033,28490,6.76364132977001,1.00499999523163,139,true,projects/sat-io/open-datasets/npp-viirs-ntl,b1,longntl_annual_native500m_positive_pixel_sum_v1
2021,淄博市,156370300,79238.146029241,14961,5.41604540186292,1.00499999523163,61.370002746582,true,projects/sat-io/open-datasets/npp-viirs-ntl,b1,longntl_annual_native500m_positive_pixel_sum_v1
2021,枣庄市,156370400,39022.9265246821,11571,3.41861259550051,1.00499999523163,49.2000007629395,true,projects/sat-io/open-datasets/npp-viirs-ntl,b1,longntl_annual_native500m_positive_pixel_sum_v1
2021,东营市,156370500,73092.4316511206,16000,4.62606078599818,1.00499999523163,117.214996337891,true,projects/sat-io/open-datasets/npp-viirs-ntl,b1,longntl_annual_native500m_positive_pixel_sum_v1
2021,烟台市,156370600,107936.086643823,20748,5.23503159125361,1.00499999523163,248.414993286133,true,projects/sat-io/open-datasets/npp-viirs-ntl,b1,longntl_annual_native500m_positive_pixel_sum_v1
2021,潍坊市,156370700,145814.38571389,35925,4.08563217236769,1.00499999523163,77.6500015258789,true,projects/sat-io/open-datasets/npp-viirs-ntl,b1,longntl_annual_native500m_positive_pixel_sum_v1
2021,济宁市,156370800,90536.1240118672,22271,4.10286081093001,1.00499999523163,106.669998168945,true,projects/sat-io/open-datasets/npp-viirs-ntl,b1,longntl_annual_native500m_positive_pixel_sum_v1
2021,泰安市,156370900,58734.5991292131,12606,4.69861020444156,1.00499999523163,171.839996337891,true,projects/sat-io/open-datasets/npp-viirs-ntl,b1,longntl_annual_native500m_positive_pixel_sum_v1
2021,威海市,156371000,50504.5361539074,9662,5.26289501646109,1.00499999523163,138.285003662109,true,projects/sat-io/open-datasets/npp-viirs-ntl,b1,longntl_annual_native500m_positive_pixel_sum_v1
2021,日照市,156371100,36028.8034235047,8639,4.23001391058956,1.00499999523163,60.9349975585938,true,projects/sat-io/open-datasets/npp-viirs-ntl,b1,longntl_annual_native500m_positive_pixel_sum_v1
2021,临沂市,156371300,136758.247350294,34359,4.00203273551425,1.00499999523163,318.640014648438,true,projects/sat-io/open-datasets/npp-viirs-ntl,b1,longntl_annual_native500m_positive_pixel_sum_v1
2021,德州市,156371400,58339.1104881609,13497,4.37633815888433,1.00499999523163,71.8249969482422,true,projects/sat-io/open-datasets/npp-viirs-ntl,b1,longntl_annual_native500m_positive_pixel_sum_v1
2021,聊城市,156371500,59097.0109469386,15815,3.76282028948735,1.00499999523163,64.6650009155273,true,projects/sat-io/open-datasets/npp-viirs-ntl,b1,longntl_annual_native500m_positive_pixel_sum_v1
2021,滨州市,156371600,70100.4275888307,18261,3.9080843398507,1.00499999523163,76.0099945068359,true,projects/sat-io/open-datasets/npp-viirs-ntl,b1,longntl_annual_native500m_positive_pixel_sum_v1
2021,菏泽市,156371700,83920.5610297348,22731,3.70429585122233,1.00499999523163,79.2249984741211,true,projects/sat-io/open-datasets/npp-viirs-ntl,b1,longntl_annual_native500m_positive_pixel_sum_v1
2021,郑州市,156410100,201904.733204541,25021,8.13835486994584,1.00499999523163,187.625,true,projects/sat-io/open-datasets/npp-viirs-ntl,b1,longntl_annual_native500m_positive_pixel_sum_v1
2021,开封市,156410200,47161.5715738577,9593,5.00828137165055,1.00499999523163,125.415000915527,true,projects/sat-io/open-datasets/npp-viirs-ntl,b1,longntl_annual_native500m_positive_pixel_sum_v1
2021,洛阳市,156410300,89952.9361864983,13899,6.51759156752293,1.00499999523163,95.1100006103516,true,projects/sat-io/open-datasets/npp-viirs-ntl,b1,longntl_annual_native500m_positive_pixel_sum_v1
2021,平顶山市,156410400,41907.9612679631,9829,4.2890799739002,1.00499999523163,65.5250015258789,true,projects/sat-io/open-datasets/npp-viirs-ntl,b1,longntl_annual_native500m_positive_pixel_sum_v1
2021,安阳市,156410500,53910.1084069495,13052,4.1938545121044,1.00499999523163,76.6750030517578,true,projects/sat-io/open-datasets/npp-viirs-ntl,b1,longntl_annual_native500m_positive_pixel_sum_v1
2021,鹤壁市,156410600,18969.2618448159,4393,4.40607974075233,1.00499999523163,71.5299987792969,true,projects/sat-io/open-datasets/npp-viirs-ntl,b1,longntl_annual_native500m_positive_pixel_sum_v1
2021,新乡市,156410700,65206.9677547894,17088,3.84010748599404,1.00499999523163,62.1149978637695,true,projects/sat-io/open-datasets/npp-viirs-ntl,b1,longntl_annual_native500m_positive_pixel_sum_v1
2021,焦作市,156410800,39176.2938134165,10049,3.93716544186555,1.00499999523163,41.1350021362305,true,projects/sat-io/open-datasets/npp-viirs-ntl,b1,longntl_annual_native500m_positive_pixel_sum_v1
2021,濮阳市,156410900,44736.9042564369,11350,3.98991830724829,1.00499999523163,90.3150024414062,true,projects/sat-io/open-datasets/npp-viirs-ntl,b1,longntl_annual_native500m_positive_pixel_sum_v1
2021,许昌市,156411000,37915.3247426346,10145,3.77296063040743,1.00499999523163,55.0449981689453,true,projects/sat-io/open-datasets/npp-viirs-ntl,b1,longntl_annual_native500m_positive_pixel_sum_v1
2021,漯河市,156411100,28886.4432547382,4390,6.70842302886194,1.00499999523163,117.125,true,projects/sat-io/open-datasets/npp-viirs-ntl,b1,longntl_annual_native500m_positive_pixel_sum_v1
2021,三门峡市,156411200,19049.8288486574,4377,4.3868840280926,1.00499999523163,51.4000015258789,true,projects/sat-io/open-datasets/npp-viirs-ntl,b1,longntl_annual_native500m_positive_pixel_sum_v1
2021,南阳市,156411300,55440.2161490627,12896,4.30551295437798,1.00499999523163,69.1999969482422,true,projects/sat-io/open-datasets/npp-viirs-ntl,b1,longntl_annual_native500m_positive_pixel_sum_v1
2021,商丘市,156411400,68189.3662327832,14739,4.66226823829075,1.00499999523163,108.934997558594,true,projects/sat-io/open-datasets/npp-viirs-ntl,b1,longntl_annual_native500m_positive_pixel_sum_v1
2021,信阳市,156411500,31966.0107964324,6998,4.5990627080328,1.00499999523163,59.4749984741211,true,projects/sat-io/open-datasets/npp-viirs-ntl,b1,longntl_annual_native500m_positive_pixel_sum_v1
2021,周口市,156411600,60038.8322970722,15935,3.78796425082902,1.00499999523163,85.8850021362305,true,projects/sat-io/open-datasets/npp-viirs-ntl,b1,longntl_annual_native500m_positive_pixel_sum_v1
2021,驻马店市,156411700,69095.7478463075,12952,5.37283290356616,1.00499999523163,103.595001220703,true,projects/sat-io/open-datasets/npp-viirs-ntl,b1,longntl_annual_native500m_positive_pixel_sum_v1
2021,济源市,156419001,9782.26186322464,2155,4.58264690991746,1.00499999523163,42.9899978637695,true,projects/sat-io/open-datasets/npp-viirs-ntl,b1,longntl_annual_native500m_positive_pixel_sum_v1
2021,武汉市,156420100,232857.83227679,18655,12.5684920498232,1.00499999523163,298.875,true,projects/sat-io/open-datasets/npp-viirs-ntl,b1,longntl_annual_native500m_positive_pixel_sum_v1
2021,黄石市,156420200,21979.910363597,4420,5.04745171740247,1.00499999523163,45.9899978637695,true,projects/sat-io/open-datasets/npp-viirs-ntl,b1,longntl_annual_native500m_positive_pixel_sum_v1
2021,十堰市,156420300,17371.0147286583,3723,4.6880516681708,1.00499999523163,37.875,true,projects/sat-io/open-datasets/npp-viirs-ntl,b1,longntl_annual_native500m_positive_pixel_sum_v1
2021,宜昌市,156420500,33224.0498619253,7549,4.40527976093253,1.00499999523163,83.7550048828125,true,projects/sat-io/open-datasets/npp-viirs-ntl,b1,longntl_annual_native500m_positive_pixel_sum_v1
2021,襄阳市,156420600,40427.8045600017,7384,5.49683579475767,1.00499999523163,53.4199981689453,true,projects/sat-io/open-datasets/npp-viirs-ntl,b1,longntl_annual_native500m_positive_pixel_sum_v1
2021,鄂州市,156420700,18985.6164624083,4068,4.7466740245172,1.00499999523163,53.7750015258789,true,projects/sat-io/open-datasets/npp-viirs-ntl,b1,longntl_annual_native500m_positive_pixel_sum_v1
2021,荆门市,156420800,14481.0248497996,3672,3.95347610909178,1.00499999523163,47.4799995422363,true,projects/sat-io/open-datasets/npp-viirs-ntl,b1,longntl_annual_native500m_positive_pixel_sum_v1
2021,孝感市,156420900,25982.5323278189,6622,3.98312002216765,1.00499999523163,39.875,true,projects/sat-io/open-datasets/npp-viirs-ntl,b1,longntl_annual_native500m_positive_pixel_sum_v1
2021,荆州市,156421000,33051.2714147769,6599,5.03225992382899,1.00499999523163,83.0999984741211,true,projects/sat-io/open-datasets/npp-viirs-ntl,b1,longntl_annual_native500m_positive_pixel_sum_v1
2021,黄冈市,156421100,32924.2457547763,8039,4.1218893398139,1.00499999523163,68.1650009155273,true,projects/sat-io/open-datasets/npp-viirs-ntl,b1,longntl_annual_native500m_positive_pixel_sum_v1
2021,咸宁市,156421200,16695.7163944791,3934,4.26164802037245,1.00499999523163,51.685001373291,true,projects/sat-io/open-datasets/npp-viirs-ntl,b1,longntl_annual_native500m_positive_pixel_sum_v1
2021,随州市,156421300,8997.19135443697,2194,4.10793140098483,1.00499999523163,31.2400016784668,true,projects/sat-io/open-datasets/npp-viirs-ntl,b1,longntl_annual_native500m_positive_pixel_sum_v1
2021,恩施土家族苗族自治州,156422800,13959.8087830567,3097,4.54594953091648,1.00499999523163,38.9799995422363,true,projects/sat-io/open-datasets/npp-viirs-ntl,b1,longntl_annual_native500m_positive_pixel_sum_v1
2021,仙桃市,156429004,8983.99404039056,1758,5.19761976458912,1.00499999523163,52.3249969482422,true,projects/sat-io/open-datasets/npp-viirs-ntl,b1,longntl_annual_native500m_positive_pixel_sum_v1
2021,潜江市,156429005,6933.8865213511,1680,4.1770598087979,1.00499999523163,31.4449996948242,true,projects/sat-io/open-datasets/npp-viirs-ntl,b1,longntl_annual_native500m_positive_pixel_sum_v1
2021,天门市,156429006,5292.04740492035,1196,4.5468920389996,1.00499999523163,33.5599975585938,true,projects/sat-io/open-datasets/npp-viirs-ntl,b1,longntl_annual_native500m_positive_pixel_sum_v1
2021,神农架林区,156429021,114.155000329018,53,2.15386793073618,1.00499999523163,7.17500019073486,true,projects/sat-io/open-datasets/npp-viirs-ntl,b1,longntl_annual_native500m_positive_pixel_sum_v1
2021,长沙市,156430100,143580.112367746,15315,9.45580614017162,1.00499999523163,129.355010986328,true,projects/sat-io/open-datasets/npp-viirs-ntl,b1,longntl_annual_native500m_positive_pixel_sum_v1
2021,株洲市,156430200,26912.1624555293,4689,5.83768988791799,1.00499999523163,64.0650024414062,true,projects/sat-io/open-datasets/npp-viirs-ntl,b1,longntl_annual_native500m_positive_pixel_sum_v1
2021,湘潭市,156430300,23172.0075021604,3932,6.1041709673213,1.00499999523163,52.3150024414062,true,projects/sat-io/open-datasets/npp-viirs-ntl,b1,longntl_annual_native500m_positive_pixel_sum_v1
2021,衡阳市,156430400,20156.4038721786,4806,4.19421363836368,1.00499999523163,34.8649978637695,true,projects/sat-io/open-datasets/npp-viirs-ntl,b1,longntl_annual_native500m_positive_pixel_sum_v1
2021,邵阳市,156430500,18387.3714014138,3865,4.76309833061306,1.00499999523163,50.9899978637695,true,projects/sat-io/open-datasets/npp-viirs-ntl,b1,longntl_annual_native500m_positive_pixel_sum_v1
2021,岳阳市,156430600,26969.5728938009,6216,4.36448491612717,1.00499999523163,98.6800003051758,true,projects/sat-io/open-datasets/npp-viirs-ntl,b1,longntl_annual_native500m_positive_pixel_sum_v1
2021,常德市,156430700,30135.2709402631,6327,4.76620731282154,1.00499999523163,47.9099998474121,true,projects/sat-io/open-datasets/npp-viirs-ntl,b1,longntl_annual_native500m_positive_pixel_sum_v1
2021,张家界市,156430800,6341.5228743628,1490,4.26246137230187,1.00499999523163,38.4049987792969,true,projects/sat-io/open-datasets/npp-viirs-ntl,b1,longntl_annual_native500m_positive_pixel_sum_v1
2021,益阳市,156430900,12036.611710066,3353,3.61757174957077,1.00499999523163,36.1500015258789,true,projects/sat-io/open-datasets/npp-viirs-ntl,b1,longntl_annual_native500m_positive_pixel_sum_v1
2021,郴州市,156431000,15512.5870474259,4190,3.70747913883223,1.00499999523163,32.9099998474121,true,projects/sat-io/open-datasets/npp-viirs-ntl,b1,longntl_annual_native500m_positive_pixel_sum_v1
2021,永州市,156431100,20369.2799265282,4690,4.35008829815549,1.00499999523163,41.3349990844727,true,projects/sat-io/open-datasets/npp-viirs-ntl,b1,longntl_annual_native500m_positive_pixel_sum_v1
2021,怀化市,156431200,16731.0479357523,3678,4.59940990104241,1.00499999523163,42.2949981689453,true,projects/sat-io/open-datasets/npp-viirs-ntl,b1,longntl_annual_native500m_positive_pixel_sum_v1
2021,娄底市,156431300,15956.5969324916,3247,4.96858373807027,1.00499999523163,48.2649993896484,true,projects/sat-io/open-datasets/npp-viirs-ntl,b1,longntl_annual_native500m_positive_pixel_sum_v1
2021,湘西土家族苗族自治州,156433100,11715.9565379657,2523,4.72166735760452,1.00499999523163,60.8500022888184,true,projects/sat-io/open-datasets/npp-viirs-ntl,b1,longntl_annual_native500m_positive_pixel_sum_v1
2021,广州市,156440100,296602.037270081,23058,13.0340505841476,1.00499999523163,243.434997558594,true,projects/sat-io/open-datasets/npp-viirs-ntl,b1,longntl_annual_native500m_positive_pixel_sum_v1
2021,韶关市,156440200,35021.4722761594,8899,3.94385949055849,1.00499999523163,54.1149978637695,true,projects/sat-io/open-datasets/npp-viirs-ntl,b1,longntl_annual_native500m_positive_pixel_sum_v1
2021,深圳市,156440300,207423.284934376,8171,26.2042758099594,1.00499999523163,243.875,true,projects/sat-io/open-datasets/npp-viirs-ntl,b1,longntl_annual_native500m_positive_pixel_sum_v1
2021,珠海市,156440400,50361.5124055615,4860,10.621276704506,1.01499998569489,178.809997558594,true,projects/sat-io/open-datasets/npp-viirs-ntl,b1,longntl_annual_native500m_positive_pixel_sum_v1
2021,汕头市,156440500,78837.4724590633,7446,10.8425697183702,1.00499999523163,84.7550048828125,true,projects/sat-io/open-datasets/npp-viirs-ntl,b1,longntl_annual_native500m_positive_pixel_sum_v1
2021,佛山市,156440600,182210.036989855,14511,12.9010899926234,1.00499999523163,91.2949981689453,true,projects/sat-io/open-datasets/npp-viirs-ntl,b1,longntl_annual_native500m_positive_pixel_sum_v1
2021,江门市,156440700,100827.650236602,19153,5.31067869813622,1.00499999523163,60.3950004577637,true,projects/sat-io/open-datasets/npp-viirs-ntl,b1,longntl_annual_native500m_positive_pixel_sum_v1
2021,湛江市,156440800,82481.3150210409,20199,4.12242163230692,1.00499999523163,176.510009765625,true,projects/sat-io/open-datasets/npp-viirs-ntl,b1,longntl_annual_native500m_positive_pixel_sum_v1
2021,茂名市,156440900,54208.2094896845,13690,4.01278853094832,1.00499999523163,70.2600021362305,true,projects/sat-io/open-datasets/npp-viirs-ntl,b1,longntl_annual_native500m_positive_pixel_sum_v1
2021,肇庆市,156441200,55541.4893989282,12793,4.40702599664775,1.00499999523163,58.995002746582,true,projects/sat-io/open-datasets/npp-viirs-ntl,b1,longntl_annual_native500m_positive_pixel_sum_v1
2021,惠州市,156441300,145904.415328565,22767,6.49040200892647,1.00499999523163,126.879997253418,true,projects/sat-io/open-datasets/npp-viirs-ntl,b1,longntl_annual_native500m_positive_pixel_sum_v1
2021,梅州市,156441400,39483.5964539991,9927,3.99522441111968,1.00499999523163,81.5650024414062,true,projects/sat-io/open-datasets/npp-viirs-ntl,b1,longntl_annual_native500m_positive_pixel_sum_v1
2021,汕尾市,156441500,55359.1846462053,11669,4.79954090243032,1.00499999523163,113.675003051758,true,projects/sat-io/open-datasets/npp-viirs-ntl,b1,longntl_annual_native500m_positive_pixel_sum_v1
2021,河源市,156441600,34700.2754793106,7328,4.76540470597776,1.00499999523163,59.0499992370605,true,projects/sat-io/open-datasets/npp-viirs-ntl,b1,longntl_annual_native500m_positive_pixel_sum_v1
2021,阳江市,156441700,33221.2605232842,7496,4.45965919256202,1.00499999523163,60.814998626709,true,projects/sat-io/open-datasets/npp-viirs-ntl,b1,longntl_annual_native500m_positive_pixel_sum_v1
2021,清远市,156441800,54042.2403907037,14041,3.88031811748919,1.00499999523163,57.0349998474121,true,projects/sat-io/open-datasets/npp-viirs-ntl,b1,longntl_annual_native500m_positive_pixel_sum_v1
2021,东莞市,156441900,217292.684196888,10357,21.4726408888152,1.23000001907349,218.595001220703,true,projects/sat-io/open-datasets/npp-viirs-ntl,b1,longntl_annual_native500m_positive_pixel_sum_v1
2021,中山市,156442000,89958.8421744421,7014,13.0501444447127,1.35500001907349,98.3050003051758,true,projects/sat-io/open-datasets/npp-viirs-ntl,b1,longntl_annual_native500m_positive_pixel_sum_v1
2021,潮州市,156445100,41509.8246970775,6067,7.00777925854274,1.00499999523163,81.2799987792969,true,projects/sat-io/open-datasets/npp-viirs-ntl,b1,longntl_annual_native500m_positive_pixel_sum_v1
2021,揭阳市,156445200,79893.5973808686,13146,6.18875861986761,1.00499999523163,94.870002746582,true,projects/sat-io/open-datasets/npp-viirs-ntl,b1,longntl_annual_native500m_positive_pixel_sum_v1
2021,云浮市,156445300,23583.0481957454,6517,3.67146796995211,1.00499999523163,49.6849975585938,true,projects/sat-io/open-datasets/npp-viirs-ntl,b1,longntl_annual_native500m_positive_pixel_sum_v1
2021,南宁市,156450100,107568.099434576,16253,6.65187517010304,1.00499999523163,78.2050018310547,true,projects/sat-io/open-datasets/npp-viirs-ntl,b1,longntl_annual_native500m_positive_pixel_sum_v1
2021,柳州市,156450200,56018.222910077,7880,7.12094988994016,1.00499999523163,73.4150009155273,true,projects/sat-io/open-datasets/npp-viirs-ntl,b1,longntl_annual_native500m_positive_pixel_sum_v1
2021,桂林市,156450300,30806.3314221303,6934,4.44424395923904,1.00499999523163,51.9850006103516,true,projects/sat-io/open-datasets/npp-viirs-ntl,b1,longntl_annual_native500m_positive_pixel_sum_v1
2021,梧州市,156450400,17014.1246641061,4351,3.92356688432333,1.00499999523163,38.9150009155273,true,projects/sat-io/open-datasets/npp-viirs-ntl,b1,longntl_annual_native500m_positive_pixel_sum_v1
2021,北海市,156450500,24280.5917584134,4476,5.50314098057177,1.00499999523163,203.744995117188,true,projects/sat-io/open-datasets/npp-viirs-ntl,b1,longntl_annual_native500m_positive_pixel_sum_v1
2021,防城港市,156450600,13471.0649090346,2647,5.16684723941259,1.00499999523163,77.7149963378906,true,projects/sat-io/open-datasets/npp-viirs-ntl,b1,longntl_annual_native500m_positive_pixel_sum_v1
2021,钦州市,156450700,20589.8575966615,4256,4.8732893198433,1.00499999523163,86.125,true,projects/sat-io/open-datasets/npp-viirs-ntl,b1,longntl_annual_native500m_positive_pixel_sum_v1
2021,贵港市,156450800,22021.7693184988,6782,3.25277279698677,1.00499999523163,56.3349990844727,true,projects/sat-io/open-datasets/npp-viirs-ntl,b1,longntl_annual_native500m_positive_pixel_sum_v1
2021,玉林市,156450900,31839.8511719559,8268,3.87156061875485,1.00499999523163,55.9000015258789,true,projects/sat-io/open-datasets/npp-viirs-ntl,b1,longntl_annual_native500m_positive_pixel_sum_v1
2021,百色市,156451000,25383.014147686,6036,4.22034594372232,1.00499999523163,58.8349990844727,true,projects/sat-io/open-datasets/npp-viirs-ntl,b1,longntl_annual_native500m_positive_pixel_sum_v1
2021,贺州市,156451100,11818.2223496474,3041,3.88987635759576,1.00499999523163,40.2249984741211,true,projects/sat-io/open-datasets/npp-viirs-ntl,b1,longntl_annual_native500m_positive_pixel_sum_v1
2021,河池市,156451200,13714.3378922182,3841,3.60092769688446,1.00499999523163,44.6050033569336,true,projects/sat-io/open-datasets/npp-viirs-ntl,b1,longntl_annual_native500m_positive_pixel_sum_v1
2021,来宾市,156451300,13506.1017739581,4022,3.36907384486794,1.00499999523163,39.9850006103516,true,projects/sat-io/open-datasets/npp-viirs-ntl,b1,longntl_annual_native500m_positive_pixel_sum_v1
2021,崇左市,156451400,19166.5267642012,4476,4.32900148792193,1.00499999523163,59.0100021362305,true,projects/sat-io/open-datasets/npp-viirs-ntl,b1,longntl_annual_native500m_positive_pixel_sum_v1
2021,海口市,156460100,42569.079708356,4078,10.6259559594101,1.00499999523163,196.550003051758,true,projects/sat-io/open-datasets/npp-viirs-ntl,b1,longntl_annual_native500m_positive_pixel_sum_v1
2021,三亚市,156460200,22170.8279831405,3159,7.11704653089537,1.00499999523163,137.304992675781,true,projects/sat-io/open-datasets/npp-viirs-ntl,b1,longntl_annual_native500m_positive_pixel_sum_v1
2021,三沙市,156460300,2.24172532324697,1,2.30499982833862,2.30499982833862,2.30499982833862,true,projects/sat-io/open-datasets/npp-viirs-ntl,b1,longntl_annual_native500m_positive_pixel_sum_v1
2021,儋州市,156460400,16392.0406818783,2961,5.56499086546733,1.00499999523163,67.6100006103516,true,projects/sat-io/open-datasets/npp-viirs-ntl,b1,longntl_annual_native500m_positive_pixel_sum_v1
2021,五指山市,156469001,681.145001649857,207,3.29055556352588,1.00499999523163,17.6399993896484,true,projects/sat-io/open-datasets/npp-viirs-ntl,b1,longntl_annual_native500m_positive_pixel_sum_v1
2021,琼海市,156469002,5045.74985804137,1370,3.7201722473141,1.00499999523163,47.4650001525879,true,projects/sat-io/open-datasets/npp-viirs-ntl,b1,longntl_annual_native500m_positive_pixel_sum_v1
2021,文昌市,156469005,6708.53813836574,1665,4.09107094667993,1.00499999523163,46.2099990844727,true,projects/sat-io/open-datasets/npp-viirs-ntl,b1,longntl_annual_native500m_positive_pixel_sum_v1
2021,万宁市,156469006,5354.47536331672,1619,3.34622724211598,1.00499999523163,55.0499992370605,true,projects/sat-io/open-datasets/npp-viirs-ntl,b1,longntl_annual_native500m_positive_pixel_sum_v1
2021,东方市,156469007,13617.2492176098,3168,4.34067724104932,1.00499999523163,127.630004882812,true,projects/sat-io/open-datasets/npp-viirs-ntl,b1,longntl_annual_native500m_positive_pixel_sum_v1
2021,定安县,156469021,2323.96569152767,620,3.91767648605473,1.00499999523163,34.3400001525879,true,projects/sat-io/open-datasets/npp-viirs-ntl,b1,longntl_annual_native500m_positive_pixel_sum_v1
2021,屯昌县,156469022,1237.45274665496,340,3.71572424899043,1.00499999523163,22.3349990844727,true,projects/sat-io/open-datasets/npp-viirs-ntl,b1,longntl_annual_native500m_positive_pixel_sum_v1
2021,澄迈县,156469023,5992.52669156813,1427,4.30572814259273,1.00499999523163,32.2849998474121,true,projects/sat-io/open-datasets/npp-viirs-ntl,b1,longntl_annual_native500m_positive_pixel_sum_v1
2021,临高县,156469024,4120.96204722021,1153,3.58638040353965,1.00499999523163,64.9850006103516,true,projects/sat-io/open-datasets/npp-viirs-ntl,b1,longntl_annual_native500m_positive_pixel_sum_v1
2021,白沙黎族自治县,156469025,844.503861399725,281,3.01896041968443,1.00499999523163,21.3950004577637,true,projects/sat-io/open-datasets/npp-viirs-ntl,b1,longntl_annual_native500m_positive_pixel_sum_v1
2021,昌江黎族自治县,156469026,4608.15079893365,1372,3.41899687139925,1.00499999523163,75.1750030517578,true,projects/sat-io/open-datasets/npp-viirs-ntl,b1,longntl_annual_native500m_positive_pixel_sum_v1
2021,乐东黎族自治县,156469027,9974.41399310243,2828,3.55106556479185,1.00499999523163,65.620002746582,true,projects/sat-io/open-datasets/npp-viirs-ntl,b1,longntl_annual_native500m_positive_pixel_sum_v1
2021,陵水黎族自治县,156469028,5639.98999870197,1487,3.84925581369002,1.00499999523163,48.8349990844727,true,projects/sat-io/open-datasets/npp-viirs-ntl,b1,longntl_annual_native500m_positive_pixel_sum_v1
2021,保亭黎族苗族自治县,156469029,1121.48000144958,273,4.10798535329518,1.00499999523163,30.7900009155273,true,projects/sat-io/open-datasets/npp-viirs-ntl,b1,longntl_annual_native500m_positive_pixel_sum_v1
2021,琼中黎族苗族自治县,156469030,1198.5828407339,364,3.29525961323484,1.00499999523163,29.0550003051758,true,projects/sat-io/open-datasets/npp-viirs-ntl,b1,longntl_annual_native500m_positive_pixel_sum_v1
2021,重庆市,156500000,300372.931918329,45426,6.61732707145304,1.00499999523163,149.505004882812,true,projects/sat-io/open-datasets/npp-viirs-ntl,b1,longntl_annual_native500m_positive_pixel_sum_v1
2021,成都市,156510100,323427.301711069,35344,9.19271630506029,1.00499999523163,199.970001220703,true,projects/sat-io/open-datasets/npp-viirs-ntl,b1,longntl_annual_native500m_positive_pixel_sum_v1
2021,自贡市,156510300,13927.3716168231,3444,4.08513293268537,1.00499999523163,52.7150001525879,true,projects/sat-io/open-datasets/npp-viirs-ntl,b1,longntl_annual_native500m_positive_pixel_sum_v1
2021,攀枝花市,156510400,14062.8337661173,3053,4.63150645753972,1.00499999523163,285.605010986328,true,projects/sat-io/open-datasets/npp-viirs-ntl,b1,longntl_annual_native500m_positive_pixel_sum_v1
2021,泸州市,156510500,21120.8248247165,5237,4.07627452798978,1.00499999523163,56.1699981689453,true,projects/sat-io/open-datasets/npp-viirs-ntl,b1,longntl_annual_native500m_positive_pixel_sum_v1
2021,德阳市,156510600,41144.2813547111,9632,4.31493202796426,1.00499999523163,52.7900009155273,true,projects/sat-io/open-datasets/npp-viirs-ntl,b1,longntl_annual_native500m_positive_pixel_sum_v1
2021,绵阳市,156510700,44666.2048223266,8040,5.56472923315543,1.00499999523163,163.434997558594,true,projects/sat-io/open-datasets/npp-viirs-ntl,b1,longntl_annual_native500m_positive_pixel_sum_v1
2021,广元市,156510800,12026.4364575662,2963,4.06718287246559,1.00499999523163,43.3600006103516,true,projects/sat-io/open-datasets/npp-viirs-ntl,b1,longntl_annual_native500m_positive_pixel_sum_v1
2021,遂宁市,156510900,23651.7928737795,3961,5.99321618541442,1.00499999523163,62.7350006103516,true,projects/sat-io/open-datasets/npp-viirs-ntl,b1,longntl_annual_native500m_positive_pixel_sum_v1
2021,内江市,156511000,20329.26615696,4213,4.88385487199555,1.00499999523163,67.0500030517578,true,projects/sat-io/open-datasets/npp-viirs-ntl,b1,longntl_annual_native500m_positive_pixel_sum_v1
2021,乐山市,156511100,20757.0616470145,6006,3.46037649946928,1.00499999523163,37.4850006103516,true,projects/sat-io/open-datasets/npp-viirs-ntl,b1,longntl_annual_native500m_positive_pixel_sum_v1
2021,南充市,156511300,51610.1736780947,6831,7.56542520421078,1.00499999523163,99.4349975585938,true,projects/sat-io/open-datasets/npp-viirs-ntl,b1,longntl_annual_native500m_positive_pixel_sum_v1
2021,眉山市,156511400,31630.7606597788,7467,4.28994320648003,1.00499999523163,62.6449966430664,true,projects/sat-io/open-datasets/npp-viirs-ntl,b1,longntl_annual_native500m_positive_pixel_sum_v1
2021,宜宾市,156511500,32410.1468172877,7235,4.49161872563637,1.00499999523163,62.5,true,projects/sat-io/open-datasets/npp-viirs-ntl,b1,longntl_annual_native500m_positive_pixel_sum_v1
2021,广安市,156511600,19831.694555119,3912,5.08846778082748,1.00499999523163,53.1449966430664,true,projects/sat-io/open-datasets/npp-viirs-ntl,b1,longntl_annual_native500m_positive_pixel_sum_v1
2021,达州市,156511700,26734.274004156,4693,5.70498942732003,1.00499999523163,76.0099945068359,true,projects/sat-io/open-datasets/npp-viirs-ntl,b1,longntl_annual_native500m_positive_pixel_sum_v1
2021,雅安市,156511800,8852.62939248132,2423,3.66412616251071,1.00499999523163,34.6800003051758,true,projects/sat-io/open-datasets/npp-viirs-ntl,b1,longntl_annual_native500m_positive_pixel_sum_v1
2021,巴中市,156511900,8415.18228544114,2226,3.78804643156922,1.00499999523163,28.7849998474121,true,projects/sat-io/open-datasets/npp-viirs-ntl,b1,longntl_annual_native500m_positive_pixel_sum_v1
2021,资阳市,156512000,13943.4626485208,2437,5.73376622546663,1.00499999523163,59.7350006103516,true,projects/sat-io/open-datasets/npp-viirs-ntl,b1,longntl_annual_native500m_positive_pixel_sum_v1
2021,阿坝藏族羌族自治州,156513200,7429.75961105122,1996,3.72719416271025,1.00499999523163,46.5900001525879,true,projects/sat-io/open-datasets/npp-viirs-ntl,b1,longntl_annual_native500m_positive_pixel_sum_v1
2021,甘孜藏族自治州,156513300,13906.8380121904,2674,5.23590005685649,1.00499999523163,182.304992675781,true,projects/sat-io/open-datasets/npp-viirs-ntl,b1,longntl_annual_native500m_positive_pixel_sum_v1
2021,凉山彝族自治州,156513400,24826.726297976,5633,4.46431595528917,1.00499999523163,85.8249969482422,true,projects/sat-io/open-datasets/npp-viirs-ntl,b1,longntl_annual_native500m_positive_pixel_sum_v1
2021,贵阳市,156520100,82282.5847673996,10777,7.72241884368196,1.00499999523163,87.4750061035156,true,projects/sat-io/open-datasets/npp-viirs-ntl,b1,longntl_annual_native500m_positive_pixel_sum_v1
2021,六盘水市,156520200,16423.4846594483,3933,4.19538084921564,1.00499999523163,52.5100021362305,true,projects/sat-io/open-datasets/npp-viirs-ntl,b1,longntl_annual_native500m_positive_pixel_sum_v1
2021,遵义市,156520300,45234.0715664723,10877,4.18717077528114,1.00499999523163,64.1800003051758,true,projects/sat-io/open-datasets/npp-viirs-ntl,b1,longntl_annual_native500m_positive_pixel_sum_v1
2021,安顺市,156520400,21375.86471734,5175,4.18901074212507,1.00499999523163,57.5800018310547,true,projects/sat-io/open-datasets/npp-viirs-ntl,b1,longntl_annual_native500m_positive_pixel_sum_v1
2021,毕节市,156520500,26046.7118124892,6605,3.95905436362196,1.00499999523163,48.3600006103516,true,projects/sat-io/open-datasets/npp-viirs-ntl,b1,longntl_annual_native500m_positive_pixel_sum_v1
2021,铜仁市,156520600,20228.1986516139,4763,4.29840266341247,1.00499999523163,55.125,true,projects/sat-io/open-datasets/npp-viirs-ntl,b1,longntl_annual_native500m_positive_pixel_sum_v1
2021,黔西南布依族苗族自治州,156522300,21855.3509366311,4664,4.70169722370266,1.00499999523163,102.860000610352,true,projects/sat-io/open-datasets/npp-viirs-ntl,b1,longntl_annual_native500m_positive_pixel_sum_v1
2021,黔东南苗族侗族自治州,156522600,24119.6862037336,5345,4.53792014227359,1.00499999523163,68.1100006103516,true,projects/sat-io/open-datasets/npp-viirs-ntl,b1,longntl_annual_native500m_positive_pixel_sum_v1
2021,黔南布依族苗族自治州,156522700,29668.891066217,7352,4.08479938032615,1.00499999523163,93.5849990844727,true,projects/sat-io/open-datasets/npp-viirs-ntl,b1,longntl_annual_native500m_positive_pixel_sum_v1
2021,昆明市,156530100,138855.43707203,17191,8.1195865129729,1.00499999523163,180.235000610352,true,projects/sat-io/open-datasets/npp-viirs-ntl,b1,longntl_annual_native500m_positive_pixel_sum_v1
2021,曲靖市,156530300,47999.5034094455,8695,5.54066563339816,1.00499999523163,86.1650009155273,true,projects/sat-io/open-datasets/npp-viirs-ntl,b1,longntl_annual_native500m_positive_pixel_sum_v1
2021,玉溪市,156530400,24569.0439456173,5600,4.4204236381286,1.00499999523163,193.19499206543,true,projects/sat-io/open-datasets/npp-viirs-ntl,b1,longntl_annual_native500m_positive_pixel_sum_v1
2021,保山市,156530500,16154.6871196733,3563,4.55044518130961,1.00499999523163,55.9049987792969,true,projects/sat-io/open-datasets/npp-viirs-ntl,b1,longntl_annual_native500m_positive_pixel_sum_v1
2021,昭通市,156530600,24330.5528188841,5431,4.54918740894386,1.00499999523163,81.2449951171875,true,projects/sat-io/open-datasets/npp-viirs-ntl,b1,longntl_annual_native500m_positive_pixel_sum_v1
2021,丽江市,156530700,16719.156501727,2445,6.93191614153358,1.00499999523163,87.2050018310547,true,projects/sat-io/open-datasets/npp-viirs-ntl,b1,longntl_annual_native500m_positive_pixel_sum_v1
2021,普洱市,156530800,11269.3899250077,2588,4.39920094251034,1.00499999523163,55.0849990844727,true,projects/sat-io/open-datasets/npp-viirs-ntl,b1,longntl_annual_native500m_positive_pixel_sum_v1
2021,临沧市,156530900,12813.2974166174,2695,4.80717803886687,1.00499999523163,83.6100006103516,true,projects/sat-io/open-datasets/npp-viirs-ntl,b1,longntl_annual_native500m_positive_pixel_sum_v1
2021,楚雄彝族自治州,156532300,21528.3102781974,3714,5.82647789002818,1.00499999523163,102.979995727539,true,projects/sat-io/open-datasets/npp-viirs-ntl,b1,longntl_annual_native500m_positive_pixel_sum_v1
2021,红河哈尼族彝族自治州,156532500,36029.4630479186,7631,4.74587855693432,1.00499999523163,78.8349990844727,true,projects/sat-io/open-datasets/npp-viirs-ntl,b1,longntl_annual_native500m_positive_pixel_sum_v1
2021,文山壮族苗族自治州,156532600,15976.9983542512,3716,4.30604981105803,1.00499999523163,47.3250007629395,true,projects/sat-io/open-datasets/npp-viirs-ntl,b1,longntl_annual_native500m_positive_pixel_sum_v1
2021,西双版纳傣族自治州,156532800,8837.77746970467,2393,3.71611339910642,1.00499999523163,50.9499969482422,true,projects/sat-io/open-datasets/npp-viirs-ntl,b1,longntl_annual_native500m_positive_pixel_sum_v1
2021,大理白族自治州,156532900,28902.9835025582,5870,4.95907114107912,1.00499999523163,80.4000015258789,true,projects/sat-io/open-datasets/npp-viirs-ntl,b1,longntl_annual_native500m_positive_pixel_sum_v1
2021,德宏傣族景颇族自治州,156533100,12892.2644253651,2858,4.77841067167267,1.00499999523163,38.7299995422363,true,projects/sat-io/open-datasets/npp-viirs-ntl,b1,longntl_annual_native500m_positive_pixel_sum_v1
2021,怒江傈僳族自治州,156533300,3793.369598233,1033,3.76727934208351,1.00499999523163,30.5349998474121,true,projects/sat-io/open-datasets/npp-viirs-ntl,b1,longntl_annual_native500m_positive_pixel_sum_v1
2021,迪庆藏族自治州,156533400,5701.55938502153,1085,5.34702047450053,1.00499999523163,78.0149993896484,true,projects/sat-io/open-datasets/npp-viirs-ntl,b1,longntl_annual_native500m_positive_pixel_sum_v1
2021,拉萨市,156540100,27530.8061298922,3204,8.65303643720335,1.00499999523163,149.385009765625,true,projects/sat-io/open-datasets/npp-viirs-ntl,b1,longntl_annual_native500m_positive_pixel_sum_v1
2021,日喀则市,156540200,7210.22462227158,1588,4.57622264924871,1.00499999523163,108.569999694824,true,projects/sat-io/open-datasets/npp-viirs-ntl,b1,longntl_annual_native500m_positive_pixel_sum_v1
2021,昌都市,156540300,7149.68222653772,1306,5.54179968012864,1.00499999523163,62.4349975585938,true,projects/sat-io/open-datasets/npp-viirs-ntl,b1,longntl_annual_native500m_positive_pixel_sum_v1
2021,林芝市,156540400,3322.47275949226,911,3.67019096984732,1.00499999523163,50.5800018310547,true,projects/sat-io/open-datasets/npp-viirs-ntl,b1,longntl_annual_native500m_positive_pixel_sum_v1
2021,山南市,156540500,8246.55525349449,2239,3.71964508145705,1.00499999523163,145.800003051758,true,projects/sat-io/open-datasets/npp-viirs-ntl,b1,longntl_annual_native500m_positive_pixel_sum_v1
2021,那曲市,156540600,3573.09500789642,704,5.07541904530742,1.00499999523163,58.7550010681152,true,projects/sat-io/open-datasets/npp-viirs-ntl,b1,longntl_annual_native500m_positive_pixel_sum_v1
2021,阿里地区,156542500,3897.01113460017,469,8.31844301387089,1.00499999523163,125.184997558594,true,projects/sat-io/open-datasets/npp-viirs-ntl,b1,longntl_annual_native500m_positive_pixel_sum_v1
2021,西安市,156610100,220271.417076785,18290,12.1800467680854,1.00499999523163,167.979995727539,true,projects/sat-io/open-datasets/npp-viirs-ntl,b1,longntl_annual_native500m_positive_pixel_sum_v1
2021,铜川市,156610200,10428.6070027707,2167,4.90348052415977,1.00499999523163,59.0100021362305,true,projects/sat-io/open-datasets/npp-viirs-ntl,b1,longntl_annual_native500m_positive_pixel_sum_v1
2021,宝鸡市,156610300,31472.8091733601,5785,5.46173133799015,1.00499999523163,72.9449996948242,true,projects/sat-io/open-datasets/npp-viirs-ntl,b1,longntl_annual_native500m_positive_pixel_sum_v1
2021,咸阳市,156610400,84896.9483820658,11585,7.46451279624979,1.00499999523163,241.285003662109,true,projects/sat-io/open-datasets/npp-viirs-ntl,b1,longntl_annual_native500m_positive_pixel_sum_v1
2021,渭南市,156610500,40960.703026204,9154,4.53767703130722,1.00499999523163,69.625,true,projects/sat-io/open-datasets/npp-viirs-ntl,b1,longntl_annual_native500m_positive_pixel_sum_v1
2021,延安市,156610600,43781.6890343199,12842,3.43358127042175,1.00499999523163,145.845001220703,true,projects/sat-io/open-datasets/npp-viirs-ntl,b1,longntl_annual_native500m_positive_pixel_sum_v1
2021,汉中市,156610700,28855.1683376102,5207,5.54320156191378,1.00499999523163,73.0650024414062,true,projects/sat-io/open-datasets/npp-viirs-ntl,b1,longntl_annual_native500m_positive_pixel_sum_v1
2021,榆林市,156610800,116871.556388834,27441,4.29597975321209,1.00499999523163,150.410003662109,true,projects/sat-io/open-datasets/npp-viirs-ntl,b1,longntl_annual_native500m_positive_pixel_sum_v1
2021,安康市,156610900,13720.6175958928,2691,5.10912958718564,1.00499999523163,55.6450004577637,true,projects/sat-io/open-datasets/npp-viirs-ntl,b1,longntl_annual_native500m_positive_pixel_sum_v1
2021,商洛市,156611000,5810.02811746971,1635,3.56283151801013,1.00499999523163,45.5950012207031,true,projects/sat-io/open-datasets/npp-viirs-ntl,b1,longntl_annual_native500m_positive_pixel_sum_v1
2021,兰州市,156620100,65275.2821088898,9885,6.6379736804235,1.00499999523163,112.675003051758,true,projects/sat-io/open-datasets/npp-viirs-ntl,b1,longntl_annual_native500m_positive_pixel_sum_v1
2021,嘉峪关市,156620200,9913.47130948749,1310,7.68397383466665,1.00499999523163,58.6650009155273,true,projects/sat-io/open-datasets/npp-viirs-ntl,b1,longntl_annual_native500m_positive_pixel_sum_v1
2021,金昌市,156620300,10888.0137876455,1461,7.47163202129611,1.00499999523163,57.5250015258789,true,projects/sat-io/open-datasets/npp-viirs-ntl,b1,longntl_annual_native500m_positive_pixel_sum_v1
2021,白银市,156620400,13524.2297811331,2840,4.78064192467386,1.00499999523163,68.2949981689453,true,projects/sat-io/open-datasets/npp-viirs-ntl,b1,longntl_annual_native500m_positive_pixel_sum_v1
2021,天水市,156620500,16398.3193026,3276,5.0145299831309,1.00499999523163,86.3099975585938,true,projects/sat-io/open-datasets/npp-viirs-ntl,b1,longntl_annual_native500m_positive_pixel_sum_v1
2021,武威市,156620600,12563.699772055,2531,4.98188935381715,1.00499999523163,63.379997253418,true,projects/sat-io/open-datasets/npp-viirs-ntl,b1,longntl_annual_native500m_positive_pixel_sum_v1
2021,张掖市,156620700,12440.9704176066,2570,4.85504628093421,1.00499999523163,67.1199951171875,true,projects/sat-io/open-datasets/npp-viirs-ntl,b1,longntl_annual_native500m_positive_pixel_sum_v1
2021,平凉市,156620800,11351.0496173976,2474,4.61104294231393,1.00499999523163,61.3499984741211,true,projects/sat-io/open-datasets/npp-viirs-ntl,b1,longntl_annual_native500m_positive_pixel_sum_v1
2021,酒泉市,156620900,24948.3214021276,4549,5.5142822846709,1.00499999523163,86.0500030517578,true,projects/sat-io/open-datasets/npp-viirs-ntl,b1,longntl_annual_native500m_positive_pixel_sum_v1
2021,庆阳市,156621000,27156.3362666976,9134,2.98873870968918,1.00499999523163,91.9850006103516,true,projects/sat-io/open-datasets/npp-viirs-ntl,b1,longntl_annual_native500m_positive_pixel_sum_v1
2021,定西市,156621100,13823.8553338056,2832,4.93905574503082,1.00499999523163,49.9700012207031,true,projects/sat-io/open-datasets/npp-viirs-ntl,b1,longntl_annual_native500m_positive_pixel_sum_v1
2021,陇南市,156621200,9424.63780339278,2540,3.7185421561065,1.00499999523163,39.2200012207031,true,projects/sat-io/open-datasets/npp-viirs-ntl,b1,longntl_annual_native500m_positive_pixel_sum_v1
2021,临夏回族自治州,156622900,8337.44419081539,2300,3.71850582539497,1.00499999523163,45.1450004577637,true,projects/sat-io/open-datasets/npp-viirs-ntl,b1,longntl_annual_native500m_positive_pixel_sum_v1
2021,甘南藏族自治州,156623000,5519.34936001441,1063,5.24361734071389,1.00499999523163,55.6050033569336,true,projects/sat-io/open-datasets/npp-viirs-ntl,b1,longntl_annual_native500m_positive_pixel_sum_v1
2021,中农发山丹马场,156629700,4.2350001335144,3,1.41166671117147,1.11500000953674,1.6100001335144,true,projects/sat-io/open-datasets/npp-viirs-ntl,b1,longntl_annual_native500m_positive_pixel_sum_v1
2021,莲花山风景林自然保护区,156629800,11.8524117745605,11,1.77057117897653,1.01999998092651,3.375,true,projects/sat-io/open-datasets/npp-viirs-ntl,b1,longntl_annual_native500m_positive_pixel_sum_v1
2021,太子山天然林保护区,156629900,3.95403912908891,7,1.46979588617736,1.09999990463257,4.23499965667725,true,projects/sat-io/open-datasets/npp-viirs-ntl,b1,longntl_annual_native500m_positive_pixel_sum_v1
2021,西宁市,156630100,42369.4232189132,4810,8.90637103589673,1.00499999523163,112.130004882812,true,projects/sat-io/open-datasets/npp-viirs-ntl,b1,longntl_annual_native500m_positive_pixel_sum_v1
2021,海东市,156630200,26151.360779572,3580,7.51562270938384,1.00499999523163,197.540008544922,true,projects/sat-io/open-datasets/npp-viirs-ntl,b1,longntl_annual_native500m_positive_pixel_sum_v1
2021,海北藏族自治州,156632200,1813.63382314934,503,3.62857677988202,1.00499999523163,31.8199996948242,true,projects/sat-io/open-datasets/npp-viirs-ntl,b1,longntl_annual_native500m_positive_pixel_sum_v1
2021,黄南藏族自治州,156632300,3176.356865766,703,4.63179354482324,1.00499999523163,53.6549987792969,true,projects/sat-io/open-datasets/npp-viirs-ntl,b1,longntl_annual_native500m_positive_pixel_sum_v1
2021,海南藏族自治州,156632500,4359.9460625957,1031,4.25097116645792,1.00499999523163,63.8349990844727,true,projects/sat-io/open-datasets/npp-viirs-ntl,b1,longntl_annual_native500m_positive_pixel_sum_v1
2021,果洛藏族自治州,156632600,2334.54484758377,622,3.77933134921222,1.00499999523163,26.6049995422363,true,projects/sat-io/open-datasets/npp-viirs-ntl,b1,longntl_annual_native500m_positive_pixel_sum_v1
2021,玉树藏族自治州,156632700,2923.94999706745,753,3.88306772518918,1.00499999523163,44.375,true,projects/sat-io/open-datasets/npp-viirs-ntl,b1,longntl_annual_native500m_positive_pixel_sum_v1
2021,海西蒙古族藏族自治州,156632800,26751.3044295073,4737,5.65653919148859,1.00499999523163,360.679992675781,true,projects/sat-io/open-datasets/npp-viirs-ntl,b1,longntl_annual_native500m_positive_pixel_sum_v1
2021,银川市,156640100,94042.0001750469,12565,7.54360408910279,1.00499999523163,132.160003662109,true,projects/sat-io/open-datasets/npp-viirs-ntl,b1,longntl_annual_native500m_positive_pixel_sum_v1
2021,石嘴山市,156640200,17741.1396608825,3684,4.85784608576955,1.00499999523163,63.4300003051758,true,projects/sat-io/open-datasets/npp-viirs-ntl,b1,longntl_annual_native500m_positive_pixel_sum_v1
2021,吴忠市,156640300,25455.810610112,6409,4.02322223470122,1.00499999523163,58.2249984741211,true,projects/sat-io/open-datasets/npp-viirs-ntl,b1,longntl_annual_native500m_positive_pixel_sum_v1
2021,固原市,156640400,13994.1273183327,2172,6.44538891970921,1.00499999523163,69.3199996948242,true,projects/sat-io/open-datasets/npp-viirs-ntl,b1,longntl_annual_native500m_positive_pixel_sum_v1
2021,中卫市,156640500,15175.1283236943,3584,4.25549025774061,1.00499999523163,75.8650054931641,true,projects/sat-io/open-datasets/npp-viirs-ntl,b1,longntl_annual_native500m_positive_pixel_sum_v1
2021,乌鲁木齐市,156650100,125351.728972933,13445,9.42633450735255,1.00499999523163,120.144996643066,true,projects/sat-io/open-datasets/npp-viirs-ntl,b1,longntl_annual_native500m_positive_pixel_sum_v1
2021,克拉玛依市,156650200,42847.6998598959,5611,7.75361078554232,1.00499999523163,107.334999084473,true,projects/sat-io/open-datasets/npp-viirs-ntl,b1,longntl_annual_native500m_positive_pixel_sum_v1
2021,吐鲁番市,156650400,16593.1949973106,3817,4.34718234144895,1.00499999523163,71.2299957275391,true,projects/sat-io/open-datasets/npp-viirs-ntl,b1,longntl_annual_native500m_positive_pixel_sum_v1
2021,哈密市,156650500,23187.0043843335,4249,5.50143206538895,1.00499999523163,116.584999084473,true,projects/sat-io/open-datasets/npp-viirs-ntl,b1,longntl_annual_native500m_positive_pixel_sum_v1
2021,昌吉回族自治州,156652300,59033.4916164618,12388,4.83046654932873,1.00499999523163,118.800003051758,true,projects/sat-io/open-datasets/npp-viirs-ntl,b1,longntl_annual_native500m_positive_pixel_sum_v1
2021,博尔塔拉蒙古自治州,156652700,14846.4739274507,2484,6.11864571791046,1.00499999523163,65.1900024414062,true,projects/sat-io/open-datasets/npp-viirs-ntl,b1,longntl_annual_native500m_positive_pixel_sum_v1
2021,巴音郭楞蒙古自治州,156652800,52995.3247220792,8786,6.09350410964775,1.00499999523163,92.1800003051758,true,projects/sat-io/open-datasets/npp-viirs-ntl,b1,longntl_annual_native500m_positive_pixel_sum_v1
2021,阿克苏地区,156652900,90388.2141928271,17833,5.07318238856966,1.00499999523163,312.589996337891,true,projects/sat-io/open-datasets/npp-viirs-ntl,b1,longntl_annual_native500m_positive_pixel_sum_v1
2021,克孜勒苏柯尔克孜自治州,156653000,8441.67494659097,2080,4.11209277667009,1.00499999523163,57.9049987792969,true,projects/sat-io/open-datasets/npp-viirs-ntl,b1,longntl_annual_native500m_positive_pixel_sum_v1
2021,喀什地区,156653100,40771.9890435018,10387,3.93376905658355,1.00499999523163,74.4199981689453,true,projects/sat-io/open-datasets/npp-viirs-ntl,b1,longntl_annual_native500m_positive_pixel_sum_v1
2021,和田地区,156653200,34267.0057857705,9920,3.46089284264955,1.00499999523163,69.9599990844727,true,projects/sat-io/open-datasets/npp-viirs-ntl,b1,longntl_annual_native500m_positive_pixel_sum_v1
2021,伊犁哈萨克自治州,156654000,44134.5609253378,7761,5.77840333610136,1.00499999523163,100.350006103516,true,projects/sat-io/open-datasets/npp-viirs-ntl,b1,longntl_annual_native500m_positive_pixel_sum_v1
2021,塔城地区,156654200,21973.1574340049,6218,3.62733258000966,1.00499999523163,65.0250015258789,true,projects/sat-io/open-datasets/npp-viirs-ntl,b1,longntl_annual_native500m_positive_pixel_sum_v1
2021,阿勒泰地区,156654300,15557.4138761151,3344,4.79993967125069,1.00499999523163,74.0849990844727,true,projects/sat-io/open-datasets/npp-viirs-ntl,b1,longntl_annual_native500m_positive_pixel_sum_v1
2021,石河子市,156659001,10344.0850358229,1600,6.64354969583476,1.00499999523163,87.5699996948242,true,projects/sat-io/open-datasets/npp-viirs-ntl,b1,longntl_annual_native500m_positive_pixel_sum_v1
2021,阿拉尔市,156659002,4078.77547818352,1094,3.74124208447587,1.00499999523163,29.0799999237061,true,projects/sat-io/open-datasets/npp-viirs-ntl,b1,longntl_annual_native500m_positive_pixel_sum_v1
2021,图木舒克市,156659003,8277.60614707376,1411,5.95687696313991,1.00499999523163,75.9100036621094,true,projects/sat-io/open-datasets/npp-viirs-ntl,b1,longntl_annual_native500m_positive_pixel_sum_v1
2021,五家渠市,156659004,5165.88690219673,980,5.78906244807808,1.00499999523163,47.5749969482422,true,projects/sat-io/open-datasets/npp-viirs-ntl,b1,longntl_annual_native500m_positive_pixel_sum_v1
2021,北屯市,156659005,3083.68103629234,502,6.77784671299257,1.00499999523163,47.2249984741211,true,projects/sat-io/open-datasets/npp-viirs-ntl,b1,longntl_annual_native500m_positive_pixel_sum_v1
2021,铁门关市,156659006,4298.25469684881,858,5.49268821384553,1.00499999523163,47.6399993896484,true,projects/sat-io/open-datasets/npp-viirs-ntl,b1,longntl_annual_native500m_positive_pixel_sum_v1
2021,双河市,156659007,953.479135014029,490,2.20420629366107,1.00499999523163,39.8899993896484,true,projects/sat-io/open-datasets/npp-viirs-ntl,b1,longntl_annual_native500m_positive_pixel_sum_v1
2021,可克达拉市,156659008,1067.87354843149,480,2.48191032246625,1.00499999523163,24.8450012207031,true,projects/sat-io/open-datasets/npp-viirs-ntl,b1,longntl_annual_native500m_positive_pixel_sum_v1
2021,昆玉市,156659009,532.781766106568,226,2.63773832868355,1.00499999523163,13.5450000762939,true,projects/sat-io/open-datasets/npp-viirs-ntl,b1,longntl_annual_native500m_positive_pixel_sum_v1
2021,胡杨河市,156659010,1158.53646827352,314,4.01875611342022,1.00499999523163,40.1500015258789,true,projects/sat-io/open-datasets/npp-viirs-ntl,b1,longntl_annual_native500m_positive_pixel_sum_v1
2021,新星市,156659011,1177.90800109377,436,2.91654811072185,1.00499999523163,29.0750007629395,true,projects/sat-io/open-datasets/npp-viirs-ntl,b1,longntl_annual_native500m_positive_pixel_sum_v1
2021,白杨市,156659012,128.567470868429,62,2.68199485204919,1.01999998092651,7.60500001907349,true,projects/sat-io/open-datasets/npp-viirs-ntl,b1,longntl_annual_native500m_positive_pixel_sum_v1
2021,台湾省,156710000,713204.463664657,72945,9.79778798456096,1.00499999523163,250.425003051758,true,projects/sat-io/open-datasets/npp-viirs-ntl,b1,longntl_annual_native500m_positive_pixel_sum_v1
2021,香港特别行政区,156810000,75189.7562731094,4053,19.1764560826161,1.00499999523163,229.425003051758,true,projects/sat-io/open-datasets/npp-viirs-ntl,b1,longntl_annual_native500m_positive_pixel_sum_v1
2021,澳门特别行政区,156820000,4903.36375531215,58,95.6589210928467,14.2150001525879,318.184997558594,true,projects/sat-io/open-datasets/npp-viirs-ntl,b1,longntl_annual_native500m_positive_pixel_sum_v1
2022,北京市,156110000,487285.178967352,41426,11.8717631761146,1.00499999523163,244.259994506836,true,projects/sat-io/open-datasets/npp-viirs-ntl,b1,longntl_annual_native500m_positive_pixel_sum_v1
2022,天津市,156120000,384847.730432587,42796,9.091131286033,1.00499999523163,208.684997558594,true,projects/sat-io/open-datasets/npp-viirs-ntl,b1,longntl_annual_native500m_positive_pixel_sum_v1
2022,石家庄市,156130100,132737.713107333,27469,4.84661879664433,1.00499999523163,90.1300048828125,true,projects/sat-io/open-datasets/npp-viirs-ntl,b1,longntl_annual_native500m_positive_pixel_sum_v1
2022,唐山市,156130200,148562.779461619,33152,4.49941823714592,1.00499999523163,105.620002746582,true,projects/sat-io/open-datasets/npp-viirs-ntl,b1,longntl_annual_native500m_positive_pixel_sum_v1
2022,秦皇岛市,156130300,42578.4702703032,8795,4.87903417856476,1.00499999523163,68.8249969482422,true,projects/sat-io/open-datasets/npp-viirs-ntl,b1,longntl_annual_native500m_positive_pixel_sum_v1
2022,邯郸市,156130400,76451.6699208124,22308,3.45138378613248,1.00499999523163,57.6100006103516,true,projects/sat-io/open-datasets/npp-viirs-ntl,b1,longntl_annual_native500m_positive_pixel_sum_v1
2022,邢台市,156130500,64301.2943441858,20930,3.09644652928264,1.00499999523163,45.3450012207031,true,projects/sat-io/open-datasets/npp-viirs-ntl,b1,longntl_annual_native500m_positive_pixel_sum_v1
2022,保定市,156130600,153020.730766441,40970,3.76034558164973,1.00499999523163,111.220001220703,true,projects/sat-io/open-datasets/npp-viirs-ntl,b1,longntl_annual_native500m_positive_pixel_sum_v1
2022,张家口市,156130700,51977.0793398736,11173,4.665659868321,1.00499999523163,94.2149963378906,true,projects/sat-io/open-datasets/npp-viirs-ntl,b1,longntl_annual_native500m_positive_pixel_sum_v1
2022,承德市,156130800,33474.3003144227,8596,3.90312301186984,1.00499999523163,72.7350006103516,true,projects/sat-io/open-datasets/npp-viirs-ntl,b1,longntl_annual_native500m_positive_pixel_sum_v1
2022,沧州市,156130900,97034.8000342939,30799,3.18064031262894,1.00499999523163,93.5500030517578,true,projects/sat-io/open-datasets/npp-viirs-ntl,b1,longntl_annual_native500m_positive_pixel_sum_v1
2022,廊坊市,156131000,114707.159051351,28335,4.14582916625602,1.00499999523163,301.075012207031,true,projects/sat-io/open-datasets/npp-viirs-ntl,b1,longntl_annual_native500m_positive_pixel_sum_v1
2022,衡水市,156131100,29275.9932224634,10298,2.87733288099821,1.00499999523163,83.9250030517578,true,projects/sat-io/open-datasets/npp-viirs-ntl,b1,longntl_annual_native500m_positive_pixel_sum_v1
2022,太原市,156140100,144981.909006023,11857,12.3801634139479,1.00499999523163,196.255004882812,true,projects/sat-io/open-datasets/npp-viirs-ntl,b1,longntl_annual_native500m_positive_pixel_sum_v1
2022,大同市,156140200,68230.6625112954,10433,6.60132389825543,1.00499999523163,137.375,true,projects/sat-io/open-datasets/npp-viirs-ntl,b1,longntl_annual_native500m_positive_pixel_sum_v1
2022,阳泉市,156140300,17148.1934349785,3813,4.50802558545765,1.00499999523163,47.8950004577637,true,projects/sat-io/open-datasets/npp-viirs-ntl,b1,longntl_annual_native500m_positive_pixel_sum_v1
2022,长治市,156140400,60673.3934732937,12351,4.92040617494665,1.00499999523163,122.430000305176,true,projects/sat-io/open-datasets/npp-viirs-ntl,b1,longntl_annual_native500m_positive_pixel_sum_v1
2022,晋城市,156140500,35881.0542735567,8425,4.26746990030875,1.00499999523163,125.389999389648,true,projects/sat-io/open-datasets/npp-viirs-ntl,b1,longntl_annual_native500m_positive_pixel_sum_v1
2022,朔州市,156140600,42000.2048583148,9388,4.51578164757775,1.00499999523163,95.0550003051758,true,projects/sat-io/open-datasets/npp-viirs-ntl,b1,longntl_annual_native500m_positive_pixel_sum_v1
2022,晋中市,156140700,61187.7914450234,13621,4.55471368513572,1.00499999523163,109.974998474121,true,projects/sat-io/open-datasets/npp-viirs-ntl,b1,longntl_annual_native500m_positive_pixel_sum_v1
2022,运城市,156140800,45259.7172064099,9982,4.56783096534617,1.00499999523163,73.5950012207031,true,projects/sat-io/open-datasets/npp-viirs-ntl,b1,longntl_annual_native500m_positive_pixel_sum_v1
2022,忻州市,156140900,36406.3175296307,10246,3.58228683653369,1.00499999523163,66.4700012207031,true,projects/sat-io/open-datasets/npp-viirs-ntl,b1,longntl_annual_native500m_positive_pixel_sum_v1
2022,临汾市,156141000,40405.0694685978,9872,4.1206940368586,1.00499999523163,118.945007324219,true,projects/sat-io/open-datasets/npp-viirs-ntl,b1,longntl_annual_native500m_positive_pixel_sum_v1
2022,吕梁市,156141100,44394.1985858983,12582,3.55667870480141,1.00499999523163,102.709999084473,true,projects/sat-io/open-datasets/npp-viirs-ntl,b1,longntl_annual_native500m_positive_pixel_sum_v1
2022,呼和浩特市,156150100,80631.7725477396,10473,7.71120750425054,1.00499999523163,92,true,projects/sat-io/open-datasets/npp-viirs-ntl,b1,longntl_annual_native500m_positive_pixel_sum_v1
2022,包头市,156150200,58348.2714483331,7087,8.25780695460948,1.00499999523163,156.024993896484,true,projects/sat-io/open-datasets/npp-viirs-ntl,b1,longntl_annual_native500m_positive_pixel_sum_v1
2022,乌海市,156150300,21342.3022560975,4955,4.45852656444072,1.00499999523163,61.4550018310547,true,projects/sat-io/open-datasets/npp-viirs-ntl,b1,longntl_annual_native500m_positive_pixel_sum_v1
2022,赤峰市,156150400,48258.4565222488,9299,5.21645812820454,1.00499999523163,101.25,true,projects/sat-io/open-datasets/npp-viirs-ntl,b1,longntl_annual_native500m_positive_pixel_sum_v1
2022,通辽市,156150500,28083.9608661778,6830,4.12279243517255,1.00499999523163,69.7300033569336,true,projects/sat-io/open-datasets/npp-viirs-ntl,b1,longntl_annual_native500m_positive_pixel_sum_v1
2022,鄂尔多斯市,156150600,84157.5874189966,19878,4.30042192103045,1.00499999523163,274.414978027344,true,projects/sat-io/open-datasets/npp-viirs-ntl,b1,longntl_annual_native500m_positive_pixel_sum_v1
2022,呼伦贝尔市,156150700,21008.9020516339,6167,3.41901393075308,1.00499999523163,60.310001373291,true,projects/sat-io/open-datasets/npp-viirs-ntl,b1,longntl_annual_native500m_positive_pixel_sum_v1
2022,巴彦淖尔市,156150800,15762.7644547813,4565,3.46583740976006,1.00499999523163,82.3099975585938,true,projects/sat-io/open-datasets/npp-viirs-ntl,b1,longntl_annual_native500m_positive_pixel_sum_v1
2022,乌兰察布市,156150900,27231.4198014568,5533,4.94064480807825,1.00499999523163,63.6050033569336,true,projects/sat-io/open-datasets/npp-viirs-ntl,b1,longntl_annual_native500m_positive_pixel_sum_v1
2022,兴安盟,156152200,14675.5242325226,3240,4.54717726239637,1.00499999523163,58.4049987792969,true,projects/sat-io/open-datasets/npp-viirs-ntl,b1,longntl_annual_native500m_positive_pixel_sum_v1
2022,锡林郭勒盟,156152500,26973.5894018192,5127,5.26760136369087,1.00499999523163,81.1649932861328,true,projects/sat-io/open-datasets/npp-viirs-ntl,b1,longntl_annual_native500m_positive_pixel_sum_v1
2022,阿拉善盟,156152900,17938.3127353851,3039,6.06325313652542,1.00499999523163,65.3450012207031,true,projects/sat-io/open-datasets/npp-viirs-ntl,b1,longntl_annual_native500m_positive_pixel_sum_v1
2022,沈阳市,156210100,175219.030521995,19234,9.17594534935672,1.00499999523163,193.705001831055,true,projects/sat-io/open-datasets/npp-viirs-ntl,b1,longntl_annual_native500m_positive_pixel_sum_v1
2022,大连市,156210200,106945.269139044,15133,7.11091551044777,1.00499999523163,153.415008544922,true,projects/sat-io/open-datasets/npp-viirs-ntl,b1,longntl_annual_native500m_positive_pixel_sum_v1
2022,鞍山市,156210300,46731.9134454643,8869,5.3511074028641,1.00499999523163,101.930000305176,true,projects/sat-io/open-datasets/npp-viirs-ntl,b1,longntl_annual_native500m_positive_pixel_sum_v1
2022,抚顺市,156210400,24482.2871772299,4180,5.96163575405261,1.00499999523163,129.135009765625,true,projects/sat-io/open-datasets/npp-viirs-ntl,b1,longntl_annual_native500m_positive_pixel_sum_v1
2022,本溪市,156210500,16000.8155358922,3565,4.53248667722621,1.00499999523163,61.0349998474121,true,projects/sat-io/open-datasets/npp-viirs-ntl,b1,longntl_annual_native500m_positive_pixel_sum_v1
2022,丹东市,156210600,19398.5721926385,4091,4.79754267539944,1.00499999523163,104.059997558594,true,projects/sat-io/open-datasets/npp-viirs-ntl,b1,longntl_annual_native500m_positive_pixel_sum_v1
2022,锦州市,156210700,28058.3075972912,6084,4.6665817278666,1.00499999523163,62.7600021362305,true,projects/sat-io/open-datasets/npp-viirs-ntl,b1,longntl_annual_native500m_positive_pixel_sum_v1
2022,营口市,156210800,46038.8034404044,8299,5.597380210606,1.00499999523163,78.0449981689453,true,projects/sat-io/open-datasets/npp-viirs-ntl,b1,longntl_annual_native500m_positive_pixel_sum_v1
2022,阜新市,156210900,13761.7542323543,3122,4.4122161987587,1.00499999523163,86.9550018310547,true,projects/sat-io/open-datasets/npp-viirs-ntl,b1,longntl_annual_native500m_positive_pixel_sum_v1
2022,辽阳市,156211000,32401.921216997,6908,4.7968317419352,1.00499999523163,122.915000915527,true,projects/sat-io/open-datasets/npp-viirs-ntl,b1,longntl_annual_native500m_positive_pixel_sum_v1
2022,盘锦市,156211100,40420.6118344751,7803,5.24622653026807,1.00499999523163,91.2200012207031,true,projects/sat-io/open-datasets/npp-viirs-ntl,b1,longntl_annual_native500m_positive_pixel_sum_v1
2022,铁岭市,156211200,15626.3211942944,4728,3.34361964776181,1.00499999523163,59.8450012207031,true,projects/sat-io/open-datasets/npp-viirs-ntl,b1,longntl_annual_native500m_positive_pixel_sum_v1
2022,朝阳市,156211300,22043.1095406715,6274,3.54212840081695,1.00499999523163,58.620002746582,true,projects/sat-io/open-datasets/npp-viirs-ntl,b1,longntl_annual_native500m_positive_pixel_sum_v1
2022,葫芦岛市,156211400,22200.7795205037,5362,4.20745868885032,1.00499999523163,106.569999694824,true,projects/sat-io/open-datasets/npp-viirs-ntl,b1,longntl_annual_native500m_positive_pixel_sum_v1
2022,长春市,156220100,225147.127276863,22601,9.98641473262943,1.00499999523163,285.529998779297,true,projects/sat-io/open-datasets/npp-viirs-ntl,b1,longntl_annual_native500m_positive_pixel_sum_v1
2022,吉林市,156220200,37751.1425967277,6180,6.127067028715,1.00499999523163,101.495002746582,true,projects/sat-io/open-datasets/npp-viirs-ntl,b1,longntl_annual_native500m_positive_pixel_sum_v1
2022,四平市,156220300,20012.5535973483,3621,5.63733281412981,1.00499999523163,70.6849975585938,true,projects/sat-io/open-datasets/npp-viirs-ntl,b1,longntl_annual_native500m_positive_pixel_sum_v1
2022,辽源市,156220400,14321.4405962701,2109,6.87036002372078,1.00499999523163,81.4150009155273,true,projects/sat-io/open-datasets/npp-viirs-ntl,b1,longntl_annual_native500m_positive_pixel_sum_v1
2022,通化市,156220500,15371.4673029077,3171,4.89828980451881,1.00499999523163,89.6500015258789,true,projects/sat-io/open-datasets/npp-viirs-ntl,b1,longntl_annual_native500m_positive_pixel_sum_v1
2022,白山市,156220600,6340.63691376004,1937,3.32597404204786,1.00499999523163,39.4700012207031,true,projects/sat-io/open-datasets/npp-viirs-ntl,b1,longntl_annual_native500m_positive_pixel_sum_v1
2022,松原市,156220700,21782.0672557761,4502,4.85264280098696,1.00499999523163,86.125,true,projects/sat-io/open-datasets/npp-viirs-ntl,b1,longntl_annual_native500m_positive_pixel_sum_v1
2022,白城市,156220800,14832.4358482964,3104,4.80092703966457,1.00499999523163,62.8850021362305,true,projects/sat-io/open-datasets/npp-viirs-ntl,b1,longntl_annual_native500m_positive_pixel_sum_v1
2022,延边朝鲜族自治州,156222400,24918.229879699,4352,5.75888180187268,1.00499999523163,89.0299987792969,true,projects/sat-io/open-datasets/npp-viirs-ntl,b1,longntl_annual_native500m_positive_pixel_sum_v1
2022,哈尔滨市,156230100,123380.038505155,14999,8.23377632831316,1.00499999523163,172.550003051758,true,projects/sat-io/open-datasets/npp-viirs-ntl,b1,longntl_annual_native500m_positive_pixel_sum_v1
2022,齐齐哈尔市,156230200,37101.8853932586,5672,6.55040608673262,1.00499999523163,92.6399993896484,true,projects/sat-io/open-datasets/npp-viirs-ntl,b1,longntl_annual_native500m_positive_pixel_sum_v1
2022,鸡西市,156230300,10125.2787317701,2843,3.56919654989084,1.00499999523163,60.6749992370605,true,projects/sat-io/open-datasets/npp-viirs-ntl,b1,longntl_annual_native500m_positive_pixel_sum_v1
2022,鹤岗市,156230400,5443.41182237045,1587,3.4378676752827,1.00499999523163,61.4049987792969,true,projects/sat-io/open-datasets/npp-viirs-ntl,b1,longntl_annual_native500m_positive_pixel_sum_v1
2022,双鸭山市,156230500,9717.62028973149,2655,3.6717211112418,1.00499999523163,52.4499969482422,true,projects/sat-io/open-datasets/npp-viirs-ntl,b1,longntl_annual_native500m_positive_pixel_sum_v1
2022,大庆市,156230600,72379.8767599873,11045,6.61899722528626,1.00499999523163,100.459999084473,true,projects/sat-io/open-datasets/npp-viirs-ntl,b1,longntl_annual_native500m_positive_pixel_sum_v1
2022,伊春市,156230700,5347.75600723238,1443,3.7249389005126,1.00499999523163,60.4150009155273,true,projects/sat-io/open-datasets/npp-viirs-ntl,b1,longntl_annual_native500m_positive_pixel_sum_v1
2022,佳木斯市,156230800,26732.5338556925,4247,6.31218725931726,1.00499999523163,79.3800048828125,true,projects/sat-io/open-datasets/npp-viirs-ntl,b1,longntl_annual_native500m_positive_pixel_sum_v1
2022,七台河市,156230900,7819.92981076521,1789,4.37170239829771,1.00499999523163,65.8199996948242,true,projects/sat-io/open-datasets/npp-viirs-ntl,b1,longntl_annual_native500m_positive_pixel_sum_v1
2022,牡丹江市,156231000,24136.7124753054,3495,6.92500537946382,1.00499999523163,105.725006103516,true,projects/sat-io/open-datasets/npp-viirs-ntl,b1,longntl_annual_native500m_positive_pixel_sum_v1
2022,黑河市,156231100,12389.2990941295,2643,4.70869591054251,1.00499999523163,60.1549987792969,true,projects/sat-io/open-datasets/npp-viirs-ntl,b1,longntl_annual_native500m_positive_pixel_sum_v1
2022,绥化市,156231200,21935.2472645259,5508,4.08517877210965,1.00499999523163,81.9349975585938,true,projects/sat-io/open-datasets/npp-viirs-ntl,b1,longntl_annual_native500m_positive_pixel_sum_v1
2022,大兴安岭地区,156232700,812.14231143886,340,2.40610994895969,1.00499999523163,17.9750003814697,true,projects/sat-io/open-datasets/npp-viirs-ntl,b1,longntl_annual_native500m_positive_pixel_sum_v1
2022,上海市,156310000,518060.561191763,28431,18.3980054520333,1.00499999523163,316.900024414062,true,projects/sat-io/open-datasets/npp-viirs-ntl,b1,longntl_annual_native500m_positive_pixel_sum_v1
2022,南京市,156320100,236311.98172572,25337,9.49580845682498,1.00499999523163,181.354995727539,true,projects/sat-io/open-datasets/npp-viirs-ntl,b1,longntl_annual_native500m_positive_pixel_sum_v1
2022,无锡市,156320200,199273.499472511,18059,11.2772814646382,1.00499999523163,131.895004272461,true,projects/sat-io/open-datasets/npp-viirs-ntl,b1,longntl_annual_native500m_positive_pixel_sum_v1
2022,徐州市,156320300,130033.043975696,30491,4.31608775895023,1.00499999523163,76.1499938964844,true,projects/sat-io/open-datasets/npp-viirs-ntl,b1,longntl_annual_native500m_positive_pixel_sum_v1
2022,常州市,156320400,147133.548739495,16601,9.11181708308898,1.00499999523163,87.4049987792969,true,projects/sat-io/open-datasets/npp-viirs-ntl,b1,longntl_annual_native500m_positive_pixel_sum_v1
2022,苏州市,156320500,442380.835905172,28279,15.8518286356496,1.00499999523163,229.384994506836,true,projects/sat-io/open-datasets/npp-viirs-ntl,b1,longntl_annual_native500m_positive_pixel_sum_v1
2022,南通市,156320600,168319.106125617,32533,5.1978664798989,1.00499999523163,88.4749984741211,true,projects/sat-io/open-datasets/npp-viirs-ntl,b1,longntl_annual_native500m_positive_pixel_sum_v1
2022,连云港市,156320700,65672.3844682904,17943,3.69244939214148,1.00499999523163,90.5650024414062,true,projects/sat-io/open-datasets/npp-viirs-ntl,b1,longntl_annual_native500m_positive_pixel_sum_v1
2022,淮安市,156320800,84861.7370711719,14819,5.76191376441397,1.00499999523163,84.2750015258789,true,projects/sat-io/open-datasets/npp-viirs-ntl,b1,longntl_annual_native500m_positive_pixel_sum_v1
2022,盐城市,156320900,132910.155284305,28712,4.66527505290235,1.00499999523163,176.550003051758,true,projects/sat-io/open-datasets/npp-viirs-ntl,b1,longntl_annual_native500m_positive_pixel_sum_v1
2022,扬州市,156321000,106050.789804498,17234,6.21318963993555,1.00499999523163,93.4349975585938,true,projects/sat-io/open-datasets/npp-viirs-ntl,b1,longntl_annual_native500m_positive_pixel_sum_v1
2022,镇江市,156321100,82520.7733640123,14836,5.69548709099528,1.00499999523163,63.4349975585938,true,projects/sat-io/open-datasets/npp-viirs-ntl,b1,longntl_annual_native500m_positive_pixel_sum_v1
2022,泰州市,156321200,112005.867569133,21419,5.29778271401967,1.00499999523163,78.0899963378906,true,projects/sat-io/open-datasets/npp-viirs-ntl,b1,longntl_annual_native500m_positive_pixel_sum_v1
2022,宿迁市,156321300,70267.4900672436,15345,4.61536182105215,1.00499999523163,105.645004272461,true,projects/sat-io/open-datasets/npp-viirs-ntl,b1,longntl_annual_native500m_positive_pixel_sum_v1
2022,杭州市,156330100,255457.993384906,24516,10.53442860673,1.00499999523163,265.834991455078,true,projects/sat-io/open-datasets/npp-viirs-ntl,b1,longntl_annual_native500m_positive_pixel_sum_v1
2022,宁波市,156330200,254882.19813393,27308,9.37782545476991,1.00499999523163,174.345001220703,true,projects/sat-io/open-datasets/npp-viirs-ntl,b1,longntl_annual_native500m_positive_pixel_sum_v1
2022,温州市,156330300,157661.917705152,23342,6.7976153464891,1.00499999523163,162.695007324219,true,projects/sat-io/open-datasets/npp-viirs-ntl,b1,longntl_annual_native500m_positive_pixel_sum_v1
2022,嘉兴市,156330400,171107.214786395,18622,9.32306585507795,1.19000005722046,103.569999694824,true,projects/sat-io/open-datasets/npp-viirs-ntl,b1,longntl_annual_native500m_positive_pixel_sum_v1
2022,湖州市,156330500,102873.082162673,19034,5.46876580117115,1.00499999523163,81.875,true,projects/sat-io/open-datasets/npp-viirs-ntl,b1,longntl_annual_native500m_positive_pixel_sum_v1
2022,绍兴市,156330600,115021.624950741,19658,5.92038570493925,1.00499999523163,70.6100006103516,true,projects/sat-io/open-datasets/npp-viirs-ntl,b1,longntl_annual_native500m_positive_pixel_sum_v1
2022,金华市,156330700,171725.231394301,24161,7.13775729429637,1.00499999523163,98.5699996948242,true,projects/sat-io/open-datasets/npp-viirs-ntl,b1,longntl_annual_native500m_positive_pixel_sum_v1
2022,衢州市,156330800,38627.736146408,8985,4.31822625117338,1.00499999523163,59.870002746582,true,projects/sat-io/open-datasets/npp-viirs-ntl,b1,longntl_annual_native500m_positive_pixel_sum_v1
2022,舟山市,156330900,29448.5371670522,4278,7.11950572461278,1.00499999523163,246.535003662109,true,projects/sat-io/open-datasets/npp-viirs-ntl,b1,longntl_annual_native500m_positive_pixel_sum_v1
2022,台州市,156331000,113282.675736824,17841,6.37607789288082,1.00499999523163,85.3500061035156,true,projects/sat-io/open-datasets/npp-viirs-ntl,b1,longntl_annual_native500m_positive_pixel_sum_v1
2022,丽水市,156331100,37336.4476886469,7155,5.24588830529237,1.00499999523163,66.9250030517578,true,projects/sat-io/open-datasets/npp-viirs-ntl,b1,longntl_annual_native500m_positive_pixel_sum_v1
2022,合肥市,156340100,226292.155392606,22228,10.2546836659207,1.00499999523163,122.759994506836,true,projects/sat-io/open-datasets/npp-viirs-ntl,b1,longntl_annual_native500m_positive_pixel_sum_v1
2022,芜湖市,156340200,63851.6447332317,12280,5.25561187990076,1.00499999523163,73.4850006103516,true,projects/sat-io/open-datasets/npp-viirs-ntl,b1,longntl_annual_native500m_positive_pixel_sum_v1
2022,蚌埠市,156340300,40432.987783821,7067,5.79917863336894,1.00499999523163,60.9749984741211,true,projects/sat-io/open-datasets/npp-viirs-ntl,b1,longntl_annual_native500m_positive_pixel_sum_v1
2022,淮南市,156340400,36533.1454931956,8591,4.29382927136572,1.00499999523163,95.4349975585938,true,projects/sat-io/open-datasets/npp-viirs-ntl,b1,longntl_annual_native500m_positive_pixel_sum_v1
2022,马鞍山市,156340500,40552.1898502008,8565,4.8635026012537,1.00499999523163,80.8199996948242,true,projects/sat-io/open-datasets/npp-viirs-ntl,b1,longntl_annual_native500m_positive_pixel_sum_v1
2022,淮北市,156340600,31784.4280905466,7735,4.25211748030518,1.00499999523163,112.285003662109,true,projects/sat-io/open-datasets/npp-viirs-ntl,b1,longntl_annual_native500m_positive_pixel_sum_v1
2022,铜陵市,156340700,16318.1680271476,3447,4.82996180833131,1.00499999523163,60.8800010681152,true,projects/sat-io/open-datasets/npp-viirs-ntl,b1,longntl_annual_native500m_positive_pixel_sum_v1
2022,安庆市,156340800,41420.0345387496,7551,5.50299572424511,1.00499999523163,70.8199996948242,true,projects/sat-io/open-datasets/npp-viirs-ntl,b1,longntl_annual_native500m_positive_pixel_sum_v1
2022,黄山市,156341000,6097.49000263214,1857,3.28351642575775,1.00499999523163,25.7299995422363,true,projects/sat-io/open-datasets/npp-viirs-ntl,b1,longntl_annual_native500m_positive_pixel_sum_v1
2022,滁州市,156341100,86931.6749150636,15906,5.5463479932739,1.00499999523163,68.9049987792969,true,projects/sat-io/open-datasets/npp-viirs-ntl,b1,longntl_annual_native500m_positive_pixel_sum_v1
2022,阜阳市,156341200,92013.9306965421,24115,3.83141647178306,1.00499999523163,95.0299987792969,true,projects/sat-io/open-datasets/npp-viirs-ntl,b1,longntl_annual_native500m_positive_pixel_sum_v1
2022,宿州市,156341300,51283.8106013882,13749,3.81474347647058,1.00499999523163,46.9500007629395,true,projects/sat-io/open-datasets/npp-viirs-ntl,b1,longntl_annual_native500m_positive_pixel_sum_v1
2022,六安市,156341500,54665.8124909293,10397,5.30380033702372,1.00499999523163,71.0050048828125,true,projects/sat-io/open-datasets/npp-viirs-ntl,b1,longntl_annual_native500m_positive_pixel_sum_v1
2022,亳州市,156341600,32922.3533940685,9477,3.50710097515029,1.00499999523163,38.9899978637695,true,projects/sat-io/open-datasets/npp-viirs-ntl,b1,longntl_annual_native500m_positive_pixel_sum_v1
2022,池州市,156341700,14056.404944669,3629,3.91024339414137,1.00499999523163,37.7299995422363,true,projects/sat-io/open-datasets/npp-viirs-ntl,b1,longntl_annual_native500m_positive_pixel_sum_v1
2022,宣城市,156341800,31588.2822252965,8260,3.88365726062055,1.00499999523163,66.4799957275391,true,projects/sat-io/open-datasets/npp-viirs-ntl,b1,longntl_annual_native500m_positive_pixel_sum_v1
2022,福州市,156350100,137129.803481146,19831,6.97783471983525,1.00499999523163,102.914993286133,true,projects/sat-io/open-datasets/npp-viirs-ntl,b1,longntl_annual_native500m_positive_pixel_sum_v1
2022,厦门市,156350200,96728.7521397983,5538,17.8147443153263,1.00499999523163,202.964996337891,true,projects/sat-io/open-datasets/npp-viirs-ntl,b1,longntl_annual_native500m_positive_pixel_sum_v1
2022,莆田市,156350300,53072.9625872799,7531,7.1060341407042,1.00499999523163,77.7700042724609,true,projects/sat-io/open-datasets/npp-viirs-ntl,b1,longntl_annual_native500m_positive_pixel_sum_v1
2022,三明市,156350400,25371.3351784108,6175,4.11661618988928,1.00499999523163,49.8399963378906,true,projects/sat-io/open-datasets/npp-viirs-ntl,b1,longntl_annual_native500m_positive_pixel_sum_v1
2022,泉州市,156350500,175913.151047329,21770,8.14842200184101,1.00499999523163,126.649993896484,true,projects/sat-io/open-datasets/npp-viirs-ntl,b1,longntl_annual_native500m_positive_pixel_sum_v1
2022,漳州市,156350600,115627.606241049,20888,5.56867967820261,1.00499999523163,130.550003051758,true,projects/sat-io/open-datasets/npp-viirs-ntl,b1,longntl_annual_native500m_positive_pixel_sum_v1
2022,南平市,156350700,33854.6028184283,7379,4.59586029201204,1.00499999523163,63.4150009155273,true,projects/sat-io/open-datasets/npp-viirs-ntl,b1,longntl_annual_native500m_positive_pixel_sum_v1
2022,龙岩市,156350800,35136.2605968938,8210,4.2855000842813,1.00499999523163,49.4749984741211,true,projects/sat-io/open-datasets/npp-viirs-ntl,b1,longntl_annual_native500m_positive_pixel_sum_v1
2022,宁德市,156350900,44805.9751538468,10989,4.14227591195899,1.00499999523163,73.8399963378906,true,projects/sat-io/open-datasets/npp-viirs-ntl,b1,longntl_annual_native500m_positive_pixel_sum_v1
2022,南昌市,156360100,96286.0198374183,11169,8.65856129142138,1.00499999523163,116.729995727539,true,projects/sat-io/open-datasets/npp-viirs-ntl,b1,longntl_annual_native500m_positive_pixel_sum_v1
2022,景德镇市,156360200,19853.8752893298,3060,6.49844647749956,1.00499999523163,76.7050018310547,true,projects/sat-io/open-datasets/npp-viirs-ntl,b1,longntl_annual_native500m_positive_pixel_sum_v1
2022,萍乡市,156360300,8751.43685059313,2398,3.66688750135765,1.00499999523163,33.5749969482422,true,projects/sat-io/open-datasets/npp-viirs-ntl,b1,longntl_annual_native500m_positive_pixel_sum_v1
2022,九江市,156360400,45802.9192155314,8870,5.20041141139517,1.00499999523163,75.7649993896484,true,projects/sat-io/open-datasets/npp-viirs-ntl,b1,longntl_annual_native500m_positive_pixel_sum_v1
2022,新余市,156360500,10130.0335725948,2054,4.99124423909292,1.00499999523163,67.0449981689453,true,projects/sat-io/open-datasets/npp-viirs-ntl,b1,longntl_annual_native500m_positive_pixel_sum_v1
2022,鹰潭市,156360600,10559.9386369981,2314,4.61264605587096,1.00499999523163,43.814998626709,true,projects/sat-io/open-datasets/npp-viirs-ntl,b1,longntl_annual_native500m_positive_pixel_sum_v1
2022,赣州市,156360700,60253.3776392011,11271,5.34819726488267,1.00499999523163,79.2249984741211,true,projects/sat-io/open-datasets/npp-viirs-ntl,b1,longntl_annual_native500m_positive_pixel_sum_v1
2022,吉安市,156360800,22445.0461951971,5092,4.40916021213881,1.00499999523163,52.8249969482422,true,projects/sat-io/open-datasets/npp-viirs-ntl,b1,longntl_annual_native500m_positive_pixel_sum_v1
2022,宜春市,156360900,42036.8865115797,9581,4.39776819788297,1.00499999523163,46.0999984741211,true,projects/sat-io/open-datasets/npp-viirs-ntl,b1,longntl_annual_native500m_positive_pixel_sum_v1
2022,抚州市,156361000,21421.3379819131,4639,4.62679954615614,1.00499999523163,48.3549995422363,true,projects/sat-io/open-datasets/npp-viirs-ntl,b1,longntl_annual_native500m_positive_pixel_sum_v1
2022,上饶市,156361100,35715.7223860278,8380,4.27761729721418,1.00499999523163,62.4449996948242,true,projects/sat-io/open-datasets/npp-viirs-ntl,b1,longntl_annual_native500m_positive_pixel_sum_v1
2022,济南市,156370100,168924.15829547,25952,6.55572959933804,1.00499999523163,242.195007324219,true,projects/sat-io/open-datasets/npp-viirs-ntl,b1,longntl_annual_native500m_positive_pixel_sum_v1
2022,青岛市,156370200,202073.822779683,30501,6.67616676012207,1.00499999523163,315.450012207031,true,projects/sat-io/open-datasets/npp-viirs-ntl,b1,longntl_annual_native500m_positive_pixel_sum_v1
2022,淄博市,156370300,84028.7578042227,15609,5.49913158857085,1.00499999523163,98.7600021362305,true,projects/sat-io/open-datasets/npp-viirs-ntl,b1,longntl_annual_native500m_positive_pixel_sum_v1
2022,枣庄市,156370400,43185.8375395279,13756,3.1866569590433,1.00499999523163,53.6949996948242,true,projects/sat-io/open-datasets/npp-viirs-ntl,b1,longntl_annual_native500m_positive_pixel_sum_v1
2022,东营市,156370500,84286.3902395534,17350,4.92075575064285,1.00499999523163,121.600006103516,true,projects/sat-io/open-datasets/npp-viirs-ntl,b1,longntl_annual_native500m_positive_pixel_sum_v1
2022,烟台市,156370600,110149.698437598,21871,5.06903706964747,1.00499999523163,266.815002441406,true,projects/sat-io/open-datasets/npp-viirs-ntl,b1,longntl_annual_native500m_positive_pixel_sum_v1
2022,潍坊市,156370700,152822.593707837,39110,3.93380918167976,1.00499999523163,107.955001831055,true,projects/sat-io/open-datasets/npp-viirs-ntl,b1,longntl_annual_native500m_positive_pixel_sum_v1
2022,济宁市,156370800,89759.4254730173,23621,3.84042063143978,1.00499999523163,66.7849960327148,true,projects/sat-io/open-datasets/npp-viirs-ntl,b1,longntl_annual_native500m_positive_pixel_sum_v1
2022,泰安市,156370900,51255.2979686405,13068,3.95387912234948,1.00499999523163,78.5449981689453,true,projects/sat-io/open-datasets/npp-viirs-ntl,b1,longntl_annual_native500m_positive_pixel_sum_v1
2022,威海市,156371000,52108.1949424739,10232,5.1257540874911,1.00499999523163,164.705001831055,true,projects/sat-io/open-datasets/npp-viirs-ntl,b1,longntl_annual_native500m_positive_pixel_sum_v1
2022,日照市,156371100,37432.8826107563,9821,3.87575235722838,1.00499999523163,56.5950012207031,true,projects/sat-io/open-datasets/npp-viirs-ntl,b1,longntl_annual_native500m_positive_pixel_sum_v1
2022,临沂市,156371300,142844.560268145,39152,3.67401302603698,1.00499999523163,228.274993896484,true,projects/sat-io/open-datasets/npp-viirs-ntl,b1,longntl_annual_native500m_positive_pixel_sum_v1
2022,德州市,156371400,62931.1998626971,15277,4.17247507428125,1.00499999523163,114.300003051758,true,projects/sat-io/open-datasets/npp-viirs-ntl,b1,longntl_annual_native500m_positive_pixel_sum_v1
2022,聊城市,156371500,64906.3435821903,17603,3.71174444771929,1.00499999523163,72.9300003051758,true,projects/sat-io/open-datasets/npp-viirs-ntl,b1,longntl_annual_native500m_positive_pixel_sum_v1
2022,滨州市,156371600,77714.7952753713,19935,3.97163931334087,1.00499999523163,139.100006103516,true,projects/sat-io/open-datasets/npp-viirs-ntl,b1,longntl_annual_native500m_positive_pixel_sum_v1
2022,菏泽市,156371700,85991.385099145,24538,3.51511091266454,1.00499999523163,63.9300003051758,true,projects/sat-io/open-datasets/npp-viirs-ntl,b1,longntl_annual_native500m_positive_pixel_sum_v1
2022,郑州市,156410100,198284.26213343,25500,7.84966988980336,1.00499999523163,218.440002441406,true,projects/sat-io/open-datasets/npp-viirs-ntl,b1,longntl_annual_native500m_positive_pixel_sum_v1
2022,开封市,156410200,50012.972291658,11069,4.60584647562578,1.00499999523163,99.3949966430664,true,projects/sat-io/open-datasets/npp-viirs-ntl,b1,longntl_annual_native500m_positive_pixel_sum_v1
2022,洛阳市,156410300,86531.5213145672,14700,5.92963720728142,1.00499999523163,77.5800018310547,true,projects/sat-io/open-datasets/npp-viirs-ntl,b1,longntl_annual_native500m_positive_pixel_sum_v1
2022,平顶山市,156410400,46979.8538595887,11495,4.11309236133522,1.00499999523163,69.8000030517578,true,projects/sat-io/open-datasets/npp-viirs-ntl,b1,longntl_annual_native500m_positive_pixel_sum_v1
2022,安阳市,156410500,54529.2111788002,14120,3.9249569327454,1.00499999523163,59.6699981689453,true,projects/sat-io/open-datasets/npp-viirs-ntl,b1,longntl_annual_native500m_positive_pixel_sum_v1
2022,鹤壁市,156410600,21218.2233128015,5160,4.20399521747004,1.00499999523163,58.8450012207031,true,projects/sat-io/open-datasets/npp-viirs-ntl,b1,longntl_annual_native500m_positive_pixel_sum_v1
2022,新乡市,156410700,73354.042721609,19347,3.81453402185137,1.00499999523163,78.3699951171875,true,projects/sat-io/open-datasets/npp-viirs-ntl,b1,longntl_annual_native500m_positive_pixel_sum_v1
2022,焦作市,156410800,39906.8172890817,10771,3.74225058911332,1.00499999523163,46.9850006103516,true,projects/sat-io/open-datasets/npp-viirs-ntl,b1,longntl_annual_native500m_positive_pixel_sum_v1
2022,濮阳市,156410900,45349.9708385103,11841,3.88180890508704,1.00499999523163,91.8549957275391,true,projects/sat-io/open-datasets/npp-viirs-ntl,b1,longntl_annual_native500m_positive_pixel_sum_v1
2022,许昌市,156411000,39843.0537925842,11437,3.52105592984107,1.00499999523163,58.4599990844727,true,projects/sat-io/open-datasets/npp-viirs-ntl,b1,longntl_annual_native500m_positive_pixel_sum_v1
2022,漯河市,156411100,28834.5711081388,5098,5.77647825739353,1.00499999523163,106.175003051758,true,projects/sat-io/open-datasets/npp-viirs-ntl,b1,longntl_annual_native500m_positive_pixel_sum_v1
2022,三门峡市,156411200,19530.4766142887,4654,4.22605939465732,1.00499999523163,45.4249992370605,true,projects/sat-io/open-datasets/npp-viirs-ntl,b1,longntl_annual_native500m_positive_pixel_sum_v1
2022,南阳市,156411300,65448.3459810598,15704,4.17513983783351,1.00499999523163,62.2399978637695,true,projects/sat-io/open-datasets/npp-viirs-ntl,b1,longntl_annual_native500m_positive_pixel_sum_v1
2022,商丘市,156411400,68460.4398742456,16992,4.05743355268244,1.00499999523163,74.7099990844727,true,projects/sat-io/open-datasets/npp-viirs-ntl,b1,longntl_annual_native500m_positive_pixel_sum_v1
2022,信阳市,156411500,37047.8638713439,8048,4.63401099208095,1.00499999523163,69.3199996948242,true,projects/sat-io/open-datasets/npp-viirs-ntl,b1,longntl_annual_native500m_positive_pixel_sum_v1
2022,周口市,156411600,70413.2799415392,20144,3.5162858764269,1.00499999523163,77.4799957275391,true,projects/sat-io/open-datasets/npp-viirs-ntl,b1,longntl_annual_native500m_positive_pixel_sum_v1
2022,驻马店市,156411700,65808.9492904495,14513,4.56776711204835,1.00499999523163,97.8600006103516,true,projects/sat-io/open-datasets/npp-viirs-ntl,b1,longntl_annual_native500m_positive_pixel_sum_v1
2022,济源市,156419001,10737.3350059827,2383,4.55643400380021,1.00499999523163,46.7600021362305,true,projects/sat-io/open-datasets/npp-viirs-ntl,b1,longntl_annual_native500m_positive_pixel_sum_v1
2022,武汉市,156420100,262931.066079617,20034,13.2224710288173,1.00499999523163,326.02001953125,true,projects/sat-io/open-datasets/npp-viirs-ntl,b1,longntl_annual_native500m_positive_pixel_sum_v1
2022,黄石市,156420200,25814.9925724422,5237,5.00852004334755,1.00499999523163,58.0950012207031,true,projects/sat-io/open-datasets/npp-viirs-ntl,b1,longntl_annual_native500m_positive_pixel_sum_v1
2022,十堰市,156420300,19446.4396958585,4252,4.59653837146655,1.00499999523163,42.1849975585938,true,projects/sat-io/open-datasets/npp-viirs-ntl,b1,longntl_annual_native500m_positive_pixel_sum_v1
2022,宜昌市,156420500,42202.8398116935,9274,4.55714453064351,1.00499999523163,128.214996337891,true,projects/sat-io/open-datasets/npp-viirs-ntl,b1,longntl_annual_native500m_positive_pixel_sum_v1
2022,襄阳市,156420600,43607.3767754513,8625,5.07441771471705,1.00499999523163,50.1399993896484,true,projects/sat-io/open-datasets/npp-viirs-ntl,b1,longntl_annual_native500m_positive_pixel_sum_v1
2022,鄂州市,156420700,21658.3377007629,4466,4.93490665972197,1.00499999523163,49.5499992370605,true,projects/sat-io/open-datasets/npp-viirs-ntl,b1,longntl_annual_native500m_positive_pixel_sum_v1
2022,荆门市,156420800,18744.4939708093,4601,4.08490549937986,1.00499999523163,48.4049987792969,true,projects/sat-io/open-datasets/npp-viirs-ntl,b1,longntl_annual_native500m_positive_pixel_sum_v1
2022,孝感市,156420900,31013.9859019999,8180,3.84657150716146,1.00499999523163,51.8499984741211,true,projects/sat-io/open-datasets/npp-viirs-ntl,b1,longntl_annual_native500m_positive_pixel_sum_v1
2022,荆州市,156421000,39817.8860365157,8065,4.96368052700762,1.00499999523163,172.330001831055,true,projects/sat-io/open-datasets/npp-viirs-ntl,b1,longntl_annual_native500m_positive_pixel_sum_v1
2022,黄冈市,156421100,38488.1507970305,9664,4.00704135749476,1.00499999523163,57.7399978637695,true,projects/sat-io/open-datasets/npp-viirs-ntl,b1,longntl_annual_native500m_positive_pixel_sum_v1
2022,咸宁市,156421200,18293.0432955017,4688,3.92482243897905,1.00499999523163,49.6800003051758,true,projects/sat-io/open-datasets/npp-viirs-ntl,b1,longntl_annual_native500m_positive_pixel_sum_v1
2022,随州市,156421300,10901.3101349887,2691,4.06016128335353,1.00499999523163,36.7000007629395,true,projects/sat-io/open-datasets/npp-viirs-ntl,b1,longntl_annual_native500m_positive_pixel_sum_v1
2022,恩施土家族苗族自治州,156422800,15881.3685059164,3430,4.6719984229686,1.00499999523163,40.0999984741211,true,projects/sat-io/open-datasets/npp-viirs-ntl,b1,longntl_annual_native500m_positive_pixel_sum_v1
2022,仙桃市,156429004,10317.081190084,2129,4.92905906852615,1.00499999523163,51.9099998474121,true,projects/sat-io/open-datasets/npp-viirs-ntl,b1,longntl_annual_native500m_positive_pixel_sum_v1
2022,潜江市,156429005,8482.8166300423,2052,4.18449912689537,1.00499999523163,38.5900001525879,true,projects/sat-io/open-datasets/npp-viirs-ntl,b1,longntl_annual_native500m_positive_pixel_sum_v1
2022,天门市,156429006,6958.39404479569,1626,4.3732528249159,1.00499999523163,45.8199996948242,true,projects/sat-io/open-datasets/npp-viirs-ntl,b1,longntl_annual_native500m_positive_pixel_sum_v1
2022,神农架林区,156429021,163.664234845311,78,2.12399510843067,1.00499999523163,7.24499988555908,true,projects/sat-io/open-datasets/npp-viirs-ntl,b1,longntl_annual_native500m_positive_pixel_sum_v1
2022,长沙市,156430100,154821.568586231,16824,9.28450986185679,1.00499999523163,136.315002441406,true,projects/sat-io/open-datasets/npp-viirs-ntl,b1,longntl_annual_native500m_positive_pixel_sum_v1
2022,株洲市,156430200,26304.2863363205,4977,5.37602220409585,1.00499999523163,53.1549987792969,true,projects/sat-io/open-datasets/npp-viirs-ntl,b1,longntl_annual_native500m_positive_pixel_sum_v1
2022,湘潭市,156430300,24279.2913583868,4280,5.8736933097565,1.00499999523163,52.3950004577637,true,projects/sat-io/open-datasets/npp-viirs-ntl,b1,longntl_annual_native500m_positive_pixel_sum_v1
2022,衡阳市,156430400,22553.1888140281,5278,4.27327493595149,1.00499999523163,53.7799987792969,true,projects/sat-io/open-datasets/npp-viirs-ntl,b1,longntl_annual_native500m_positive_pixel_sum_v1
2022,邵阳市,156430500,19759.2466226676,4424,4.47395058539725,1.00499999523163,48.314998626709,true,projects/sat-io/open-datasets/npp-viirs-ntl,b1,longntl_annual_native500m_positive_pixel_sum_v1
2022,岳阳市,156430600,29884.6854593235,7278,4.14122023438319,1.00499999523163,44.8899993896484,true,projects/sat-io/open-datasets/npp-viirs-ntl,b1,longntl_annual_native500m_positive_pixel_sum_v1
2022,常德市,156430700,31253.3150386217,6966,4.49032521569503,1.00499999523163,41.1749992370605,true,projects/sat-io/open-datasets/npp-viirs-ntl,b1,longntl_annual_native500m_positive_pixel_sum_v1
2022,张家界市,156430800,6846.37227539175,1595,4.30158709055649,1.00499999523163,36.3950004577637,true,projects/sat-io/open-datasets/npp-viirs-ntl,b1,longntl_annual_native500m_positive_pixel_sum_v1
2022,益阳市,156430900,14494.6102955659,3960,3.68425128348265,1.00499999523163,38.7999992370605,true,projects/sat-io/open-datasets/npp-viirs-ntl,b1,longntl_annual_native500m_positive_pixel_sum_v1
2022,郴州市,156431000,15472.7457884022,4448,3.48114767099365,1.00499999523163,30.3699989318848,true,projects/sat-io/open-datasets/npp-viirs-ntl,b1,longntl_annual_native500m_positive_pixel_sum_v1
2022,永州市,156431100,20757.3697766332,4906,4.23708975401903,1.00499999523163,36.9800033569336,true,projects/sat-io/open-datasets/npp-viirs-ntl,b1,longntl_annual_native500m_positive_pixel_sum_v1
2022,怀化市,156431200,17332.9058165256,4031,4.34948585566832,1.00499999523163,41.5950012207031,true,projects/sat-io/open-datasets/npp-viirs-ntl,b1,longntl_annual_native500m_positive_pixel_sum_v1
2022,娄底市,156431300,18701.4077087767,3936,4.80738535194857,1.00499999523163,50.495002746582,true,projects/sat-io/open-datasets/npp-viirs-ntl,b1,longntl_annual_native500m_positive_pixel_sum_v1
2022,湘西土家族苗族自治州,156433100,13394.566838415,2845,4.7908796713835,1.00499999523163,65.1600036621094,true,projects/sat-io/open-datasets/npp-viirs-ntl,b1,longntl_annual_native500m_positive_pixel_sum_v1
2022,广州市,156440100,300220.128825452,23399,12.9948767877965,1.00499999523163,176.205001831055,true,projects/sat-io/open-datasets/npp-viirs-ntl,b1,longntl_annual_native500m_positive_pixel_sum_v1
2022,韶关市,156440200,32251.8062398247,8374,3.86176448214064,1.00499999523163,51.564998626709,true,projects/sat-io/open-datasets/npp-viirs-ntl,b1,longntl_annual_native500m_positive_pixel_sum_v1
2022,深圳市,156440300,202840.291624358,8093,25.8439946978277,1.00499999523163,186.389999389648,true,projects/sat-io/open-datasets/npp-viirs-ntl,b1,longntl_annual_native500m_positive_pixel_sum_v1
2022,珠海市,156440400,48281.2996333375,4861,10.186282146398,1.00499999523163,139.100006103516,true,projects/sat-io/open-datasets/npp-viirs-ntl,b1,longntl_annual_native500m_positive_pixel_sum_v1
2022,汕头市,156440500,81110.3774003417,7472,11.1092262038422,1.00499999523163,91.4499969482422,true,projects/sat-io/open-datasets/npp-viirs-ntl,b1,longntl_annual_native500m_positive_pixel_sum_v1
2022,佛山市,156440600,185689.720478185,14641,13.0391933314196,1.00499999523163,78.7149963378906,true,projects/sat-io/open-datasets/npp-viirs-ntl,b1,longntl_annual_native500m_positive_pixel_sum_v1
2022,江门市,156440700,101059.072277323,19446,5.24185037284119,1.00499999523163,53.4000015258789,true,projects/sat-io/open-datasets/npp-viirs-ntl,b1,longntl_annual_native500m_positive_pixel_sum_v1
2022,湛江市,156440800,90163.0012669769,22094,4.11889140447843,1.00499999523163,159.955001831055,true,projects/sat-io/open-datasets/npp-viirs-ntl,b1,longntl_annual_native500m_positive_pixel_sum_v1
2022,茂名市,156440900,55875.7608489046,14066,4.02378152340286,1.00499999523163,88.5950012207031,true,projects/sat-io/open-datasets/npp-viirs-ntl,b1,longntl_annual_native500m_positive_pixel_sum_v1
2022,肇庆市,156441200,57110.9303397679,13227,4.38161749791523,1.00499999523163,58.5100021362305,true,projects/sat-io/open-datasets/npp-viirs-ntl,b1,longntl_annual_native500m_positive_pixel_sum_v1
2022,惠州市,156441300,151716.48321835,23264,6.60144288579854,1.00499999523163,169.320007324219,true,projects/sat-io/open-datasets/npp-viirs-ntl,b1,longntl_annual_native500m_positive_pixel_sum_v1
2022,梅州市,156441400,34718.4591743656,9136,3.81747567379402,1.00499999523163,79.6699981689453,true,projects/sat-io/open-datasets/npp-viirs-ntl,b1,longntl_annual_native500m_positive_pixel_sum_v1
2022,汕尾市,156441500,53705.1905555669,11899,4.56371507910526,1.00499999523163,91.7700042724609,true,projects/sat-io/open-datasets/npp-viirs-ntl,b1,longntl_annual_native500m_positive_pixel_sum_v1
2022,河源市,156441600,32600.4194288875,7124,4.60072596472121,1.00499999523163,57.5950012207031,true,projects/sat-io/open-datasets/npp-viirs-ntl,b1,longntl_annual_native500m_positive_pixel_sum_v1
2022,阳江市,156441700,34108.9374170976,7843,4.37468705021507,1.00499999523163,66.1100006103516,true,projects/sat-io/open-datasets/npp-viirs-ntl,b1,longntl_annual_native500m_positive_pixel_sum_v1
2022,清远市,156441800,52624.7702514059,13735,3.86531664060619,1.00499999523163,47.7099990844727,true,projects/sat-io/open-datasets/npp-viirs-ntl,b1,longntl_annual_native500m_positive_pixel_sum_v1
2022,东莞市,156441900,222769.331237361,10354,21.9981944334076,1.23500001430511,191.260009765625,true,projects/sat-io/open-datasets/npp-viirs-ntl,b1,longntl_annual_native500m_positive_pixel_sum_v1
2022,中山市,156442000,91448.04988584,6994,13.3030369894977,1.5,84.7099990844727,true,projects/sat-io/open-datasets/npp-viirs-ntl,b1,longntl_annual_native500m_positive_pixel_sum_v1
2022,潮州市,156445100,43069.3268600029,6376,6.91029152638719,1.00499999523163,83.9800033569336,true,projects/sat-io/open-datasets/npp-viirs-ntl,b1,longntl_annual_native500m_positive_pixel_sum_v1
2022,揭阳市,156445200,80306.6553241154,13355,6.12690607016507,1.00499999523163,112.205001831055,true,projects/sat-io/open-datasets/npp-viirs-ntl,b1,longntl_annual_native500m_positive_pixel_sum_v1
2022,云浮市,156445300,21990.5530519602,6479,3.44406640030725,1.00499999523163,46.5149993896484,true,projects/sat-io/open-datasets/npp-viirs-ntl,b1,longntl_annual_native500m_positive_pixel_sum_v1
2022,南宁市,156450100,110184.54655556,16747,6.60884133749378,1.00499999523163,87.8050003051758,true,projects/sat-io/open-datasets/npp-viirs-ntl,b1,longntl_annual_native500m_positive_pixel_sum_v1
2022,柳州市,156450200,47789.6554454892,7706,6.2143579419897,1.00499999523163,66.504997253418,true,projects/sat-io/open-datasets/npp-viirs-ntl,b1,longntl_annual_native500m_positive_pixel_sum_v1
2022,桂林市,156450300,30985.6498239096,7082,4.3766763316254,1.00499999523163,35.8400001525879,true,projects/sat-io/open-datasets/npp-viirs-ntl,b1,longntl_annual_native500m_positive_pixel_sum_v1
2022,梧州市,156450400,15766.0000268099,4404,3.5929969183523,1.00499999523163,30.0849990844727,true,projects/sat-io/open-datasets/npp-viirs-ntl,b1,longntl_annual_native500m_positive_pixel_sum_v1
2022,北海市,156450500,24935.9853636298,4672,5.42318267881302,1.00499999523163,307.100006103516,true,projects/sat-io/open-datasets/npp-viirs-ntl,b1,longntl_annual_native500m_positive_pixel_sum_v1
2022,防城港市,156450600,14154.8064115707,2785,5.17879575499521,1.00499999523163,95.6800003051758,true,projects/sat-io/open-datasets/npp-viirs-ntl,b1,longntl_annual_native500m_positive_pixel_sum_v1
2022,钦州市,156450700,20496.474060434,4348,4.75563598673622,1.00499999523163,95.7799987792969,true,projects/sat-io/open-datasets/npp-viirs-ntl,b1,longntl_annual_native500m_positive_pixel_sum_v1
2022,贵港市,156450800,21538.9567949978,7262,2.97162033717783,1.00499999523163,44.9349975585938,true,projects/sat-io/open-datasets/npp-viirs-ntl,b1,longntl_annual_native500m_positive_pixel_sum_v1
2022,玉林市,156450900,33668.9390065072,8718,3.88074923312771,1.00499999523163,59.254997253418,true,projects/sat-io/open-datasets/npp-viirs-ntl,b1,longntl_annual_native500m_positive_pixel_sum_v1
2022,百色市,156451000,24524.442257768,5697,4.32066954290479,1.00499999523163,70.0699996948242,true,projects/sat-io/open-datasets/npp-viirs-ntl,b1,longntl_annual_native500m_positive_pixel_sum_v1
2022,贺州市,156451100,11134.9886992085,3027,3.68507735474164,1.00499999523163,36.7600021362305,true,projects/sat-io/open-datasets/npp-viirs-ntl,b1,longntl_annual_native500m_positive_pixel_sum_v1
2022,河池市,156451200,12535.8416236106,3620,3.49011653305198,1.00499999523163,37.2600021362305,true,projects/sat-io/open-datasets/npp-viirs-ntl,b1,longntl_annual_native500m_positive_pixel_sum_v1
2022,来宾市,156451300,13241.7087052266,4185,3.17499795002273,1.00499999523163,32.6450004577637,true,projects/sat-io/open-datasets/npp-viirs-ntl,b1,longntl_annual_native500m_positive_pixel_sum_v1
2022,崇左市,156451400,19282.5711660666,4581,4.25428118200276,1.00499999523163,53.1599998474121,true,projects/sat-io/open-datasets/npp-viirs-ntl,b1,longntl_annual_native500m_positive_pixel_sum_v1
2022,海口市,156460100,42978.6628616123,4063,10.7525614688738,1.00499999523163,327.695007324219,true,projects/sat-io/open-datasets/npp-viirs-ntl,b1,longntl_annual_native500m_positive_pixel_sum_v1
2022,三亚市,156460200,21937.7989537178,3397,6.54594537442025,1.00499999523163,127.899993896484,true,projects/sat-io/open-datasets/npp-viirs-ntl,b1,longntl_annual_native500m_positive_pixel_sum_v1
2022,三沙市,156460300,0,0,0,0,0,false,projects/sat-io/open-datasets/npp-viirs-ntl,b1,longntl_annual_native500m_positive_pixel_sum_v1
2022,儋州市,156460400,15501.1426982926,2852,5.48116488605789,1.00499999523163,77.8000030517578,true,projects/sat-io/open-datasets/npp-viirs-ntl,b1,longntl_annual_native500m_positive_pixel_sum_v1
2022,五指山市,156469001,701.624996900558,217,3.23329491659244,1.00499999523163,17.9099998474121,true,projects/sat-io/open-datasets/npp-viirs-ntl,b1,longntl_annual_native500m_positive_pixel_sum_v1
2022,琼海市,156469002,4858.73263699775,1383,3.54800295080934,1.00499999523163,42.7700004577637,true,projects/sat-io/open-datasets/npp-viirs-ntl,b1,longntl_annual_native500m_positive_pixel_sum_v1
2022,文昌市,156469005,6034.48729765649,1646,3.71486642775298,1.00499999523163,38.875,true,projects/sat-io/open-datasets/npp-viirs-ntl,b1,longntl_annual_native500m_positive_pixel_sum_v1
2022,万宁市,156469006,5261.6272974047,1671,3.18800883146819,1.00499999523163,42.1599998474121,true,projects/sat-io/open-datasets/npp-viirs-ntl,b1,longntl_annual_native500m_positive_pixel_sum_v1
2022,东方市,156469007,16591.6225148496,3649,4.61054186376792,1.00499999523163,87.0400009155273,true,projects/sat-io/open-datasets/npp-viirs-ntl,b1,longntl_annual_native500m_positive_pixel_sum_v1
2022,定安县,156469021,2249.7577574412,543,4.30470644666847,1.00499999523163,44.1749992370605,true,projects/sat-io/open-datasets/npp-viirs-ntl,b1,longntl_annual_native500m_positive_pixel_sum_v1
2022,屯昌县,156469022,1135.61260668203,320,3.64477746918123,1.00499999523163,24.1549987792969,true,projects/sat-io/open-datasets/npp-viirs-ntl,b1,longntl_annual_native500m_positive_pixel_sum_v1
2022,澄迈县,156469023,5904.56142331479,1364,4.45141129759957,1.00499999523163,36,true,projects/sat-io/open-datasets/npp-viirs-ntl,b1,longntl_annual_native500m_positive_pixel_sum_v1
2022,临高县,156469024,3752.15372170935,1067,3.53237098430915,1.00499999523163,48.0400009155273,true,projects/sat-io/open-datasets/npp-viirs-ntl,b1,longntl_annual_native500m_positive_pixel_sum_v1
2022,白沙黎族自治县,156469025,738.708353362831,256,2.89809886623468,1.00499999523163,18.6300010681152,true,projects/sat-io/open-datasets/npp-viirs-ntl,b1,longntl_annual_native500m_positive_pixel_sum_v1
2022,昌江黎族自治县,156469026,7743.86787535536,1954,4.04816401095457,1.00499999523163,126.585006713867,true,projects/sat-io/open-datasets/npp-viirs-ntl,b1,longntl_annual_native500m_positive_pixel_sum_v1
2022,乐东黎族自治县,156469027,15964.3494660826,3843,4.1835813261263,1.00499999523163,186.010009765625,true,projects/sat-io/open-datasets/npp-viirs-ntl,b1,longntl_annual_native500m_positive_pixel_sum_v1
2022,陵水黎族自治县,156469028,5741.12314314655,1519,3.83993411593449,1.00499999523163,37.6049995422363,true,projects/sat-io/open-datasets/npp-viirs-ntl,b1,longntl_annual_native500m_positive_pixel_sum_v1
2022,保亭黎族苗族自治县,156469029,928.579996347427,263,3.53072241957197,1.00499999523163,25.4899997711182,true,projects/sat-io/open-datasets/npp-viirs-ntl,b1,longntl_annual_native500m_positive_pixel_sum_v1
2022,琼中黎族苗族自治县,156469030,1142.44843170269,347,3.30056477747902,1.00999999046326,24.5550003051758,true,projects/sat-io/open-datasets/npp-viirs-ntl,b1,longntl_annual_native500m_positive_pixel_sum_v1
2022,重庆市,156500000,313207.560894484,49443,6.34055465280679,1.00499999523163,146.565002441406,true,projects/sat-io/open-datasets/npp-viirs-ntl,b1,longntl_annual_native500m_positive_pixel_sum_v1
2022,成都市,156510100,349280.685883038,37977,9.25251848135418,1.00499999523163,293.825012207031,true,projects/sat-io/open-datasets/npp-viirs-ntl,b1,longntl_annual_native500m_positive_pixel_sum_v1
2022,自贡市,156510300,16444.9133697739,4041,4.10972144458046,1.00499999523163,44.8950004577637,true,projects/sat-io/open-datasets/npp-viirs-ntl,b1,longntl_annual_native500m_positive_pixel_sum_v1
2022,攀枝花市,156510400,12942.6857117087,2940,4.42683807238475,1.00499999523163,109.264999389648,true,projects/sat-io/open-datasets/npp-viirs-ntl,b1,longntl_annual_native500m_positive_pixel_sum_v1
2022,泸州市,156510500,24976.3391021719,6363,3.97208887887456,1.00499999523163,44.1949996948242,true,projects/sat-io/open-datasets/npp-viirs-ntl,b1,longntl_annual_native500m_positive_pixel_sum_v1
2022,德阳市,156510600,44538.7632775587,10514,4.27822902150172,1.00499999523163,57.8150024414062,true,projects/sat-io/open-datasets/npp-viirs-ntl,b1,longntl_annual_native500m_positive_pixel_sum_v1
2022,绵阳市,156510700,46245.3208661313,8695,5.3278669347026,1.00499999523163,137.979995727539,true,projects/sat-io/open-datasets/npp-viirs-ntl,b1,longntl_annual_native500m_positive_pixel_sum_v1
2022,广元市,156510800,13233.6658713542,3123,4.24836785597245,1.00499999523163,43.9199981689453,true,projects/sat-io/open-datasets/npp-viirs-ntl,b1,longntl_annual_native500m_positive_pixel_sum_v1
2022,遂宁市,156510900,26745.0003246092,4659,5.76150093795834,1.00499999523163,56.3349990844727,true,projects/sat-io/open-datasets/npp-viirs-ntl,b1,longntl_annual_native500m_positive_pixel_sum_v1
2022,内江市,156511000,20494.62764499,4869,4.26155307929296,1.00499999523163,55.0400009155273,true,projects/sat-io/open-datasets/npp-viirs-ntl,b1,longntl_annual_native500m_positive_pixel_sum_v1
2022,乐山市,156511100,20195.2841026446,5970,3.38939600310282,1.00499999523163,46.8249969482422,true,projects/sat-io/open-datasets/npp-viirs-ntl,b1,longntl_annual_native500m_positive_pixel_sum_v1
2022,南充市,156511300,48502.6502399262,6874,7.06969034029328,1.00499999523163,94.2050018310547,true,projects/sat-io/open-datasets/npp-viirs-ntl,b1,longntl_annual_native500m_positive_pixel_sum_v1
2022,眉山市,156511400,31745.4303926038,8103,3.98477813465798,1.00499999523163,71.3950042724609,true,projects/sat-io/open-datasets/npp-viirs-ntl,b1,longntl_annual_native500m_positive_pixel_sum_v1
2022,宜宾市,156511500,40001.2792938611,8304,4.83105864998706,1.00499999523163,71.1800003051758,true,projects/sat-io/open-datasets/npp-viirs-ntl,b1,longntl_annual_native500m_positive_pixel_sum_v1
2022,广安市,156511600,20974.4062073787,4418,4.76459190347796,1.00499999523163,51.9400024414062,true,projects/sat-io/open-datasets/npp-viirs-ntl,b1,longntl_annual_native500m_positive_pixel_sum_v1
2022,达州市,156511700,27579.5490206204,4945,5.58517473185752,1.00499999523163,72.4100036621094,true,projects/sat-io/open-datasets/npp-viirs-ntl,b1,longntl_annual_native500m_positive_pixel_sum_v1
2022,雅安市,156511800,10490.6894614313,2711,3.88407533251201,1.00499999523163,54.0199966430664,true,projects/sat-io/open-datasets/npp-viirs-ntl,b1,longntl_annual_native500m_positive_pixel_sum_v1
2022,巴中市,156511900,8919.53228897908,2401,3.7198330087312,1.00499999523163,35.4850006103516,true,projects/sat-io/open-datasets/npp-viirs-ntl,b1,longntl_annual_native500m_positive_pixel_sum_v1
2022,资阳市,156512000,16444.2692835481,3004,5.50945288619323,1.00499999523163,46.5900001525879,true,projects/sat-io/open-datasets/npp-viirs-ntl,b1,longntl_annual_native500m_positive_pixel_sum_v1
2022,阿坝藏族羌族自治州,156513200,8672.58157569941,2342,3.70578428914787,1.00499999523163,63.7649993896484,true,projects/sat-io/open-datasets/npp-viirs-ntl,b1,longntl_annual_native500m_positive_pixel_sum_v1
2022,甘孜藏族自治州,156513300,14175.5381327045,3013,4.74076502992143,1.00499999523163,166.009994506836,true,projects/sat-io/open-datasets/npp-viirs-ntl,b1,longntl_annual_native500m_positive_pixel_sum_v1
2022,凉山彝族自治州,156513400,30266.316847466,6522,4.69130845503169,1.00499999523163,90.9599990844727,true,projects/sat-io/open-datasets/npp-viirs-ntl,b1,longntl_annual_native500m_positive_pixel_sum_v1
2022,贵阳市,156520100,70093.2398048434,10536,6.74092925602767,1.00499999523163,102.134994506836,true,projects/sat-io/open-datasets/npp-viirs-ntl,b1,longntl_annual_native500m_positive_pixel_sum_v1
2022,六盘水市,156520200,16190.6247143086,4209,3.86163515566201,1.00499999523163,50.2649993896484,true,projects/sat-io/open-datasets/npp-viirs-ntl,b1,longntl_annual_native500m_positive_pixel_sum_v1
2022,遵义市,156520300,44910.3110236159,10828,4.17603369925678,1.00499999523163,53.3349990844727,true,projects/sat-io/open-datasets/npp-viirs-ntl,b1,longntl_annual_native500m_positive_pixel_sum_v1
2022,安顺市,156520400,18114.0926084486,4834,3.80715656348598,1.00499999523163,42.2750015258789,true,projects/sat-io/open-datasets/npp-viirs-ntl,b1,longntl_annual_native500m_positive_pixel_sum_v1
2022,毕节市,156520500,24608.8205763462,6523,3.78749882122525,1.00499999523163,64.4150009155273,true,projects/sat-io/open-datasets/npp-viirs-ntl,b1,longntl_annual_native500m_positive_pixel_sum_v1
2022,铜仁市,156520600,20836.8995497905,5300,3.98592796415759,1.00499999523163,45.2200012207031,true,projects/sat-io/open-datasets/npp-viirs-ntl,b1,longntl_annual_native500m_positive_pixel_sum_v1
2022,黔西南布依族苗族自治州,156522300,14590.5819722021,4112,3.55723250033372,1.00499999523163,44.0500030517578,true,projects/sat-io/open-datasets/npp-viirs-ntl,b1,longntl_annual_native500m_positive_pixel_sum_v1
2022,黔东南苗族侗族自治州,156522600,23286.2061106074,5416,4.3236771593,1.00499999523163,56.0299987792969,true,projects/sat-io/open-datasets/npp-viirs-ntl,b1,longntl_annual_native500m_positive_pixel_sum_v1
2022,黔南布依族苗族自治州,156522700,25401.6314317867,7263,3.53829162079379,1.00499999523163,61.4300003051758,true,projects/sat-io/open-datasets/npp-viirs-ntl,b1,longntl_annual_native500m_positive_pixel_sum_v1
2022,昆明市,156530100,131323.976791292,17144,7.69677158031322,1.00499999523163,159.544998168945,true,projects/sat-io/open-datasets/npp-viirs-ntl,b1,longntl_annual_native500m_positive_pixel_sum_v1
2022,曲靖市,156530300,46867.5715977463,8905,5.28054747559503,1.00499999523163,79.1900024414062,true,projects/sat-io/open-datasets/npp-viirs-ntl,b1,longntl_annual_native500m_positive_pixel_sum_v1
2022,玉溪市,156530400,22122.7508513268,5577,3.99560688551144,1.00499999523163,90.9000015258789,true,projects/sat-io/open-datasets/npp-viirs-ntl,b1,longntl_annual_native500m_positive_pixel_sum_v1
2022,保山市,156530500,13806.2020223781,3360,4.12790827673806,1.00499999523163,57.370002746582,true,projects/sat-io/open-datasets/npp-viirs-ntl,b1,longntl_annual_native500m_positive_pixel_sum_v1
2022,昭通市,156530600,25952.1771519091,5591,4.70620562822499,1.00499999523163,84.1349945068359,true,projects/sat-io/open-datasets/npp-viirs-ntl,b1,longntl_annual_native500m_positive_pixel_sum_v1
2022,丽江市,156530700,16136.2699824151,2541,6.42311282502443,1.00499999523163,85.6300048828125,true,projects/sat-io/open-datasets/npp-viirs-ntl,b1,longntl_annual_native500m_positive_pixel_sum_v1
2022,普洱市,156530800,12143.9929652303,2716,4.514271770382,1.00499999523163,60.1049995422363,true,projects/sat-io/open-datasets/npp-viirs-ntl,b1,longntl_annual_native500m_positive_pixel_sum_v1
2022,临沧市,156530900,13352.631718773,2931,4.63866747719727,1.00499999523163,78.7899932861328,true,projects/sat-io/open-datasets/npp-viirs-ntl,b1,longntl_annual_native500m_positive_pixel_sum_v1
2022,楚雄彝族自治州,156532300,19737.269251527,3704,5.35913374307417,1.00499999523163,65.0700073242188,true,projects/sat-io/open-datasets/npp-viirs-ntl,b1,longntl_annual_native500m_positive_pixel_sum_v1
2022,红河哈尼族彝族自治州,156532500,35507.2326612449,7837,4.56303764016039,1.00499999523163,74.0250015258789,true,projects/sat-io/open-datasets/npp-viirs-ntl,b1,longntl_annual_native500m_positive_pixel_sum_v1
2022,文山壮族苗族自治州,156532600,17081.90694848,3946,4.34291398778089,1.00499999523163,51.7050018310547,true,projects/sat-io/open-datasets/npp-viirs-ntl,b1,longntl_annual_native500m_positive_pixel_sum_v1
2022,西双版纳傣族自治州,156532800,11045.6459161347,2784,3.99676997628074,1.00499999523163,65.2149963378906,true,projects/sat-io/open-datasets/npp-viirs-ntl,b1,longntl_annual_native500m_positive_pixel_sum_v1
2022,大理白族自治州,156532900,27876.1444855073,5547,5.06446832884081,1.00499999523163,68.5200042724609,true,projects/sat-io/open-datasets/npp-viirs-ntl,b1,longntl_annual_native500m_positive_pixel_sum_v1
2022,德宏傣族景颇族自治州,156533100,13805.470504333,3310,4.46649738841342,1.00499999523163,34.6100006103516,true,projects/sat-io/open-datasets/npp-viirs-ntl,b1,longntl_annual_native500m_positive_pixel_sum_v1
2022,怒江傈僳族自治州,156533300,3323.59635205736,973,3.51162675070077,1.00499999523163,27.9850006103516,true,projects/sat-io/open-datasets/npp-viirs-ntl,b1,longntl_annual_native500m_positive_pixel_sum_v1
2022,迪庆藏族自治州,156533400,5694.97504979349,1119,5.17678865590354,1.00499999523163,75.0899963378906,true,projects/sat-io/open-datasets/npp-viirs-ntl,b1,longntl_annual_native500m_positive_pixel_sum_v1
2022,拉萨市,156540100,29057.3278868367,3310,8.80571130414823,1.00499999523163,140.174987792969,true,projects/sat-io/open-datasets/npp-viirs-ntl,b1,longntl_annual_native500m_positive_pixel_sum_v1
2022,日喀则市,156540200,7789.59107353407,1664,4.71126741810365,1.00499999523163,109.26000213623,true,projects/sat-io/open-datasets/npp-viirs-ntl,b1,longntl_annual_native500m_positive_pixel_sum_v1
2022,昌都市,156540300,7205.50924366409,1629,4.46925566228517,1.00499999523163,56.8150024414062,true,projects/sat-io/open-datasets/npp-viirs-ntl,b1,longntl_annual_native500m_positive_pixel_sum_v1
2022,林芝市,156540400,3605.54030309799,987,3.69190185030211,1.00499999523163,38.9099998474121,true,projects/sat-io/open-datasets/npp-viirs-ntl,b1,longntl_annual_native500m_positive_pixel_sum_v1
2022,山南市,156540500,12086.1811292209,2911,4.1948085616559,1.00499999523163,207.269989013672,true,projects/sat-io/open-datasets/npp-viirs-ntl,b1,longntl_annual_native500m_positive_pixel_sum_v1
2022,那曲市,156540600,3568.60499966145,801,4.45518726549494,1.00499999523163,51.5699996948242,true,projects/sat-io/open-datasets/npp-viirs-ntl,b1,longntl_annual_native500m_positive_pixel_sum_v1
2022,阿里地区,156542500,3652.47926895291,494,7.40455709013787,1.00499999523163,114.860000610352,true,projects/sat-io/open-datasets/npp-viirs-ntl,b1,longntl_annual_native500m_positive_pixel_sum_v1
2022,西安市,156610100,226696.960379186,19838,11.5623936590331,1.00499999523163,166.910003662109,true,projects/sat-io/open-datasets/npp-viirs-ntl,b1,longntl_annual_native500m_positive_pixel_sum_v1
2022,铜川市,156610200,11066.8807918385,2386,4.72762980111306,1.00499999523163,53.9650001525879,true,projects/sat-io/open-datasets/npp-viirs-ntl,b1,longntl_annual_native500m_positive_pixel_sum_v1
2022,宝鸡市,156610300,34095.0087774202,6749,5.07402622751408,1.00499999523163,75.9199981689453,true,projects/sat-io/open-datasets/npp-viirs-ntl,b1,longntl_annual_native500m_positive_pixel_sum_v1
2022,咸阳市,156610400,92322.4930815754,13035,7.20505705832718,1.00499999523163,163.024993896484,true,projects/sat-io/open-datasets/npp-viirs-ntl,b1,longntl_annual_native500m_positive_pixel_sum_v1
2022,渭南市,156610500,43092.5673252802,10258,4.25759952790301,1.00499999523163,76.3199996948242,true,projects/sat-io/open-datasets/npp-viirs-ntl,b1,longntl_annual_native500m_positive_pixel_sum_v1
2022,延安市,156610600,45864.8518854099,14574,3.17164445011568,1.00499999523163,168.080001831055,true,projects/sat-io/open-datasets/npp-viirs-ntl,b1,longntl_annual_native500m_positive_pixel_sum_v1
2022,汉中市,156610700,30722.51622799,5553,5.5344544400988,1.00499999523163,73.0500030517578,true,projects/sat-io/open-datasets/npp-viirs-ntl,b1,longntl_annual_native500m_positive_pixel_sum_v1
2022,榆林市,156610800,136251.884017109,31027,4.43139864701446,1.00499999523163,205.144989013672,true,projects/sat-io/open-datasets/npp-viirs-ntl,b1,longntl_annual_native500m_positive_pixel_sum_v1
2022,安康市,156610900,15499.1758948181,2944,5.27967374914655,1.00499999523163,52.3499984741211,true,projects/sat-io/open-datasets/npp-viirs-ntl,b1,longntl_annual_native500m_positive_pixel_sum_v1
2022,商洛市,156611000,6667.73442479395,2048,3.26517685460663,1.00499999523163,43.0650024414062,true,projects/sat-io/open-datasets/npp-viirs-ntl,b1,longntl_annual_native500m_positive_pixel_sum_v1
2022,兰州市,156620100,63186.8845678199,10196,6.2296171465223,1.00499999523163,100.139999389648,true,projects/sat-io/open-datasets/npp-viirs-ntl,b1,longntl_annual_native500m_positive_pixel_sum_v1
2022,嘉峪关市,156620200,10697.0226265491,1504,7.22647336778252,1.00499999523163,59.8349990844727,true,projects/sat-io/open-datasets/npp-viirs-ntl,b1,longntl_annual_native500m_positive_pixel_sum_v1
2022,金昌市,156620300,13907.1694235208,1864,7.47590099458185,1.00499999523163,66.7200012207031,true,projects/sat-io/open-datasets/npp-viirs-ntl,b1,longntl_annual_native500m_positive_pixel_sum_v1
2022,白银市,156620400,15621.2273650483,3327,4.71016841343885,1.00499999523163,63.5100021362305,true,projects/sat-io/open-datasets/npp-viirs-ntl,b1,longntl_annual_native500m_positive_pixel_sum_v1
2022,天水市,156620500,17302.2951466023,3820,4.53857068891289,1.00499999523163,72.7299957275391,true,projects/sat-io/open-datasets/npp-viirs-ntl,b1,longntl_annual_native500m_positive_pixel_sum_v1
2022,武威市,156620600,12471.2383585949,2986,4.19151563029819,1.00499999523163,53.1500015258789,true,projects/sat-io/open-datasets/npp-viirs-ntl,b1,longntl_annual_native500m_positive_pixel_sum_v1
2022,张掖市,156620700,12818.2863201263,2981,4.31248203932192,1.00499999523163,62.9799995422363,true,projects/sat-io/open-datasets/npp-viirs-ntl,b1,longntl_annual_native500m_positive_pixel_sum_v1
2022,平凉市,156620800,13357.2316144859,3048,4.40420037613613,1.00499999523163,60.2799987792969,true,projects/sat-io/open-datasets/npp-viirs-ntl,b1,longntl_annual_native500m_positive_pixel_sum_v1
2022,酒泉市,156620900,29987.0246912017,5345,5.64276907269956,1.00499999523163,87.5099945068359,true,projects/sat-io/open-datasets/npp-viirs-ntl,b1,longntl_annual_native500m_positive_pixel_sum_v1
2022,庆阳市,156621000,32258.0693761353,11258,2.87928347741096,1.00499999523163,201.024993896484,true,projects/sat-io/open-datasets/npp-viirs-ntl,b1,longntl_annual_native500m_positive_pixel_sum_v1
2022,定西市,156621100,14543.9492310258,3118,4.71719049200732,1.00499999523163,51.4899978637695,true,projects/sat-io/open-datasets/npp-viirs-ntl,b1,longntl_annual_native500m_positive_pixel_sum_v1
2022,陇南市,156621200,9691.07720642277,2818,3.44550255375918,1.00499999523163,44.8300018310547,true,projects/sat-io/open-datasets/npp-viirs-ntl,b1,longntl_annual_native500m_positive_pixel_sum_v1
2022,临夏回族自治州,156622900,8487.32964894491,2390,3.63497109596701,1.00499999523163,36.1599998474121,true,projects/sat-io/open-datasets/npp-viirs-ntl,b1,longntl_annual_native500m_positive_pixel_sum_v1
2022,甘南藏族自治州,156623000,5276.44159685911,1113,4.79227179934348,1.00499999523163,72.2350006103516,true,projects/sat-io/open-datasets/npp-viirs-ntl,b1,longntl_annual_native500m_positive_pixel_sum_v1
2022,中农发山丹马场,156629700,0,0,0,0,0,false,projects/sat-io/open-datasets/npp-viirs-ntl,b1,longntl_annual_native500m_positive_pixel_sum_v1
2022,莲花山风景林自然保护区,156629800,12.7654705454321,13,1.60354432959862,1.01499998569489,3.13499999046326,true,projects/sat-io/open-datasets/npp-viirs-ntl,b1,longntl_annual_native500m_positive_pixel_sum_v1
2022,太子山天然林保护区,156629900,3.25772552349988,7,1.45996486554037,1.00999999046326,5.03999996185303,true,projects/sat-io/open-datasets/npp-viirs-ntl,b1,longntl_annual_native500m_positive_pixel_sum_v1
2022,西宁市,156630100,39318.3368963316,5241,7.57551270086133,1.00499999523163,87.8099975585938,true,projects/sat-io/open-datasets/npp-viirs-ntl,b1,longntl_annual_native500m_positive_pixel_sum_v1
2022,海东市,156630200,27246.894432038,3809,7.3512319632073,1.00499999523163,188.089996337891,true,projects/sat-io/open-datasets/npp-viirs-ntl,b1,longntl_annual_native500m_positive_pixel_sum_v1
2022,海北藏族自治州,156632200,2038.78946596875,546,3.76896704235197,1.00499999523163,36.6549987792969,true,projects/sat-io/open-datasets/npp-viirs-ntl,b1,longntl_annual_native500m_positive_pixel_sum_v1
2022,黄南藏族自治州,156632300,2793.34033840825,706,4.05472577470572,1.00499999523163,57.2600021362305,true,projects/sat-io/open-datasets/npp-viirs-ntl,b1,longntl_annual_native500m_positive_pixel_sum_v1
2022,海南藏族自治州,156632500,4649.24625629724,1155,4.04631376893209,1.00499999523163,51.4850006103516,true,projects/sat-io/open-datasets/npp-viirs-ntl,b1,longntl_annual_native500m_positive_pixel_sum_v1
2022,果洛藏族自治州,156632600,2114.68226164135,614,3.480700064022,1.00499999523163,31.7350006103516,true,projects/sat-io/open-datasets/npp-viirs-ntl,b1,longntl_annual_native500m_positive_pixel_sum_v1
2022,玉树藏族自治州,156632700,2932.41000747681,747,3.92558233932638,1.00499999523163,87.6500015258789,true,projects/sat-io/open-datasets/npp-viirs-ntl,b1,longntl_annual_native500m_positive_pixel_sum_v1
2022,海西蒙古族藏族自治州,156632800,25141.8620065194,4672,5.38886416806682,1.00499999523163,151.084991455078,true,projects/sat-io/open-datasets/npp-viirs-ntl,b1,longntl_annual_native500m_positive_pixel_sum_v1
2022,银川市,156640100,103903.036363424,14288,7.33480303030479,1.00499999523163,121.180000305176,true,projects/sat-io/open-datasets/npp-viirs-ntl,b1,longntl_annual_native500m_positive_pixel_sum_v1
2022,石嘴山市,156640200,20750.4891657306,4214,4.97539721117405,1.00499999523163,72.625,true,projects/sat-io/open-datasets/npp-viirs-ntl,b1,longntl_annual_native500m_positive_pixel_sum_v1
2022,吴忠市,156640300,31469.42322039,8468,3.76522293581873,1.00499999523163,111.580001831055,true,projects/sat-io/open-datasets/npp-viirs-ntl,b1,longntl_annual_native500m_positive_pixel_sum_v1
2022,固原市,156640400,16236.7238267665,2616,6.21654894174143,1.00499999523163,82.9499969482422,true,projects/sat-io/open-datasets/npp-viirs-ntl,b1,longntl_annual_native500m_positive_pixel_sum_v1
2022,中卫市,156640500,18122.9573311469,4363,4.17518167961389,1.00499999523163,66.6900024414062,true,projects/sat-io/open-datasets/npp-viirs-ntl,b1,longntl_annual_native500m_positive_pixel_sum_v1
2022,乌鲁木齐市,156650100,127722.232219362,14108,9.15785233913243,1.00499999523163,129.645004272461,true,projects/sat-io/open-datasets/npp-viirs-ntl,b1,longntl_annual_native500m_positive_pixel_sum_v1
2022,克拉玛依市,156650200,45027.2798965707,6262,7.28360584493861,1.00499999523163,106.285003662109,true,projects/sat-io/open-datasets/npp-viirs-ntl,b1,longntl_annual_native500m_positive_pixel_sum_v1
2022,吐鲁番市,156650400,17494.7660231473,4080,4.28893458958847,1.00499999523163,66.4100036621094,true,projects/sat-io/open-datasets/npp-viirs-ntl,b1,longntl_annual_native500m_positive_pixel_sum_v1
2022,哈密市,156650500,26991.8860610004,5352,5.09202877957656,1.00499999523163,100.029998779297,true,projects/sat-io/open-datasets/npp-viirs-ntl,b1,longntl_annual_native500m_positive_pixel_sum_v1
2022,昌吉回族自治州,156652300,66213.6769916095,14597,4.59160721540837,1.00499999523163,123.880004882812,true,projects/sat-io/open-datasets/npp-viirs-ntl,b1,longntl_annual_native500m_positive_pixel_sum_v1
2022,博尔塔拉蒙古自治州,156652700,13573.9816392941,2759,5.03079831406831,1.00499999523163,83.3399963378906,true,projects/sat-io/open-datasets/npp-viirs-ntl,b1,longntl_annual_native500m_positive_pixel_sum_v1
2022,巴音郭楞蒙古自治州,156652800,60260.032983059,10320,5.8929587768387,1.00499999523163,177.350006103516,true,projects/sat-io/open-datasets/npp-viirs-ntl,b1,longntl_annual_native500m_positive_pixel_sum_v1
2022,阿克苏地区,156652900,111940.335936649,21136,5.30013247438399,1.00499999523163,342.325012207031,true,projects/sat-io/open-datasets/npp-viirs-ntl,b1,longntl_annual_native500m_positive_pixel_sum_v1
2022,克孜勒苏柯尔克孜自治州,156653000,9717.78414958552,2469,3.98017802636117,1.00499999523163,67.0650024414062,true,projects/sat-io/open-datasets/npp-viirs-ntl,b1,longntl_annual_native500m_positive_pixel_sum_v1
2022,喀什地区,156653100,46619.2083201647,11849,3.94575670578336,1.00499999523163,116.410003662109,true,projects/sat-io/open-datasets/npp-viirs-ntl,b1,longntl_annual_native500m_positive_pixel_sum_v1
2022,和田地区,156653200,35391.1680437317,9796,3.62041572405587,1.00499999523163,82.3899993896484,true,projects/sat-io/open-datasets/npp-viirs-ntl,b1,longntl_annual_native500m_positive_pixel_sum_v1
2022,伊犁哈萨克自治州,156654000,50600.8469176045,9398,5.47644948151762,1.00499999523163,110.589996337891,true,projects/sat-io/open-datasets/npp-viirs-ntl,b1,longntl_annual_native500m_positive_pixel_sum_v1
2022,塔城地区,156654200,24891.3678952615,6883,3.71637158997339,1.00499999523163,120.675003051758,true,projects/sat-io/open-datasets/npp-viirs-ntl,b1,longntl_annual_native500m_positive_pixel_sum_v1
2022,阿勒泰地区,156654300,16300.569500285,4154,4.05247236788386,1.00499999523163,89.6750030517578,true,projects/sat-io/open-datasets/npp-viirs-ntl,b1,longntl_annual_native500m_positive_pixel_sum_v1
2022,石河子市,156659001,16791.8882629423,1803,9.57855797457968,1.00499999523163,91.4700012207031,true,projects/sat-io/open-datasets/npp-viirs-ntl,b1,longntl_annual_native500m_positive_pixel_sum_v1
2022,阿拉尔市,156659002,6940.68540562368,1593,4.36736527682674,1.00499999523163,38.7600021362305,true,projects/sat-io/open-datasets/npp-viirs-ntl,b1,longntl_annual_native500m_positive_pixel_sum_v1
2022,图木舒克市,156659003,9234.21798577683,1672,5.61418895049661,1.00499999523163,74.2250061035156,true,projects/sat-io/open-datasets/npp-viirs-ntl,b1,longntl_annual_native500m_positive_pixel_sum_v1
2022,五家渠市,156659004,6445.45501748721,1186,5.93499858975936,1.00499999523163,42.6549987792969,true,projects/sat-io/open-datasets/npp-viirs-ntl,b1,longntl_annual_native500m_positive_pixel_sum_v1
2022,北屯市,156659005,3348.4346235668,585,6.33970752811812,1.00499999523163,43.6149978637695,true,projects/sat-io/open-datasets/npp-viirs-ntl,b1,longntl_annual_native500m_positive_pixel_sum_v1
2022,铁门关市,156659006,5828.40038225931,1079,5.92572164599829,1.00499999523163,64.4449996948242,true,projects/sat-io/open-datasets/npp-viirs-ntl,b1,longntl_annual_native500m_positive_pixel_sum_v1
2022,双河市,156659007,1065.27245160552,546,2.18386547757729,1.00499999523163,28.9449996948242,true,projects/sat-io/open-datasets/npp-viirs-ntl,b1,longntl_annual_native500m_positive_pixel_sum_v1
2022,可克达拉市,156659008,6080.53088064801,720,9.44785896819451,1.00499999523163,71.25,true,projects/sat-io/open-datasets/npp-viirs-ntl,b1,longntl_annual_native500m_positive_pixel_sum_v1
2022,昆玉市,156659009,943.060977535622,314,3.31546398565596,1.00499999523163,22.0299987792969,true,projects/sat-io/open-datasets/npp-viirs-ntl,b1,longntl_annual_native500m_positive_pixel_sum_v1
2022,胡杨河市,156659010,2026.7522497495,406,5.33989588971559,1.00499999523163,46.2600021362305,true,projects/sat-io/open-datasets/npp-viirs-ntl,b1,longntl_annual_native500m_positive_pixel_sum_v1
2022,新星市,156659011,1820.98731115145,667,2.92148029710854,1.00499999523163,30.310001373291,true,projects/sat-io/open-datasets/npp-viirs-ntl,b1,longntl_annual_native500m_positive_pixel_sum_v1
2022,白杨市,156659012,227.984313617033,96,2.78335806828857,1.00499999523163,18.625,true,projects/sat-io/open-datasets/npp-viirs-ntl,b1,longntl_annual_native500m_positive_pixel_sum_v1
2022,台湾省,156710000,688210.117174276,73068,9.4395235141184,1.00499999523163,215.984985351562,true,projects/sat-io/open-datasets/npp-viirs-ntl,b1,longntl_annual_native500m_positive_pixel_sum_v1
2022,香港特别行政区,156810000,72146.5568544963,3945,18.8726417347015,1.00499999523163,228.209991455078,true,projects/sat-io/open-datasets/npp-viirs-ntl,b1,longntl_annual_native500m_positive_pixel_sum_v1
2022,澳门特别行政区,156820000,4412.75148661744,58,83.6183123346547,13.2399997711182,326.385009765625,true,projects/sat-io/open-datasets/npp-viirs-ntl,b1,longntl_annual_native500m_positive_pixel_sum_v1
2023,北京市,156110000,501101.449823083,43644,11.5910340999667,1.00499999523163,280.160003662109,true,projects/sat-io/open-datasets/npp-viirs-ntl,b1,longntl_annual_native500m_positive_pixel_sum_v1
2023,天津市,156120000,409507.635330761,46411,8.93418917851943,1.00499999523163,256.210021972656,true,projects/sat-io/open-datasets/npp-viirs-ntl,b1,longntl_annual_native500m_positive_pixel_sum_v1
2023,石家庄市,156130100,163769.449025444,34960,4.70203034922805,1.00499999523163,103.485000610352,true,projects/sat-io/open-datasets/npp-viirs-ntl,b1,longntl_annual_native500m_positive_pixel_sum_v1
2023,唐山市,156130200,180756.684035463,41418,4.38463632386916,1.00499999523163,166.524993896484,true,projects/sat-io/open-datasets/npp-viirs-ntl,b1,longntl_annual_native500m_positive_pixel_sum_v1
2023,秦皇岛市,156130300,51099.8231236752,11335,4.53871159307297,1.00499999523163,68.4949951171875,true,projects/sat-io/open-datasets/npp-viirs-ntl,b1,longntl_annual_native500m_positive_pixel_sum_v1
2023,邯郸市,156130400,95164.4938791719,30606,3.13189734126772,1.00499999523163,99.3600006103516,true,projects/sat-io/open-datasets/npp-viirs-ntl,b1,longntl_annual_native500m_positive_pixel_sum_v1
2023,邢台市,156130500,84100.3328192926,28125,3.01530626829428,1.00499999523163,67.5849990844727,true,projects/sat-io/open-datasets/npp-viirs-ntl,b1,longntl_annual_native500m_positive_pixel_sum_v1
2023,保定市,156130600,187723.999362421,49173,3.84881644034294,1.00499999523163,87.4400024414062,true,projects/sat-io/open-datasets/npp-viirs-ntl,b1,longntl_annual_native500m_positive_pixel_sum_v1
2023,张家口市,156130700,59970.2954863815,14209,4.23268881995278,1.00499999523163,103.134994506836,true,projects/sat-io/open-datasets/npp-viirs-ntl,b1,longntl_annual_native500m_positive_pixel_sum_v1
2023,承德市,156130800,43630.6845564482,11499,3.80203171048822,1.00499999523163,104.899993896484,true,projects/sat-io/open-datasets/npp-viirs-ntl,b1,longntl_annual_native500m_positive_pixel_sum_v1
2023,沧州市,156130900,120307.225380393,39004,3.11793795110531,1.00499999523163,128.315002441406,true,projects/sat-io/open-datasets/npp-viirs-ntl,b1,longntl_annual_native500m_positive_pixel_sum_v1
2023,廊坊市,156131000,130368.569800363,31202,4.28241281930264,1.00499999523163,313.494995117188,true,projects/sat-io/open-datasets/npp-viirs-ntl,b1,longntl_annual_native500m_positive_pixel_sum_v1
2023,衡水市,156131100,36594.2316351685,13869,2.67209236850849,1.00499999523163,88.2350006103516,true,projects/sat-io/open-datasets/npp-viirs-ntl,b1,longntl_annual_native500m_positive_pixel_sum_v1
2023,太原市,156140100,167212.005850689,13441,12.6072963944603,1.00499999523163,254.654998779297,true,projects/sat-io/open-datasets/npp-viirs-ntl,b1,longntl_annual_native500m_positive_pixel_sum_v1
2023,大同市,156140200,77257.0207402295,12860,6.0633222120358,1.00499999523163,136.399993896484,true,projects/sat-io/open-datasets/npp-viirs-ntl,b1,longntl_annual_native500m_positive_pixel_sum_v1
2023,阳泉市,156140300,20344.9328455046,4685,4.35653496097618,1.00499999523163,49.5449981689453,true,projects/sat-io/open-datasets/npp-viirs-ntl,b1,longntl_annual_native500m_positive_pixel_sum_v1
2023,长治市,156140400,72352.1157647979,14737,4.92196253290642,1.00499999523163,111.790000915527,true,projects/sat-io/open-datasets/npp-viirs-ntl,b1,longntl_annual_native500m_positive_pixel_sum_v1
2023,晋城市,156140500,42600.7466907057,10717,3.98441707093809,1.00499999523163,110.419998168945,true,projects/sat-io/open-datasets/npp-viirs-ntl,b1,longntl_annual_native500m_positive_pixel_sum_v1
2023,朔州市,156140600,51218.3927050614,12062,4.28820400390405,1.00499999523163,92.7599945068359,true,projects/sat-io/open-datasets/npp-viirs-ntl,b1,longntl_annual_native500m_positive_pixel_sum_v1
2023,晋中市,156140700,75519.9989267204,17357,4.40928274885815,1.00499999523163,108.940002441406,true,projects/sat-io/open-datasets/npp-viirs-ntl,b1,longntl_annual_native500m_positive_pixel_sum_v1
2023,运城市,156140800,55415.8048150422,13122,4.2624687661447,1.00499999523163,75.25,true,projects/sat-io/open-datasets/npp-viirs-ntl,b1,longntl_annual_native500m_positive_pixel_sum_v1
2023,忻州市,156140900,48061.7079561248,13907,3.4811130851638,1.00499999523163,59.5650024414062,true,projects/sat-io/open-datasets/npp-viirs-ntl,b1,longntl_annual_native500m_positive_pixel_sum_v1
2023,临汾市,156141000,50707.2384524261,13219,3.87008991518913,1.00499999523163,109.720001220703,true,projects/sat-io/open-datasets/npp-viirs-ntl,b1,longntl_annual_native500m_positive_pixel_sum_v1
2023,吕梁市,156141100,58210.5714178511,16485,3.5627833943509,1.00499999523163,102.5,true,projects/sat-io/open-datasets/npp-viirs-ntl,b1,longntl_annual_native500m_positive_pixel_sum_v1
2023,呼和浩特市,156150100,106355.31346015,13307,8.00689100784145,1.00499999523163,138.479995727539,true,projects/sat-io/open-datasets/npp-viirs-ntl,b1,longntl_annual_native500m_positive_pixel_sum_v1
2023,包头市,156150200,75910.1294066448,9232,8.2705682337943,1.00499999523163,324.910003662109,true,projects/sat-io/open-datasets/npp-viirs-ntl,b1,longntl_annual_native500m_positive_pixel_sum_v1
2023,乌海市,156150300,31068.6963639596,6304,5.08657434523763,1.00499999523163,494.720001220703,true,projects/sat-io/open-datasets/npp-viirs-ntl,b1,longntl_annual_native500m_positive_pixel_sum_v1
2023,赤峰市,156150400,59105.0159341013,12254,4.84586348534189,1.00499999523163,171.865005493164,true,projects/sat-io/open-datasets/npp-viirs-ntl,b1,longntl_annual_native500m_positive_pixel_sum_v1
2023,通辽市,156150500,38059.5166576516,9798,3.89558526347652,1.00499999523163,68.4749984741211,true,projects/sat-io/open-datasets/npp-viirs-ntl,b1,longntl_annual_native500m_positive_pixel_sum_v1
2023,鄂尔多斯市,156150600,111643.448660718,27287,4.15007086230722,1.00499999523163,366.544982910156,true,projects/sat-io/open-datasets/npp-viirs-ntl,b1,longntl_annual_native500m_positive_pixel_sum_v1
2023,呼伦贝尔市,156150700,28619.0791836098,8986,3.19637678516014,1.00499999523163,117.330001831055,true,projects/sat-io/open-datasets/npp-viirs-ntl,b1,longntl_annual_native500m_positive_pixel_sum_v1
2023,巴彦淖尔市,156150800,21633.2061698951,6569,3.30830777447796,1.00499999523163,76.1600036621094,true,projects/sat-io/open-datasets/npp-viirs-ntl,b1,longntl_annual_native500m_positive_pixel_sum_v1
2023,乌兰察布市,156150900,35760.4825601615,7220,4.97470513908517,1.00499999523163,75.6600036621094,true,projects/sat-io/open-datasets/npp-viirs-ntl,b1,longntl_annual_native500m_positive_pixel_sum_v1
2023,兴安盟,156152200,18456.1084758076,4450,4.16707926967629,1.00499999523163,74.6100006103516,true,projects/sat-io/open-datasets/npp-viirs-ntl,b1,longntl_annual_native500m_positive_pixel_sum_v1
2023,锡林郭勒盟,156152500,43098.4044511089,7137,6.04520229255493,1.00499999523163,176.589996337891,true,projects/sat-io/open-datasets/npp-viirs-ntl,b1,longntl_annual_native500m_positive_pixel_sum_v1
2023,阿拉善盟,156152900,22009.4973926993,4053,5.56527836213269,1.00499999523163,129.104995727539,true,projects/sat-io/open-datasets/npp-viirs-ntl,b1,longntl_annual_native500m_positive_pixel_sum_v1
2023,沈阳市,156210100,191843.94243101,22357,8.64311985633747,1.00499999523163,204.385009765625,true,projects/sat-io/open-datasets/npp-viirs-ntl,b1,longntl_annual_native500m_positive_pixel_sum_v1
2023,大连市,156210200,119578.777504939,17529,6.85436184176726,1.00499999523163,216.154998779297,true,projects/sat-io/open-datasets/npp-viirs-ntl,b1,longntl_annual_native500m_positive_pixel_sum_v1
2023,鞍山市,156210300,47610.4833107345,10129,4.77421580548914,1.00499999523163,136.714996337891,true,projects/sat-io/open-datasets/npp-viirs-ntl,b1,longntl_annual_native500m_positive_pixel_sum_v1
2023,抚顺市,156210400,26266.2045164651,4603,5.79599616798006,1.00499999523163,110,true,projects/sat-io/open-datasets/npp-viirs-ntl,b1,longntl_annual_native500m_positive_pixel_sum_v1
2023,本溪市,156210500,16906.0662740581,4053,4.22095897253403,1.00499999523163,50.5299987792969,true,projects/sat-io/open-datasets/npp-viirs-ntl,b1,longntl_annual_native500m_positive_pixel_sum_v1
2023,丹东市,156210600,20048.1894499372,4592,4.42058978490961,1.00499999523163,92.25,true,projects/sat-io/open-datasets/npp-viirs-ntl,b1,longntl_annual_native500m_positive_pixel_sum_v1
2023,锦州市,156210700,34177.5835561612,7883,4.38386178072105,1.00499999523163,70.2900009155273,true,projects/sat-io/open-datasets/npp-viirs-ntl,b1,longntl_annual_native500m_positive_pixel_sum_v1
2023,营口市,156210800,50394.5845288333,9450,5.3821832161257,1.00499999523163,71.9100036621094,true,projects/sat-io/open-datasets/npp-viirs-ntl,b1,longntl_annual_native500m_positive_pixel_sum_v1
2023,阜新市,156210900,16278.2747939007,4156,3.9247567189481,1.00499999523163,91.8049926757812,true,projects/sat-io/open-datasets/npp-viirs-ntl,b1,longntl_annual_native500m_positive_pixel_sum_v1
2023,辽阳市,156211000,35574.3884929722,7994,4.53899807246807,1.00499999523163,119.98999786377,true,projects/sat-io/open-datasets/npp-viirs-ntl,b1,longntl_annual_native500m_positive_pixel_sum_v1
2023,盘锦市,156211100,42548.1388818554,8462,5.09986562157515,1.00499999523163,100.069999694824,true,projects/sat-io/open-datasets/npp-viirs-ntl,b1,longntl_annual_native500m_positive_pixel_sum_v1
2023,铁岭市,156211200,21234.2242250812,5928,3.62681336569545,1.00499999523163,51.4749984741211,true,projects/sat-io/open-datasets/npp-viirs-ntl,b1,longntl_annual_native500m_positive_pixel_sum_v1
2023,朝阳市,156211300,27861.8318521313,8203,3.41992474585274,1.00499999523163,61.4899978637695,true,projects/sat-io/open-datasets/npp-viirs-ntl,b1,longntl_annual_native500m_positive_pixel_sum_v1
2023,葫芦岛市,156211400,26474.0751300882,7125,3.75654200939762,1.00499999523163,119.630004882812,true,projects/sat-io/open-datasets/npp-viirs-ntl,b1,longntl_annual_native500m_positive_pixel_sum_v1
2023,长春市,156220100,247732.878235443,25876,9.60403049390761,1.00499999523163,279.044982910156,true,projects/sat-io/open-datasets/npp-viirs-ntl,b1,longntl_annual_native500m_positive_pixel_sum_v1
2023,吉林市,156220200,40500.6648500424,7355,5.52914836546057,1.00499999523163,87.5099945068359,true,projects/sat-io/open-datasets/npp-viirs-ntl,b1,longntl_annual_native500m_positive_pixel_sum_v1
2023,四平市,156220300,22872.9213649899,4531,5.162963716948,1.00499999523163,105.225006103516,true,projects/sat-io/open-datasets/npp-viirs-ntl,b1,longntl_annual_native500m_positive_pixel_sum_v1
2023,辽源市,156220400,15917.7740332557,2367,6.7906433719068,1.00499999523163,80.2850036621094,true,projects/sat-io/open-datasets/npp-viirs-ntl,b1,longntl_annual_native500m_positive_pixel_sum_v1
2023,通化市,156220500,15100.518335247,3645,4.18279640348125,1.00499999523163,65.4199981689453,true,projects/sat-io/open-datasets/npp-viirs-ntl,b1,longntl_annual_native500m_positive_pixel_sum_v1
2023,白山市,156220600,7711.84517942503,2454,3.18549980278679,1.00499999523163,40.0999984741211,true,projects/sat-io/open-datasets/npp-viirs-ntl,b1,longntl_annual_native500m_positive_pixel_sum_v1
2023,松原市,156220700,26578.9535001946,5884,4.53265463057309,1.00499999523163,95.8099975585938,true,projects/sat-io/open-datasets/npp-viirs-ntl,b1,longntl_annual_native500m_positive_pixel_sum_v1
2023,白城市,156220800,17072.9656595239,4086,4.19230722278207,1.00499999523163,66.4600067138672,true,projects/sat-io/open-datasets/npp-viirs-ntl,b1,longntl_annual_native500m_positive_pixel_sum_v1
2023,延边朝鲜族自治州,156222400,27513.797421684,5049,5.48099028058708,1.00499999523163,81.0299987792969,true,projects/sat-io/open-datasets/npp-viirs-ntl,b1,longntl_annual_native500m_positive_pixel_sum_v1
2023,哈尔滨市,156230100,145183.053034706,17767,8.17939018006214,1.00499999523163,184.729995727539,true,projects/sat-io/open-datasets/npp-viirs-ntl,b1,longntl_annual_native500m_positive_pixel_sum_v1
2023,齐齐哈尔市,156230200,44129.4069352664,8278,5.33997248084193,1.00499999523163,98.8450012207031,true,projects/sat-io/open-datasets/npp-viirs-ntl,b1,longntl_annual_native500m_positive_pixel_sum_v1
2023,鸡西市,156230300,11881.7943719467,3714,3.20400145175202,1.00499999523163,69.5650024414062,true,projects/sat-io/open-datasets/npp-viirs-ntl,b1,longntl_annual_native500m_positive_pixel_sum_v1
2023,鹤岗市,156230400,6218.36741953457,2119,2.94422075287809,1.00499999523163,33.6800003051758,true,projects/sat-io/open-datasets/npp-viirs-ntl,b1,longntl_annual_native500m_positive_pixel_sum_v1
2023,双鸭山市,156230500,11929.4426946645,3641,3.28487512986609,1.00499999523163,56.0900001525879,true,projects/sat-io/open-datasets/npp-viirs-ntl,b1,longntl_annual_native500m_positive_pixel_sum_v1
2023,大庆市,156230600,87278.2886757248,13733,6.42028150289234,1.00499999523163,478.144989013672,true,projects/sat-io/open-datasets/npp-viirs-ntl,b1,longntl_annual_native500m_positive_pixel_sum_v1
2023,伊春市,156230700,7152.73193721117,2131,3.37461057443851,1.00499999523163,53.0299987792969,true,projects/sat-io/open-datasets/npp-viirs-ntl,b1,longntl_annual_native500m_positive_pixel_sum_v1
2023,佳木斯市,156230800,30154.3450822092,6223,4.86271823726186,1.00499999523163,80.2899932861328,true,projects/sat-io/open-datasets/npp-viirs-ntl,b1,longntl_annual_native500m_positive_pixel_sum_v1
2023,七台河市,156230900,9879.58160839735,2361,4.18508811939041,1.00499999523163,54.4199981689453,true,projects/sat-io/open-datasets/npp-viirs-ntl,b1,longntl_annual_native500m_positive_pixel_sum_v1
2023,牡丹江市,156231000,24741.6345397197,4076,6.08649709006239,1.00499999523163,91.0299987792969,true,projects/sat-io/open-datasets/npp-viirs-ntl,b1,longntl_annual_native500m_positive_pixel_sum_v1
2023,黑河市,156231100,15788.3254919393,3872,4.0991852589462,1.00499999523163,60.4799995422363,true,projects/sat-io/open-datasets/npp-viirs-ntl,b1,longntl_annual_native500m_positive_pixel_sum_v1
2023,绥化市,156231200,26241.9188321029,7575,3.54105598545954,1.00499999523163,57.1350021362305,true,projects/sat-io/open-datasets/npp-viirs-ntl,b1,longntl_annual_native500m_positive_pixel_sum_v1
2023,大兴安岭地区,156232700,1385.88789803327,655,2.15304870231805,1.00499999523163,16.5499992370605,true,projects/sat-io/open-datasets/npp-viirs-ntl,b1,longntl_annual_native500m_positive_pixel_sum_v1
2023,上海市,156310000,553330.807009561,30298,18.4579781197315,1.00499999523163,288.700012207031,true,projects/sat-io/open-datasets/npp-viirs-ntl,b1,longntl_annual_native500m_positive_pixel_sum_v1
2023,南京市,156320100,244375.566327205,26008,9.57783052228345,1.00499999523163,220.220001220703,true,projects/sat-io/open-datasets/npp-viirs-ntl,b1,longntl_annual_native500m_positive_pixel_sum_v1
2023,无锡市,156320200,207110.840094315,18160,11.6541528287875,1.00499999523163,112.949996948242,true,projects/sat-io/open-datasets/npp-viirs-ntl,b1,longntl_annual_native500m_positive_pixel_sum_v1
2023,徐州市,156320300,147248.119643449,35771,4.16648723970651,1.00499999523163,71.4449996948242,true,projects/sat-io/open-datasets/npp-viirs-ntl,b1,longntl_annual_native500m_positive_pixel_sum_v1
2023,常州市,156320400,151578.652353597,16990,9.16604390307903,1.00499999523163,125.790000915527,true,projects/sat-io/open-datasets/npp-viirs-ntl,b1,longntl_annual_native500m_positive_pixel_sum_v1
2023,苏州市,156320500,463340.929075064,28814,16.2984464812957,1.00999999046326,173.130004882812,true,projects/sat-io/open-datasets/npp-viirs-ntl,b1,longntl_annual_native500m_positive_pixel_sum_v1
2023,南通市,156320600,188760.51258567,36193,5.24126191498589,1.00499999523163,94.5149993896484,true,projects/sat-io/open-datasets/npp-viirs-ntl,b1,longntl_annual_native500m_positive_pixel_sum_v1
2023,连云港市,156320700,79602.1867693644,21396,3.75612080731395,1.00499999523163,111.285003662109,true,projects/sat-io/open-datasets/npp-viirs-ntl,b1,longntl_annual_native500m_positive_pixel_sum_v1
2023,淮安市,156320800,93458.6653978091,16467,5.71235302661294,1.00499999523163,97.0749969482422,true,projects/sat-io/open-datasets/npp-viirs-ntl,b1,longntl_annual_native500m_positive_pixel_sum_v1
2023,盐城市,156320900,143839.255323495,30754,4.71180643914902,1.00499999523163,245.735000610352,true,projects/sat-io/open-datasets/npp-viirs-ntl,b1,longntl_annual_native500m_positive_pixel_sum_v1
2023,扬州市,156321000,113374.316577911,18440,6.21047238324124,1.00499999523163,89.2799987792969,true,projects/sat-io/open-datasets/npp-viirs-ntl,b1,longntl_annual_native500m_positive_pixel_sum_v1
2023,镇江市,156321100,83000.9222511712,15039,5.65202528630299,1.00499999523163,83.8899993896484,true,projects/sat-io/open-datasets/npp-viirs-ntl,b1,longntl_annual_native500m_positive_pixel_sum_v1
2023,泰州市,156321200,118658.499892127,21465,5.6056277767214,1.00499999523163,94.8199996948242,true,projects/sat-io/open-datasets/npp-viirs-ntl,b1,longntl_annual_native500m_positive_pixel_sum_v1
2023,宿迁市,156321300,79601.5630629572,17393,4.61628453044113,1.00499999523163,195.725006103516,true,projects/sat-io/open-datasets/npp-viirs-ntl,b1,longntl_annual_native500m_positive_pixel_sum_v1
2023,杭州市,156330100,307827.639523583,28279,11.0095799498462,1.00499999523163,317.125,true,projects/sat-io/open-datasets/npp-viirs-ntl,b1,longntl_annual_native500m_positive_pixel_sum_v1
2023,宁波市,156330200,307252.70997916,29549,10.4531734573001,1.00499999523163,185.095001220703,true,projects/sat-io/open-datasets/npp-viirs-ntl,b1,longntl_annual_native500m_positive_pixel_sum_v1
2023,温州市,156330300,191646.933451826,25485,7.57159875957323,1.00499999523163,143.304992675781,true,projects/sat-io/open-datasets/npp-viirs-ntl,b1,longntl_annual_native500m_positive_pixel_sum_v1
2023,嘉兴市,156330400,186128.056789185,18711,10.0969848764821,1.35500001907349,144.269989013672,true,projects/sat-io/open-datasets/npp-viirs-ntl,b1,longntl_annual_native500m_positive_pixel_sum_v1
2023,湖州市,156330500,113756.623082036,20255,5.68071355417802,1.00499999523163,93.0550003051758,true,projects/sat-io/open-datasets/npp-viirs-ntl,b1,longntl_annual_native500m_positive_pixel_sum_v1
2023,绍兴市,156330600,139851.704780645,21650,6.53746008636846,1.00499999523163,77.0699996948242,true,projects/sat-io/open-datasets/npp-viirs-ntl,b1,longntl_annual_native500m_positive_pixel_sum_v1
2023,金华市,156330700,194291.582472012,25349,7.69975064734434,1.00499999523163,116.994995117188,true,projects/sat-io/open-datasets/npp-viirs-ntl,b1,longntl_annual_native500m_positive_pixel_sum_v1
2023,衢州市,156330800,44550.5527628931,10394,4.30456270010233,1.00499999523163,75.3150024414062,true,projects/sat-io/open-datasets/npp-viirs-ntl,b1,longntl_annual_native500m_positive_pixel_sum_v1
2023,舟山市,156330900,33465.0155257272,4581,7.56895365987736,1.00999999046326,234.690002441406,true,projects/sat-io/open-datasets/npp-viirs-ntl,b1,longntl_annual_native500m_positive_pixel_sum_v1
2023,台州市,156331000,130497.393140204,19188,6.8292086539622,1.00499999523163,103.625,true,projects/sat-io/open-datasets/npp-viirs-ntl,b1,longntl_annual_native500m_positive_pixel_sum_v1
2023,丽水市,156331100,41935.6783325728,8200,5.13861815028071,1.00499999523163,64.129997253418,true,projects/sat-io/open-datasets/npp-viirs-ntl,b1,longntl_annual_native500m_positive_pixel_sum_v1
2023,合肥市,156340100,228499.398796251,24582,9.36965221570833,1.00499999523163,103.940002441406,true,projects/sat-io/open-datasets/npp-viirs-ntl,b1,longntl_annual_native500m_positive_pixel_sum_v1
2023,芜湖市,156340200,75091.9485491898,13801,5.50490763655676,1.00499999523163,151.859985351562,true,projects/sat-io/open-datasets/npp-viirs-ntl,b1,longntl_annual_native500m_positive_pixel_sum_v1
2023,蚌埠市,156340300,36501.5894511153,8010,4.61906715036407,1.00499999523163,58.5349998474121,true,projects/sat-io/open-datasets/npp-viirs-ntl,b1,longntl_annual_native500m_positive_pixel_sum_v1
2023,淮南市,156340400,39218.4522999072,9829,4.03641124435652,1.00499999523163,110.824996948242,true,projects/sat-io/open-datasets/npp-viirs-ntl,b1,longntl_annual_native500m_positive_pixel_sum_v1
2023,马鞍山市,156340500,44370.1262559933,9919,4.59352948698589,1.00499999523163,76.4850006103516,true,projects/sat-io/open-datasets/npp-viirs-ntl,b1,longntl_annual_native500m_positive_pixel_sum_v1
2023,淮北市,156340600,28639.5652605122,8369,3.53794127633228,1.00499999523163,67.2200012207031,true,projects/sat-io/open-datasets/npp-viirs-ntl,b1,longntl_annual_native500m_positive_pixel_sum_v1
2023,铜陵市,156340700,17079.4894649702,3719,4.68739520049874,1.00499999523163,70.2649993896484,true,projects/sat-io/open-datasets/npp-viirs-ntl,b1,longntl_annual_native500m_positive_pixel_sum_v1
2023,安庆市,156340800,44370.2163023079,8054,5.52389173730208,1.00499999523163,125.115005493164,true,projects/sat-io/open-datasets/npp-viirs-ntl,b1,longntl_annual_native500m_positive_pixel_sum_v1
2023,黄山市,156341000,6824.55999016762,2205,3.0950385442937,1.00499999523163,27.7550010681152,true,projects/sat-io/open-datasets/npp-viirs-ntl,b1,longntl_annual_native500m_positive_pixel_sum_v1
2023,滁州市,156341100,94735.3626227191,18011,5.33752781860116,1.00499999523163,80.5950012207031,true,projects/sat-io/open-datasets/npp-viirs-ntl,b1,longntl_annual_native500m_positive_pixel_sum_v1
2023,阜阳市,156341200,107612.878021978,30990,3.49084312200656,1.00499999523163,89.1650009155273,true,projects/sat-io/open-datasets/npp-viirs-ntl,b1,longntl_annual_native500m_positive_pixel_sum_v1
2023,宿州市,156341300,56296.5173807705,15967,3.60334157270595,1.00499999523163,76.1949996948242,true,projects/sat-io/open-datasets/npp-viirs-ntl,b1,longntl_annual_native500m_positive_pixel_sum_v1
2023,六安市,156341500,53164.6749983315,11351,4.72745118314483,1.00499999523163,63.1800003051758,true,projects/sat-io/open-datasets/npp-viirs-ntl,b1,longntl_annual_native500m_positive_pixel_sum_v1
2023,亳州市,156341600,39201.6567888176,11871,3.33540062526058,1.00499999523163,64.5449981689453,true,projects/sat-io/open-datasets/npp-viirs-ntl,b1,longntl_annual_native500m_positive_pixel_sum_v1
2023,池州市,156341700,16771.3906317113,4187,4.03791446346069,1.00499999523163,38.6699981689453,true,projects/sat-io/open-datasets/npp-viirs-ntl,b1,longntl_annual_native500m_positive_pixel_sum_v1
2023,宣城市,156341800,35279.2499139697,9361,3.83052440180837,1.00499999523163,74.0200042724609,true,projects/sat-io/open-datasets/npp-viirs-ntl,b1,longntl_annual_native500m_positive_pixel_sum_v1
2023,福州市,156350100,159612.187677059,21143,7.61322357701596,1.00499999523163,113.330001831055,true,projects/sat-io/open-datasets/npp-viirs-ntl,b1,longntl_annual_native500m_positive_pixel_sum_v1
2023,厦门市,156350200,109711.113470179,5714,19.6083932782308,1.00499999523163,226.880004882812,true,projects/sat-io/open-datasets/npp-viirs-ntl,b1,longntl_annual_native500m_positive_pixel_sum_v1
2023,莆田市,156350300,60368.3355170432,8002,7.60365077609872,1.00499999523163,105.404998779297,true,projects/sat-io/open-datasets/npp-viirs-ntl,b1,longntl_annual_native500m_positive_pixel_sum_v1
2023,三明市,156350400,28371.9547054913,7173,3.96421797787239,1.00499999523163,52.6650009155273,true,projects/sat-io/open-datasets/npp-viirs-ntl,b1,longntl_annual_native500m_positive_pixel_sum_v1
2023,泉州市,156350500,201312.114286426,22853,8.87193090139583,1.00499999523163,145.755004882812,true,projects/sat-io/open-datasets/npp-viirs-ntl,b1,longntl_annual_native500m_positive_pixel_sum_v1
2023,漳州市,156350600,124163.569888928,22296,5.60050007706493,1.00499999523163,269.330017089844,true,projects/sat-io/open-datasets/npp-viirs-ntl,b1,longntl_annual_native500m_positive_pixel_sum_v1
2023,南平市,156350700,38152.4411791105,8469,4.51084048629676,1.00499999523163,104.485000610352,true,projects/sat-io/open-datasets/npp-viirs-ntl,b1,longntl_annual_native500m_positive_pixel_sum_v1
2023,龙岩市,156350800,38071.6461811098,9273,4.11298697428608,1.00499999523163,54.3800010681152,true,projects/sat-io/open-datasets/npp-viirs-ntl,b1,longntl_annual_native500m_positive_pixel_sum_v1
2023,宁德市,156350900,55525.4812299967,13104,4.30289338816339,1.00499999523163,93.1800003051758,true,projects/sat-io/open-datasets/npp-viirs-ntl,b1,longntl_annual_native500m_positive_pixel_sum_v1
2023,南昌市,156360100,112872.453047284,12965,8.74387761782867,1.00499999523163,148.080001831055,true,projects/sat-io/open-datasets/npp-viirs-ntl,b1,longntl_annual_native500m_positive_pixel_sum_v1
2023,景德镇市,156360200,20215.6528247903,3256,6.22134942598336,1.00499999523163,73.5899963378906,true,projects/sat-io/open-datasets/npp-viirs-ntl,b1,longntl_annual_native500m_positive_pixel_sum_v1
2023,萍乡市,156360300,10172.9447313687,2980,3.42622013928751,1.00499999523163,45.2249984741211,true,projects/sat-io/open-datasets/npp-viirs-ntl,b1,longntl_annual_native500m_positive_pixel_sum_v1
2023,九江市,156360400,51902.1535904221,9830,5.31739920705664,1.00499999523163,91.4749984741211,true,projects/sat-io/open-datasets/npp-viirs-ntl,b1,longntl_annual_native500m_positive_pixel_sum_v1
2023,新余市,156360500,11959.5401996645,2305,5.22855042803901,1.00499999523163,52.6300010681152,true,projects/sat-io/open-datasets/npp-viirs-ntl,b1,longntl_annual_native500m_positive_pixel_sum_v1
2023,鹰潭市,156360600,13421.7172824182,2829,4.79701783253812,1.00499999523163,48.5350036621094,true,projects/sat-io/open-datasets/npp-viirs-ntl,b1,longntl_annual_native500m_positive_pixel_sum_v1
2023,赣州市,156360700,74592.3135369268,14238,5.24144892840449,1.00499999523163,90.6150054931641,true,projects/sat-io/open-datasets/npp-viirs-ntl,b1,longntl_annual_native500m_positive_pixel_sum_v1
2023,吉安市,156360800,27007.8257895984,6631,4.07514531144828,1.00499999523163,52.0750007629395,true,projects/sat-io/open-datasets/npp-viirs-ntl,b1,longntl_annual_native500m_positive_pixel_sum_v1
2023,宜春市,156360900,49234.9408368148,11032,4.47633139757659,1.00499999523163,59.8800010681152,true,projects/sat-io/open-datasets/npp-viirs-ntl,b1,longntl_annual_native500m_positive_pixel_sum_v1
2023,抚州市,156361000,24220.73282864,5538,4.3814049151626,1.00499999523163,45.4000015258789,true,projects/sat-io/open-datasets/npp-viirs-ntl,b1,longntl_annual_native500m_positive_pixel_sum_v1
2023,上饶市,156361100,44513.0973775158,10528,4.24285098163954,1.00499999523163,80.6800003051758,true,projects/sat-io/open-datasets/npp-viirs-ntl,b1,longntl_annual_native500m_positive_pixel_sum_v1
2023,济南市,156370100,184695.338687751,29784,6.25296470051388,1.00499999523163,237.404998779297,true,projects/sat-io/open-datasets/npp-viirs-ntl,b1,longntl_annual_native500m_positive_pixel_sum_v1
2023,青岛市,156370200,234730.876499542,35671,6.64354052543124,1.00499999523163,448.325012207031,true,projects/sat-io/open-datasets/npp-viirs-ntl,b1,longntl_annual_native500m_positive_pixel_sum_v1
2023,淄博市,156370300,89397.0857928187,16747,5.45597071605309,1.00499999523163,92.3600006103516,true,projects/sat-io/open-datasets/npp-viirs-ntl,b1,longntl_annual_native500m_positive_pixel_sum_v1
2023,枣庄市,156370400,50174.7086974163,15950,3.18890514097004,1.00499999523163,128.300003051758,true,projects/sat-io/open-datasets/npp-viirs-ntl,b1,longntl_annual_native500m_positive_pixel_sum_v1
2023,东营市,156370500,104043.107912793,20531,5.13778698400378,1.00499999523163,129.225006103516,true,projects/sat-io/open-datasets/npp-viirs-ntl,b1,longntl_annual_native500m_positive_pixel_sum_v1
2023,烟台市,156370600,124909.00500415,26486,4.75317863408635,1.00499999523163,231.144989013672,true,projects/sat-io/open-datasets/npp-viirs-ntl,b1,longntl_annual_native500m_positive_pixel_sum_v1
2023,潍坊市,156370700,166727.267634017,44990,3.73381524900364,1.00499999523163,107.610000610352,true,projects/sat-io/open-datasets/npp-viirs-ntl,b1,longntl_annual_native500m_positive_pixel_sum_v1
2023,济宁市,156370800,100227.243780976,28259,3.58913001181289,1.00499999523163,71.9100036621094,true,projects/sat-io/open-datasets/npp-viirs-ntl,b1,longntl_annual_native500m_positive_pixel_sum_v1
2023,泰安市,156370900,56050.588285491,15964,3.54121244271788,1.00499999523163,74.8850021362305,true,projects/sat-io/open-datasets/npp-viirs-ntl,b1,longntl_annual_native500m_positive_pixel_sum_v1
2023,威海市,156371000,57447.1377786987,11922,4.85299256980931,1.00499999523163,166.029998779297,true,projects/sat-io/open-datasets/npp-viirs-ntl,b1,longntl_annual_native500m_positive_pixel_sum_v1
2023,日照市,156371100,41731.467082529,11406,3.72070464599974,1.00499999523163,67.8199996948242,true,projects/sat-io/open-datasets/npp-viirs-ntl,b1,longntl_annual_native500m_positive_pixel_sum_v1
2023,临沂市,156371300,162937.046866921,45335,3.62156051559296,1.00499999523163,251.830001831055,true,projects/sat-io/open-datasets/npp-viirs-ntl,b1,longntl_annual_native500m_positive_pixel_sum_v1
2023,德州市,156371400,71480.8279947767,19067,3.80424761168549,1.00499999523163,117.684997558594,true,projects/sat-io/open-datasets/npp-viirs-ntl,b1,longntl_annual_native500m_positive_pixel_sum_v1
2023,聊城市,156371500,78958.0283866181,23339,3.40819502539987,1.00499999523163,79.5699996948242,true,projects/sat-io/open-datasets/npp-viirs-ntl,b1,longntl_annual_native500m_positive_pixel_sum_v1
2023,滨州市,156371600,91527.1645558848,24575,3.79600894698511,1.00499999523163,146.160003662109,true,projects/sat-io/open-datasets/npp-viirs-ntl,b1,longntl_annual_native500m_positive_pixel_sum_v1
2023,菏泽市,156371700,105107.00574392,32183,3.28163723869127,1.00499999523163,147.419998168945,true,projects/sat-io/open-datasets/npp-viirs-ntl,b1,longntl_annual_native500m_positive_pixel_sum_v1
2023,郑州市,156410100,228825.740333902,28641,8.08227241456976,1.00499999523163,255.145004272461,true,projects/sat-io/open-datasets/npp-viirs-ntl,b1,longntl_annual_native500m_positive_pixel_sum_v1
2023,开封市,156410200,60741.5932925346,14708,4.2013094763294,1.00499999523163,102.630004882812,true,projects/sat-io/open-datasets/npp-viirs-ntl,b1,longntl_annual_native500m_positive_pixel_sum_v1
2023,洛阳市,156410300,96500.3189847539,18028,5.39922927611451,1.00499999523163,75.7249984741211,true,projects/sat-io/open-datasets/npp-viirs-ntl,b1,longntl_annual_native500m_positive_pixel_sum_v1
2023,平顶山市,156410400,51245.9220956522,13577,3.8003216834831,1.00499999523163,78.2299957275391,true,projects/sat-io/open-datasets/npp-viirs-ntl,b1,longntl_annual_native500m_positive_pixel_sum_v1
2023,安阳市,156410500,62573.7693547562,18058,3.52941241726035,1.00499999523163,96.8549957275391,true,projects/sat-io/open-datasets/npp-viirs-ntl,b1,longntl_annual_native500m_positive_pixel_sum_v1
2023,鹤壁市,156410600,25387.3565375926,6624,3.93297545121497,1.00499999523163,52.4550018310547,true,projects/sat-io/open-datasets/npp-viirs-ntl,b1,longntl_annual_native500m_positive_pixel_sum_v1
2023,新乡市,156410700,86823.2693440288,24874,3.51632470270407,1.00499999523163,84.1849975585938,true,projects/sat-io/open-datasets/npp-viirs-ntl,b1,longntl_annual_native500m_positive_pixel_sum_v1
2023,焦作市,156410800,47310.0198446437,13248,3.61538493316308,1.00499999523163,39.5599975585938,true,projects/sat-io/open-datasets/npp-viirs-ntl,b1,longntl_annual_native500m_positive_pixel_sum_v1
2023,濮阳市,156410900,51583.5869709029,15235,3.44749434016934,1.00499999523163,77.0599975585938,true,projects/sat-io/open-datasets/npp-viirs-ntl,b1,longntl_annual_native500m_positive_pixel_sum_v1
2023,许昌市,156411000,44579.6150282472,13113,3.44047949407697,1.00499999523163,72.1549987792969,true,projects/sat-io/open-datasets/npp-viirs-ntl,b1,longntl_annual_native500m_positive_pixel_sum_v1
2023,漯河市,156411100,32089.3788277696,5747,5.70327945253344,1.00499999523163,126.915000915527,true,projects/sat-io/open-datasets/npp-viirs-ntl,b1,longntl_annual_native500m_positive_pixel_sum_v1
2023,三门峡市,156411200,22416.8613254585,5801,3.89740439245808,1.00499999523163,39.4550018310547,true,projects/sat-io/open-datasets/npp-viirs-ntl,b1,longntl_annual_native500m_positive_pixel_sum_v1
2023,南阳市,156411300,70245.7757637977,18528,3.79925388353035,1.00499999523163,59.7399978637695,true,projects/sat-io/open-datasets/npp-viirs-ntl,b1,longntl_annual_native500m_positive_pixel_sum_v1
2023,商丘市,156411400,80477.8066717499,21632,3.7461042187529,1.00499999523163,83.6100006103516,true,projects/sat-io/open-datasets/npp-viirs-ntl,b1,longntl_annual_native500m_positive_pixel_sum_v1
2023,信阳市,156411500,43609.2539533494,9633,4.56160750364428,1.00499999523163,76.5950012207031,true,projects/sat-io/open-datasets/npp-viirs-ntl,b1,longntl_annual_native500m_positive_pixel_sum_v1
2023,周口市,156411600,80690.0549153655,24280,3.34840149243316,1.00499999523163,72.0149993896484,true,projects/sat-io/open-datasets/npp-viirs-ntl,b1,longntl_annual_native500m_positive_pixel_sum_v1
2023,驻马店市,156411700,68241.2332623645,16592,4.14083379661494,1.00499999523163,91.8549957275391,true,projects/sat-io/open-datasets/npp-viirs-ntl,b1,longntl_annual_native500m_positive_pixel_sum_v1
2023,济源市,156419001,12859.4102324149,2731,4.78951293396617,1.00499999523163,58.1450004577637,true,projects/sat-io/open-datasets/npp-viirs-ntl,b1,longntl_annual_native500m_positive_pixel_sum_v1
2023,武汉市,156420100,273523.256900835,20948,13.1590781588937,1.00499999523163,465.964996337891,true,projects/sat-io/open-datasets/npp-viirs-ntl,b1,longntl_annual_native500m_positive_pixel_sum_v1
2023,黄石市,156420200,27089.2645269586,5431,5.0731642228086,1.00499999523163,98.6849975585938,true,projects/sat-io/open-datasets/npp-viirs-ntl,b1,longntl_annual_native500m_positive_pixel_sum_v1
2023,十堰市,156420300,21765.865469106,5057,4.33537933690355,1.00499999523163,37.9099998474121,true,projects/sat-io/open-datasets/npp-viirs-ntl,b1,longntl_annual_native500m_positive_pixel_sum_v1
2023,宜昌市,156420500,45033.70275163,10196,4.428048305246,1.00499999523163,97.4550018310547,true,projects/sat-io/open-datasets/npp-viirs-ntl,b1,longntl_annual_native500m_positive_pixel_sum_v1
2023,襄阳市,156420600,44559.975590395,9804,4.56332334503765,1.00499999523163,48.9000015258789,true,projects/sat-io/open-datasets/npp-viirs-ntl,b1,longntl_annual_native500m_positive_pixel_sum_v1
2023,鄂州市,156420700,23498.7114425042,4578,5.22500485499856,1.00499999523163,82.1549987792969,true,projects/sat-io/open-datasets/npp-viirs-ntl,b1,longntl_annual_native500m_positive_pixel_sum_v1
2023,荆门市,156420800,19642.4268393554,5257,3.75130041598747,1.00499999523163,52.1049995422363,true,projects/sat-io/open-datasets/npp-viirs-ntl,b1,longntl_annual_native500m_positive_pixel_sum_v1
2023,孝感市,156420900,35269.6998760046,9415,3.79754266891179,1.00499999523163,44.7649993896484,true,projects/sat-io/open-datasets/npp-viirs-ntl,b1,longntl_annual_native500m_positive_pixel_sum_v1
2023,荆州市,156421000,41340.2485544228,9076,4.57970962433018,1.00499999523163,60.6049995422363,true,projects/sat-io/open-datasets/npp-viirs-ntl,b1,longntl_annual_native500m_positive_pixel_sum_v1
2023,黄冈市,156421100,39011.1138050332,10522,3.72443443485162,1.00499999523163,103.110000610352,true,projects/sat-io/open-datasets/npp-viirs-ntl,b1,longntl_annual_native500m_positive_pixel_sum_v1
2023,咸宁市,156421200,18849.9785139949,4813,3.92912367062654,1.00499999523163,51.5349998474121,true,projects/sat-io/open-datasets/npp-viirs-ntl,b1,longntl_annual_native500m_positive_pixel_sum_v1
2023,随州市,156421300,12001.592350166,3133,3.83948328075736,1.00499999523163,39.5400009155273,true,projects/sat-io/open-datasets/npp-viirs-ntl,b1,longntl_annual_native500m_positive_pixel_sum_v1
2023,恩施土家族苗族自治州,156422800,19000.9055856275,4335,4.42216666195265,1.00499999523163,64.0149993896484,true,projects/sat-io/open-datasets/npp-viirs-ntl,b1,longntl_annual_native500m_positive_pixel_sum_v1
2023,仙桃市,156429004,10351.1052604404,2207,4.77695766287936,1.00499999523163,57.6549987792969,true,projects/sat-io/open-datasets/npp-viirs-ntl,b1,longntl_annual_native500m_positive_pixel_sum_v1
2023,潜江市,156429005,9370.34483039145,2124,4.47748724224935,1.00499999523163,63.060001373291,true,projects/sat-io/open-datasets/npp-viirs-ntl,b1,longntl_annual_native500m_positive_pixel_sum_v1
2023,天门市,156429006,7440.07714578311,1893,4.00861990592284,1.00499999523163,43.4550018310547,true,projects/sat-io/open-datasets/npp-viirs-ntl,b1,longntl_annual_native500m_positive_pixel_sum_v1
2023,神农架林区,156429021,161.864529826127,89,1.85917098804839,1.00499999523163,5.19000005722046,true,projects/sat-io/open-datasets/npp-viirs-ntl,b1,longntl_annual_native500m_positive_pixel_sum_v1
2023,长沙市,156430100,163175.668296876,17864,9.21587091420589,1.00499999523163,145.489990234375,true,projects/sat-io/open-datasets/npp-viirs-ntl,b1,longntl_annual_native500m_positive_pixel_sum_v1
2023,株洲市,156430200,25649.203742642,5309,4.90709703038448,1.00499999523163,71.7900009155273,true,projects/sat-io/open-datasets/npp-viirs-ntl,b1,longntl_annual_native500m_positive_pixel_sum_v1
2023,湘潭市,156430300,24753.2416846743,4494,5.68944124776075,1.00499999523163,56.0749969482422,true,projects/sat-io/open-datasets/npp-viirs-ntl,b1,longntl_annual_native500m_positive_pixel_sum_v1
2023,衡阳市,156430400,24983.5458172938,6039,4.13809501699193,1.00499999523163,50.7299995422363,true,projects/sat-io/open-datasets/npp-viirs-ntl,b1,longntl_annual_native500m_positive_pixel_sum_v1
2023,邵阳市,156430500,20985.4633785907,4680,4.49011964455289,1.00499999523163,68.3949966430664,true,projects/sat-io/open-datasets/npp-viirs-ntl,b1,longntl_annual_native500m_positive_pixel_sum_v1
2023,岳阳市,156430600,34654.2340139913,8140,4.29224848482106,1.00499999523163,104.679992675781,true,projects/sat-io/open-datasets/npp-viirs-ntl,b1,longntl_annual_native500m_positive_pixel_sum_v1
2023,常德市,156430700,30780.4178716416,7442,4.14038283990706,1.00499999523163,48.2150001525879,true,projects/sat-io/open-datasets/npp-viirs-ntl,b1,longntl_annual_native500m_positive_pixel_sum_v1
2023,张家界市,156430800,7424.63279810513,1707,4.35809157196414,1.00499999523163,43.9850006103516,true,projects/sat-io/open-datasets/npp-viirs-ntl,b1,longntl_annual_native500m_positive_pixel_sum_v1
2023,益阳市,156430900,16929.3054473106,4478,3.80874533746842,1.00499999523163,54.0749969482422,true,projects/sat-io/open-datasets/npp-viirs-ntl,b1,longntl_annual_native500m_positive_pixel_sum_v1
2023,郴州市,156431000,19778.9325227204,5827,3.39845575367444,1.00499999523163,34.4499969482422,true,projects/sat-io/open-datasets/npp-viirs-ntl,b1,longntl_annual_native500m_positive_pixel_sum_v1
2023,永州市,156431100,21529.2267602051,5261,4.0988088892299,1.00499999523163,36.4900016784668,true,projects/sat-io/open-datasets/npp-viirs-ntl,b1,longntl_annual_native500m_positive_pixel_sum_v1
2023,怀化市,156431200,18336.9688868242,4481,4.13621693552512,1.00499999523163,50.9099998474121,true,projects/sat-io/open-datasets/npp-viirs-ntl,b1,longntl_annual_native500m_positive_pixel_sum_v1
2023,娄底市,156431300,18157.3528547605,4118,4.46267643285051,1.00499999523163,44.5,true,projects/sat-io/open-datasets/npp-viirs-ntl,b1,longntl_annual_native500m_positive_pixel_sum_v1
2023,湘西土家族苗族自治州,156433100,14491.1681448511,3121,4.72089546241491,1.00499999523163,71.7200012207031,true,projects/sat-io/open-datasets/npp-viirs-ntl,b1,longntl_annual_native500m_positive_pixel_sum_v1
2023,广州市,156440100,310333.311987125,24194,13.006040706308,1.00499999523163,254.220001220703,true,projects/sat-io/open-datasets/npp-viirs-ntl,b1,longntl_annual_native500m_positive_pixel_sum_v1
2023,韶关市,156440200,37320.2648003246,10181,3.67923878196309,1.00499999523163,48.2799987792969,true,projects/sat-io/open-datasets/npp-viirs-ntl,b1,longntl_annual_native500m_positive_pixel_sum_v1
2023,深圳市,156440300,215029.139166634,8273,26.810485935016,1.00499999523163,214.395004272461,true,projects/sat-io/open-datasets/npp-viirs-ntl,b1,longntl_annual_native500m_positive_pixel_sum_v1
2023,珠海市,156440400,63183.8988357404,5676,11.422808477488,1.02499997615814,137.980010986328,true,projects/sat-io/open-datasets/npp-viirs-ntl,b1,longntl_annual_native500m_positive_pixel_sum_v1
2023,汕头市,156440500,90321.1693906069,7957,11.637696863035,1.00499999523163,125.480003356934,true,projects/sat-io/open-datasets/npp-viirs-ntl,b1,longntl_annual_native500m_positive_pixel_sum_v1
2023,佛山市,156440600,190914.096298764,14877,13.2091229830601,1.00499999523163,85.3899993896484,true,projects/sat-io/open-datasets/npp-viirs-ntl,b1,longntl_annual_native500m_positive_pixel_sum_v1
2023,江门市,156440700,106916.925282206,20826,5.17727224936802,1.00499999523163,58.2350006103516,true,projects/sat-io/open-datasets/npp-viirs-ntl,b1,longntl_annual_native500m_positive_pixel_sum_v1
2023,湛江市,156440800,98193.1344992479,24550,4.04310056614926,1.00499999523163,146.535003662109,true,projects/sat-io/open-datasets/npp-viirs-ntl,b1,longntl_annual_native500m_positive_pixel_sum_v1
2023,茂名市,156440900,60339.7662114676,15511,3.94096340940471,1.00499999523163,95.7900009155273,true,projects/sat-io/open-datasets/npp-viirs-ntl,b1,longntl_annual_native500m_positive_pixel_sum_v1
2023,肇庆市,156441200,61445.6849880228,14501,4.29842167445656,1.00499999523163,58.9250030517578,true,projects/sat-io/open-datasets/npp-viirs-ntl,b1,longntl_annual_native500m_positive_pixel_sum_v1
2023,惠州市,156441300,157819.081718681,24495,6.51553911040732,1.00499999523163,151.785003662109,true,projects/sat-io/open-datasets/npp-viirs-ntl,b1,longntl_annual_native500m_positive_pixel_sum_v1
2023,梅州市,156441400,35382.9911461419,10606,3.35239998984403,1.00499999523163,70.2099990844727,true,projects/sat-io/open-datasets/npp-viirs-ntl,b1,longntl_annual_native500m_positive_pixel_sum_v1
2023,汕尾市,156441500,55021.5924164557,12625,4.4057980051204,1.00499999523163,130.445007324219,true,projects/sat-io/open-datasets/npp-viirs-ntl,b1,longntl_annual_native500m_positive_pixel_sum_v1
2023,河源市,156441600,34792.9541919367,8240,4.24731285057665,1.00499999523163,55.3300018310547,true,projects/sat-io/open-datasets/npp-viirs-ntl,b1,longntl_annual_native500m_positive_pixel_sum_v1
2023,阳江市,156441700,36851.6265147438,8800,4.21409995150514,1.00499999523163,93.3099975585938,true,projects/sat-io/open-datasets/npp-viirs-ntl,b1,longntl_annual_native500m_positive_pixel_sum_v1
2023,清远市,156441800,55940.3374006762,15343,3.68069843678856,1.00499999523163,46.9800033569336,true,projects/sat-io/open-datasets/npp-viirs-ntl,b1,longntl_annual_native500m_positive_pixel_sum_v1
2023,东莞市,156441900,230320.240238088,10491,22.4521509992367,1.33500003814697,158.115005493164,true,projects/sat-io/open-datasets/npp-viirs-ntl,b1,longntl_annual_native500m_positive_pixel_sum_v1
2023,中山市,156442000,103694.913274263,7338,14.4087498535198,1.5900000333786,86.8000030517578,true,projects/sat-io/open-datasets/npp-viirs-ntl,b1,longntl_annual_native500m_positive_pixel_sum_v1
2023,潮州市,156445100,43506.1603391311,6782,6.56883399292344,1.00499999523163,88.8249969482422,true,projects/sat-io/open-datasets/npp-viirs-ntl,b1,longntl_annual_native500m_positive_pixel_sum_v1
2023,揭阳市,156445200,86491.8682601297,14357,6.1438380783385,1.00499999523163,201.800003051758,true,projects/sat-io/open-datasets/npp-viirs-ntl,b1,longntl_annual_native500m_positive_pixel_sum_v1
2023,云浮市,156445300,23044.2814796845,7293,3.20521917369863,1.00499999523163,40.1999969482422,true,projects/sat-io/open-datasets/npp-viirs-ntl,b1,longntl_annual_native500m_positive_pixel_sum_v1
2023,南宁市,156450100,119192.122509595,20183,5.93831899843477,1.00499999523163,96.0899963378906,true,projects/sat-io/open-datasets/npp-viirs-ntl,b1,longntl_annual_native500m_positive_pixel_sum_v1
2023,柳州市,156450200,47760.320244173,8202,5.83659934740257,1.00499999523163,57.6699981689453,true,projects/sat-io/open-datasets/npp-viirs-ntl,b1,longntl_annual_native500m_positive_pixel_sum_v1
2023,桂林市,156450300,32943.3441325571,7800,4.22587886399857,1.00499999523163,46.8600006103516,true,projects/sat-io/open-datasets/npp-viirs-ntl,b1,longntl_annual_native500m_positive_pixel_sum_v1
2023,梧州市,156450400,19929.8330521121,5353,3.73361247529791,1.00499999523163,95.625,true,projects/sat-io/open-datasets/npp-viirs-ntl,b1,longntl_annual_native500m_positive_pixel_sum_v1
2023,北海市,156450500,25736.0657828289,5027,5.22036375964803,1.00499999523163,80.8150024414062,true,projects/sat-io/open-datasets/npp-viirs-ntl,b1,longntl_annual_native500m_positive_pixel_sum_v1
2023,防城港市,156450600,17054.7146364217,3319,5.2864901067612,1.00499999523163,140.43000793457,true,projects/sat-io/open-datasets/npp-viirs-ntl,b1,longntl_annual_native500m_positive_pixel_sum_v1
2023,钦州市,156450700,22090.1872848847,4960,4.50084236629953,1.00499999523163,103.229995727539,true,projects/sat-io/open-datasets/npp-viirs-ntl,b1,longntl_annual_native500m_positive_pixel_sum_v1
2023,贵港市,156450800,24106.9231886134,8566,2.82048177506788,1.00499999523163,48.0199966430664,true,projects/sat-io/open-datasets/npp-viirs-ntl,b1,longntl_annual_native500m_positive_pixel_sum_v1
2023,玉林市,156450900,35077.9294094974,9555,3.69138963285389,1.00499999523163,59.3400001525879,true,projects/sat-io/open-datasets/npp-viirs-ntl,b1,longntl_annual_native500m_positive_pixel_sum_v1
2023,百色市,156451000,29683.5035921092,7766,3.83623252678156,1.00499999523163,62.3550033569336,true,projects/sat-io/open-datasets/npp-viirs-ntl,b1,longntl_annual_native500m_positive_pixel_sum_v1
2023,贺州市,156451100,13347.2548377159,3808,3.51308806962856,1.00499999523163,44.4650001525879,true,projects/sat-io/open-datasets/npp-viirs-ntl,b1,longntl_annual_native500m_positive_pixel_sum_v1
2023,河池市,156451200,15741.1774588169,4722,3.3647569411715,1.00499999523163,39.5349998474121,true,projects/sat-io/open-datasets/npp-viirs-ntl,b1,longntl_annual_native500m_positive_pixel_sum_v1
2023,来宾市,156451300,16000.2027336649,5211,3.08210820864139,1.00499999523163,44.75,true,projects/sat-io/open-datasets/npp-viirs-ntl,b1,longntl_annual_native500m_positive_pixel_sum_v1
2023,崇左市,156451400,22754.2114798943,6027,3.81350988116674,1.00499999523163,57.0499992370605,true,projects/sat-io/open-datasets/npp-viirs-ntl,b1,longntl_annual_native500m_positive_pixel_sum_v1
2023,海口市,156460100,48359.3831558601,4537,10.8821222560005,1.00499999523163,310.114990234375,true,projects/sat-io/open-datasets/npp-viirs-ntl,b1,longntl_annual_native500m_positive_pixel_sum_v1
2023,三亚市,156460200,25723.8334207553,3855,6.76342024505843,1.00499999523163,124.610000610352,true,projects/sat-io/open-datasets/npp-viirs-ntl,b1,longntl_annual_native500m_positive_pixel_sum_v1
2023,三沙市,156460300,30.5305885632833,6,5.19366249742311,3.69000005722046,6.97000026702881,true,projects/sat-io/open-datasets/npp-viirs-ntl,b1,longntl_annual_native500m_positive_pixel_sum_v1
2023,儋州市,156460400,15957.1028995018,3052,5.27940768684329,1.00499999523163,167.804992675781,true,projects/sat-io/open-datasets/npp-viirs-ntl,b1,longntl_annual_native500m_positive_pixel_sum_v1
2023,五指山市,156469001,908.190001130104,252,3.60392857591311,1.00499999523163,19.1199989318848,true,projects/sat-io/open-datasets/npp-viirs-ntl,b1,longntl_annual_native500m_positive_pixel_sum_v1
2023,琼海市,156469002,5753.95452959537,1649,3.51961812763102,1.00499999523163,55.7200012207031,true,projects/sat-io/open-datasets/npp-viirs-ntl,b1,longntl_annual_native500m_positive_pixel_sum_v1
2023,文昌市,156469005,6344.81410152865,1896,3.41314773787584,1.00499999523163,38.5950012207031,true,projects/sat-io/open-datasets/npp-viirs-ntl,b1,longntl_annual_native500m_positive_pixel_sum_v1
2023,万宁市,156469006,6516.82129433436,2128,3.11657004460759,1.00499999523163,45.1100006103516,true,projects/sat-io/open-datasets/npp-viirs-ntl,b1,longntl_annual_native500m_positive_pixel_sum_v1
2023,东方市,156469007,13787.5045210918,3699,3.77623002807448,1.00499999523163,82.2249984741211,true,projects/sat-io/open-datasets/npp-viirs-ntl,b1,longntl_annual_native500m_positive_pixel_sum_v1
2023,定安县,156469021,2139.32641269787,637,3.52499505839982,1.00499999523163,36.5650024414062,true,projects/sat-io/open-datasets/npp-viirs-ntl,b1,longntl_annual_native500m_positive_pixel_sum_v1
2023,屯昌县,156469022,1153.30060261839,391,3.01021160789052,1.00499999523163,19.3349990844727,true,projects/sat-io/open-datasets/npp-viirs-ntl,b1,longntl_annual_native500m_positive_pixel_sum_v1
2023,澄迈县,156469023,6856.06868170897,1622,4.35754043706516,1.00499999523163,48.8549995422363,true,projects/sat-io/open-datasets/npp-viirs-ntl,b1,longntl_annual_native500m_positive_pixel_sum_v1
2023,临高县,156469024,3461.68091274804,1141,3.05405446658968,1.00499999523163,49.9449996948242,true,projects/sat-io/open-datasets/npp-viirs-ntl,b1,longntl_annual_native500m_positive_pixel_sum_v1
2023,白沙黎族自治县,156469025,1038.49011564255,307,3.39475918172535,1.00499999523163,22.2299995422363,true,projects/sat-io/open-datasets/npp-viirs-ntl,b1,longntl_annual_native500m_positive_pixel_sum_v1
2023,昌江黎族自治县,156469026,6222.70424262542,1807,3.52304398920408,1.00499999523163,89.4250030517578,true,projects/sat-io/open-datasets/npp-viirs-ntl,b1,longntl_annual_native500m_positive_pixel_sum_v1
2023,乐东黎族自治县,156469027,12071.0580412196,3808,3.19800667473341,1.00499999523163,69.6899948120117,true,projects/sat-io/open-datasets/npp-viirs-ntl,b1,longntl_annual_native500m_positive_pixel_sum_v1
2023,陵水黎族自治县,156469028,7010.20896995582,1712,4.18162597332975,1.00499999523163,44.4099998474121,true,projects/sat-io/open-datasets/npp-viirs-ntl,b1,longntl_annual_native500m_positive_pixel_sum_v1
2023,保亭黎族苗族自治县,156469029,966.170002222061,341,2.83334311502071,1.00499999523163,25.5249996185303,true,projects/sat-io/open-datasets/npp-viirs-ntl,b1,longntl_annual_native500m_positive_pixel_sum_v1
2023,琼中黎族苗族自治县,156469030,1322.44089900092,350,3.7918279763109,1.00499999523163,32.4500007629395,true,projects/sat-io/open-datasets/npp-viirs-ntl,b1,longntl_annual_native500m_positive_pixel_sum_v1
2023,重庆市,156500000,332439.619330848,55543,5.98972487229784,1.00499999523163,158.679992675781,true,projects/sat-io/open-datasets/npp-viirs-ntl,b1,longntl_annual_native500m_positive_pixel_sum_v1
2023,成都市,156510100,327913.757923044,37665,8.75791061464529,1.00499999523163,242.209991455078,true,projects/sat-io/open-datasets/npp-viirs-ntl,b1,longntl_annual_native500m_positive_pixel_sum_v1
2023,自贡市,156510300,19815.8126404907,4561,4.39052027578959,1.00499999523163,66.2099990844727,true,projects/sat-io/open-datasets/npp-viirs-ntl,b1,longntl_annual_native500m_positive_pixel_sum_v1
2023,攀枝花市,156510400,13647.7430245834,3116,4.40590319813135,1.00499999523163,78.7700042724609,true,projects/sat-io/open-datasets/npp-viirs-ntl,b1,longntl_annual_native500m_positive_pixel_sum_v1
2023,泸州市,156510500,23845.5382492734,6947,3.47318080687616,1.00499999523163,46.2299995422363,true,projects/sat-io/open-datasets/npp-viirs-ntl,b1,longntl_annual_native500m_positive_pixel_sum_v1
2023,德阳市,156510600,48566.9467460315,11220,4.37402063939482,1.00499999523163,67.8249969482422,true,projects/sat-io/open-datasets/npp-viirs-ntl,b1,longntl_annual_native500m_positive_pixel_sum_v1
2023,绵阳市,156510700,50524.3636988794,9820,5.17036323101703,1.00499999523163,63.4850006103516,true,projects/sat-io/open-datasets/npp-viirs-ntl,b1,longntl_annual_native500m_positive_pixel_sum_v1
2023,广元市,156510800,14641.0756996066,3575,4.1048075046971,1.00499999523163,46.2200012207031,true,projects/sat-io/open-datasets/npp-viirs-ntl,b1,longntl_annual_native500m_positive_pixel_sum_v1
2023,遂宁市,156510900,29624.4059351033,5602,5.30325635399722,1.00499999523163,60.4150009155273,true,projects/sat-io/open-datasets/npp-viirs-ntl,b1,longntl_annual_native500m_positive_pixel_sum_v1
2023,内江市,156511000,20221.6524801151,5183,3.95661771199976,1.00499999523163,52.1100006103516,true,projects/sat-io/open-datasets/npp-viirs-ntl,b1,longntl_annual_native500m_positive_pixel_sum_v1
2023,乐山市,156511100,25338.8668787484,6651,3.81588932680847,1.00499999523163,54.1450004577637,true,projects/sat-io/open-datasets/npp-viirs-ntl,b1,longntl_annual_native500m_positive_pixel_sum_v1
2023,南充市,156511300,48834.4975250903,7584,6.45693690987935,1.00499999523163,86.0800018310547,true,projects/sat-io/open-datasets/npp-viirs-ntl,b1,longntl_annual_native500m_positive_pixel_sum_v1
2023,眉山市,156511400,35054.6255799027,8972,3.96545538234193,1.00499999523163,68.8349990844727,true,projects/sat-io/open-datasets/npp-viirs-ntl,b1,longntl_annual_native500m_positive_pixel_sum_v1
2023,宜宾市,156511500,35007.5621868877,8768,4.00183993661933,1.00499999523163,59.1300010681152,true,projects/sat-io/open-datasets/npp-viirs-ntl,b1,longntl_annual_native500m_positive_pixel_sum_v1
2023,广安市,156511600,23564.9004659854,5124,4.61935394062174,1.00499999523163,58.629997253418,true,projects/sat-io/open-datasets/npp-viirs-ntl,b1,longntl_annual_native500m_positive_pixel_sum_v1
2023,达州市,156511700,29488.4739953457,6256,4.71960688701979,1.00499999523163,73.4900054931641,true,projects/sat-io/open-datasets/npp-viirs-ntl,b1,longntl_annual_native500m_positive_pixel_sum_v1
2023,雅安市,156511800,12055.2855028176,3019,4.00793452335712,1.00499999523163,56.3199996948242,true,projects/sat-io/open-datasets/npp-viirs-ntl,b1,longntl_annual_native500m_positive_pixel_sum_v1
2023,巴中市,156511900,9377.29060231377,2680,3.5060020608827,1.00499999523163,32.4650001525879,true,projects/sat-io/open-datasets/npp-viirs-ntl,b1,longntl_annual_native500m_positive_pixel_sum_v1
2023,资阳市,156512000,15626.2236095363,3090,5.08661587791132,1.00499999523163,40.1650009155273,true,projects/sat-io/open-datasets/npp-viirs-ntl,b1,longntl_annual_native500m_positive_pixel_sum_v1
2023,阿坝藏族羌族自治州,156513200,11152.0981351217,2802,3.98468362450909,1.00499999523163,80.2100067138672,true,projects/sat-io/open-datasets/npp-viirs-ntl,b1,longntl_annual_native500m_positive_pixel_sum_v1
2023,甘孜藏族自治州,156513300,17307.5303501597,3699,4.72891449900643,1.00499999523163,159.135009765625,true,projects/sat-io/open-datasets/npp-viirs-ntl,b1,longntl_annual_native500m_positive_pixel_sum_v1
2023,凉山彝族自治州,156513400,39548.2840334182,7911,5.05765250774542,1.00499999523163,182.739990234375,true,projects/sat-io/open-datasets/npp-viirs-ntl,b1,longntl_annual_native500m_positive_pixel_sum_v1
2023,贵阳市,156520100,85712.5515954242,11908,7.29704270143285,1.00499999523163,114.099998474121,true,projects/sat-io/open-datasets/npp-viirs-ntl,b1,longntl_annual_native500m_positive_pixel_sum_v1
2023,六盘水市,156520200,19957.7718508903,5317,3.77136856277091,1.00499999523163,75.5650024414062,true,projects/sat-io/open-datasets/npp-viirs-ntl,b1,longntl_annual_native500m_positive_pixel_sum_v1
2023,遵义市,156520300,50987.7362419161,12612,4.07223248399486,1.00499999523163,85.9250030517578,true,projects/sat-io/open-datasets/npp-viirs-ntl,b1,longntl_annual_native500m_positive_pixel_sum_v1
2023,安顺市,156520400,23058.2339331192,6004,3.8938524913647,1.00499999523163,50.5100021362305,true,projects/sat-io/open-datasets/npp-viirs-ntl,b1,longntl_annual_native500m_positive_pixel_sum_v1
2023,毕节市,156520500,27250.3475614492,7983,3.43645677607942,1.00499999523163,61.6800003051758,true,projects/sat-io/open-datasets/npp-viirs-ntl,b1,longntl_annual_native500m_positive_pixel_sum_v1
2023,铜仁市,156520600,21473.8925998884,5840,3.71889267601004,1.00499999523163,58.9000015258789,true,projects/sat-io/open-datasets/npp-viirs-ntl,b1,longntl_annual_native500m_positive_pixel_sum_v1
2023,黔西南布依族苗族自治州,156522300,16450.7351434834,4766,3.46461698818153,1.00499999523163,57.5699996948242,true,projects/sat-io/open-datasets/npp-viirs-ntl,b1,longntl_annual_native500m_positive_pixel_sum_v1
2023,黔东南苗族侗族自治州,156522600,25300.8174375973,5992,4.24701500516572,1.00499999523163,55.6100006103516,true,projects/sat-io/open-datasets/npp-viirs-ntl,b1,longntl_annual_native500m_positive_pixel_sum_v1
2023,黔南布依族苗族自治州,156522700,31346.368500307,8958,3.53926349622302,1.00499999523163,82.9700012207031,true,projects/sat-io/open-datasets/npp-viirs-ntl,b1,longntl_annual_native500m_positive_pixel_sum_v1
2023,昆明市,156530100,155333.710517866,18889,8.26720997515579,1.00499999523163,192.195007324219,true,projects/sat-io/open-datasets/npp-viirs-ntl,b1,longntl_annual_native500m_positive_pixel_sum_v1
2023,曲靖市,156530300,57931.9366173482,11446,5.07740674381104,1.00499999523163,95.8000030517578,true,projects/sat-io/open-datasets/npp-viirs-ntl,b1,longntl_annual_native500m_positive_pixel_sum_v1
2023,玉溪市,156530400,28585.6147300042,6627,4.34621442583634,1.00499999523163,65.25,true,projects/sat-io/open-datasets/npp-viirs-ntl,b1,longntl_annual_native500m_positive_pixel_sum_v1
2023,保山市,156530500,16461.3404873469,3899,4.2337856523879,1.00499999523163,77.5399932861328,true,projects/sat-io/open-datasets/npp-viirs-ntl,b1,longntl_annual_native500m_positive_pixel_sum_v1
2023,昭通市,156530600,27175.6047806342,6155,4.47358160612618,1.00499999523163,73.7149963378906,true,projects/sat-io/open-datasets/npp-viirs-ntl,b1,longntl_annual_native500m_positive_pixel_sum_v1
2023,丽江市,156530700,21142.5925599337,2948,7.25977243569598,1.00499999523163,93.7949981689453,true,projects/sat-io/open-datasets/npp-viirs-ntl,b1,longntl_annual_native500m_positive_pixel_sum_v1
2023,普洱市,156530800,13535.9517756747,3044,4.48832779753906,1.00499999523163,64.9700012207031,true,projects/sat-io/open-datasets/npp-viirs-ntl,b1,longntl_annual_native500m_positive_pixel_sum_v1
2023,临沧市,156530900,16515.9165981971,3612,4.65177992582025,1.00499999523163,100.205001831055,true,projects/sat-io/open-datasets/npp-viirs-ntl,b1,longntl_annual_native500m_positive_pixel_sum_v1
2023,楚雄彝族自治州,156532300,23934.0058434482,4858,4.95079077398996,1.00499999523163,78.0350036621094,true,projects/sat-io/open-datasets/npp-viirs-ntl,b1,longntl_annual_native500m_positive_pixel_sum_v1
2023,红河哈尼族彝族自治州,156532500,39699.0968055216,9141,4.36998997446108,1.00499999523163,80.5650024414062,true,projects/sat-io/open-datasets/npp-viirs-ntl,b1,longntl_annual_native500m_positive_pixel_sum_v1
2023,文山壮族苗族自治州,156532600,22543.9076072384,4840,4.68452277100267,1.00499999523163,81.5550003051758,true,projects/sat-io/open-datasets/npp-viirs-ntl,b1,longntl_annual_native500m_positive_pixel_sum_v1
2023,西双版纳傣族自治州,156532800,14823.4120521228,3543,4.20563033027956,1.00499999523163,60.7050018310547,true,projects/sat-io/open-datasets/npp-viirs-ntl,b1,longntl_annual_native500m_positive_pixel_sum_v1
2023,大理白族自治州,156532900,32988.2776988287,6754,4.91381603775976,1.00499999523163,79.5,true,projects/sat-io/open-datasets/npp-viirs-ntl,b1,longntl_annual_native500m_positive_pixel_sum_v1
2023,德宏傣族景颇族自治州,156533100,15066.5848001578,3429,4.68267355547541,1.00499999523163,49.5550003051758,true,projects/sat-io/open-datasets/npp-viirs-ntl,b1,longntl_annual_native500m_positive_pixel_sum_v1
2023,怒江傈僳族自治州,156533300,3868.83735027453,1025,3.87747423405863,1.00499999523163,31.0450000762939,true,projects/sat-io/open-datasets/npp-viirs-ntl,b1,longntl_annual_native500m_positive_pixel_sum_v1
2023,迪庆藏族自治州,156533400,6202.72356716277,1284,4.95937826365192,1.00499999523163,73.2850036621094,true,projects/sat-io/open-datasets/npp-viirs-ntl,b1,longntl_annual_native500m_positive_pixel_sum_v1
2023,拉萨市,156540100,31531.8710039307,3732,8.47248669797133,1.00499999523163,130.285003662109,true,projects/sat-io/open-datasets/npp-viirs-ntl,b1,longntl_annual_native500m_positive_pixel_sum_v1
2023,日喀则市,156540200,9269.90907630313,1904,4.89588606591144,1.00499999523163,117.020004272461,true,projects/sat-io/open-datasets/npp-viirs-ntl,b1,longntl_annual_native500m_positive_pixel_sum_v1
2023,昌都市,156540300,8971.61379386958,2030,4.48204549404959,1.00499999523163,54.3349990844727,true,projects/sat-io/open-datasets/npp-viirs-ntl,b1,longntl_annual_native500m_positive_pixel_sum_v1
2023,林芝市,156540400,3914.34855312179,1159,3.42843804564131,1.00499999523163,36.4700012207031,true,projects/sat-io/open-datasets/npp-viirs-ntl,b1,longntl_annual_native500m_positive_pixel_sum_v1
2023,山南市,156540500,14676.2611655203,3489,4.25098804618469,1.00499999523163,167.135009765625,true,projects/sat-io/open-datasets/npp-viirs-ntl,b1,longntl_annual_native500m_positive_pixel_sum_v1
2023,那曲市,156540600,3454.83499848843,849,4.06929917372017,1.00499999523163,47.25,true,projects/sat-io/open-datasets/npp-viirs-ntl,b1,longntl_annual_native500m_positive_pixel_sum_v1
2023,阿里地区,156542500,4072.56407771952,619,6.60487200408615,1.00499999523163,125.23999786377,true,projects/sat-io/open-datasets/npp-viirs-ntl,b1,longntl_annual_native500m_positive_pixel_sum_v1
2023,西安市,156610100,250667.392545537,22248,11.3956055554329,1.00499999523163,180.639999389648,true,projects/sat-io/open-datasets/npp-viirs-ntl,b1,longntl_annual_native500m_positive_pixel_sum_v1
2023,铜川市,156610200,12364.4003529156,2797,4.50820603853371,1.00499999523163,49.3649978637695,true,projects/sat-io/open-datasets/npp-viirs-ntl,b1,longntl_annual_native500m_positive_pixel_sum_v1
2023,宝鸡市,156610300,36811.3905356052,7844,4.71556357087349,1.00499999523163,64.9499969482422,true,projects/sat-io/open-datasets/npp-viirs-ntl,b1,longntl_annual_native500m_positive_pixel_sum_v1
2023,咸阳市,156610400,105855.835007856,15670,6.86753853514409,1.00499999523163,199.485000610352,true,projects/sat-io/open-datasets/npp-viirs-ntl,b1,longntl_annual_native500m_positive_pixel_sum_v1
2023,渭南市,156610500,50011.7631521833,13586,3.73042742509433,1.00499999523163,64.3349990844727,true,projects/sat-io/open-datasets/npp-viirs-ntl,b1,longntl_annual_native500m_positive_pixel_sum_v1
2023,延安市,156610600,58573.7447829125,20008,2.95706755000248,1.00499999523163,156.800003051758,true,projects/sat-io/open-datasets/npp-viirs-ntl,b1,longntl_annual_native500m_positive_pixel_sum_v1
2023,汉中市,156610700,31718.6004977712,6167,5.1448262763287,1.00499999523163,65.3950042724609,true,projects/sat-io/open-datasets/npp-viirs-ntl,b1,longntl_annual_native500m_positive_pixel_sum_v1
2023,榆林市,156610800,175493.953888138,41900,4.22950016898501,1.00499999523163,253.955001831055,true,projects/sat-io/open-datasets/npp-viirs-ntl,b1,longntl_annual_native500m_positive_pixel_sum_v1
2023,安康市,156610900,15336.3339899853,3121,4.93451397916081,1.00499999523163,55.7350006103516,true,projects/sat-io/open-datasets/npp-viirs-ntl,b1,longntl_annual_native500m_positive_pixel_sum_v1
2023,商洛市,156611000,8011.29167744038,2544,3.16348809130725,1.00499999523163,42.25,true,projects/sat-io/open-datasets/npp-viirs-ntl,b1,longntl_annual_native500m_positive_pixel_sum_v1
2023,兰州市,156620100,75240.7718803135,11738,6.4495537171499,1.00499999523163,93.3150024414062,true,projects/sat-io/open-datasets/npp-viirs-ntl,b1,longntl_annual_native500m_positive_pixel_sum_v1
2023,嘉峪关市,156620200,12190.2404211054,1771,7.01483367871088,1.00499999523163,66.6650009155273,true,projects/sat-io/open-datasets/npp-viirs-ntl,b1,longntl_annual_native500m_positive_pixel_sum_v1
2023,金昌市,156620300,16863.1241941765,2324,7.27183305179291,1.00499999523163,73.7550048828125,true,projects/sat-io/open-datasets/npp-viirs-ntl,b1,longntl_annual_native500m_positive_pixel_sum_v1
2023,白银市,156620400,21036.5165132798,4399,4.79613301690562,1.00499999523163,163.119995117188,true,projects/sat-io/open-datasets/npp-viirs-ntl,b1,longntl_annual_native500m_positive_pixel_sum_v1
2023,天水市,156620500,21159.5089073555,4527,4.68643853618629,1.00499999523163,84.0399932861328,true,projects/sat-io/open-datasets/npp-viirs-ntl,b1,longntl_annual_native500m_positive_pixel_sum_v1
2023,武威市,156620600,14527.6234486542,3704,3.94236309047675,1.00499999523163,63.129997253418,true,projects/sat-io/open-datasets/npp-viirs-ntl,b1,longntl_annual_native500m_positive_pixel_sum_v1
2023,张掖市,156620700,16361.2124741788,3956,4.14951094431287,1.00499999523163,74.7299957275391,true,projects/sat-io/open-datasets/npp-viirs-ntl,b1,longntl_annual_native500m_positive_pixel_sum_v1
2023,平凉市,156620800,17573.3877648868,3875,4.56409789787148,1.00499999523163,59.245002746582,true,projects/sat-io/open-datasets/npp-viirs-ntl,b1,longntl_annual_native500m_positive_pixel_sum_v1
2023,酒泉市,156620900,37476.9594176204,7466,5.05038142340695,1.00499999523163,101.544998168945,true,projects/sat-io/open-datasets/npp-viirs-ntl,b1,longntl_annual_native500m_positive_pixel_sum_v1
2023,庆阳市,156621000,36288.1121056127,13806,2.64176570153163,1.00499999523163,103.970001220703,true,projects/sat-io/open-datasets/npp-viirs-ntl,b1,longntl_annual_native500m_positive_pixel_sum_v1
2023,定西市,156621100,17428.2536100088,3775,4.67171730321902,1.00499999523163,49.4199981689453,true,projects/sat-io/open-datasets/npp-viirs-ntl,b1,longntl_annual_native500m_positive_pixel_sum_v1
2023,陇南市,156621200,12840.8388039341,3558,3.61788105040439,1.00499999523163,55.3300018310547,true,projects/sat-io/open-datasets/npp-viirs-ntl,b1,longntl_annual_native500m_positive_pixel_sum_v1
2023,临夏回族自治州,156622900,12237.6927591558,3349,3.74655181124048,1.00499999523163,60,true,projects/sat-io/open-datasets/npp-viirs-ntl,b1,longntl_annual_native500m_positive_pixel_sum_v1
2023,甘南藏族自治州,156623000,6718.10881372994,1513,4.47926618164525,1.00499999523163,82.1100006103516,true,projects/sat-io/open-datasets/npp-viirs-ntl,b1,longntl_annual_native500m_positive_pixel_sum_v1
2023,中农发山丹马场,156629700,2.56500005722046,2,1.28250002861023,1.15499997138977,1.41000008583069,true,projects/sat-io/open-datasets/npp-viirs-ntl,b1,longntl_annual_native500m_positive_pixel_sum_v1
2023,莲花山风景林自然保护区,156629800,8.85417650634167,13,1.396298706937,1.00999999046326,1.95000004768372,true,projects/sat-io/open-datasets/npp-viirs-ntl,b1,longntl_annual_native500m_positive_pixel_sum_v1
2023,太子山天然林保护区,156629900,11.3512351396037,14,1.68976354967831,1.01999998092651,8.85499954223633,true,projects/sat-io/open-datasets/npp-viirs-ntl,b1,longntl_annual_native500m_positive_pixel_sum_v1
2023,西宁市,156630100,44829.584867678,5940,7.6168249401383,1.00499999523163,124.020004272461,true,projects/sat-io/open-datasets/npp-viirs-ntl,b1,longntl_annual_native500m_positive_pixel_sum_v1
2023,海东市,156630200,29415.5718810367,4516,6.70467052120221,1.00499999523163,194.855010986328,true,projects/sat-io/open-datasets/npp-viirs-ntl,b1,longntl_annual_native500m_positive_pixel_sum_v1
2023,海北藏族自治州,156632200,2917.61196309258,792,3.71742740230947,1.00499999523163,48.3349990844727,true,projects/sat-io/open-datasets/npp-viirs-ntl,b1,longntl_annual_native500m_positive_pixel_sum_v1
2023,黄南藏族自治州,156632300,3523.42714868574,966,3.74973466430809,1.00499999523163,59.8949966430664,true,projects/sat-io/open-datasets/npp-viirs-ntl,b1,longntl_annual_native500m_positive_pixel_sum_v1
2023,海南藏族自治州,156632500,6217.89844053306,1478,4.2231369603058,1.00499999523163,71.1650009155273,true,projects/sat-io/open-datasets/npp-viirs-ntl,b1,longntl_annual_native500m_positive_pixel_sum_v1
2023,果洛藏族自治州,156632600,2670.21052475116,773,3.48169007967369,1.00499999523163,31.2799987792969,true,projects/sat-io/open-datasets/npp-viirs-ntl,b1,longntl_annual_native500m_positive_pixel_sum_v1
2023,玉树藏族自治州,156632700,3221.33500111103,815,3.95255828357182,1.00499999523163,94.0849990844727,true,projects/sat-io/open-datasets/npp-viirs-ntl,b1,longntl_annual_native500m_positive_pixel_sum_v1
2023,海西蒙古族藏族自治州,156632800,31573.0176292878,6178,5.11642506017692,1.00499999523163,143.425003051758,true,projects/sat-io/open-datasets/npp-viirs-ntl,b1,longntl_annual_native500m_positive_pixel_sum_v1
2023,银川市,156640100,124654.360277257,16399,7.67231326565083,1.00499999523163,175.325012207031,true,projects/sat-io/open-datasets/npp-viirs-ntl,b1,longntl_annual_native500m_positive_pixel_sum_v1
2023,石嘴山市,156640200,24375.93525089,4901,5.03148673254338,1.00499999523163,71.3399963378906,true,projects/sat-io/open-datasets/npp-viirs-ntl,b1,longntl_annual_native500m_positive_pixel_sum_v1
2023,吴忠市,156640300,41674.3410435532,11213,3.7768634690868,1.00499999523163,393.535003662109,true,projects/sat-io/open-datasets/npp-viirs-ntl,b1,longntl_annual_native500m_positive_pixel_sum_v1
2023,固原市,156640400,17521.1013116435,3243,5.41731384091379,1.00499999523163,66.1849975585938,true,projects/sat-io/open-datasets/npp-viirs-ntl,b1,longntl_annual_native500m_positive_pixel_sum_v1
2023,中卫市,156640500,22123.3180785427,5799,3.84119119260092,1.00499999523163,66.9700012207031,true,projects/sat-io/open-datasets/npp-viirs-ntl,b1,longntl_annual_native500m_positive_pixel_sum_v1
2023,乌鲁木齐市,156650100,144888.145992892,15849,9.25131965397706,1.00499999523163,142.485000610352,true,projects/sat-io/open-datasets/npp-viirs-ntl,b1,longntl_annual_native500m_positive_pixel_sum_v1
2023,克拉玛依市,156650200,57424.3920556545,8221,7.08347420938765,1.00499999523163,433.100006103516,true,projects/sat-io/open-datasets/npp-viirs-ntl,b1,longntl_annual_native500m_positive_pixel_sum_v1
2023,吐鲁番市,156650400,23239.9405395844,5430,4.28096657366777,1.00499999523163,94.6650009155273,true,projects/sat-io/open-datasets/npp-viirs-ntl,b1,longntl_annual_native500m_positive_pixel_sum_v1
2023,哈密市,156650500,38577.9222309496,7383,5.27757042874134,1.00499999523163,139.854995727539,true,projects/sat-io/open-datasets/npp-viirs-ntl,b1,longntl_annual_native500m_positive_pixel_sum_v1
2023,昌吉回族自治州,156652300,95328.7447327946,21205,4.53682666021837,1.00499999523163,310.505004882812,true,projects/sat-io/open-datasets/npp-viirs-ntl,b1,longntl_annual_native500m_positive_pixel_sum_v1
2023,博尔塔拉蒙古自治州,156652700,15949.6487322784,3644,4.47191329946562,1.00499999523163,216.380004882812,true,projects/sat-io/open-datasets/npp-viirs-ntl,b1,longntl_annual_native500m_positive_pixel_sum_v1
2023,巴音郭楞蒙古自治州,156652800,79137.4219199723,14752,5.41925490762256,1.00499999523163,194.510009765625,true,projects/sat-io/open-datasets/npp-viirs-ntl,b1,longntl_annual_native500m_positive_pixel_sum_v1
2023,阿克苏地区,156652900,125925.491273447,26653,4.72982929467627,1.00499999523163,352.880004882812,true,projects/sat-io/open-datasets/npp-viirs-ntl,b1,longntl_annual_native500m_positive_pixel_sum_v1
2023,克孜勒苏柯尔克孜自治州,156653000,14738.3774230349,3907,3.81168412579213,1.00499999523163,85.8099975585938,true,projects/sat-io/open-datasets/npp-viirs-ntl,b1,longntl_annual_native500m_positive_pixel_sum_v1
2023,喀什地区,156653100,62621.1698710727,16214,3.87610331157858,1.00499999523163,162.800003051758,true,projects/sat-io/open-datasets/npp-viirs-ntl,b1,longntl_annual_native500m_positive_pixel_sum_v1
2023,和田地区,156653200,39901.2885135094,11676,3.42866539636374,1.00499999523163,99.3000030517578,true,projects/sat-io/open-datasets/npp-viirs-ntl,b1,longntl_annual_native500m_positive_pixel_sum_v1
2023,伊犁哈萨克自治州,156654000,65980.0901531836,13423,4.99942591442721,1.00499999523163,132.705001831055,true,projects/sat-io/open-datasets/npp-viirs-ntl,b1,longntl_annual_native500m_positive_pixel_sum_v1
2023,塔城地区,156654200,32076.7924070237,9881,3.32912439302079,1.00499999523163,103.375,true,projects/sat-io/open-datasets/npp-viirs-ntl,b1,longntl_annual_native500m_positive_pixel_sum_v1
2023,阿勒泰地区,156654300,20908.7215531377,5754,3.73534037427506,1.00499999523163,76.7050018310547,true,projects/sat-io/open-datasets/npp-viirs-ntl,b1,longntl_annual_native500m_positive_pixel_sum_v1
2023,石河子市,156659001,15300.9050348273,2010,7.85478473119553,1.00499999523163,102.120002746582,true,projects/sat-io/open-datasets/npp-viirs-ntl,b1,longntl_annual_native500m_positive_pixel_sum_v1
2023,阿拉尔市,156659002,8716.68187062647,2060,4.26053247603976,1.00499999523163,43.7399978637695,true,projects/sat-io/open-datasets/npp-viirs-ntl,b1,longntl_annual_native500m_positive_pixel_sum_v1
2023,图木舒克市,156659003,9739.62430452973,2043,4.86563343178815,1.00499999523163,71.8649978637695,true,projects/sat-io/open-datasets/npp-viirs-ntl,b1,longntl_annual_native500m_positive_pixel_sum_v1
2023,五家渠市,156659004,7641.7723232676,1460,5.66829447361326,1.00499999523163,53.9000015258789,true,projects/sat-io/open-datasets/npp-viirs-ntl,b1,longntl_annual_native500m_positive_pixel_sum_v1
2023,北屯市,156659005,3381.74443718546,640,5.86888645647593,1.00499999523163,52.3400001525879,true,projects/sat-io/open-datasets/npp-viirs-ntl,b1,longntl_annual_native500m_positive_pixel_sum_v1
2023,铁门关市,156659006,7241.6598492211,1585,5.05186470592636,1.00499999523163,73.6399993896484,true,projects/sat-io/open-datasets/npp-viirs-ntl,b1,longntl_annual_native500m_positive_pixel_sum_v1
2023,双河市,156659007,1462.58711422658,745,2.17051570812884,1.00499999523163,32.9449996948242,true,projects/sat-io/open-datasets/npp-viirs-ntl,b1,longntl_annual_native500m_positive_pixel_sum_v1
2023,可克达拉市,156659008,7753.80277881669,1119,7.85443191237643,1.00499999523163,67.7050018310547,true,projects/sat-io/open-datasets/npp-viirs-ntl,b1,longntl_annual_native500m_positive_pixel_sum_v1
2023,昆玉市,156659009,1331.3637815008,481,3.01687295533491,1.00499999523163,24.7799987792969,true,projects/sat-io/open-datasets/npp-viirs-ntl,b1,longntl_annual_native500m_positive_pixel_sum_v1
2023,胡杨河市,156659010,1796.89058741308,517,3.73044720538582,1.00499999523163,49.0699996948242,true,projects/sat-io/open-datasets/npp-viirs-ntl,b1,longntl_annual_native500m_positive_pixel_sum_v1
2023,新星市,156659011,3040.7215195207,972,3.35020129049696,1.00499999523163,50.2799987792969,true,projects/sat-io/open-datasets/npp-viirs-ntl,b1,longntl_annual_native500m_positive_pixel_sum_v1
2023,白杨市,156659012,286.331354385264,122,2.71904425458021,1.00499999523163,19.2900009155273,true,projects/sat-io/open-datasets/npp-viirs-ntl,b1,longntl_annual_native500m_positive_pixel_sum_v1
2023,台湾省,156710000,737769.21771072,75264,9.83054859519502,1.00499999523163,232.845001220703,true,projects/sat-io/open-datasets/npp-viirs-ntl,b1,longntl_annual_native500m_positive_pixel_sum_v1
2023,香港特别行政区,156810000,78917.2810368314,4266,19.1196835265282,1.00499999523163,218.700012207031,true,projects/sat-io/open-datasets/npp-viirs-ntl,b1,longntl_annual_native500m_positive_pixel_sum_v1
2023,澳门特别行政区,156820000,8589.05710126091,99,98.4983612529921,14.375,463.994995117188,true,projects/sat-io/open-datasets/npp-viirs-ntl,b1,longntl_annual_native500m_positive_pixel_sum_v1
2024,北京市,156110000,469062.224645497,41537,11.3991562040563,1.00499999523163,242.790008544922,true,projects/sat-io/open-datasets/npp-viirs-ntl,b1,longntl_annual_native500m_positive_pixel_sum_v1
2024,天津市,156120000,392099.996159044,44062,9.00120552809596,1.00499999523163,200.649993896484,true,projects/sat-io/open-datasets/npp-viirs-ntl,b1,longntl_annual_native500m_positive_pixel_sum_v1
2024,石家庄市,156130100,158211.653828556,31325,5.06659603680013,1.00499999523163,113.824996948242,true,projects/sat-io/open-datasets/npp-viirs-ntl,b1,longntl_annual_native500m_positive_pixel_sum_v1
2024,唐山市,156130200,168860.379634973,36979,4.58331064072282,1.00499999523163,124.939994812012,true,projects/sat-io/open-datasets/npp-viirs-ntl,b1,longntl_annual_native500m_positive_pixel_sum_v1
2024,秦皇岛市,156130300,46585.7762101921,10022,4.68144141371191,1.00499999523163,65.7099990844727,true,projects/sat-io/open-datasets/npp-viirs-ntl,b1,longntl_annual_native500m_positive_pixel_sum_v1
2024,邯郸市,156130400,89368.5149750812,27266,3.30108744070677,1.00499999523163,80.7550048828125,true,projects/sat-io/open-datasets/npp-viirs-ntl,b1,longntl_annual_native500m_positive_pixel_sum_v1
2024,邢台市,156130500,77066.5024138016,24852,3.12667584510788,1.00499999523163,55.8400001525879,true,projects/sat-io/open-datasets/npp-viirs-ntl,b1,longntl_annual_native500m_positive_pixel_sum_v1
2024,保定市,156130600,174404.915353206,45368,3.87517139779132,1.00499999523163,90.1199951171875,true,projects/sat-io/open-datasets/npp-viirs-ntl,b1,longntl_annual_native500m_positive_pixel_sum_v1
2024,张家口市,156130700,53983.194647623,12401,4.3645189640295,1.00499999523163,83.8699951171875,true,projects/sat-io/open-datasets/npp-viirs-ntl,b1,longntl_annual_native500m_positive_pixel_sum_v1
2024,承德市,156130800,37246.219567017,9728,3.83616251897903,1.00499999523163,81.1350021362305,true,projects/sat-io/open-datasets/npp-viirs-ntl,b1,longntl_annual_native500m_positive_pixel_sum_v1
2024,沧州市,156130900,113474.272752714,37533,3.05352507940036,1.00499999523163,312.095001220703,true,projects/sat-io/open-datasets/npp-viirs-ntl,b1,longntl_annual_native500m_positive_pixel_sum_v1
2024,廊坊市,156131000,128524.105660052,30845,4.26882655543945,1.00499999523163,348.984985351562,true,projects/sat-io/open-datasets/npp-viirs-ntl,b1,longntl_annual_native500m_positive_pixel_sum_v1
2024,衡水市,156131100,34335.8222321898,12587,2.7621736365484,1.00499999523163,72.3899993896484,true,projects/sat-io/open-datasets/npp-viirs-ntl,b1,longntl_annual_native500m_positive_pixel_sum_v1
2024,太原市,156140100,154827.166094112,12258,12.784367738816,1.00499999523163,194.470001220703,true,projects/sat-io/open-datasets/npp-viirs-ntl,b1,longntl_annual_native500m_positive_pixel_sum_v1
2024,大同市,156140200,69090.1503091667,11839,5.89277678771457,1.00499999523163,121.319999694824,true,projects/sat-io/open-datasets/npp-viirs-ntl,b1,longntl_annual_native500m_positive_pixel_sum_v1
2024,阳泉市,156140300,18532.2961737647,4064,4.5698444215574,1.00499999523163,48.5999984741211,true,projects/sat-io/open-datasets/npp-viirs-ntl,b1,longntl_annual_native500m_positive_pixel_sum_v1
2024,长治市,156140400,71627.346164342,13010,5.51233336127195,1.00499999523163,109.915000915527,true,projects/sat-io/open-datasets/npp-viirs-ntl,b1,longntl_annual_native500m_positive_pixel_sum_v1
2024,晋城市,156140500,43730.0273329553,9717,4.50751766638435,1.00499999523163,114.834999084473,true,projects/sat-io/open-datasets/npp-viirs-ntl,b1,longntl_annual_native500m_positive_pixel_sum_v1
2024,朔州市,156140600,49496.8370720069,11274,4.42794502274253,1.00499999523163,91.8600006103516,true,projects/sat-io/open-datasets/npp-viirs-ntl,b1,longntl_annual_native500m_positive_pixel_sum_v1
2024,晋中市,156140700,66134.8666021333,14712,4.55526698192575,1.00499999523163,94.5399932861328,true,projects/sat-io/open-datasets/npp-viirs-ntl,b1,longntl_annual_native500m_positive_pixel_sum_v1
2024,运城市,156140800,54274.1180038102,11913,4.5917753182238,1.00499999523163,69.2400054931641,true,projects/sat-io/open-datasets/npp-viirs-ntl,b1,longntl_annual_native500m_positive_pixel_sum_v1
2024,忻州市,156140900,41325.303419072,11428,3.64582676600535,1.00499999523163,50.1999969482422,true,projects/sat-io/open-datasets/npp-viirs-ntl,b1,longntl_annual_native500m_positive_pixel_sum_v1
2024,临汾市,156141000,49835.692254706,11789,4.25892842119957,1.00499999523163,103.154998779297,true,projects/sat-io/open-datasets/npp-viirs-ntl,b1,longntl_annual_native500m_positive_pixel_sum_v1
2024,吕梁市,156141100,54777.3310200607,14296,3.86020768467603,1.00499999523163,95.1949996948242,true,projects/sat-io/open-datasets/npp-viirs-ntl,b1,longntl_annual_native500m_positive_pixel_sum_v1
2024,呼和浩特市,156150100,108350.989692797,12778,8.4938271457101,1.00499999523163,219.100006103516,true,projects/sat-io/open-datasets/npp-viirs-ntl,b1,longntl_annual_native500m_positive_pixel_sum_v1
2024,包头市,156150200,70647.4284240961,8054,8.80910442860898,1.00499999523163,150.565002441406,true,projects/sat-io/open-datasets/npp-viirs-ntl,b1,longntl_annual_native500m_positive_pixel_sum_v1
2024,乌海市,156150300,28139.8001477405,5709,5.08273234143935,1.00499999523163,137.785003662109,true,projects/sat-io/open-datasets/npp-viirs-ntl,b1,longntl_annual_native500m_positive_pixel_sum_v1
2024,赤峰市,156150400,54641.6406893922,10626,5.16460675071769,1.00499999523163,125.300003051758,true,projects/sat-io/open-datasets/npp-viirs-ntl,b1,longntl_annual_native500m_positive_pixel_sum_v1
2024,通辽市,156150500,36819.5758640976,8342,4.42605773412654,1.00499999523163,79.5550003051758,true,projects/sat-io/open-datasets/npp-viirs-ntl,b1,longntl_annual_native500m_positive_pixel_sum_v1
2024,鄂尔多斯市,156150600,101480.480355701,23969,4.29370323069112,1.00499999523163,292.140014648438,true,projects/sat-io/open-datasets/npp-viirs-ntl,b1,longntl_annual_native500m_positive_pixel_sum_v1
2024,呼伦贝尔市,156150700,28265.3672814154,7849,3.61489409686984,1.00499999523163,90.5149993896484,true,projects/sat-io/open-datasets/npp-viirs-ntl,b1,longntl_annual_native500m_positive_pixel_sum_v1
2024,巴彦淖尔市,156150800,19335.6048164045,5397,3.59956724718978,1.00499999523163,82.6999969482422,true,projects/sat-io/open-datasets/npp-viirs-ntl,b1,longntl_annual_native500m_positive_pixel_sum_v1
2024,乌兰察布市,156150900,34762.9096399078,6856,5.09155038004888,1.00499999523163,87.995002746582,true,projects/sat-io/open-datasets/npp-viirs-ntl,b1,longntl_annual_native500m_positive_pixel_sum_v1
2024,兴安盟,156152200,18099.1306683381,4103,4.43087419805171,1.00499999523163,77.5850067138672,true,projects/sat-io/open-datasets/npp-viirs-ntl,b1,longntl_annual_native500m_positive_pixel_sum_v1
2024,锡林郭勒盟,156152500,33610.2029975068,6369,5.28272083820122,1.00499999523163,108.494995117188,true,projects/sat-io/open-datasets/npp-viirs-ntl,b1,longntl_annual_native500m_positive_pixel_sum_v1
2024,阿拉善盟,156152900,22074.5901938219,3768,5.98842161081952,1.00499999523163,100.940002441406,true,projects/sat-io/open-datasets/npp-viirs-ntl,b1,longntl_annual_native500m_positive_pixel_sum_v1
2024,沈阳市,156210100,184701.251037956,21481,8.66083716071861,1.00499999523163,197.869995117188,true,projects/sat-io/open-datasets/npp-viirs-ntl,b1,longntl_annual_native500m_positive_pixel_sum_v1
2024,大连市,156210200,121577.217631621,17111,7.1442935866897,1.00499999523163,206.264999389648,true,projects/sat-io/open-datasets/npp-viirs-ntl,b1,longntl_annual_native500m_positive_pixel_sum_v1
2024,鞍山市,156210300,44279.6240278029,9600,4.68267416876156,1.00499999523163,85.2200012207031,true,projects/sat-io/open-datasets/npp-viirs-ntl,b1,longntl_annual_native500m_positive_pixel_sum_v1
2024,抚顺市,156210400,26620.8333013263,4527,5.97772150087638,1.00499999523163,119.755004882812,true,projects/sat-io/open-datasets/npp-viirs-ntl,b1,longntl_annual_native500m_positive_pixel_sum_v1
2024,本溪市,156210500,16424.6835697029,4012,4.13870435469627,1.00499999523163,56.4650001525879,true,projects/sat-io/open-datasets/npp-viirs-ntl,b1,longntl_annual_native500m_positive_pixel_sum_v1
2024,丹东市,156210600,21109.0564965543,4694,4.54608055083703,1.00499999523163,62.1399993896484,true,projects/sat-io/open-datasets/npp-viirs-ntl,b1,longntl_annual_native500m_positive_pixel_sum_v1
2024,锦州市,156210700,31409.9724044463,7273,4.36799898954064,1.00499999523163,95.9649963378906,true,projects/sat-io/open-datasets/npp-viirs-ntl,b1,longntl_annual_native500m_positive_pixel_sum_v1
2024,营口市,156210800,44322.8330927199,8540,5.23711006080452,1.00499999523163,63.9199981689453,true,projects/sat-io/open-datasets/npp-viirs-ntl,b1,longntl_annual_native500m_positive_pixel_sum_v1
2024,阜新市,156210900,15737.3720730931,3909,4.03604745728766,1.00499999523163,71.1350021362305,true,projects/sat-io/open-datasets/npp-viirs-ntl,b1,longntl_annual_native500m_positive_pixel_sum_v1
2024,辽阳市,156211000,31745.3631023024,7676,4.22098680637805,1.00499999523163,117.645004272461,true,projects/sat-io/open-datasets/npp-viirs-ntl,b1,longntl_annual_native500m_positive_pixel_sum_v1
2024,盘锦市,156211100,38798.8774420271,7717,5.09992605445692,1.00499999523163,99.6049957275391,true,projects/sat-io/open-datasets/npp-viirs-ntl,b1,longntl_annual_native500m_positive_pixel_sum_v1
2024,铁岭市,156211200,22697.6159299472,6068,3.77813306752953,1.00499999523163,53.1900024414062,true,projects/sat-io/open-datasets/npp-viirs-ntl,b1,longntl_annual_native500m_positive_pixel_sum_v1
2024,朝阳市,156211300,25247.302257608,7268,3.49775488227111,1.00499999523163,59.3899993896484,true,projects/sat-io/open-datasets/npp-viirs-ntl,b1,longntl_annual_native500m_positive_pixel_sum_v1
2024,葫芦岛市,156211400,26442.6635751846,6339,4.22628631184702,1.00499999523163,113.490005493164,true,projects/sat-io/open-datasets/npp-viirs-ntl,b1,longntl_annual_native500m_positive_pixel_sum_v1
2024,长春市,156220100,248974.250462805,24008,10.396042474672,1.00499999523163,312.864990234375,true,projects/sat-io/open-datasets/npp-viirs-ntl,b1,longntl_annual_native500m_positive_pixel_sum_v1
2024,吉林市,156220200,46489.8957661194,7168,6.50189075456449,1.00499999523163,187.950012207031,true,projects/sat-io/open-datasets/npp-viirs-ntl,b1,longntl_annual_native500m_positive_pixel_sum_v1
2024,四平市,156220300,22286.8117203825,4013,5.67862248382289,1.00499999523163,86.3450012207031,true,projects/sat-io/open-datasets/npp-viirs-ntl,b1,longntl_annual_native500m_positive_pixel_sum_v1
2024,辽源市,156220400,15709.083481978,2210,7.17471627210075,1.00499999523163,88.2600021362305,true,projects/sat-io/open-datasets/npp-viirs-ntl,b1,longntl_annual_native500m_positive_pixel_sum_v1
2024,通化市,156220500,13617.5504515405,3301,4.16011290805375,1.00499999523163,55.6849975585938,true,projects/sat-io/open-datasets/npp-viirs-ntl,b1,longntl_annual_native500m_positive_pixel_sum_v1
2024,白山市,156220600,7546.28578403277,2080,3.69339453780019,1.00499999523163,44.2400016784668,true,projects/sat-io/open-datasets/npp-viirs-ntl,b1,longntl_annual_native500m_positive_pixel_sum_v1
2024,松原市,156220700,25941.9828502987,5075,5.12511049970108,1.00499999523163,100.494995117188,true,projects/sat-io/open-datasets/npp-viirs-ntl,b1,longntl_annual_native500m_positive_pixel_sum_v1
2024,白城市,156220800,21022.2457389888,3708,5.69207071238808,1.00499999523163,95.3649978637695,true,projects/sat-io/open-datasets/npp-viirs-ntl,b1,longntl_annual_native500m_positive_pixel_sum_v1
2024,延边朝鲜族自治州,156222400,25610.6608028164,4327,5.94988480059892,1.00499999523163,80.8199996948242,true,projects/sat-io/open-datasets/npp-viirs-ntl,b1,longntl_annual_native500m_positive_pixel_sum_v1
2024,哈尔滨市,156230100,151836.844947627,16367,9.28570840075938,1.00499999523163,218.924987792969,true,projects/sat-io/open-datasets/npp-viirs-ntl,b1,longntl_annual_native500m_positive_pixel_sum_v1
2024,齐齐哈尔市,156230200,42784.9320511196,7018,6.10533348463196,1.00499999523163,104.794998168945,true,projects/sat-io/open-datasets/npp-viirs-ntl,b1,longntl_annual_native500m_positive_pixel_sum_v1
2024,鸡西市,156230300,10379.1638898765,2805,3.70294940744192,1.00499999523163,56.3950004577637,true,projects/sat-io/open-datasets/npp-viirs-ntl,b1,longntl_annual_native500m_positive_pixel_sum_v1
2024,鹤岗市,156230400,5083.66280280515,1582,3.21772373605408,1.00499999523163,40.2099990844727,true,projects/sat-io/open-datasets/npp-viirs-ntl,b1,longntl_annual_native500m_positive_pixel_sum_v1
2024,双鸭山市,156230500,10560.7854629161,2594,4.08305644418375,1.00499999523163,57.879997253418,true,projects/sat-io/open-datasets/npp-viirs-ntl,b1,longntl_annual_native500m_positive_pixel_sum_v1
2024,大庆市,156230600,82354.7067338569,13137,6.32893106860912,1.00499999523163,179.545013427734,true,projects/sat-io/open-datasets/npp-viirs-ntl,b1,longntl_annual_native500m_positive_pixel_sum_v1
2024,伊春市,156230700,5820.48994520879,1598,3.64963173820133,1.00499999523163,45.75,true,projects/sat-io/open-datasets/npp-viirs-ntl,b1,longntl_annual_native500m_positive_pixel_sum_v1
2024,佳木斯市,156230800,28160.1524819856,4656,6.06229153421909,1.00499999523163,90.4949951171875,true,projects/sat-io/open-datasets/npp-viirs-ntl,b1,longntl_annual_native500m_positive_pixel_sum_v1
2024,七台河市,156230900,7509.03499102592,1724,4.35558874189439,1.00499999523163,55.6650009155273,true,projects/sat-io/open-datasets/npp-viirs-ntl,b1,longntl_annual_native500m_positive_pixel_sum_v1
2024,牡丹江市,156231000,22986.3506887277,3442,6.69999728597636,1.00499999523163,115.13500213623,true,projects/sat-io/open-datasets/npp-viirs-ntl,b1,longntl_annual_native500m_positive_pixel_sum_v1
2024,黑河市,156231100,14039.0856665036,2932,4.80902983635502,1.00499999523163,69.5100021362305,true,projects/sat-io/open-datasets/npp-viirs-ntl,b1,longntl_annual_native500m_positive_pixel_sum_v1
2024,绥化市,156231200,25310.1460591816,6335,4.09326171284979,1.00499999523163,61.1549987792969,true,projects/sat-io/open-datasets/npp-viirs-ntl,b1,longntl_annual_native500m_positive_pixel_sum_v1
2024,大兴安岭地区,156232700,484.789587974548,246,2.00238665522312,1.00499999523163,7.24499988555908,true,projects/sat-io/open-datasets/npp-viirs-ntl,b1,longntl_annual_native500m_positive_pixel_sum_v1
2024,上海市,156310000,572961.684544044,30134,19.2244608440606,1.00499999523163,291.244995117188,true,projects/sat-io/open-datasets/npp-viirs-ntl,b1,longntl_annual_native500m_positive_pixel_sum_v1
2024,南京市,156320100,240607.83980737,26031,9.41730136575497,1.00499999523163,180.070007324219,true,projects/sat-io/open-datasets/npp-viirs-ntl,b1,longntl_annual_native500m_positive_pixel_sum_v1
2024,无锡市,156320200,212371.657002457,18213,11.9193955683623,1.00499999523163,114.759994506836,true,projects/sat-io/open-datasets/npp-viirs-ntl,b1,longntl_annual_native500m_positive_pixel_sum_v1
2024,徐州市,156320300,144284.288055627,35473,4.11478078664994,1.00499999523163,141.010009765625,true,projects/sat-io/open-datasets/npp-viirs-ntl,b1,longntl_annual_native500m_positive_pixel_sum_v1
2024,常州市,156320400,158225.737390592,17070,9.53054743478171,1.00499999523163,114.464996337891,true,projects/sat-io/open-datasets/npp-viirs-ntl,b1,longntl_annual_native500m_positive_pixel_sum_v1
2024,苏州市,156320500,476015.745939504,28800,16.7466327405533,1.00499999523163,126.395004272461,true,projects/sat-io/open-datasets/npp-viirs-ntl,b1,longntl_annual_native500m_positive_pixel_sum_v1
2024,南通市,156320600,191406.324484744,36211,5.31426047297388,1.00499999523163,125.074996948242,true,projects/sat-io/open-datasets/npp-viirs-ntl,b1,longntl_annual_native500m_positive_pixel_sum_v1
2024,连云港市,156320700,77391.7338494081,20218,3.86296889653922,1.00499999523163,117.904998779297,true,projects/sat-io/open-datasets/npp-viirs-ntl,b1,longntl_annual_native500m_positive_pixel_sum_v1
2024,淮安市,156320800,95208.3696925888,16638,5.75706593570896,1.00499999523163,99.8899993896484,true,projects/sat-io/open-datasets/npp-viirs-ntl,b1,longntl_annual_native500m_positive_pixel_sum_v1
2024,盐城市,156320900,154083.42539811,32300,4.80869721530725,1.00499999523163,135.584991455078,true,projects/sat-io/open-datasets/npp-viirs-ntl,b1,longntl_annual_native500m_positive_pixel_sum_v1
2024,扬州市,156321000,115194.784031807,18606,6.25156315907877,1.00499999523163,75.3650054931641,true,projects/sat-io/open-datasets/npp-viirs-ntl,b1,longntl_annual_native500m_positive_pixel_sum_v1
2024,镇江市,156321100,81330.218747376,14989,5.55701146213167,1.00499999523163,86.1049957275391,true,projects/sat-io/open-datasets/npp-viirs-ntl,b1,longntl_annual_native500m_positive_pixel_sum_v1
2024,泰州市,156321200,119085.147823209,20720,5.83430185701865,1.00499999523163,87.5800018310547,true,projects/sat-io/open-datasets/npp-viirs-ntl,b1,longntl_annual_native500m_positive_pixel_sum_v1
2024,宿迁市,156321300,80115.5896730119,17367,4.65188212894038,1.00499999523163,215.744995117188,true,projects/sat-io/open-datasets/npp-viirs-ntl,b1,longntl_annual_native500m_positive_pixel_sum_v1
2024,杭州市,156330100,310842.57949906,28497,11.0269543921983,1.00499999523163,279.049987792969,true,projects/sat-io/open-datasets/npp-viirs-ntl,b1,longntl_annual_native500m_positive_pixel_sum_v1
2024,宁波市,156330200,321925.816694915,30182,10.7308675701361,1.00499999523163,240.75,true,projects/sat-io/open-datasets/npp-viirs-ntl,b1,longntl_annual_native500m_positive_pixel_sum_v1
2024,温州市,156330300,197817.84879441,26231,7.59812419717318,1.00499999523163,146.394989013672,true,projects/sat-io/open-datasets/npp-viirs-ntl,b1,longntl_annual_native500m_positive_pixel_sum_v1
2024,嘉兴市,156330400,187332.291284578,18732,10.1536520038148,1.38999998569489,111.839996337891,true,projects/sat-io/open-datasets/npp-viirs-ntl,b1,longntl_annual_native500m_positive_pixel_sum_v1
2024,湖州市,156330500,119880.56210357,20193,6.00682617836559,1.00499999523163,90.4049987792969,true,projects/sat-io/open-datasets/npp-viirs-ntl,b1,longntl_annual_native500m_positive_pixel_sum_v1
2024,绍兴市,156330600,145528.742743662,22270,6.61354351577195,1.00499999523163,76.5849990844727,true,projects/sat-io/open-datasets/npp-viirs-ntl,b1,longntl_annual_native500m_positive_pixel_sum_v1
2024,金华市,156330700,201708.339066537,26033,7.78360148415016,1.00499999523163,147.160003662109,true,projects/sat-io/open-datasets/npp-viirs-ntl,b1,longntl_annual_native500m_positive_pixel_sum_v1
2024,衢州市,156330800,47498.2257967458,10574,4.51196757377652,1.00499999523163,70.9000015258789,true,projects/sat-io/open-datasets/npp-viirs-ntl,b1,longntl_annual_native500m_positive_pixel_sum_v1
2024,舟山市,156330900,36820.1885848125,4696,8.16000633490103,1.00499999523163,241.049987792969,true,projects/sat-io/open-datasets/npp-viirs-ntl,b1,longntl_annual_native500m_positive_pixel_sum_v1
2024,台州市,156331000,139788.699420263,20002,7.02598109384798,1.00499999523163,104.724998474121,true,projects/sat-io/open-datasets/npp-viirs-ntl,b1,longntl_annual_native500m_positive_pixel_sum_v1
2024,丽水市,156331100,42420.7618293585,8504,5.01551362130745,1.00499999523163,66.0299987792969,true,projects/sat-io/open-datasets/npp-viirs-ntl,b1,longntl_annual_native500m_positive_pixel_sum_v1
2024,合肥市,156340100,242460.570699133,25560,9.56312745103413,1.00499999523163,175.350006103516,true,projects/sat-io/open-datasets/npp-viirs-ntl,b1,longntl_annual_native500m_positive_pixel_sum_v1
2024,芜湖市,156340200,80385.0655345468,14551,5.59764859212438,1.00499999523163,213.214996337891,true,projects/sat-io/open-datasets/npp-viirs-ntl,b1,longntl_annual_native500m_positive_pixel_sum_v1
2024,蚌埠市,156340300,40564.3750022407,8528,4.81981266020573,1.00499999523163,62.5250015258789,true,projects/sat-io/open-datasets/npp-viirs-ntl,b1,longntl_annual_native500m_positive_pixel_sum_v1
2024,淮南市,156340400,43718.9473812365,10332,4.28240918002267,1.00499999523163,78.9300003051758,true,projects/sat-io/open-datasets/npp-viirs-ntl,b1,longntl_annual_native500m_positive_pixel_sum_v1
2024,马鞍山市,156340500,45709.4526696481,10517,4.45643242972645,1.00499999523163,56.1500015258789,true,projects/sat-io/open-datasets/npp-viirs-ntl,b1,longntl_annual_native500m_positive_pixel_sum_v1
2024,淮北市,156340600,29507.0644469495,8502,3.59060592816218,1.00499999523163,84.0500030517578,true,projects/sat-io/open-datasets/npp-viirs-ntl,b1,longntl_annual_native500m_positive_pixel_sum_v1
2024,铜陵市,156340700,18225.2288901474,3934,4.72535926665398,1.00499999523163,61.2900009155273,true,projects/sat-io/open-datasets/npp-viirs-ntl,b1,longntl_annual_native500m_positive_pixel_sum_v1
2024,安庆市,156340800,48639.0307674698,8513,5.72946319197622,1.00499999523163,147.820007324219,true,projects/sat-io/open-datasets/npp-viirs-ntl,b1,longntl_annual_native500m_positive_pixel_sum_v1
2024,黄山市,156341000,7819.34120836024,2383,3.28233848768894,1.00499999523163,26.8250007629395,true,projects/sat-io/open-datasets/npp-viirs-ntl,b1,longntl_annual_native500m_positive_pixel_sum_v1
2024,滁州市,156341100,93755.4712512956,18101,5.25332488874981,1.00499999523163,82.2799987792969,true,projects/sat-io/open-datasets/npp-viirs-ntl,b1,longntl_annual_native500m_positive_pixel_sum_v1
2024,阜阳市,156341200,109759.50149963,32322,3.41573586388907,1.00499999523163,105.029998779297,true,projects/sat-io/open-datasets/npp-viirs-ntl,b1,longntl_annual_native500m_positive_pixel_sum_v1
2024,宿州市,156341300,57205.6604525449,16604,3.51910077981379,1.00499999523163,67.8199996948242,true,projects/sat-io/open-datasets/npp-viirs-ntl,b1,longntl_annual_native500m_positive_pixel_sum_v1
2024,六安市,156341500,54469.0204178399,11981,4.58873939390859,1.00499999523163,61.8250007629395,true,projects/sat-io/open-datasets/npp-viirs-ntl,b1,longntl_annual_native500m_positive_pixel_sum_v1
2024,亳州市,156341600,42567.1766060955,13412,3.21007469468631,1.00499999523163,66.9850006103516,true,projects/sat-io/open-datasets/npp-viirs-ntl,b1,longntl_annual_native500m_positive_pixel_sum_v1
2024,池州市,156341700,18052.3791744555,4448,4.09383401423984,1.00499999523163,43.8399963378906,true,projects/sat-io/open-datasets/npp-viirs-ntl,b1,longntl_annual_native500m_positive_pixel_sum_v1
2024,宣城市,156341800,37884.4239829255,9762,3.94850390767954,1.00499999523163,64.5449981689453,true,projects/sat-io/open-datasets/npp-viirs-ntl,b1,longntl_annual_native500m_positive_pixel_sum_v1
2024,福州市,156350100,164842.773181529,20959,7.93731614857757,1.00499999523163,130.949996948242,true,projects/sat-io/open-datasets/npp-viirs-ntl,b1,longntl_annual_native500m_positive_pixel_sum_v1
2024,厦门市,156350200,111735.649105832,5706,19.9684980008698,1.00499999523163,220.705001831055,true,projects/sat-io/open-datasets/npp-viirs-ntl,b1,longntl_annual_native500m_positive_pixel_sum_v1
2024,莆田市,156350300,60634.206285502,8060,7.58710835931751,1.00499999523163,108.069999694824,true,projects/sat-io/open-datasets/npp-viirs-ntl,b1,longntl_annual_native500m_positive_pixel_sum_v1
2024,三明市,156350400,28392.6785911448,7032,4.04747593123326,1.00499999523163,53.129997253418,true,projects/sat-io/open-datasets/npp-viirs-ntl,b1,longntl_annual_native500m_positive_pixel_sum_v1
2024,泉州市,156350500,215492.658428392,22882,9.49365908551625,1.00499999523163,155.475006103516,true,projects/sat-io/open-datasets/npp-viirs-ntl,b1,longntl_annual_native500m_positive_pixel_sum_v1
2024,漳州市,156350600,128501.190647054,22740,5.68652193813522,1.00499999523163,131.360000610352,true,projects/sat-io/open-datasets/npp-viirs-ntl,b1,longntl_annual_native500m_positive_pixel_sum_v1
2024,南平市,156350700,40956.4134792272,8707,4.7135509021706,1.00499999523163,111.819999694824,true,projects/sat-io/open-datasets/npp-viirs-ntl,b1,longntl_annual_native500m_positive_pixel_sum_v1
2024,龙岩市,156350800,36566.1780512267,8835,4.14785567211677,1.00499999523163,52.0100021362305,true,projects/sat-io/open-datasets/npp-viirs-ntl,b1,longntl_annual_native500m_positive_pixel_sum_v1
2024,宁德市,156350900,57774.611382864,13318,4.40635935390169,1.00499999523163,96.9300003051758,true,projects/sat-io/open-datasets/npp-viirs-ntl,b1,longntl_annual_native500m_positive_pixel_sum_v1
2024,南昌市,156360100,122333.469002574,12605,9.7505660121984,1.00499999523163,201.520004272461,true,projects/sat-io/open-datasets/npp-viirs-ntl,b1,longntl_annual_native500m_positive_pixel_sum_v1
2024,景德镇市,156360200,20275.1699437576,3144,6.46218536701167,1.00499999523163,69.8200073242188,true,projects/sat-io/open-datasets/npp-viirs-ntl,b1,longntl_annual_native500m_positive_pixel_sum_v1
2024,萍乡市,156360300,11011.2867643398,3100,3.57270947942379,1.00499999523163,39.3400001525879,true,projects/sat-io/open-datasets/npp-viirs-ntl,b1,longntl_annual_native500m_positive_pixel_sum_v1
2024,九江市,156360400,58360.013233203,10518,5.58396522094017,1.00499999523163,80.5249938964844,true,projects/sat-io/open-datasets/npp-viirs-ntl,b1,longntl_annual_native500m_positive_pixel_sum_v1
2024,新余市,156360500,11904.1442041023,2401,5.0211756692919,1.00499999523163,49.8649978637695,true,projects/sat-io/open-datasets/npp-viirs-ntl,b1,longntl_annual_native500m_positive_pixel_sum_v1
2024,鹰潭市,156360600,14248.4121242752,2896,4.97128761180597,1.00499999523163,56.439998626709,true,projects/sat-io/open-datasets/npp-viirs-ntl,b1,longntl_annual_native500m_positive_pixel_sum_v1
2024,赣州市,156360700,77234.7864396647,14130,5.46919915127982,1.00499999523163,104.205001831055,true,projects/sat-io/open-datasets/npp-viirs-ntl,b1,longntl_annual_native500m_positive_pixel_sum_v1
2024,吉安市,156360800,28316.7185358132,6625,4.27880852319222,1.00499999523163,53.7700004577637,true,projects/sat-io/open-datasets/npp-viirs-ntl,b1,longntl_annual_native500m_positive_pixel_sum_v1
2024,宜春市,156360900,47519.0986130462,10620,4.49112186269558,1.00499999523163,54.8499984741211,true,projects/sat-io/open-datasets/npp-viirs-ntl,b1,longntl_annual_native500m_positive_pixel_sum_v1
2024,抚州市,156361000,25289.0156057054,5564,4.55503127321142,1.00499999523163,64.6449966430664,true,projects/sat-io/open-datasets/npp-viirs-ntl,b1,longntl_annual_native500m_positive_pixel_sum_v1
2024,上饶市,156361100,46973.3939717176,10845,4.34602702441031,1.00499999523163,79.2149963378906,true,projects/sat-io/open-datasets/npp-viirs-ntl,b1,longntl_annual_native500m_positive_pixel_sum_v1
2024,济南市,156370100,180222.75005933,28072,6.4684595979042,1.00499999523163,264.859985351562,true,projects/sat-io/open-datasets/npp-viirs-ntl,b1,longntl_annual_native500m_positive_pixel_sum_v1
2024,青岛市,156370200,216359.485274586,32902,6.63980682020273,1.00499999523163,359.345001220703,true,projects/sat-io/open-datasets/npp-viirs-ntl,b1,longntl_annual_native500m_positive_pixel_sum_v1
2024,淄博市,156370300,86732.8630100563,16489,5.37020945740956,1.00499999523163,89.3249969482422,true,projects/sat-io/open-datasets/npp-viirs-ntl,b1,longntl_annual_native500m_positive_pixel_sum_v1
2024,枣庄市,156370400,46532.551707645,15199,3.1052055029608,1.00499999523163,68.6949996948242,true,projects/sat-io/open-datasets/npp-viirs-ntl,b1,longntl_annual_native500m_positive_pixel_sum_v1
2024,东营市,156370500,101295.19401434,19369,5.29909612159863,1.00499999523163,149.735000610352,true,projects/sat-io/open-datasets/npp-viirs-ntl,b1,longntl_annual_native500m_positive_pixel_sum_v1
2024,烟台市,156370600,126277.501528396,24910,5.10391254601394,1.00499999523163,191.229995727539,true,projects/sat-io/open-datasets/npp-viirs-ntl,b1,longntl_annual_native500m_positive_pixel_sum_v1
2024,潍坊市,156370700,152720.169194021,41512,3.70615430953118,1.00499999523163,111.925003051758,true,projects/sat-io/open-datasets/npp-viirs-ntl,b1,longntl_annual_native500m_positive_pixel_sum_v1
2024,济宁市,156370800,97659.1876091429,27361,3.60701209348032,1.00499999523163,58.7999992370605,true,projects/sat-io/open-datasets/npp-viirs-ntl,b1,longntl_annual_native500m_positive_pixel_sum_v1
2024,泰安市,156370900,52016.7469191383,14890,3.52243660975052,1.00499999523163,68.3899993896484,true,projects/sat-io/open-datasets/npp-viirs-ntl,b1,longntl_annual_native500m_positive_pixel_sum_v1
2024,威海市,156371000,55365.2174733746,10709,5.21270830728869,1.00499999523163,175.875,true,projects/sat-io/open-datasets/npp-viirs-ntl,b1,longntl_annual_native500m_positive_pixel_sum_v1
2024,日照市,156371100,37659.7253653381,10138,3.7820335724381,1.00499999523163,63.5200004577637,true,projects/sat-io/open-datasets/npp-viirs-ntl,b1,longntl_annual_native500m_positive_pixel_sum_v1
2024,临沂市,156371300,148554.905189696,42921,3.48535915703399,1.00499999523163,262.294982910156,true,projects/sat-io/open-datasets/npp-viirs-ntl,b1,longntl_annual_native500m_positive_pixel_sum_v1
2024,德州市,156371400,67770.03927859,17770,3.86298049662227,1.00499999523163,96.5050048828125,true,projects/sat-io/open-datasets/npp-viirs-ntl,b1,longntl_annual_native500m_positive_pixel_sum_v1
2024,聊城市,156371500,74746.7076270721,21501,3.5002748087935,1.00499999523163,62.4300003051758,true,projects/sat-io/open-datasets/npp-viirs-ntl,b1,longntl_annual_native500m_positive_pixel_sum_v1
2024,滨州市,156371600,91395.8237028314,22851,4.07537329030427,1.00499999523163,126.345001220703,true,projects/sat-io/open-datasets/npp-viirs-ntl,b1,longntl_annual_native500m_positive_pixel_sum_v1
2024,菏泽市,156371700,103350.977013723,31441,3.30085509972697,1.00499999523163,145.044998168945,true,projects/sat-io/open-datasets/npp-viirs-ntl,b1,longntl_annual_native500m_positive_pixel_sum_v1
2024,郑州市,156410100,233266.332478562,27577,8.54610479241342,1.00499999523163,238.424987792969,true,projects/sat-io/open-datasets/npp-viirs-ntl,b1,longntl_annual_native500m_positive_pixel_sum_v1
2024,开封市,156410200,59463.0329764731,14473,4.17781122903614,1.00499999523163,105.419998168945,true,projects/sat-io/open-datasets/npp-viirs-ntl,b1,longntl_annual_native500m_positive_pixel_sum_v1
2024,洛阳市,156410300,95482.4309490302,16991,5.66471729296222,1.00499999523163,75.8549957275391,true,projects/sat-io/open-datasets/npp-viirs-ntl,b1,longntl_annual_native500m_positive_pixel_sum_v1
2024,平顶山市,156410400,50292.6500421678,13124,3.85589267068958,1.00499999523163,102.764999389648,true,projects/sat-io/open-datasets/npp-viirs-ntl,b1,longntl_annual_native500m_positive_pixel_sum_v1
2024,安阳市,156410500,54696.560732374,15426,3.60357974912107,1.00499999523163,82.4349975585938,true,projects/sat-io/open-datasets/npp-viirs-ntl,b1,longntl_annual_native500m_positive_pixel_sum_v1
2024,鹤壁市,156410600,22883.8564942912,5565,4.20311291264456,1.00499999523163,56.0699996948242,true,projects/sat-io/open-datasets/npp-viirs-ntl,b1,longntl_annual_native500m_positive_pixel_sum_v1
2024,新乡市,156410700,80723.3681450923,22005,3.69233061640467,1.00499999523163,72.1049957275391,true,projects/sat-io/open-datasets/npp-viirs-ntl,b1,longntl_annual_native500m_positive_pixel_sum_v1
2024,焦作市,156410800,44357.3381721983,12066,3.71785654240436,1.00499999523163,39.4799995422363,true,projects/sat-io/open-datasets/npp-viirs-ntl,b1,longntl_annual_native500m_positive_pixel_sum_v1
2024,濮阳市,156410900,48072.8219776874,13763,3.54444301926664,1.00499999523163,80.4949951171875,true,projects/sat-io/open-datasets/npp-viirs-ntl,b1,longntl_annual_native500m_positive_pixel_sum_v1
2024,许昌市,156411000,41231.5002371975,12459,3.35101771963388,1.00499999523163,51.2799987792969,true,projects/sat-io/open-datasets/npp-viirs-ntl,b1,longntl_annual_native500m_positive_pixel_sum_v1
2024,漯河市,156411100,33359.2776418934,5941,5.73561433158082,1.00499999523163,118.410003662109,true,projects/sat-io/open-datasets/npp-viirs-ntl,b1,longntl_annual_native500m_positive_pixel_sum_v1
2024,三门峡市,156411200,20391.2272146043,5014,4.10208903652847,1.00499999523163,71.6699981689453,true,projects/sat-io/open-datasets/npp-viirs-ntl,b1,longntl_annual_native500m_positive_pixel_sum_v1
2024,南阳市,156411300,73563.3178718992,18660,3.9506541284018,1.00499999523163,58.6699981689453,true,projects/sat-io/open-datasets/npp-viirs-ntl,b1,longntl_annual_native500m_positive_pixel_sum_v1
2024,商丘市,156411400,86166.3437679553,23412,3.7050238036052,1.00499999523163,69.3499984741211,true,projects/sat-io/open-datasets/npp-viirs-ntl,b1,longntl_annual_native500m_positive_pixel_sum_v1
2024,信阳市,156411500,44849.0801572159,9695,4.66265956947362,1.00499999523163,68.7799987792969,true,projects/sat-io/open-datasets/npp-viirs-ntl,b1,longntl_annual_native500m_positive_pixel_sum_v1
2024,周口市,156411600,87800.7383308093,26056,3.39575926854549,1.00499999523163,92.754997253418,true,projects/sat-io/open-datasets/npp-viirs-ntl,b1,longntl_annual_native500m_positive_pixel_sum_v1
2024,驻马店市,156411700,67768.9985214556,16765,4.0723807149571,1.00499999523163,81.5749969482422,true,projects/sat-io/open-datasets/npp-viirs-ntl,b1,longntl_annual_native500m_positive_pixel_sum_v1
2024,济源市,156419001,12971.793764321,2543,5.17706403609421,1.00499999523163,56.1350021362305,true,projects/sat-io/open-datasets/npp-viirs-ntl,b1,longntl_annual_native500m_positive_pixel_sum_v1
2024,武汉市,156420100,279651.861171562,21344,13.2070957053967,1.00499999523163,445.799987792969,true,projects/sat-io/open-datasets/npp-viirs-ntl,b1,longntl_annual_native500m_positive_pixel_sum_v1
2024,黄石市,156420200,30134.3727534635,5947,5.14659662705487,1.00499999523163,78.5849990844727,true,projects/sat-io/open-datasets/npp-viirs-ntl,b1,longntl_annual_native500m_positive_pixel_sum_v1
2024,十堰市,156420300,22474.7581668148,4932,4.58444723467356,1.00499999523163,50.1599998474121,true,projects/sat-io/open-datasets/npp-viirs-ntl,b1,longntl_annual_native500m_positive_pixel_sum_v1
2024,宜昌市,156420500,50626.7913251779,10447,4.85725532825291,1.00499999523163,76.2799987792969,true,projects/sat-io/open-datasets/npp-viirs-ntl,b1,longntl_annual_native500m_positive_pixel_sum_v1
2024,襄阳市,156420600,49683.705691835,9847,5.07006209703245,1.00499999523163,59.6350021362305,true,projects/sat-io/open-datasets/npp-viirs-ntl,b1,longntl_annual_native500m_positive_pixel_sum_v1
2024,鄂州市,156420700,29512.5829543796,4717,6.36715403877871,1.00499999523163,221.100006103516,true,projects/sat-io/open-datasets/npp-viirs-ntl,b1,longntl_annual_native500m_positive_pixel_sum_v1
2024,荆门市,156420800,21724.6159685392,5425,4.02140363666934,1.00499999523163,60.6100006103516,true,projects/sat-io/open-datasets/npp-viirs-ntl,b1,longntl_annual_native500m_positive_pixel_sum_v1
2024,孝感市,156420900,44422.2432053926,10370,4.34322934946107,1.00499999523163,95.9300003051758,true,projects/sat-io/open-datasets/npp-viirs-ntl,b1,longntl_annual_native500m_positive_pixel_sum_v1
2024,荆州市,156421000,48883.8882451632,10055,4.89019148333763,1.00499999523163,167.580001831055,true,projects/sat-io/open-datasets/npp-viirs-ntl,b1,longntl_annual_native500m_positive_pixel_sum_v1
2024,黄冈市,156421100,43926.4482009818,11418,3.86854897565653,1.00499999523163,56.9599990844727,true,projects/sat-io/open-datasets/npp-viirs-ntl,b1,longntl_annual_native500m_positive_pixel_sum_v1
2024,咸宁市,156421200,21693.8296312131,5562,3.91552112509686,1.00499999523163,52.5750007629395,true,projects/sat-io/open-datasets/npp-viirs-ntl,b1,longntl_annual_native500m_positive_pixel_sum_v1
2024,随州市,156421300,13508.6788924876,3366,4.02389671518058,1.00499999523163,42,true,projects/sat-io/open-datasets/npp-viirs-ntl,b1,longntl_annual_native500m_positive_pixel_sum_v1
2024,恩施土家族苗族自治州,156422800,18775.2977973583,4328,4.37366768675929,1.00499999523163,60.3499984741211,true,projects/sat-io/open-datasets/npp-viirs-ntl,b1,longntl_annual_native500m_positive_pixel_sum_v1
2024,仙桃市,156429004,9679.02308436328,2303,4.28790978308575,1.00499999523163,52.1300010681152,true,projects/sat-io/open-datasets/npp-viirs-ntl,b1,longntl_annual_native500m_positive_pixel_sum_v1
2024,潜江市,156429005,10453.0957948456,2189,4.84703459279624,1.00499999523163,72.1100006103516,true,projects/sat-io/open-datasets/npp-viirs-ntl,b1,longntl_annual_native500m_positive_pixel_sum_v1
2024,天门市,156429006,7862.91843872257,1964,4.09465113907264,1.00499999523163,40.7350006103516,true,projects/sat-io/open-datasets/npp-viirs-ntl,b1,longntl_annual_native500m_positive_pixel_sum_v1
2024,神农架林区,156429021,197.672744727602,97,2.06516510592996,1.00499999523163,6.06500005722046,true,projects/sat-io/open-datasets/npp-viirs-ntl,b1,longntl_annual_native500m_positive_pixel_sum_v1
2024,长沙市,156430100,174553.621235457,18283,9.64493520231437,1.00499999523163,187.695007324219,true,projects/sat-io/open-datasets/npp-viirs-ntl,b1,longntl_annual_native500m_positive_pixel_sum_v1
2024,株洲市,156430200,27997.387433578,5458,5.21349866843464,1.00499999523163,65.4649963378906,true,projects/sat-io/open-datasets/npp-viirs-ntl,b1,longntl_annual_native500m_positive_pixel_sum_v1
2024,湘潭市,156430300,27161.3744788749,4774,5.88956371926721,1.00499999523163,59.9949989318848,true,projects/sat-io/open-datasets/npp-viirs-ntl,b1,longntl_annual_native500m_positive_pixel_sum_v1
2024,衡阳市,156430400,29181.5568578412,6679,4.36932761588414,1.00499999523163,94,true,projects/sat-io/open-datasets/npp-viirs-ntl,b1,longntl_annual_native500m_positive_pixel_sum_v1
2024,邵阳市,156430500,22008.843425553,5231,4.21438870000129,1.00499999523163,75.8849945068359,true,projects/sat-io/open-datasets/npp-viirs-ntl,b1,longntl_annual_native500m_positive_pixel_sum_v1
2024,岳阳市,156430600,38203.3423390692,8430,4.57427310189094,1.00499999523163,178.355010986328,true,projects/sat-io/open-datasets/npp-viirs-ntl,b1,longntl_annual_native500m_positive_pixel_sum_v1
2024,常德市,156430700,31842.5322189499,7511,4.24375600230183,1.00499999523163,50.0699996948242,true,projects/sat-io/open-datasets/npp-viirs-ntl,b1,longntl_annual_native500m_positive_pixel_sum_v1
2024,张家界市,156430800,7744.75241227243,1746,4.44438613003722,1.00499999523163,39.9249992370605,true,projects/sat-io/open-datasets/npp-viirs-ntl,b1,longntl_annual_native500m_positive_pixel_sum_v1
2024,益阳市,156430900,18272.4297557461,4977,3.7039916147627,1.00499999523163,61.3099975585938,true,projects/sat-io/open-datasets/npp-viirs-ntl,b1,longntl_annual_native500m_positive_pixel_sum_v1
2024,郴州市,156431000,21331.8700158026,5868,3.63956157271269,1.00499999523163,45.4799995422363,true,projects/sat-io/open-datasets/npp-viirs-ntl,b1,longntl_annual_native500m_positive_pixel_sum_v1
2024,永州市,156431100,24379.9148172935,5694,4.2873248544266,1.00499999523163,67.9700012207031,true,projects/sat-io/open-datasets/npp-viirs-ntl,b1,longntl_annual_native500m_positive_pixel_sum_v1
2024,怀化市,156431200,18947.9451164091,4686,4.08635796621487,1.00499999523163,49.5,true,projects/sat-io/open-datasets/npp-viirs-ntl,b1,longntl_annual_native500m_positive_pixel_sum_v1
2024,娄底市,156431300,21570.1610017071,4782,4.5598113992447,1.00499999523163,54.0599975585938,true,projects/sat-io/open-datasets/npp-viirs-ntl,b1,longntl_annual_native500m_positive_pixel_sum_v1
2024,湘西土家族苗族自治州,156433100,14368.8067210707,3098,4.72542906060446,1.00499999523163,87.3549957275391,true,projects/sat-io/open-datasets/npp-viirs-ntl,b1,longntl_annual_native500m_positive_pixel_sum_v1
2024,广州市,156440100,332885.586175759,24408,13.8247894095208,1.00499999523163,200.610000610352,true,projects/sat-io/open-datasets/npp-viirs-ntl,b1,longntl_annual_native500m_positive_pixel_sum_v1
2024,韶关市,156440200,37341.6509789308,9437,3.96749751654451,1.00499999523163,53.8549995422363,true,projects/sat-io/open-datasets/npp-viirs-ntl,b1,longntl_annual_native500m_positive_pixel_sum_v1
2024,深圳市,156440300,220171.53018901,8295,27.3598305100741,1.00499999523163,207.005004882812,true,projects/sat-io/open-datasets/npp-viirs-ntl,b1,longntl_annual_native500m_positive_pixel_sum_v1
2024,珠海市,156440400,67511.8360570389,5712,12.1203182197397,1.00499999523163,170.364990234375,true,projects/sat-io/open-datasets/npp-viirs-ntl,b1,longntl_annual_native500m_positive_pixel_sum_v1
2024,汕头市,156440500,98052.076727632,7994,12.5802411293492,1.00499999523163,116.559997558594,true,projects/sat-io/open-datasets/npp-viirs-ntl,b1,longntl_annual_native500m_positive_pixel_sum_v1
2024,佛山市,156440600,199314.677840194,14876,13.7874838319634,1.00499999523163,111.285003662109,true,projects/sat-io/open-datasets/npp-viirs-ntl,b1,longntl_annual_native500m_positive_pixel_sum_v1
2024,江门市,156440700,106884.514962926,20645,5.21929826236524,1.00499999523163,63.1949996948242,true,projects/sat-io/open-datasets/npp-viirs-ntl,b1,longntl_annual_native500m_positive_pixel_sum_v1
2024,湛江市,156440800,98551.4028126595,24269,4.10465384578278,1.00499999523163,119.104995727539,true,projects/sat-io/open-datasets/npp-viirs-ntl,b1,longntl_annual_native500m_positive_pixel_sum_v1
2024,茂名市,156440900,61998.0345476006,15676,4.00364538521257,1.00499999523163,89.5899963378906,true,projects/sat-io/open-datasets/npp-viirs-ntl,b1,longntl_annual_native500m_positive_pixel_sum_v1
2024,肇庆市,156441200,64708.6183423884,14361,4.57490343960219,1.00499999523163,71.5149993896484,true,projects/sat-io/open-datasets/npp-viirs-ntl,b1,longntl_annual_native500m_positive_pixel_sum_v1
2024,惠州市,156441300,169690.497385523,24741,6.93573232318784,1.00499999523163,163.730010986328,true,projects/sat-io/open-datasets/npp-viirs-ntl,b1,longntl_annual_native500m_positive_pixel_sum_v1
2024,梅州市,156441400,35488.185216525,10403,3.4285984157136,1.00499999523163,50.1650009155273,true,projects/sat-io/open-datasets/npp-viirs-ntl,b1,longntl_annual_native500m_positive_pixel_sum_v1
2024,汕尾市,156441500,55199.0279035933,12489,4.467699895611,1.00499999523163,144.709991455078,true,projects/sat-io/open-datasets/npp-viirs-ntl,b1,longntl_annual_native500m_positive_pixel_sum_v1
2024,河源市,156441600,33040.0752074999,7756,4.28358647505466,1.00499999523163,60.6100006103516,true,projects/sat-io/open-datasets/npp-viirs-ntl,b1,longntl_annual_native500m_positive_pixel_sum_v1
2024,阳江市,156441700,37620.5705515408,8993,4.21197715090193,1.00499999523163,52.060001373291,true,projects/sat-io/open-datasets/npp-viirs-ntl,b1,longntl_annual_native500m_positive_pixel_sum_v1
2024,清远市,156441800,58485.2183867118,14649,4.02932993648747,1.00499999523163,50.2799987792969,true,projects/sat-io/open-datasets/npp-viirs-ntl,b1,longntl_annual_native500m_positive_pixel_sum_v1
2024,东莞市,156441900,241383.985994599,10467,23.585282112828,1.40499997138977,154.255004882812,true,projects/sat-io/open-datasets/npp-viirs-ntl,b1,longntl_annual_native500m_positive_pixel_sum_v1
2024,中山市,156442000,105789.410345877,7325,14.737837369967,1.35000002384186,79.1900024414062,true,projects/sat-io/open-datasets/npp-viirs-ntl,b1,longntl_annual_native500m_positive_pixel_sum_v1
2024,潮州市,156445100,45228.9359659457,6741,6.85828072972383,1.00499999523163,83.745002746582,true,projects/sat-io/open-datasets/npp-viirs-ntl,b1,longntl_annual_native500m_positive_pixel_sum_v1
2024,揭阳市,156445200,94744.0361375453,14562,6.63157852965992,1.00499999523163,230.380004882812,true,projects/sat-io/open-datasets/npp-viirs-ntl,b1,longntl_annual_native500m_positive_pixel_sum_v1
2024,云浮市,156445300,22974.9079390643,7126,3.26907355690432,1.00499999523163,36.0849990844727,true,projects/sat-io/open-datasets/npp-viirs-ntl,b1,longntl_annual_native500m_positive_pixel_sum_v1
2024,南宁市,156450100,105168.812182173,17941,5.89198495620874,1.00499999523163,117.175003051758,true,projects/sat-io/open-datasets/npp-viirs-ntl,b1,longntl_annual_native500m_positive_pixel_sum_v1
2024,柳州市,156450200,42417.1553084046,7612,5.58729358498176,1.00499999523163,69.3600006103516,true,projects/sat-io/open-datasets/npp-viirs-ntl,b1,longntl_annual_native500m_positive_pixel_sum_v1
2024,桂林市,156450300,29615.1871882088,7292,4.06299728196032,1.00499999523163,42.2949981689453,true,projects/sat-io/open-datasets/npp-viirs-ntl,b1,longntl_annual_native500m_positive_pixel_sum_v1
2024,梧州市,156450400,18644.564530424,4784,3.91022787239366,1.00499999523163,58.7649993896484,true,projects/sat-io/open-datasets/npp-viirs-ntl,b1,longntl_annual_native500m_positive_pixel_sum_v1
2024,北海市,156450500,26247.2378153474,5097,5.25492092384349,1.00499999523163,68.5749969482422,true,projects/sat-io/open-datasets/npp-viirs-ntl,b1,longntl_annual_native500m_positive_pixel_sum_v1
2024,防城港市,156450600,18168.0769150729,3598,5.21169670824481,1.00499999523163,93.870002746582,true,projects/sat-io/open-datasets/npp-viirs-ntl,b1,longntl_annual_native500m_positive_pixel_sum_v1
2024,钦州市,156450700,24353.0760765431,5446,4.51777191381396,1.00499999523163,126.309997558594,true,projects/sat-io/open-datasets/npp-viirs-ntl,b1,longntl_annual_native500m_positive_pixel_sum_v1
2024,贵港市,156450800,23139.6712852665,8254,2.80985870636326,1.00499999523163,57.6350021362305,true,projects/sat-io/open-datasets/npp-viirs-ntl,b1,longntl_annual_native500m_positive_pixel_sum_v1
2024,玉林市,156450900,32414.223473518,9073,3.59087192083699,1.00499999523163,47.5400009155273,true,projects/sat-io/open-datasets/npp-viirs-ntl,b1,longntl_annual_native500m_positive_pixel_sum_v1
2024,百色市,156451000,23375.3172461454,6367,3.68627679903764,1.00499999523163,53.3549995422363,true,projects/sat-io/open-datasets/npp-viirs-ntl,b1,longntl_annual_native500m_positive_pixel_sum_v1
2024,贺州市,156451100,12632.8334616362,3339,3.79251818657977,1.00499999523163,58.0999984741211,true,projects/sat-io/open-datasets/npp-viirs-ntl,b1,longntl_annual_native500m_positive_pixel_sum_v1
2024,河池市,156451200,12332.4053649842,4069,3.05367528790795,1.00499999523163,29.7150001525879,true,projects/sat-io/open-datasets/npp-viirs-ntl,b1,longntl_annual_native500m_positive_pixel_sum_v1
2024,来宾市,156451300,15941.6204871519,5041,3.17692702745112,1.00499999523163,43.5550003051758,true,projects/sat-io/open-datasets/npp-viirs-ntl,b1,longntl_annual_native500m_positive_pixel_sum_v1
2024,崇左市,156451400,21064.292059983,5229,4.070237297106,1.00499999523163,73.2299957275391,true,projects/sat-io/open-datasets/npp-viirs-ntl,b1,longntl_annual_native500m_positive_pixel_sum_v1
2024,海口市,156460100,48232.5783889397,4472,10.9920160306396,1.00499999523163,282.424987792969,true,projects/sat-io/open-datasets/npp-viirs-ntl,b1,longntl_annual_native500m_positive_pixel_sum_v1
2024,三亚市,156460200,26780.5784272465,3890,6.97113313449514,1.00499999523163,126.479995727539,true,projects/sat-io/open-datasets/npp-viirs-ntl,b1,longntl_annual_native500m_positive_pixel_sum_v1
2024,三沙市,156460300,52.1757641399608,9,6.57028141021728,3.31500005722046,9.17000007629395,true,projects/sat-io/open-datasets/npp-viirs-ntl,b1,longntl_annual_native500m_positive_pixel_sum_v1
2024,儋州市,156460400,17289.5149288986,3160,5.51467946538292,1.00499999523163,195.084991455078,true,projects/sat-io/open-datasets/npp-viirs-ntl,b1,longntl_annual_native500m_positive_pixel_sum_v1
2024,五指山市,156469001,1119.92500472069,254,4.40915356189247,1.00499999523163,25.5050010681152,true,projects/sat-io/open-datasets/npp-viirs-ntl,b1,longntl_annual_native500m_positive_pixel_sum_v1
2024,琼海市,156469002,5405.64810303099,1632,3.34658169259861,1.00499999523163,54.9400024414062,true,projects/sat-io/open-datasets/npp-viirs-ntl,b1,longntl_annual_native500m_positive_pixel_sum_v1
2024,文昌市,156469005,7581.64043333951,2013,3.84819606545748,1.00499999523163,46.75,true,projects/sat-io/open-datasets/npp-viirs-ntl,b1,longntl_annual_native500m_positive_pixel_sum_v1
2024,万宁市,156469006,7229.0290834081,2222,3.31770963557987,1.00499999523163,56.5800018310547,true,projects/sat-io/open-datasets/npp-viirs-ntl,b1,longntl_annual_native500m_positive_pixel_sum_v1
2024,东方市,156469007,17114.5019393028,4217,4.11267114025534,1.00499999523163,87.3650054931641,true,projects/sat-io/open-datasets/npp-viirs-ntl,b1,longntl_annual_native500m_positive_pixel_sum_v1
2024,定安县,156469021,2113.24476391942,659,3.35176965678189,1.00499999523163,27.8850002288818,true,projects/sat-io/open-datasets/npp-viirs-ntl,b1,longntl_annual_native500m_positive_pixel_sum_v1
2024,屯昌县,156469022,1440.66287704028,380,3.85575929013279,1.00499999523163,30.5900001525879,true,projects/sat-io/open-datasets/npp-viirs-ntl,b1,longntl_annual_native500m_positive_pixel_sum_v1
2024,澄迈县,156469023,6335.98336871465,1636,3.9876982439802,1.00499999523163,47.9199981689453,true,projects/sat-io/open-datasets/npp-viirs-ntl,b1,longntl_annual_native500m_positive_pixel_sum_v1
2024,临高县,156469024,3422.89142412111,1046,3.29813151587737,1.00499999523163,48.9199981689453,true,projects/sat-io/open-datasets/npp-viirs-ntl,b1,longntl_annual_native500m_positive_pixel_sum_v1
2024,白沙黎族自治县,156469025,997.050552382656,303,3.31877313184583,1.00499999523163,26.5250015258789,true,projects/sat-io/open-datasets/npp-viirs-ntl,b1,longntl_annual_native500m_positive_pixel_sum_v1
2024,昌江黎族自治县,156469026,7193.52407239324,2102,3.48751395208199,1.00499999523163,73.125,true,projects/sat-io/open-datasets/npp-viirs-ntl,b1,longntl_annual_native500m_positive_pixel_sum_v1
2024,乐东黎族自治县,156469027,12331.4927444996,3587,3.45850402032451,1.00499999523163,91.9100036621094,true,projects/sat-io/open-datasets/npp-viirs-ntl,b1,longntl_annual_native500m_positive_pixel_sum_v1
2024,陵水黎族自治县,156469028,7283.84818868216,1605,4.62775356631117,1.00499999523163,60.0849990844727,true,projects/sat-io/open-datasets/npp-viirs-ntl,b1,longntl_annual_native500m_positive_pixel_sum_v1
2024,保亭黎族苗族自治县,156469029,1147.36836681833,333,3.44571296461796,1.00499999523163,24.5299987792969,true,projects/sat-io/open-datasets/npp-viirs-ntl,b1,longntl_annual_native500m_positive_pixel_sum_v1
2024,琼中黎族苗族自治县,156469030,1112.76643491399,354,3.15108762801852,1.00499999523163,26.3549995422363,true,projects/sat-io/open-datasets/npp-viirs-ntl,b1,longntl_annual_native500m_positive_pixel_sum_v1
2024,重庆市,156500000,333637.225057578,52950,6.30708728224376,1.00499999523163,131.505004882812,true,projects/sat-io/open-datasets/npp-viirs-ntl,b1,longntl_annual_native500m_positive_pixel_sum_v1
2024,成都市,156510100,378168.2409886,39446,9.65203875313514,1.00499999523163,233.660003662109,true,projects/sat-io/open-datasets/npp-viirs-ntl,b1,longntl_annual_native500m_positive_pixel_sum_v1
2024,自贡市,156510300,21387.1698910367,4937,4.38008601765322,1.00499999523163,61.2699966430664,true,projects/sat-io/open-datasets/npp-viirs-ntl,b1,longntl_annual_native500m_positive_pixel_sum_v1
2024,攀枝花市,156510400,15206.3285717534,3445,4.43866046909011,1.00499999523163,147.270004272461,true,projects/sat-io/open-datasets/npp-viirs-ntl,b1,longntl_annual_native500m_positive_pixel_sum_v1
2024,泸州市,156510500,25374.9003579004,6572,3.90869340395992,1.00499999523163,43.560001373291,true,projects/sat-io/open-datasets/npp-viirs-ntl,b1,longntl_annual_native500m_positive_pixel_sum_v1
2024,德阳市,156510600,56943.0403972812,12386,4.65109007197958,1.00499999523163,80.6750030517578,true,projects/sat-io/open-datasets/npp-viirs-ntl,b1,longntl_annual_native500m_positive_pixel_sum_v1
2024,绵阳市,156510700,55550.8058772466,11200,4.9871217394894,1.00499999523163,62.2350006103516,true,projects/sat-io/open-datasets/npp-viirs-ntl,b1,longntl_annual_native500m_positive_pixel_sum_v1
2024,广元市,156510800,16088.8483825029,4118,3.9188130604341,1.00499999523163,62.8800010681152,true,projects/sat-io/open-datasets/npp-viirs-ntl,b1,longntl_annual_native500m_positive_pixel_sum_v1
2024,遂宁市,156510900,35013.8386475025,6186,5.68016294836508,1.00499999523163,61.0699996948242,true,projects/sat-io/open-datasets/npp-viirs-ntl,b1,longntl_annual_native500m_positive_pixel_sum_v1
2024,内江市,156511000,21766.0166794094,5820,3.78974417233859,1.00499999523163,57.9799995422363,true,projects/sat-io/open-datasets/npp-viirs-ntl,b1,longntl_annual_native500m_positive_pixel_sum_v1
2024,乐山市,156511100,26694.0351436334,7435,3.59552275567089,1.00499999523163,85.0650024414062,true,projects/sat-io/open-datasets/npp-viirs-ntl,b1,longntl_annual_native500m_positive_pixel_sum_v1
2024,南充市,156511300,49988.1150843181,7879,6.36821497535845,1.00499999523163,80.1349945068359,true,projects/sat-io/open-datasets/npp-viirs-ntl,b1,longntl_annual_native500m_positive_pixel_sum_v1
2024,眉山市,156511400,41759.900682045,10210,4.15264730488363,1.00499999523163,75.5500030517578,true,projects/sat-io/open-datasets/npp-viirs-ntl,b1,longntl_annual_native500m_positive_pixel_sum_v1
2024,宜宾市,156511500,47295.1341594322,9650,4.91554661482842,1.00499999523163,88.0250015258789,true,projects/sat-io/open-datasets/npp-viirs-ntl,b1,longntl_annual_native500m_positive_pixel_sum_v1
2024,广安市,156511600,24262.1425873565,5111,4.7638581200318,1.00499999523163,64.1699981689453,true,projects/sat-io/open-datasets/npp-viirs-ntl,b1,longntl_annual_native500m_positive_pixel_sum_v1
2024,达州市,156511700,32954.969563868,6246,5.28358275581098,1.00499999523163,83.1549987792969,true,projects/sat-io/open-datasets/npp-viirs-ntl,b1,longntl_annual_native500m_positive_pixel_sum_v1
2024,雅安市,156511800,10568.0602570482,3156,3.35941061374839,1.00499999523163,35.9000015258789,true,projects/sat-io/open-datasets/npp-viirs-ntl,b1,longntl_annual_native500m_positive_pixel_sum_v1
2024,巴中市,156511900,10347.9895663953,2858,3.62427080136196,1.00499999523163,33.4749984741211,true,projects/sat-io/open-datasets/npp-viirs-ntl,b1,longntl_annual_native500m_positive_pixel_sum_v1
2024,资阳市,156512000,16012.6678290872,3394,4.75178783808435,1.00499999523163,44.6149978637695,true,projects/sat-io/open-datasets/npp-viirs-ntl,b1,longntl_annual_native500m_positive_pixel_sum_v1
2024,阿坝藏族羌族自治州,156513200,11138.1918959739,2848,3.91430452308535,1.00499999523163,65.4449996948242,true,projects/sat-io/open-datasets/npp-viirs-ntl,b1,longntl_annual_native500m_positive_pixel_sum_v1
2024,甘孜藏族自治州,156513300,17454.8788690787,3802,4.64379520076022,1.00499999523163,132.364990234375,true,projects/sat-io/open-datasets/npp-viirs-ntl,b1,longntl_annual_native500m_positive_pixel_sum_v1
2024,凉山彝族自治州,156513400,39623.551358776,8146,4.91186006286044,1.00499999523163,110.990005493164,true,projects/sat-io/open-datasets/npp-viirs-ntl,b1,longntl_annual_native500m_positive_pixel_sum_v1
2024,贵阳市,156520100,69352.544260989,11310,6.20989923175617,1.00499999523163,138.980010986328,true,projects/sat-io/open-datasets/npp-viirs-ntl,b1,longntl_annual_native500m_positive_pixel_sum_v1
2024,六盘水市,156520200,18490.7323397879,4853,3.82588915600487,1.00499999523163,72.2799987792969,true,projects/sat-io/open-datasets/npp-viirs-ntl,b1,longntl_annual_native500m_positive_pixel_sum_v1
2024,遵义市,156520300,45737.7772118064,11627,3.96215197429662,1.00499999523163,116.979995727539,true,projects/sat-io/open-datasets/npp-viirs-ntl,b1,longntl_annual_native500m_positive_pixel_sum_v1
2024,安顺市,156520400,17597.4155846488,5196,3.4399013367493,1.00499999523163,65.3300018310547,true,projects/sat-io/open-datasets/npp-viirs-ntl,b1,longntl_annual_native500m_positive_pixel_sum_v1
2024,毕节市,156520500,26515.2569217443,7434,3.59014236821275,1.00499999523163,67.2350006103516,true,projects/sat-io/open-datasets/npp-viirs-ntl,b1,longntl_annual_native500m_positive_pixel_sum_v1
2024,铜仁市,156520600,20467.4755714477,5690,3.64276126354582,1.00499999523163,56.2849998474121,true,projects/sat-io/open-datasets/npp-viirs-ntl,b1,longntl_annual_native500m_positive_pixel_sum_v1
2024,黔西南布依族苗族自治州,156522300,13759.8058304955,4064,3.39897053639196,1.00499999523163,47.0749969482422,true,projects/sat-io/open-datasets/npp-viirs-ntl,b1,longntl_annual_native500m_positive_pixel_sum_v1
2024,黔东南苗族侗族自治州,156522600,22721.3611388959,5670,4.03471185419366,1.00499999523163,53.2600021362305,true,projects/sat-io/open-datasets/npp-viirs-ntl,b1,longntl_annual_native500m_positive_pixel_sum_v1
2024,黔南布依族苗族自治州,156522700,27961.5980131467,8143,3.46861890879958,1.00499999523163,64.8150024414062,true,projects/sat-io/open-datasets/npp-viirs-ntl,b1,longntl_annual_native500m_positive_pixel_sum_v1
2024,昆明市,156530100,148262.915364902,17917,8.31754689035601,1.00499999523163,175.324996948242,true,projects/sat-io/open-datasets/npp-viirs-ntl,b1,longntl_annual_native500m_positive_pixel_sum_v1
2024,曲靖市,156530300,52244.7019715968,10470,5.00571270006834,1.00499999523163,94.9850006103516,true,projects/sat-io/open-datasets/npp-viirs-ntl,b1,longntl_annual_native500m_positive_pixel_sum_v1
2024,玉溪市,156530400,28018.0309109711,6297,4.48721801463351,1.00499999523163,67.5749969482422,true,projects/sat-io/open-datasets/npp-viirs-ntl,b1,longntl_annual_native500m_positive_pixel_sum_v1
2024,保山市,156530500,17425.9491473296,4017,4.34876609526522,1.00499999523163,113.285003662109,true,projects/sat-io/open-datasets/npp-viirs-ntl,b1,longntl_annual_native500m_positive_pixel_sum_v1
2024,昭通市,156530600,28476.6479317226,6256,4.61409657459664,1.00499999523163,87.7400054931641,true,projects/sat-io/open-datasets/npp-viirs-ntl,b1,longntl_annual_native500m_positive_pixel_sum_v1
2024,丽江市,156530700,20216.451818901,3056,6.69462400340204,1.00499999523163,105.040000915527,true,projects/sat-io/open-datasets/npp-viirs-ntl,b1,longntl_annual_native500m_positive_pixel_sum_v1
2024,普洱市,156530800,11927.4373233159,2861,4.2008634016129,1.00499999523163,53.8300018310547,true,projects/sat-io/open-datasets/npp-viirs-ntl,b1,longntl_annual_native500m_positive_pixel_sum_v1
2024,临沧市,156530900,16954.6315640141,3563,4.82978039573171,1.00499999523163,87.3849945068359,true,projects/sat-io/open-datasets/npp-viirs-ntl,b1,longntl_annual_native500m_positive_pixel_sum_v1
2024,楚雄彝族自治州,156532300,24269.8207080818,5105,4.77411841527338,1.00499999523163,84.4700012207031,true,projects/sat-io/open-datasets/npp-viirs-ntl,b1,longntl_annual_native500m_positive_pixel_sum_v1
2024,红河哈尼族彝族自治州,156532500,39185.9917178131,8702,4.53062844273223,1.00499999523163,85.6450042724609,true,projects/sat-io/open-datasets/npp-viirs-ntl,b1,longntl_annual_native500m_positive_pixel_sum_v1
2024,文山壮族苗族自治州,156532600,20685.855169336,4576,4.53590364614993,1.00499999523163,75.7850036621094,true,projects/sat-io/open-datasets/npp-viirs-ntl,b1,longntl_annual_native500m_positive_pixel_sum_v1
2024,西双版纳傣族自治州,156532800,17878.3720838229,3972,4.52693418732855,1.00499999523163,77.3849945068359,true,projects/sat-io/open-datasets/npp-viirs-ntl,b1,longntl_annual_native500m_positive_pixel_sum_v1
2024,大理白族自治州,156532900,34721.8112028304,7140,4.89586914989293,1.00499999523163,85.1149978637695,true,projects/sat-io/open-datasets/npp-viirs-ntl,b1,longntl_annual_native500m_positive_pixel_sum_v1
2024,德宏傣族景颇族自治州,156533100,17192.2328600444,3332,5.43346621054752,1.00499999523163,70.9649963378906,true,projects/sat-io/open-datasets/npp-viirs-ntl,b1,longntl_annual_native500m_positive_pixel_sum_v1
2024,怒江傈僳族自治州,156533300,4165.41504660728,1070,3.99855759045048,1.00499999523163,38.1150016784668,true,projects/sat-io/open-datasets/npp-viirs-ntl,b1,longntl_annual_native500m_positive_pixel_sum_v1
2024,迪庆藏族自治州,156533400,6381.82656926501,1273,5.12464148219872,1.00499999523163,78.8550033569336,true,projects/sat-io/open-datasets/npp-viirs-ntl,b1,longntl_annual_native500m_positive_pixel_sum_v1
2024,拉萨市,156540100,36418.9418264796,4150,8.78752310303769,1.00499999523163,149.434997558594,true,projects/sat-io/open-datasets/npp-viirs-ntl,b1,longntl_annual_native500m_positive_pixel_sum_v1
2024,日喀则市,156540200,10654.6858653218,2221,4.81686823755613,1.00499999523163,123.665000915527,true,projects/sat-io/open-datasets/npp-viirs-ntl,b1,longntl_annual_native500m_positive_pixel_sum_v1
2024,昌都市,156540300,9087.26127494176,2078,4.41940211068885,1.00499999523163,69.7350006103516,true,projects/sat-io/open-datasets/npp-viirs-ntl,b1,longntl_annual_native500m_positive_pixel_sum_v1
2024,林芝市,156540400,5426.65732613872,1404,3.92200646252256,1.00499999523163,52.7949981689453,true,projects/sat-io/open-datasets/npp-viirs-ntl,b1,longntl_annual_native500m_positive_pixel_sum_v1
2024,山南市,156540500,16145.9343784351,4059,4.01598239818978,1.00499999523163,147.709991455078,true,projects/sat-io/open-datasets/npp-viirs-ntl,b1,longntl_annual_native500m_positive_pixel_sum_v1
2024,那曲市,156540600,4157.61001181602,978,4.25113498140698,1.00499999523163,47.4049987792969,true,projects/sat-io/open-datasets/npp-viirs-ntl,b1,longntl_annual_native500m_positive_pixel_sum_v1
2024,阿里地区,156542500,4985.50934778522,785,6.36301469341344,1.00499999523163,137.830001831055,true,projects/sat-io/open-datasets/npp-viirs-ntl,b1,longntl_annual_native500m_positive_pixel_sum_v1
2024,西安市,156610100,254763.818945268,21774,11.8305079808255,1.00499999523163,185.014999389648,true,projects/sat-io/open-datasets/npp-viirs-ntl,b1,longntl_annual_native500m_positive_pixel_sum_v1
2024,铜川市,156610200,11548.5994031228,2465,4.79226967838766,1.00499999523163,56.9850006103516,true,projects/sat-io/open-datasets/npp-viirs-ntl,b1,longntl_annual_native500m_positive_pixel_sum_v1
2024,宝鸡市,156610300,38158.9106260547,7179,5.33624619868743,1.00499999523163,77.9949951171875,true,projects/sat-io/open-datasets/npp-viirs-ntl,b1,longntl_annual_native500m_positive_pixel_sum_v1
2024,咸阳市,156610400,106755.944853512,14868,7.2989215846879,1.00499999523163,202.309997558594,true,projects/sat-io/open-datasets/npp-viirs-ntl,b1,longntl_annual_native500m_positive_pixel_sum_v1
2024,渭南市,156610500,49588.1593711984,12161,4.12998739271017,1.00499999523163,64.8249969482422,true,projects/sat-io/open-datasets/npp-viirs-ntl,b1,longntl_annual_native500m_positive_pixel_sum_v1
2024,延安市,156610600,51891.2329545685,16406,3.18754425566113,1.00499999523163,141.994995117188,true,projects/sat-io/open-datasets/npp-viirs-ntl,b1,longntl_annual_native500m_positive_pixel_sum_v1
2024,汉中市,156610700,31163.4409320317,6042,5.15856893896652,1.00499999523163,121.235000610352,true,projects/sat-io/open-datasets/npp-viirs-ntl,b1,longntl_annual_native500m_positive_pixel_sum_v1
2024,榆林市,156610800,158401.662327517,35385,4.51541805841039,1.00499999523163,217.915008544922,true,projects/sat-io/open-datasets/npp-viirs-ntl,b1,longntl_annual_native500m_positive_pixel_sum_v1
2024,安康市,156610900,15675.6069293471,3094,5.08364441014204,1.00499999523163,62.4900016784668,true,projects/sat-io/open-datasets/npp-viirs-ntl,b1,longntl_annual_native500m_positive_pixel_sum_v1
2024,商洛市,156611000,8661.63170758603,2535,3.42518913139504,1.00499999523163,74.7149963378906,true,projects/sat-io/open-datasets/npp-viirs-ntl,b1,longntl_annual_native500m_positive_pixel_sum_v1
2024,兰州市,156620100,70924.5832184132,10582,6.73702352836484,1.00499999523163,95.2649993896484,true,projects/sat-io/open-datasets/npp-viirs-ntl,b1,longntl_annual_native500m_positive_pixel_sum_v1
2024,嘉峪关市,156620200,12900.0378869468,1621,8.1039970761432,1.00499999523163,64.3600006103516,true,projects/sat-io/open-datasets/npp-viirs-ntl,b1,longntl_annual_native500m_positive_pixel_sum_v1
2024,金昌市,156620300,16278.3257583656,2285,7.13729638693857,1.00499999523163,95.1849975585938,true,projects/sat-io/open-datasets/npp-viirs-ntl,b1,longntl_annual_native500m_positive_pixel_sum_v1
2024,白银市,156620400,19665.3433473947,3951,4.99444006575939,1.00499999523163,108.925003051758,true,projects/sat-io/open-datasets/npp-viirs-ntl,b1,longntl_annual_native500m_positive_pixel_sum_v1
2024,天水市,156620500,21574.4757648412,4327,4.99909706254038,1.00499999523163,74.7099990844727,true,projects/sat-io/open-datasets/npp-viirs-ntl,b1,longntl_annual_native500m_positive_pixel_sum_v1
2024,武威市,156620600,14432.2125378239,3393,4.26991013655388,1.00499999523163,77.4400024414062,true,projects/sat-io/open-datasets/npp-viirs-ntl,b1,longntl_annual_native500m_positive_pixel_sum_v1
2024,张掖市,156620700,15157.2266405363,3481,4.36518595735519,1.00499999523163,72.2949981689453,true,projects/sat-io/open-datasets/npp-viirs-ntl,b1,longntl_annual_native500m_positive_pixel_sum_v1
2024,平凉市,156620800,15411.9353304269,3347,4.6312248443712,1.00499999523163,56.6599998474121,true,projects/sat-io/open-datasets/npp-viirs-ntl,b1,longntl_annual_native500m_positive_pixel_sum_v1
2024,酒泉市,156620900,36912.734820565,6688,5.55199532095976,1.00499999523163,110.154998779297,true,projects/sat-io/open-datasets/npp-viirs-ntl,b1,longntl_annual_native500m_positive_pixel_sum_v1
2024,庆阳市,156621000,31500.2961938316,11391,2.77809883659089,1.00499999523163,108.580001831055,true,projects/sat-io/open-datasets/npp-viirs-ntl,b1,longntl_annual_native500m_positive_pixel_sum_v1
2024,定西市,156621100,16799.6420913056,3539,4.80211451480451,1.00499999523163,60.5,true,projects/sat-io/open-datasets/npp-viirs-ntl,b1,longntl_annual_native500m_positive_pixel_sum_v1
2024,陇南市,156621200,13329.4655534707,3554,3.7566755226168,1.00499999523163,51.4150009155273,true,projects/sat-io/open-datasets/npp-viirs-ntl,b1,longntl_annual_native500m_positive_pixel_sum_v1
2024,临夏回族自治州,156622900,11643.2908366517,3272,3.63540977512694,1.00499999523163,65.5899963378906,true,projects/sat-io/open-datasets/npp-viirs-ntl,b1,longntl_annual_native500m_positive_pixel_sum_v1
2024,甘南藏族自治州,156623000,5869.29053518819,1370,4.32493320870896,1.00499999523163,90.2899932861328,true,projects/sat-io/open-datasets/npp-viirs-ntl,b1,longntl_annual_native500m_positive_pixel_sum_v1
2024,中农发山丹马场,156629700,2.38999998569489,2,1.19499999284744,1.14499998092651,1.24500000476837,true,projects/sat-io/open-datasets/npp-viirs-ntl,b1,longntl_annual_native500m_positive_pixel_sum_v1
2024,莲花山风景林自然保护区,156629800,10.422529370177,15,1.37280216394377,1.01999998092651,3.40499997138977,true,projects/sat-io/open-datasets/npp-viirs-ntl,b1,longntl_annual_native500m_positive_pixel_sum_v1
2024,太子山天然林保护区,156629900,6.40978418144525,8,1.605594269419,1.01999998092651,7.28999996185303,true,projects/sat-io/open-datasets/npp-viirs-ntl,b1,longntl_annual_native500m_positive_pixel_sum_v1
2024,西宁市,156630100,49226.2648081934,5901,8.42288245329614,1.00499999523163,144.880004882812,true,projects/sat-io/open-datasets/npp-viirs-ntl,b1,longntl_annual_native500m_positive_pixel_sum_v1
2024,海东市,156630200,27354.0306490781,4234,6.65754005867462,1.00499999523163,176.490005493164,true,projects/sat-io/open-datasets/npp-viirs-ntl,b1,longntl_annual_native500m_positive_pixel_sum_v1
2024,海北藏族自治州,156632200,3324.69922739852,809,4.13683243787967,1.00499999523163,68.6199951171875,true,projects/sat-io/open-datasets/npp-viirs-ntl,b1,longntl_annual_native500m_positive_pixel_sum_v1
2024,黄南藏族自治州,156632300,3628.6047772127,895,4.16731619282116,1.00499999523163,92.2149963378906,true,projects/sat-io/open-datasets/npp-viirs-ntl,b1,longntl_annual_native500m_positive_pixel_sum_v1
2024,海南藏族自治州,156632500,6182.08575354277,1417,4.37157002621504,1.00499999523163,75.245002746582,true,projects/sat-io/open-datasets/npp-viirs-ntl,b1,longntl_annual_native500m_positive_pixel_sum_v1
2024,果洛藏族自治州,156632600,2365.74566790964,748,3.17842542316627,1.00499999523163,27.4200000762939,true,projects/sat-io/open-datasets/npp-viirs-ntl,b1,longntl_annual_native500m_positive_pixel_sum_v1
2024,玉树藏族自治州,156632700,3201.28001391888,804,3.98169155960059,1.00499999523163,90.4900054931641,true,projects/sat-io/open-datasets/npp-viirs-ntl,b1,longntl_annual_native500m_positive_pixel_sum_v1
2024,海西蒙古族藏族自治州,156632800,34013.4051290339,6061,5.62023257938521,1.00499999523163,136.330001831055,true,projects/sat-io/open-datasets/npp-viirs-ntl,b1,longntl_annual_native500m_positive_pixel_sum_v1
2024,银川市,156640100,120743.84520567,15530,7.8451701832145,1.00499999523163,286.869995117188,true,projects/sat-io/open-datasets/npp-viirs-ntl,b1,longntl_annual_native500m_positive_pixel_sum_v1
2024,石嘴山市,156640200,21688.5316658955,4198,5.22229316470452,1.00499999523163,75.1600036621094,true,projects/sat-io/open-datasets/npp-viirs-ntl,b1,longntl_annual_native500m_positive_pixel_sum_v1
2024,吴忠市,156640300,39957.1942516664,9863,4.11085230755929,1.00499999523163,251.424987792969,true,projects/sat-io/open-datasets/npp-viirs-ntl,b1,longntl_annual_native500m_positive_pixel_sum_v1
2024,固原市,156640400,14237.3381757638,2753,5.17813690115139,1.00499999523163,64.5350036621094,true,projects/sat-io/open-datasets/npp-viirs-ntl,b1,longntl_annual_native500m_positive_pixel_sum_v1
2024,中卫市,156640500,20780.9114803824,5206,4.01378272904463,1.00499999523163,69.9150009155273,true,projects/sat-io/open-datasets/npp-viirs-ntl,b1,longntl_annual_native500m_positive_pixel_sum_v1
2024,乌鲁木齐市,156650100,141639.141633568,14116,10.149605772155,1.00499999523163,140.324996948242,true,projects/sat-io/open-datasets/npp-viirs-ntl,b1,longntl_annual_native500m_positive_pixel_sum_v1
2024,克拉玛依市,156650200,45959.7408535149,6866,6.77929140777397,1.00499999523163,278.730010986328,true,projects/sat-io/open-datasets/npp-viirs-ntl,b1,longntl_annual_native500m_positive_pixel_sum_v1
2024,吐鲁番市,156650400,24169.2378437561,5676,4.25880530513491,1.00499999523163,85.0249938964844,true,projects/sat-io/open-datasets/npp-viirs-ntl,b1,longntl_annual_native500m_positive_pixel_sum_v1
2024,哈密市,156650500,42224.6874041319,7596,5.61938066283265,1.00499999523163,120.259994506836,true,projects/sat-io/open-datasets/npp-viirs-ntl,b1,longntl_annual_native500m_positive_pixel_sum_v1
2024,昌吉回族自治州,156652300,98601.2110997883,19165,5.19528387135451,1.00499999523163,213.475006103516,true,projects/sat-io/open-datasets/npp-viirs-ntl,b1,longntl_annual_native500m_positive_pixel_sum_v1
2024,博尔塔拉蒙古自治州,156652700,12771.9785864512,2835,4.62175620324298,1.00499999523163,75.9649963378906,true,projects/sat-io/open-datasets/npp-viirs-ntl,b1,longntl_annual_native500m_positive_pixel_sum_v1
2024,巴音郭楞蒙古自治州,156652800,70148.0414708628,13086,5.41559080204723,1.00499999523163,187.029998779297,true,projects/sat-io/open-datasets/npp-viirs-ntl,b1,longntl_annual_native500m_positive_pixel_sum_v1
2024,阿克苏地区,156652900,93384.2787824299,19865,4.70562625965305,1.00499999523163,132.114990234375,true,projects/sat-io/open-datasets/npp-viirs-ntl,b1,longntl_annual_native500m_positive_pixel_sum_v1
2024,克孜勒苏柯尔克孜自治州,156653000,14443.8321292405,3544,4.11218041472222,1.00499999523163,88.375,true,projects/sat-io/open-datasets/npp-viirs-ntl,b1,longntl_annual_native500m_positive_pixel_sum_v1
2024,喀什地区,156653100,65892.5808020657,14648,4.51563325003823,1.00499999523163,141.864990234375,true,projects/sat-io/open-datasets/npp-viirs-ntl,b1,longntl_annual_native500m_positive_pixel_sum_v1
2024,和田地区,156653200,38770.03760032,10871,3.57973161610046,1.00499999523163,84.1600036621094,true,projects/sat-io/open-datasets/npp-viirs-ntl,b1,longntl_annual_native500m_positive_pixel_sum_v1
2024,伊犁哈萨克自治州,156654000,62616.5961404455,11550,5.51752125868757,1.00499999523163,127.580001831055,true,projects/sat-io/open-datasets/npp-viirs-ntl,b1,longntl_annual_native500m_positive_pixel_sum_v1
2024,塔城地区,156654200,25710.5389148862,7297,3.61440506713195,1.00499999523163,74.6349945068359,true,projects/sat-io/open-datasets/npp-viirs-ntl,b1,longntl_annual_native500m_positive_pixel_sum_v1
2024,阿勒泰地区,156654300,19353.1689797182,4407,4.51384833266546,1.00499999523163,83.3849945068359,true,projects/sat-io/open-datasets/npp-viirs-ntl,b1,longntl_annual_native500m_positive_pixel_sum_v1
2024,石河子市,156659001,12913.0920719815,1824,7.28678197081446,1.00499999523163,98.8349990844727,true,projects/sat-io/open-datasets/npp-viirs-ntl,b1,longntl_annual_native500m_positive_pixel_sum_v1
2024,阿拉尔市,156659002,10550.3212210814,1955,5.41018177451327,1.00499999523163,54.0400009155273,true,projects/sat-io/open-datasets/npp-viirs-ntl,b1,longntl_annual_native500m_positive_pixel_sum_v1
2024,图木舒克市,156659003,10400.2790560367,2048,5.20053721615841,1.00499999523163,81.8600006103516,true,projects/sat-io/open-datasets/npp-viirs-ntl,b1,longntl_annual_native500m_positive_pixel_sum_v1
2024,五家渠市,156659004,7413.99070657749,1281,6.26970760156948,1.00499999523163,66.6699981689453,true,projects/sat-io/open-datasets/npp-viirs-ntl,b1,longntl_annual_native500m_positive_pixel_sum_v1
2024,北屯市,156659005,3442.77997840292,552,7.01771312714527,1.00499999523163,56.5550003051758,true,projects/sat-io/open-datasets/npp-viirs-ntl,b1,longntl_annual_native500m_positive_pixel_sum_v1
2024,铁门关市,156659006,6038.86135925218,1460,4.52712212954593,1.00499999523163,59.189998626709,true,projects/sat-io/open-datasets/npp-viirs-ntl,b1,longntl_annual_native500m_positive_pixel_sum_v1
2024,双河市,156659007,994.953706370615,534,2.11796541580341,1.00499999523163,25.3450012207031,true,projects/sat-io/open-datasets/npp-viirs-ntl,b1,longntl_annual_native500m_positive_pixel_sum_v1
2024,可克达拉市,156659008,8083.19707928265,949,9.59901297998004,1.00499999523163,76.4750061035156,true,projects/sat-io/open-datasets/npp-viirs-ntl,b1,longntl_annual_native500m_positive_pixel_sum_v1
2024,昆玉市,156659009,2010.87811648472,514,4.2934023235086,1.00499999523163,57.8600006103516,true,projects/sat-io/open-datasets/npp-viirs-ntl,b1,longntl_annual_native500m_positive_pixel_sum_v1
2024,胡杨河市,156659010,1799.41684104555,465,4.13100422657317,1.00499999523163,46.6450004577637,true,projects/sat-io/open-datasets/npp-viirs-ntl,b1,longntl_annual_native500m_positive_pixel_sum_v1
2024,新星市,156659011,3477.84303690546,1034,3.60817601443064,1.00499999523163,95.1999969482422,true,projects/sat-io/open-datasets/npp-viirs-ntl,b1,longntl_annual_native500m_positive_pixel_sum_v1
2024,白杨市,156659012,161.710077472762,79,2.41754527499292,1.00999999046326,9.81999969482422,true,projects/sat-io/open-datasets/npp-viirs-ntl,b1,longntl_annual_native500m_positive_pixel_sum_v1
2024,台湾省,156710000,747641.917611355,75589,9.92199323628685,1.00499999523163,207.809997558594,true,projects/sat-io/open-datasets/npp-viirs-ntl,b1,longntl_annual_native500m_positive_pixel_sum_v1
2024,香港特别行政区,156810000,80181.6348853676,4325,19.1991767710734,1.00499999523163,208.119995117188,true,projects/sat-io/open-datasets/npp-viirs-ntl,b1,longntl_annual_native500m_positive_pixel_sum_v1
2024,澳门特别行政区,156820000,9840.03015997644,99,110.605998888918,15.1949996948242,356.720001220703,true,projects/sat-io/open-datasets/npp-viirs-ntl,b1,longntl_annual_native500m_positive_pixel_sum_v1
