Year,LabelCity,CityNormalized,DEI,Status,Reason,BoundaryName,BoundaryGB,MatchMethod,TNTL
2017,上海,上海,83.8,matched,,上海市,156310000,unique_exact_or_prefix,473376.166910915
2017,东莞,东莞,68.8,matched,,东莞市,156441900,unique_exact_or_prefix,148600.082488628
2017,乌鲁木齐,乌鲁木齐,59.8,matched,,乌鲁木齐市,156650100,unique_exact_or_prefix,98939.709697082
2017,佛山,佛山,69.8,matched,,佛山市,156440600,unique_exact_or_prefix,128701.589701781
2017,兰州,兰州,53.2,matched,,兰州市,156620100,unique_exact_or_prefix,49951.3019165479
2017,包头,包头,50.1,matched,,包头市,156150200,unique_exact_or_prefix,49814.6896987719
2017,北京,北京,83.3,matched,,北京市,156110000,unique_exact_or_prefix,361065.607892292
2017,南京,南京,77,matched,,南京市,156320100,unique_exact_or_prefix,165677.620817396
2017,南宁,南宁,61.8,matched,,南宁市,156450100,unique_exact_or_prefix,74748.9553398806
2017,南昌,南昌,69.5,matched,,南昌市,156360100,unique_exact_or_prefix,53496.2051136438
2017,厦门,厦门,76.3,matched,,厦门市,156350200,unique_exact_or_prefix,79767.3094256177
2017,合肥,合肥,62.9,matched,,合肥市,156340100,unique_exact_or_prefix,141084.270089882
2017,呼和浩特,呼和浩特,63.8,matched,,呼和浩特市,156150100,unique_exact_or_prefix,78638.2513221488
2017,哈尔滨,哈尔滨,67.6,matched,,哈尔滨市,156230100,unique_exact_or_prefix,108180.58180402
2017,唐山,唐山,60.4,matched,,唐山市,156130200,unique_exact_or_prefix,119270.7777141
2017,大连,大连,68.2,matched,,大连市,156210200,unique_exact_or_prefix,88836.691302745
2017,天津,天津,78.1,matched,,天津市,156120000,unique_exact_or_prefix,328648.435332313
2017,太原,太原,56.3,matched,,太原市,156140100,unique_exact_or_prefix,94649.2634124083
2017,宁波,宁波,78.9,matched,,宁波市,156330200,unique_exact_or_prefix,203363.095709914
2017,广州,广州,83.3,matched,,广州市,156440100,unique_exact_or_prefix,207714.57128544
2017,成都,成都,80.4,matched,,成都市,156510100,unique_exact_or_prefix,243074.043914574
2017,无锡,无锡,77.1,matched,,无锡市,156320200,unique_exact_or_prefix,158012.23537752
2017,昆明,昆明,63,matched,,昆明市,156530100,unique_exact_or_prefix,121914.496404616
2017,杭州,杭州,78.3,matched,,杭州市,156330100,unique_exact_or_prefix,195234.294729891
2017,武汉,武汉,80,matched,,武汉市,156420100,unique_exact_or_prefix,165671.421337938
2017,沈阳,沈阳,70.5,matched,,沈阳市,156210100,unique_exact_or_prefix,147291.380863254
2017,泉州,泉州,64.9,matched,,泉州市,156350500,unique_exact_or_prefix,145908.378654359
2017,济南,济南,73.9,matched,,济南市,156370100,unique_exact_or_prefix,103397.695221756
2017,深圳,深圳,84.9,matched,,深圳市,156440300,unique_exact_or_prefix,149784.119658342
2017,烟台,烟台,63,matched,,烟台市,156370600,unique_exact_or_prefix,79238.5335269507
2017,石家庄,石家庄,58.6,matched,,石家庄市,156130100,unique_exact_or_prefix,82943.7459755191
2017,福州,福州,66.3,matched,,福州市,156350100,unique_exact_or_prefix,114376.511591635
2017,苏州,苏州,74.9,matched,,苏州市,156320500,unique_exact_or_prefix,387505.669333108
2017,西安,西安,55.6,matched,,西安市,156610100,unique_exact_or_prefix,154131.725082557
2017,贵阳,贵阳,69.6,matched,,贵阳市,156520100,unique_exact_or_prefix,64425.3832335177
2017,郑州,郑州,60.6,matched,,郑州市,156410100,unique_exact_or_prefix,155401.534710343
2017,重庆,重庆,75.4,matched,,重庆市,156500000,unique_exact_or_prefix,211617.391713589
2017,长春,长春,65.4,matched,,长春市,156220100,unique_exact_or_prefix,136405.106985306
2017,长沙,长沙,74.1,matched,,长沙市,156430100,unique_exact_or_prefix,104917.715776521
2017,青岛,青岛,74.9,matched,,青岛市,156370200,unique_exact_or_prefix,136400.61523303
2018,上海,上海,89,matched,,上海市,156310000,unique_exact_or_prefix,477025.499455906
2018,东莞,东莞,66.5,matched,,东莞市,156441900,unique_exact_or_prefix,158685.182312523
2018,东营,东营,50.4,matched,,东营市,156370500,unique_exact_or_prefix,63029.1918606608
2018,中山,中山,55.1,matched,,中山市,156442000,unique_exact_or_prefix,72998.9289186726
2018,临沂,临沂,43.8,matched,,临沂市,156371300,unique_exact_or_prefix,97111.1332082459
2018,乌鲁木齐,乌鲁木齐,58.1,matched,,乌鲁木齐市,156650100,unique_exact_or_prefix,108075.882435253
2018,九江,九江,45.4,matched,,九江市,156360400,unique_exact_or_prefix,28734.4823378736
2018,佛山,佛山,68.6,matched,,佛山市,156440600,unique_exact_or_prefix,134678.528566437
2018,保定,保定,35,matched,,保定市,156130600,unique_exact_or_prefix,78062.2166783436
2018,兰州,兰州,58.1,matched,,兰州市,156620100,unique_exact_or_prefix,66614.5946389904
2018,包头,包头,51.3,matched,,包头市,156150200,unique_exact_or_prefix,48401.2921557146
2018,北京,北京,87.9,matched,,北京市,156110000,unique_exact_or_prefix,370940.998060853
2018,南京,南京,73.4,matched,,南京市,156320100,unique_exact_or_prefix,177073.05405856
2018,南宁,南宁,54.9,matched,,南宁市,156450100,unique_exact_or_prefix,84896.9985506577
2018,南昌,南昌,58.5,matched,,南昌市,156360100,unique_exact_or_prefix,63525.071122399
2018,南通,南通,63.9,matched,,南通市,156320600,unique_exact_or_prefix,131827.599028051
2018,厦门,厦门,67.6,matched,,厦门市,156350200,unique_exact_or_prefix,87096.121075467
2018,台州,台州,57.3,matched,,台州市,156331000,unique_exact_or_prefix,89552.472941544
2018,合肥,合肥,64.8,matched,,合肥市,156340100,unique_exact_or_prefix,148617.650599887
2018,吉林,吉林,35.4,matched,,吉林市,156220200,unique_exact_or_prefix,37944.668509603
2018,呼和浩特,呼和浩特,54.8,matched,,呼和浩特市,156150100,unique_exact_or_prefix,78623.8708912733
2018,哈尔滨,哈尔滨,55.9,matched,,哈尔滨市,156230100,unique_exact_or_prefix,109317.53968952
2018,唐山,唐山,57.3,matched,,唐山市,156130200,unique_exact_or_prefix,112848.029203841
2018,嘉兴,嘉兴,58.9,matched,,嘉兴市,156330400,unique_exact_or_prefix,106295.523709579
2018,大庆,大庆,50.4,matched,,大庆市,156230600,unique_exact_or_prefix,81392.4702859616
2018,大连,大连,69.7,matched,,大连市,156210200,unique_exact_or_prefix,92670.8722184953
2018,天津,天津,69.6,matched,,天津市,156120000,unique_exact_or_prefix,337213.451041094
2018,太原,太原,57.3,matched,,太原市,156140100,unique_exact_or_prefix,96559.0673804236
2018,威海,威海,48.3,matched,,威海市,156371000,unique_exact_or_prefix,42230.6329415901
2018,宁波,宁波,76.3,matched,,宁波市,156330200,unique_exact_or_prefix,204595.865208235
2018,宜昌,宜昌,53.1,matched,,宜昌市,156420500,unique_exact_or_prefix,28289.8151534931
2018,宝鸡,宝鸡,46.2,matched,,宝鸡市,156610300,unique_exact_or_prefix,26486.5581911036
2018,岳阳,岳阳,46.3,matched,,岳阳市,156430600,unique_exact_or_prefix,24477.0231047612
2018,常州,常州,61.7,matched,,常州市,156320400,unique_exact_or_prefix,111305.858277655
2018,平顶山,平顶山,45.1,matched,,平顶山市,156410400,unique_exact_or_prefix,33479.4387660157
2018,广州,广州,87.4,matched,,广州市,156440100,unique_exact_or_prefix,227326.255162717
2018,开封,开封,52.3,matched,,开封市,156410200,unique_exact_or_prefix,34148.2245876826
2018,徐州,徐州,55.9,matched,,徐州市,156320300,unique_exact_or_prefix,88659.81535251
2018,德州,德州,44.1,matched,,德州市,156371400,unique_exact_or_prefix,40873.90981869
2018,惠州,惠州,57.8,matched,,惠州市,156441300,unique_exact_or_prefix,100803.382456354
2018,成都,成都,86.7,matched,,成都市,156510100,unique_exact_or_prefix,269182.504962148
2018,扬州,扬州,56.3,matched,,扬州市,156321000,unique_exact_or_prefix,77574.256100664
2018,抚顺,抚顺,34.6,matched,,抚顺市,156210400,unique_exact_or_prefix,26246.3167553766
2018,拉萨,拉萨,43.7,matched,,拉萨市,156540100,unique_exact_or_prefix,17861.3918564885
2018,无锡,无锡,75.9,matched,,无锡市,156320200,unique_exact_or_prefix,166532.626216851
2018,昆明,昆明,60,matched,,昆明市,156530100,unique_exact_or_prefix,130846.891045571
2018,杭州,杭州,85.9,matched,,杭州市,156330100,unique_exact_or_prefix,202866.368393721
2018,柳州,柳州,51.8,matched,,柳州市,156450200,unique_exact_or_prefix,41433.7649915457
2018,株洲,株洲,44.2,matched,,株洲市,156430200,unique_exact_or_prefix,25270.1124165147
2018,桂林,桂林,48.5,matched,,桂林市,156450300,unique_exact_or_prefix,27735.4039907231
2018,武汉,武汉,80.9,matched,,武汉市,156420100,unique_exact_or_prefix,181219.533408117
2018,汕头,汕头,49.3,matched,,汕头市,156440500,unique_exact_or_prefix,63589.211078094
2018,江门,江门,57,matched,,江门市,156440700,unique_exact_or_prefix,67093.8608768402
2018,沈阳,沈阳,63.3,matched,,沈阳市,156210100,unique_exact_or_prefix,159456.334394075
2018,沧州,沧州,50.2,matched,,沧州市,156130900,unique_exact_or_prefix,74157.0197664326
2018,泉州,泉州,61.3,matched,,泉州市,156350500,unique_exact_or_prefix,151477.750855818
2018,泰安,泰安,37.2,matched,,泰安市,156370900,unique_exact_or_prefix,39240.9750102267
2018,泰州,泰州,56.5,matched,,泰州市,156321200,unique_exact_or_prefix,85291.4661967755
2018,洛阳,洛阳,52.1,matched,,洛阳市,156410300,unique_exact_or_prefix,58281.7050570385
2018,济南,济南,65.4,matched,,济南市,156370100,unique_exact_or_prefix,114927.028060892
2018,济宁,济宁,47.5,matched,,济宁市,156370800,unique_exact_or_prefix,63313.0890188021
2018,海口,海口,52.1,matched,,海口市,156460100,unique_exact_or_prefix,33326.3570325145
2018,淄博,淄博,53.7,matched,,淄博市,156370300,unique_exact_or_prefix,54959.8083177534
2018,深圳,深圳,88.3,matched,,深圳市,156440300,unique_exact_or_prefix,157047.728484514
2018,温州,温州,59.1,matched,,温州市,156330300,unique_exact_or_prefix,109159.276839102
2018,湖州,湖州,51.1,matched,,湖州市,156330500,unique_exact_or_prefix,66379.2552921393
2018,湛江,湛江,49.8,matched,,湛江市,156440800,unique_exact_or_prefix,40940.5444948524
2018,滨州,滨州,52.3,matched,,滨州市,156371600,unique_exact_or_prefix,57106.8446145801
2018,潍坊,潍坊,56.3,matched,,潍坊市,156370700,unique_exact_or_prefix,118516.922789383
2018,烟台,烟台,57.2,matched,,烟台市,156370600,unique_exact_or_prefix,90070.699878069
2018,牡丹江,牡丹江,45,matched,,牡丹江市,156231000,unique_exact_or_prefix,23855.3000684794
2018,珠海,珠海,59.5,matched,,珠海市,156440400,unique_exact_or_prefix,33516.7273963278
2018,盐城,盐城,55.3,matched,,盐城市,156320900,unique_exact_or_prefix,98079.0069774787
2018,石家庄,石家庄,64.4,matched,,石家庄市,156130100,unique_exact_or_prefix,92476.9722003474
2018,福州,福州,70.2,matched,,福州市,156350100,unique_exact_or_prefix,118675.975610464
2018,秦皇岛,秦皇岛,49.5,matched,,秦皇岛市,156130300,unique_exact_or_prefix,37858.1851744923
2018,绍兴,绍兴,57.6,matched,,绍兴市,156330600,unique_exact_or_prefix,84041.7503632784
2018,绵阳,绵阳,64.4,matched,,绵阳市,156510700,unique_exact_or_prefix,33920.0554571264
2018,芜湖,芜湖,44.3,matched,,芜湖市,156340200,unique_exact_or_prefix,51634.6971435668
2018,苏州,苏州,70.6,matched,,苏州市,156320500,unique_exact_or_prefix,400095.039644539
2018,茂名,茂名,41.1,matched,,茂名市,156440900,unique_exact_or_prefix,33784.6767563717
2018,衡阳,衡阳,41.9,matched,,衡阳市,156430400,unique_exact_or_prefix,20637.31353709
2018,襄阳,襄阳,46.3,matched,,襄阳市,156420600,unique_exact_or_prefix,25910.2898571533
2018,西宁,西宁,53.1,matched,,西宁市,156630100,unique_exact_or_prefix,35256.086721978
2018,西安,西安,67.2,matched,,西安市,156610100,unique_exact_or_prefix,176472.076866639
2018,许昌,许昌,48.8,matched,,许昌市,156411000,unique_exact_or_prefix,29930.1117364626
2018,贵阳,贵阳,73.8,matched,,贵阳市,156520100,unique_exact_or_prefix,71483.9530920608
2018,赣州,赣州,45,matched,,赣州市,156360700,unique_exact_or_prefix,42967.4779547607
2018,邯郸,邯郸,54.8,matched,,邯郸市,156130400,unique_exact_or_prefix,50192.6009494005
2018,郑州,郑州,68.9,matched,,郑州市,156410100,unique_exact_or_prefix,162809.466641667
2018,鄂尔多斯,鄂尔多斯,41.8,matched,,鄂尔多斯市,156150600,unique_exact_or_prefix,59958.7052271011
2018,重庆,重庆,70.1,matched,,重庆市,156500000,unique_exact_or_prefix,244056.359705715
2018,金华,金华,62.2,matched,,金华市,156330700,unique_exact_or_prefix,124513.890337313
2018,银川,银川,54.6,matched,,银川市,156640100,unique_exact_or_prefix,90332.3198258255
2018,镇江,镇江,58.6,matched,,镇江市,156321100,unique_exact_or_prefix,82666.0827859065
2018,长春,长春,53.7,matched,,长春市,156220100,unique_exact_or_prefix,144815.511202655
2018,长沙,长沙,71.9,matched,,长沙市,156430100,unique_exact_or_prefix,116985.947349013
2018,青岛,青岛,73.5,matched,,青岛市,156370200,unique_exact_or_prefix,153029.993619629
2018,鞍山,鞍山,37.5,matched,,鞍山市,156210300,unique_exact_or_prefix,48240.9568437221
2018,齐齐哈尔,齐齐哈尔,47,matched,,齐齐哈尔市,156230200,unique_exact_or_prefix,35593.9929193637
2019,上海,上海,89.8,matched,,上海市,156310000,unique_exact_or_prefix,479881.377318369
2019,东莞,东莞,66.6,matched,,东莞市,156441900,unique_exact_or_prefix,168086.062191365
2019,东营,东营,54,matched,,东营市,156370500,unique_exact_or_prefix,64417.7722757788
2019,中山,中山,57.3,matched,,中山市,156442000,unique_exact_or_prefix,71475.0884476447
2019,临沂,临沂,49.4,matched,,临沂市,156371300,unique_exact_or_prefix,96771.1037433928
2019,乌鲁木齐,乌鲁木齐,57,matched,,乌鲁木齐市,156650100,unique_exact_or_prefix,117281.551406771
2019,九江,九江,43.4,matched,,九江市,156360400,unique_exact_or_prefix,30235.3446032576
2019,佛山,佛山,70.3,matched,,佛山市,156440600,unique_exact_or_prefix,137433.567939732
2019,保定,保定,35,matched,,保定市,156130600,unique_exact_or_prefix,94106.0327112829
2019,兰州,兰州,59.5,matched,,兰州市,156620100,unique_exact_or_prefix,63025.5289781131
2019,包头,包头,53.8,matched,,包头市,156150200,unique_exact_or_prefix,50926.205874473
2019,北京,北京,89.4,matched,,北京市,156110000,unique_exact_or_prefix,426536.364677486
2019,南京,南京,71.8,matched,,南京市,156320100,unique_exact_or_prefix,193709.777598587
2019,南宁,南宁,56.1,matched,,南宁市,156450100,unique_exact_or_prefix,90576.5852731139
2019,南昌,南昌,57.6,matched,,南昌市,156360100,unique_exact_or_prefix,67593.9681942982
2019,南通,南通,63.1,matched,,南通市,156320600,unique_exact_or_prefix,139305.556780038
2019,南阳,南阳,46.8,matched,,南阳市,156411300,unique_exact_or_prefix,40548.5106502439
2019,厦门,厦门,68.6,matched,,厦门市,156350200,unique_exact_or_prefix,87025.0471045101
2019,台州,台州,58.7,matched,,台州市,156331000,unique_exact_or_prefix,93019.0445623562
2019,合肥,合肥,70.3,matched,,合肥市,156340100,unique_exact_or_prefix,163387.307225802
2019,吉林,吉林,39,matched,,吉林市,156220200,unique_exact_or_prefix,36517.7992021776
2019,周口,周口,48.9,matched,,周口市,156411600,unique_exact_or_prefix,43280.0948848032
2019,呼和浩特,呼和浩特,60.4,matched,,呼和浩特市,156150100,unique_exact_or_prefix,83640.4359514522
2019,咸阳,咸阳,56.7,matched,,咸阳市,156610400,unique_exact_or_prefix,65715.0555681509
2019,哈尔滨,哈尔滨,55.1,matched,,哈尔滨市,156230100,unique_exact_or_prefix,118318.747474907
2019,唐山,唐山,52.4,matched,,唐山市,156130200,unique_exact_or_prefix,119075.11942907
2019,嘉兴,嘉兴,60.8,matched,,嘉兴市,156330400,unique_exact_or_prefix,118068.07633213
2019,大庆,大庆,48.5,matched,,大庆市,156230600,unique_exact_or_prefix,78115.2856952967
2019,大连,大连,70,matched,,大连市,156210200,unique_exact_or_prefix,95385.8856306581
2019,天津,天津,73,matched,,天津市,156120000,unique_exact_or_prefix,342020.834195564
2019,太原,太原,57.8,matched,,太原市,156140100,unique_exact_or_prefix,114683.68358574
2019,威海,威海,52.8,matched,,威海市,156371000,unique_exact_or_prefix,49405.3558280543
2019,宁波,宁波,76.7,matched,,宁波市,156330200,unique_exact_or_prefix,214942.423639138
2019,宜昌,宜昌,54.2,matched,,宜昌市,156420500,unique_exact_or_prefix,29654.7501854756
2019,宝鸡,宝鸡,45.9,matched,,宝鸡市,156610300,unique_exact_or_prefix,27259.2654664559
2019,宿迁,宿迁,51.4,matched,,宿迁市,156321300,unique_exact_or_prefix,55552.9669646857
2019,岳阳,岳阳,47.6,matched,,岳阳市,156430600,unique_exact_or_prefix,24881.2353649995
2019,常州,常州,61.3,matched,,常州市,156320400,unique_exact_or_prefix,116276.942075751
2019,常德,常德,47.7,matched,,常德市,156430700,unique_exact_or_prefix,27983.3829287258
2019,平顶山,平顶山,44.4,matched,,平顶山市,156410400,unique_exact_or_prefix,34859.1031964246
2019,广州,广州,86.2,matched,,广州市,156440100,unique_exact_or_prefix,233869.552885372
2019,廊坊,廊坊,51.2,matched,,廊坊市,156131000,unique_exact_or_prefix,89362.0914635153
2019,开封,开封,52.1,matched,,开封市,156410200,unique_exact_or_prefix,38926.3433131185
2019,徐州,徐州,55.2,matched,,徐州市,156320300,unique_exact_or_prefix,98029.5245216898
2019,德州,德州,47.4,matched,,德州市,156371400,unique_exact_or_prefix,48891.0892704057
2019,惠州,惠州,58.7,matched,,惠州市,156441300,unique_exact_or_prefix,108846.273208649
2019,成都,成都,87,matched,,成都市,156510100,unique_exact_or_prefix,297530.541853322
2019,扬州,扬州,58.6,matched,,扬州市,156321000,unique_exact_or_prefix,82817.9628670898
2019,抚顺,抚顺,39.4,matched,,抚顺市,156210400,unique_exact_or_prefix,23711.6369169749
2019,拉萨,拉萨,48.1,matched,,拉萨市,156540100,unique_exact_or_prefix,21412.5455428755
2019,无锡,无锡,76.4,matched,,无锡市,156320200,unique_exact_or_prefix,166214.703242329
2019,昆明,昆明,60.9,matched,,昆明市,156530100,unique_exact_or_prefix,138201.491876136
2019,杭州,杭州,86.9,matched,,杭州市,156330100,unique_exact_or_prefix,210478.128422146
2019,柳州,柳州,47.8,matched,,柳州市,156450200,unique_exact_or_prefix,46494.4067409085
2019,株洲,株洲,44.8,matched,,株洲市,156430200,unique_exact_or_prefix,27601.6448622264
2019,桂林,桂林,48,matched,,桂林市,156450300,unique_exact_or_prefix,28040.7039834775
2019,榆林,榆林,48.7,matched,,榆林市,156610800,unique_exact_or_prefix,98498.1885028862
2019,武汉,武汉,78,matched,,武汉市,156420100,unique_exact_or_prefix,191401.20884174
2019,汕头,汕头,50.8,matched,,汕头市,156440500,unique_exact_or_prefix,62610.1031401237
2019,江门,江门,56.4,matched,,江门市,156440700,unique_exact_or_prefix,70777.8505496946
2019,沈阳,沈阳,62.2,matched,,沈阳市,156210100,unique_exact_or_prefix,158025.720515786
2019,沧州,沧州,50.7,matched,,沧州市,156130900,unique_exact_or_prefix,78523.0927494984
2019,泉州,泉州,61.8,matched,,泉州市,156350500,unique_exact_or_prefix,152092.342674239
2019,泰安,泰安,45.4,matched,,泰安市,156370900,unique_exact_or_prefix,47823.9632555176
2019,泰州,泰州,58.5,matched,,泰州市,156321200,unique_exact_or_prefix,88885.2116066966
2019,洛阳,洛阳,51,matched,,洛阳市,156410300,unique_exact_or_prefix,66347.6665226623
2019,济南,济南,63.7,matched,,济南市,156370100,unique_exact_or_prefix,130917.593950105
2019,济宁,济宁,50.8,matched,,济宁市,156370800,unique_exact_or_prefix,68530.4678377572
2019,海口,海口,55,matched,,海口市,156460100,unique_exact_or_prefix,33825.7159826606
2019,淄博,淄博,56.2,matched,,淄博市,156370300,unique_exact_or_prefix,63976.9664169915
2019,淮安,淮安,41.7,matched,,淮安市,156320800,unique_exact_or_prefix,62291.763602483
2019,深圳,深圳,89.2,matched,,深圳市,156440300,unique_exact_or_prefix,166866.421332012
2019,温州,温州,61.4,matched,,温州市,156330300,unique_exact_or_prefix,113443.985672509
2019,湖州,湖州,53.9,matched,,湖州市,156330500,unique_exact_or_prefix,72417.5359154239
2019,湛江,湛江,51.9,matched,,湛江市,156440800,unique_exact_or_prefix,44496.8527252038
2019,滨州,滨州,55.2,matched,,滨州市,156371600,unique_exact_or_prefix,57190.9717572137
2019,漳州,漳州,56,matched,,漳州市,156350600,unique_exact_or_prefix,86916.2151947802
2019,潍坊,潍坊,58.1,matched,,潍坊市,156370700,unique_exact_or_prefix,118606.29837204
2019,烟台,烟台,62.4,matched,,烟台市,156370600,unique_exact_or_prefix,89798.8043142333
2019,牡丹江,牡丹江,45.2,matched,,牡丹江市,156231000,unique_exact_or_prefix,22395.5779480289
2019,珠海,珠海,62.5,matched,,珠海市,156440400,unique_exact_or_prefix,35155.2337708286
2019,盐城,盐城,57,matched,,盐城市,156320900,unique_exact_or_prefix,104630.477501717
2019,石家庄,石家庄,64.1,matched,,石家庄市,156130100,unique_exact_or_prefix,114079.078256421
2019,福州,福州,71.5,matched,,福州市,156350100,unique_exact_or_prefix,120517.346497348
2019,秦皇岛,秦皇岛,47.9,matched,,秦皇岛市,156130300,unique_exact_or_prefix,38256.1149115263
2019,绍兴,绍兴,59,matched,,绍兴市,156330600,unique_exact_or_prefix,87634.3955404721
2019,绵阳,绵阳,62.7,matched,,绵阳市,156510700,unique_exact_or_prefix,35253.2712408921
2019,聊城,聊城,35.4,matched,,聊城市,156371500,unique_exact_or_prefix,47432.0010468525
2019,芜湖,芜湖,50.5,matched,,芜湖市,156340200,unique_exact_or_prefix,50529.5877020125
2019,苏州,苏州,72.5,matched,,苏州市,156320500,unique_exact_or_prefix,392800.672476983
2019,茂名,茂名,45.3,matched,,茂名市,156440900,unique_exact_or_prefix,38320.5106190195
2019,菏泽,菏泽,49.2,matched,,菏泽市,156371700,unique_exact_or_prefix,59980.582414068
2019,衡阳,衡阳,45.9,matched,,衡阳市,156430400,unique_exact_or_prefix,21057.3481773736
2019,襄阳,襄阳,47.7,matched,,襄阳市,156420600,unique_exact_or_prefix,28066.2086932374
2019,西宁,西宁,54.4,matched,,西宁市,156630100,unique_exact_or_prefix,34989.7809377203
2019,西安,西安,62.8,matched,,西安市,156610100,unique_exact_or_prefix,191044.510379311
2019,许昌,许昌,47.7,matched,,许昌市,156411000,unique_exact_or_prefix,33134.7473373184
2019,贵阳,贵阳,73.2,matched,,贵阳市,156520100,unique_exact_or_prefix,76361.3095053762
2019,赣州,赣州,45.1,matched,,赣州市,156360700,unique_exact_or_prefix,44832.0005531577
2019,连云港,连云港,54,matched,,连云港市,156320700,unique_exact_or_prefix,54236.315777177
2019,遵义,遵义,51.3,matched,,遵义市,156520300,unique_exact_or_prefix,50593.5614768739
2019,邯郸,邯郸,52.8,matched,,邯郸市,156130400,unique_exact_or_prefix,59572.3301201722
2019,郑州,郑州,71.9,matched,,郑州市,156410100,unique_exact_or_prefix,179834.969688238
2019,鄂尔多斯,鄂尔多斯,45.8,matched,,鄂尔多斯市,156150600,unique_exact_or_prefix,71513.7741748726
2019,重庆,重庆,75.4,matched,,重庆市,156500000,unique_exact_or_prefix,250757.734865446
2019,金华,金华,62.5,matched,,金华市,156330700,unique_exact_or_prefix,132565.372338196
2019,银川,银川,56.4,matched,,银川市,156640100,unique_exact_or_prefix,83604.8808544617
2019,镇江,镇江,61.4,matched,,镇江市,156321100,unique_exact_or_prefix,79729.9316262269
2019,长春,长春,56.2,matched,,长春市,156220100,unique_exact_or_prefix,161842.922297955
2019,长沙,长沙,68.1,matched,,长沙市,156430100,unique_exact_or_prefix,128169.178588604
2019,青岛,青岛,71.3,matched,,青岛市,156370200,unique_exact_or_prefix,157032.171130399
2019,鞍山,鞍山,44.7,matched,,鞍山市,156210300,unique_exact_or_prefix,44167.6613300473
2019,齐齐哈尔,齐齐哈尔,46.6,matched,,齐齐哈尔市,156230200,unique_exact_or_prefix,35735.9744551976
2020,三门峡,三门峡,39.8,matched,,三门峡市,156411200,unique_exact_or_prefix,16932.711121094
2020,上海,上海,90.5,matched,,上海市,156310000,unique_exact_or_prefix,490023.819112615
2020,上饶,上饶,43.1,matched,,上饶市,156361100,unique_exact_or_prefix,26278.2346103603
2020,东莞,东莞,71.1,matched,,东莞市,156441900,unique_exact_or_prefix,187291.992401957
2020,东营,东营,58.7,matched,,东营市,156370500,unique_exact_or_prefix,65186.035751562
2020,中山,中山,62,matched,,中山市,156442000,unique_exact_or_prefix,73405.3767046718
2020,临汾,临汾,38,matched,,临汾市,156141000,unique_exact_or_prefix,34796.2287144437
2020,临沂,临沂,57.2,matched,,临沂市,156371300,unique_exact_or_prefix,114182.366618184
2020,丽水,丽水,41.6,matched,,丽水市,156331100,unique_exact_or_prefix,28486.9777182831
2020,乌鲁木齐,乌鲁木齐,61.8,matched,,乌鲁木齐市,156650100,unique_exact_or_prefix,106753.274633892
2020,乐山,乐山,40.6,matched,,乐山市,156511100,unique_exact_or_prefix,21034.5029442352
2020,九江,九江,49.8,matched,,九江市,156360400,unique_exact_or_prefix,33770.8440530679
2020,亳州,亳州,39.7,matched,,亳州市,156341600,unique_exact_or_prefix,41746.5060618349
2020,伊犁,伊犁,32.5,matched,,伊犁哈萨克自治州,156654000,unique_exact_or_prefix,41307.8960715299
2020,佛山,佛山,72.4,matched,,佛山市,156440600,unique_exact_or_prefix,144262.244276538
2020,保定,保定,48.7,matched,,保定市,156130600,unique_exact_or_prefix,108822.802516504
2020,信阳,信阳,45.3,matched,,信阳市,156411500,unique_exact_or_prefix,26255.2990390759
2020,克拉玛依,克拉玛依,45.2,matched,,克拉玛依市,156650200,unique_exact_or_prefix,48052.9992735358
2020,六安,六安,39.8,matched,,六安市,156341500,unique_exact_or_prefix,45117.7594572357
2020,六盘水,六盘水,36.8,matched,,六盘水市,156520200,unique_exact_or_prefix,18944.6127127788
2020,兰州,兰州,64.4,matched,,兰州市,156620100,unique_exact_or_prefix,57530.5502055449
2020,内江,内江,37.1,matched,,内江市,156511000,unique_exact_or_prefix,20816.1137753865
2020,凉山,凉山,36.3,matched,,凉山彝族自治州,156513400,unique_exact_or_prefix,19131.8144061079
2020,包头,包头,58.2,matched,,包头市,156150200,unique_exact_or_prefix,49516.2531820638
2020,北京,北京,89.4,matched,,北京市,156110000,unique_exact_or_prefix,435974.274456043
2020,北海,北海,50.7,matched,,北海市,156450500,unique_exact_or_prefix,18322.5495135653
2020,十堰,十堰,43.3,matched,,十堰市,156420300,unique_exact_or_prefix,15412.8056330606
2020,南京,南京,76.1,matched,,南京市,156320100,unique_exact_or_prefix,208539.345319515
2020,南充,南充,44.7,matched,,南充市,156511300,unique_exact_or_prefix,48904.0054384765
2020,南宁,南宁,61.5,matched,,南宁市,156450100,unique_exact_or_prefix,91717.7077858784
2020,南昌,南昌,64.4,matched,,南昌市,156360100,unique_exact_or_prefix,76293.0226113997
2020,南通,南通,68.1,matched,,南通市,156320600,unique_exact_or_prefix,151191.003669598
2020,南阳,南阳,51.7,matched,,南阳市,156411300,unique_exact_or_prefix,47282.9651715545
2020,厦门,厦门,70.8,matched,,厦门市,156350200,unique_exact_or_prefix,87006.9500034057
2020,台州,台州,63.7,matched,,台州市,156331000,unique_exact_or_prefix,98949.7062261404
2020,合肥,合肥,72.1,matched,,合肥市,156340100,unique_exact_or_prefix,171103.815159417
2020,吉安,吉安,43.1,matched,,吉安市,156360800,unique_exact_or_prefix,18006.6879040769
2020,吉林,吉林,41.1,matched,,吉林市,156220200,unique_exact_or_prefix,37211.5758235983
2020,吕梁,吕梁,38.2,matched,,吕梁市,156141100,unique_exact_or_prefix,36570.2441434407
2020,周口,周口,54.1,matched,,周口市,156411600,unique_exact_or_prefix,47815.9068557141
2020,呼伦贝尔,呼伦贝尔,38.8,matched,,呼伦贝尔市,156150700,unique_exact_or_prefix,19273.5604410835
2020,呼和浩特,呼和浩特,64.6,matched,,呼和浩特市,156150100,unique_exact_or_prefix,73547.926638282
2020,咸宁,咸宁,40,matched,,咸宁市,156421200,unique_exact_or_prefix,13721.6579015816
2020,咸阳,咸阳,61.5,matched,,咸阳市,156610400,unique_exact_or_prefix,67983.1727088143
2020,哈尔滨,哈尔滨,63,matched,,哈尔滨市,156230100,unique_exact_or_prefix,115221.461554926
2020,唐山,唐山,56.9,matched,,唐山市,156130200,unique_exact_or_prefix,127392.830175175
2020,商丘,商丘,45.3,matched,,商丘市,156411400,unique_exact_or_prefix,55095.3211862873
2020,喀什,喀什,36.3,matched,,喀什地区,156653100,unique_exact_or_prefix,38122.9644024297
2020,嘉兴,嘉兴,64.7,matched,,嘉兴市,156330400,unique_exact_or_prefix,135180.703274112
2020,大同,大同,40.1,matched,,大同市,156140200,unique_exact_or_prefix,60705.1682570799
2020,大庆,大庆,54,matched,,大庆市,156230600,unique_exact_or_prefix,70226.5653159791
2020,大理,大理,37.8,matched,,大理白族自治州,156532900,unique_exact_or_prefix,24115.6776583237
2020,大连,大连,70.3,matched,,大连市,156210200,unique_exact_or_prefix,94232.2364245073
2020,天水,天水,32.3,matched,,天水市,156620500,unique_exact_or_prefix,12764.9164240229
2020,天津,天津,73.5,matched,,天津市,156120000,unique_exact_or_prefix,351091.739113077
2020,太原,太原,64.5,matched,,太原市,156140100,unique_exact_or_prefix,124296.193363572
2020,威海,威海,57.8,matched,,威海市,156371000,unique_exact_or_prefix,53299.4940356315
2020,娄底,娄底,40.3,matched,,娄底市,156431300,unique_exact_or_prefix,14971.9592903946
2020,孝感,孝感,44.3,matched,,孝感市,156420900,unique_exact_or_prefix,22248.7829008827
2020,宁波,宁波,78.2,matched,,宁波市,156330200,unique_exact_or_prefix,229699.896912519
2020,安庆,安庆,45.3,matched,,安庆市,156340800,unique_exact_or_prefix,31574.1873234398
2020,安康,安康,35.2,matched,,安康市,156610900,unique_exact_or_prefix,11203.5402269017
2020,安阳,安阳,44.4,matched,,安阳市,156410500,unique_exact_or_prefix,51639.813873658
2020,宜宾,宜宾,45.8,matched,,宜宾市,156511500,unique_exact_or_prefix,29609.6756724021
2020,宜昌,宜昌,58.8,matched,,宜昌市,156420500,unique_exact_or_prefix,30322.8514297527
2020,宜春,宜春,44.6,matched,,宜春市,156360900,unique_exact_or_prefix,28645.3574787505
2020,宝鸡,宝鸡,50.3,matched,,宝鸡市,156610300,unique_exact_or_prefix,26394.6926069199
2020,宣城,宣城,39.3,matched,,宣城市,156341800,unique_exact_or_prefix,24255.0035002129
2020,宿州,宿州,42.9,matched,,宿州市,156341300,unique_exact_or_prefix,41183.179084372
2020,宿迁,宿迁,56,matched,,宿迁市,156321300,unique_exact_or_prefix,63056.7226548227
2020,岳阳,岳阳,52.3,matched,,岳阳市,156430600,unique_exact_or_prefix,23673.3496702858
2020,常州,常州,64.9,matched,,常州市,156320400,unique_exact_or_prefix,132201.710645633
2020,常德,常德,52.6,matched,,常德市,156430700,unique_exact_or_prefix,27795.7389402128
2020,平顶山,平顶山,49,matched,,平顶山市,156410400,unique_exact_or_prefix,36561.3798765309
2020,广元,广元,34.8,matched,,广元市,156510800,unique_exact_or_prefix,11654.1741649053
2020,广安,广安,36.3,matched,,广安市,156511600,unique_exact_or_prefix,19768.2116678654
2020,广州,广州,86.6,matched,,广州市,156440100,unique_exact_or_prefix,249183.910844798
2020,廊坊,廊坊,55.6,matched,,廊坊市,156131000,unique_exact_or_prefix,105036.13608332
2020,延安,延安,43.2,matched,,延安市,156610600,unique_exact_or_prefix,47545.82302456
2020,开封,开封,57.1,matched,,开封市,156410200,unique_exact_or_prefix,41562.5771190475
2020,张家口,张家口,48.7,matched,,张家口市,156130700,unique_exact_or_prefix,44387.6430180849
2020,徐州,徐州,60,matched,,徐州市,156320300,unique_exact_or_prefix,106537.41043103
2020,德州,德州,52.3,matched,,德州市,156371400,unique_exact_or_prefix,53346.6873229027
2020,德阳,德阳,48.4,matched,,德阳市,156510600,unique_exact_or_prefix,38976.6559967621
2020,怀化,怀化,39,matched,,怀化市,156431200,unique_exact_or_prefix,14635.419807938
2020,惠州,惠州,63.7,matched,,惠州市,156441300,unique_exact_or_prefix,120694.801715413
2020,成都,成都,89.2,matched,,成都市,156510100,unique_exact_or_prefix,297117.078853437
2020,扬州,扬州,64.2,matched,,扬州市,156321000,unique_exact_or_prefix,86487.9905361372
2020,承德,承德,44.4,matched,,承德市,156130800,unique_exact_or_prefix,27718.2992286799
2020,抚州,抚州,38.1,matched,,抚州市,156361000,unique_exact_or_prefix,18371.9368686311
2020,抚顺,抚顺,36.7,matched,,抚顺市,156210400,unique_exact_or_prefix,22378.6367292666
2020,拉萨,拉萨,53.7,matched,,拉萨市,156540100,unique_exact_or_prefix,23931.6775921162
2020,攀枝花,攀枝花,40.5,matched,,攀枝花市,156510400,unique_exact_or_prefix,11494.9125688258
2020,新乡,新乡,47.1,matched,,新乡市,156410700,unique_exact_or_prefix,57665.8541255166
2020,无锡,无锡,80.6,matched,,无锡市,156320200,unique_exact_or_prefix,173079.959636245
2020,昆明,昆明,64.5,matched,,昆明市,156530100,unique_exact_or_prefix,134489.815197201
2020,昌吉,昌吉,42.9,matched,,昌吉回族自治州,156652300,unique_exact_or_prefix,55153.3557620567
2020,昭通,昭通,33.6,matched,,昭通市,156530600,unique_exact_or_prefix,21667.320587974
2020,晋中,晋中,39.4,matched,,晋中市,156140700,unique_exact_or_prefix,52016.9719609709
2020,晋城,晋城,40.5,matched,,晋城市,156140500,unique_exact_or_prefix,27274.7308121597
2020,曲靖,曲靖,45.2,matched,,曲靖市,156530300,unique_exact_or_prefix,44905.4847518991
2020,杭州,杭州,89.1,matched,,杭州市,156330100,unique_exact_or_prefix,221856.235300355
2020,柳州,柳州,53.6,matched,,柳州市,156450200,unique_exact_or_prefix,52910.8978287706
2020,株洲,株洲,49.5,matched,,株洲市,156430200,unique_exact_or_prefix,26073.0680379185
2020,桂林,桂林,52.8,matched,,桂林市,156450300,unique_exact_or_prefix,28001.6355603181
2020,榆林,榆林,54,matched,,榆林市,156610800,unique_exact_or_prefix,104806.34174962
2020,武汉,武汉,77,matched,,武汉市,156420100,unique_exact_or_prefix,205593.11299157
2020,毕节,毕节,37.7,matched,,毕节市,156520500,unique_exact_or_prefix,25527.4209212411
2020,永州,永州,41.1,matched,,永州市,156431100,unique_exact_or_prefix,19530.727741917
2020,汉中,汉中,41.1,matched,,汉中市,156610700,unique_exact_or_prefix,23250.3816218175
2020,汕头,汕头,55.5,matched,,汕头市,156440500,unique_exact_or_prefix,67684.8787578335
2020,江门,江门,61,matched,,江门市,156440700,unique_exact_or_prefix,79923.9948746709
2020,池州,池州,38.5,matched,,池州市,156341700,unique_exact_or_prefix,9213.72098191766
2020,沈阳,沈阳,68.4,matched,,沈阳市,156210100,unique_exact_or_prefix,163667.183672602
2020,沧州,沧州,55,matched,,沧州市,156130900,unique_exact_or_prefix,84314.9024068351
2020,泉州,泉州,66,matched,,泉州市,156350500,unique_exact_or_prefix,152482.357002202
2020,泰安,泰安,49.9,matched,,泰安市,156370900,unique_exact_or_prefix,63427.7349861393
2020,泰州,泰州,63.6,matched,,泰州市,156321200,unique_exact_or_prefix,97513.1125690035
2020,泸州,泸州,43.4,matched,,泸州市,156510500,unique_exact_or_prefix,20144.0165073914
2020,洛阳,洛阳,57.2,matched,,洛阳市,156410300,unique_exact_or_prefix,75068.5037429627
2020,济南,济南,68.3,matched,,济南市,156370100,unique_exact_or_prefix,137593.321555297
2020,济宁,济宁,55.2,matched,,济宁市,156370800,unique_exact_or_prefix,76616.8801477783
2020,海东,海东,33.9,matched,,海东市,156630200,unique_exact_or_prefix,18359.5472036539
2020,海口,海口,60.5,matched,,海口市,156460100,unique_exact_or_prefix,33308.2580535875
2020,淄博,淄博,60.9,matched,,淄博市,156370300,unique_exact_or_prefix,72180.8219979843
2020,淮北,淮北,38,matched,,淮北市,156340600,unique_exact_or_prefix,27259.2287009066
2020,淮南,淮南,39,matched,,淮南市,156340400,unique_exact_or_prefix,29333.340739425
2020,淮安,淮安,46.1,matched,,淮安市,156320800,unique_exact_or_prefix,71585.3010060801
2020,深圳,深圳,90.2,matched,,深圳市,156440300,unique_exact_or_prefix,177517.079709842
2020,温州,温州,66,matched,,温州市,156330300,unique_exact_or_prefix,132437.374135651
2020,渭南,渭南,38.1,matched,,渭南市,156610500,unique_exact_or_prefix,36217.3729893385
2020,湖州,湖州,58.4,matched,,湖州市,156330500,unique_exact_or_prefix,79340.7714082278
2020,湘潭,湘潭,47.1,matched,,湘潭市,156430300,unique_exact_or_prefix,22387.6543652773
2020,湛江,湛江,56.3,matched,,湛江市,156440800,unique_exact_or_prefix,57227.4356055246
2020,滁州,滁州,48.2,matched,,滁州市,156341100,unique_exact_or_prefix,69206.97308262
2020,滨州,滨州,60.2,matched,,滨州市,156371600,unique_exact_or_prefix,64846.214414072
2020,漯河,漯河,39.9,matched,,漯河市,156411100,unique_exact_or_prefix,26210.0071937304
2020,漳州,漳州,60.7,matched,,漳州市,156350600,unique_exact_or_prefix,95862.5916941895
2020,潍坊,潍坊,63.2,matched,,潍坊市,156370700,unique_exact_or_prefix,135733.609662048
2020,濮阳,濮阳,39.5,matched,,濮阳市,156410900,unique_exact_or_prefix,40669.3818380599
2020,烟台,烟台,66.4,matched,,烟台市,156370600,unique_exact_or_prefix,97118.3035418758
2020,焦作,焦作,52.5,matched,,焦作市,156410800,unique_exact_or_prefix,34522.7387231439
2020,牡丹江,牡丹江,49.5,matched,,牡丹江市,156231000,unique_exact_or_prefix,23025.7213271202
2020,玉林,玉林,37.4,matched,,玉林市,156450900,unique_exact_or_prefix,24782.5897762219
2020,玉溪,玉溪,48.1,matched,,玉溪市,156530400,unique_exact_or_prefix,23233.354602277
2020,珠海,珠海,66.7,matched,,珠海市,156440400,unique_exact_or_prefix,39328.2111982434
2020,甘南,甘南,32.7,matched,,甘南藏族自治州,156623000,unique_exact_or_prefix,3878.39383311879
2020,百色,百色,35.3,matched,,百色市,156451000,unique_exact_or_prefix,20819.2360293907
2020,益阳,益阳,41,matched,,益阳市,156430900,unique_exact_or_prefix,11093.8183664883
2020,盐城,盐城,62,matched,,盐城市,156320900,unique_exact_or_prefix,115441.427381745
2020,眉山,眉山,36.7,matched,,眉山市,156511400,unique_exact_or_prefix,24570.0712578685
2020,石嘴山,石嘴山,39.2,matched,,石嘴山市,156640200,unique_exact_or_prefix,13685.9421968072
2020,石家庄,石家庄,69.1,matched,,石家庄市,156130100,unique_exact_or_prefix,110465.790558245
2020,福州,福州,72,matched,,福州市,156350100,unique_exact_or_prefix,121915.368691939
2020,秦皇岛,秦皇岛,52.8,matched,,秦皇岛市,156130300,unique_exact_or_prefix,38325.03688079
2020,红河,红河,43.3,matched,,红河哈尼族彝族自治州,156532500,unique_exact_or_prefix,29337.7536289341
2020,绍兴,绍兴,64,matched,,绍兴市,156330600,unique_exact_or_prefix,97855.9844258724
2020,绵阳,绵阳,67.1,matched,,绵阳市,156510700,unique_exact_or_prefix,39439.8725722
2020,聊城,聊城,38.2,matched,,聊城市,156371500,unique_exact_or_prefix,52377.1014454617
2020,肇庆,肇庆,49.3,matched,,肇庆市,156441200,unique_exact_or_prefix,43144.4706572939
2020,自贡,自贡,37.1,matched,,自贡市,156510300,unique_exact_or_prefix,15255.486801621
2020,舟山,舟山,35.8,matched,,舟山市,156330900,unique_exact_or_prefix,24837.1060688056
2020,芜湖,芜湖,60.7,matched,,芜湖市,156340200,unique_exact_or_prefix,50735.0657164644
2020,苏州,苏州,75.2,matched,,苏州市,156320500,unique_exact_or_prefix,409714.397780404
2020,茂名,茂名,49.6,matched,,茂名市,156440900,unique_exact_or_prefix,42494.3718216625
2020,荆州,荆州,43.1,matched,,荆州市,156421000,unique_exact_or_prefix,26611.4506157071
2020,荆门,荆门,45.1,matched,,荆门市,156420800,unique_exact_or_prefix,13199.6100067045
2020,菏泽,菏泽,54.9,matched,,菏泽市,156371700,unique_exact_or_prefix,72220.3624515043
2020,蚌埠,蚌埠,48.1,matched,,蚌埠市,156340300,unique_exact_or_prefix,36803.1408927212
2020,衡水,衡水,49.5,matched,,衡水市,156131100,unique_exact_or_prefix,25608.748094972
2020,衡阳,衡阳,50.7,matched,,衡阳市,156430400,unique_exact_or_prefix,21561.1966099029
2020,衢州,衢州,36.5,matched,,衢州市,156330800,unique_exact_or_prefix,27440.9420614163
2020,襄阳,襄阳,52.5,matched,,襄阳市,156420600,unique_exact_or_prefix,32585.8393368889
2020,西宁,西宁,59.1,matched,,西宁市,156630100,unique_exact_or_prefix,36814.5725314187
2020,西安,西安,68.6,matched,,西安市,156610100,unique_exact_or_prefix,187454.120676983
2020,许昌,许昌,52.6,matched,,许昌市,156411000,unique_exact_or_prefix,32844.3387671237
2020,贵港,贵港,34.8,matched,,贵港市,156450800,unique_exact_or_prefix,17718.7294125262
2020,贵阳,贵阳,70.4,matched,,贵阳市,156520100,unique_exact_or_prefix,74671.1917218583
2020,资阳,资阳,35.9,matched,,资阳市,156512000,unique_exact_or_prefix,12840.9159337834
2020,赣州,赣州,52,matched,,赣州市,156360700,unique_exact_or_prefix,50350.6517039224
2020,赤峰,赤峰,38.5,matched,,赤峰市,156150400,unique_exact_or_prefix,46644.0306191673
2020,达州,达州,39.1,matched,,达州市,156511700,unique_exact_or_prefix,24089.827889966
2020,运城,运城,38.7,matched,,运城市,156140800,unique_exact_or_prefix,32815.0410095925
2020,连云港,连云港,60.8,matched,,连云港市,156320700,unique_exact_or_prefix,56491.3264910497
2020,通辽,通辽,36.8,matched,,通辽市,156150500,unique_exact_or_prefix,27053.1537332825
2020,遂宁,遂宁,36.1,matched,,遂宁市,156510900,unique_exact_or_prefix,22655.2400168966
2020,遵义,遵义,55.7,matched,,遵义市,156520300,unique_exact_or_prefix,45121.2487991272
2020,邢台,邢台,52.5,matched,,邢台市,156130500,unique_exact_or_prefix,57040.7107408912
2020,邯郸,邯郸,57.3,matched,,邯郸市,156130400,unique_exact_or_prefix,67654.0844766603
2020,邵阳,邵阳,42.1,matched,,邵阳市,156430500,unique_exact_or_prefix,16278.0599446203
2020,郑州,郑州,73.1,matched,,郑州市,156410100,unique_exact_or_prefix,184419.754865543
2020,郴州,郴州,44.5,matched,,郴州市,156431000,unique_exact_or_prefix,14578.228721571
2020,鄂尔多斯,鄂尔多斯,50.3,matched,,鄂尔多斯市,156150600,unique_exact_or_prefix,70733.791174077
2020,酒泉,酒泉,39.1,matched,,酒泉市,156620900,unique_exact_or_prefix,22795.3581859579
2020,重庆,重庆,77.3,matched,,重庆市,156500000,unique_exact_or_prefix,268206.888761034
2020,金华,金华,67,matched,,金华市,156330700,unique_exact_or_prefix,141238.115090459
2020,金昌,金昌,34.2,matched,,金昌市,156620300,unique_exact_or_prefix,7830.9051601106
2020,钦州,钦州,38.7,matched,,钦州市,156450700,unique_exact_or_prefix,17691.4947805428
2020,铜仁,铜仁,36.8,matched,,铜仁市,156520600,unique_exact_or_prefix,18818.5825300254
2020,铜陵,铜陵,58.5,matched,,铜陵市,156340700,unique_exact_or_prefix,14042.6837047367
2020,银川,银川,61.1,matched,,银川市,156640100,unique_exact_or_prefix,85558.9009351454
2020,镇江,镇江,65.6,matched,,镇江市,156321100,unique_exact_or_prefix,81187.8424363917
2020,长春,长春,60.3,matched,,长春市,156220100,unique_exact_or_prefix,178216.381468707
2020,长沙,长沙,69.6,matched,,长沙市,156430100,unique_exact_or_prefix,125572.131357193
2020,长治,长治,42.6,matched,,长治市,156140400,unique_exact_or_prefix,52386.2349776343
2020,阜阳,阜阳,47.4,matched,,阜阳市,156341200,unique_exact_or_prefix,77742.2878633083
2020,阿克苏,阿克苏,36.2,matched,,阿克苏地区,156652900,unique_exact_or_prefix,101188.343176528
2020,雅安,雅安,35.7,matched,,雅安市,156511800,unique_exact_or_prefix,9048.01069810157
2020,青岛,青岛,71.6,matched,,青岛市,156370200,unique_exact_or_prefix,170046.514411418
2020,鞍山,鞍山,48.9,matched,,鞍山市,156210300,unique_exact_or_prefix,44899.5268716681
2020,马鞍山,马鞍山,51.2,matched,,马鞍山市,156340500,unique_exact_or_prefix,37794.0226145235
2020,驻马店,驻马店,43.8,matched,,驻马店市,156411700,unique_exact_or_prefix,58532.2333238546
2020,鹤壁,鹤壁,40,matched,,鹤壁市,156410600,unique_exact_or_prefix,18134.6267980954
2020,黄冈,黄冈,42.1,matched,,黄冈市,156421100,unique_exact_or_prefix,24949.2662792589
2020,黄山,黄山,42.9,matched,,黄山市,156341000,unique_exact_or_prefix,5018.53000128269
2020,黄石,黄石,42.8,matched,,黄石市,156420200,unique_exact_or_prefix,18653.4634293524
2020,黔东南,黔东南,34.4,matched,,黔东南苗族侗族自治州,156522600,unique_exact_or_prefix,18433.7685534697
2020,黔南,黔南,40.2,matched,,黔南布依族苗族自治州,156522700,unique_exact_or_prefix,25095.9639071754
2020,黔西南州,黔西南州,37.6,matched,,黔西南布依族苗族自治州,156522300,explicit_alias,20670.9050837634
2020,齐齐哈尔,齐齐哈尔,51.4,matched,,齐齐哈尔市,156230200,unique_exact_or_prefix,28809.2824679945
2021,三亚,三亚,42.6,matched,,三亚市,156460200,unique_exact_or_prefix,22170.8279831405
2021,三明,三明,51,matched,,三明市,156350400,unique_exact_or_prefix,25613.2932004961
2021,三门峡,三门峡,42.4,matched,,三门峡市,156411200,unique_exact_or_prefix,19049.8288486574
2021,上海,上海,91.6,matched,,上海市,156310000,unique_exact_or_prefix,505224.515250535
2021,上饶,上饶,45.8,matched,,上饶市,156361100,unique_exact_or_prefix,32424.9968166248
2021,东莞,东莞,73.1,matched,,东莞市,156441900,unique_exact_or_prefix,217292.684196888
2021,东营,东营,61.4,matched,,东营市,156370500,unique_exact_or_prefix,73092.4316511206
2021,中山,中山,64.5,matched,,中山市,156442000,unique_exact_or_prefix,89958.8421744421
2021,临汾,临汾,41,matched,,临汾市,156141000,unique_exact_or_prefix,38151.4541190269
2021,临沂,临沂,63.7,matched,,临沂市,156371300,unique_exact_or_prefix,136758.247350294
2021,丽水,丽水,44,matched,,丽水市,156331100,unique_exact_or_prefix,35358.141913213
2021,乌兰察布,乌兰察布,46.5,matched,,乌兰察布市,156150900,unique_exact_or_prefix,22262.4196147634
2021,乌鲁木齐,乌鲁木齐,64,matched,,乌鲁木齐市,156650100,unique_exact_or_prefix,125351.728972933
2021,乐山,乐山,42.9,matched,,乐山市,156511100,unique_exact_or_prefix,20757.0616470145
2021,九江,九江,52.3,matched,,九江市,156360400,unique_exact_or_prefix,40692.7044555921
2021,亳州,亳州,41.9,matched,,亳州市,156341600,unique_exact_or_prefix,44828.1431205394
2021,伊犁,伊犁,49.6,matched,,伊犁哈萨克自治州,156654000,unique_exact_or_prefix,44134.5609253378
2021,佛山,佛山,72.7,matched,,佛山市,156440600,unique_exact_or_prefix,182210.036989855
2021,保定,保定,51.1,matched,,保定市,156130600,unique_exact_or_prefix,134498.688490594
2021,信阳,信阳,47.8,matched,,信阳市,156411500,unique_exact_or_prefix,31966.0107964324
2021,克拉玛依,克拉玛依,47.9,matched,,克拉玛依市,156650200,unique_exact_or_prefix,42847.6998598959
2021,六安,六安,42.2,matched,,六安市,156341500,unique_exact_or_prefix,50347.0026015721
2021,六盘水,六盘水,39.5,matched,,六盘水市,156520200,unique_exact_or_prefix,16423.4846594483
2021,兰州,兰州,66.5,matched,,兰州市,156620100,unique_exact_or_prefix,65275.2821088898
2021,内江,内江,39.5,matched,,内江市,156511000,unique_exact_or_prefix,20329.26615696
2021,凉山,凉山,39,matched,,凉山彝族自治州,156513400,unique_exact_or_prefix,24826.726297976
2021,包头,包头,60.6,matched,,包头市,156150200,unique_exact_or_prefix,51724.4423306788
2021,北京,北京,90.5,matched,,北京市,156110000,unique_exact_or_prefix,460811.300503693
2021,北海,北海,53.2,matched,,北海市,156450500,unique_exact_or_prefix,24280.5917584134
2021,十堰,十堰,46,matched,,十堰市,156420300,unique_exact_or_prefix,17371.0147286583
2021,南京,南京,80.6,matched,,南京市,156320100,unique_exact_or_prefix,225631.933287926
2021,南充,南充,46.9,matched,,南充市,156511300,unique_exact_or_prefix,51610.1736780947
2021,南宁,南宁,66,matched,,南宁市,156450100,unique_exact_or_prefix,107568.099434576
2021,南平,南平,49.1,matched,,南平市,156350700,unique_exact_or_prefix,32485.9192285561
2021,南昌,南昌,69.7,matched,,南昌市,156360100,unique_exact_or_prefix,92388.4632570276
2021,南通,南通,70.2,matched,,南通市,156320600,unique_exact_or_prefix,165700.314469186
2021,南阳,南阳,53.8,matched,,南阳市,156411300,unique_exact_or_prefix,55440.2161490627
2021,厦门,厦门,72.6,matched,,厦门市,156350200,unique_exact_or_prefix,98015.342922422
2021,台州,台州,66.4,matched,,台州市,156331000,unique_exact_or_prefix,113521.258339061
2021,合肥,合肥,74.7,matched,,合肥市,156340100,unique_exact_or_prefix,190199.288004783
2021,吉安,吉安,45.4,matched,,吉安市,156360800,unique_exact_or_prefix,20691.0093231678
2021,吉林,吉林,43.4,matched,,吉林市,156220200,unique_exact_or_prefix,41663.5700281512
2021,吕梁,吕梁,40.5,matched,,吕梁市,156141100,unique_exact_or_prefix,38548.651405392
2021,周口,周口,56.7,matched,,周口市,156411600,unique_exact_or_prefix,60038.8322970722
2021,呼伦贝尔,呼伦贝尔,41.3,matched,,呼伦贝尔市,156150700,unique_exact_or_prefix,18167.879503942
2021,呼和浩特,呼和浩特,69.9,matched,,呼和浩特市,156150100,unique_exact_or_prefix,75565.8515267138
2021,咸宁,咸宁,42.3,matched,,咸宁市,156421200,unique_exact_or_prefix,16695.7163944791
2021,咸阳,咸阳,63.8,matched,,咸阳市,156610400,unique_exact_or_prefix,84896.9483820658
2021,哈尔滨,哈尔滨,65.1,matched,,哈尔滨市,156230100,unique_exact_or_prefix,116344.377586766
2021,唐山,唐山,59.3,matched,,唐山市,156130200,unique_exact_or_prefix,142318.511586182
2021,商丘,商丘,47.4,matched,,商丘市,156411400,unique_exact_or_prefix,68189.3662327832
2021,喀什,喀什,38.5,matched,,喀什地区,156653100,unique_exact_or_prefix,40771.9890435018
2021,嘉兴,嘉兴,67.4,matched,,嘉兴市,156330400,unique_exact_or_prefix,156366.065431241
2021,大同,大同,42.2,matched,,大同市,156140200,unique_exact_or_prefix,59320.5849982243
2021,大庆,大庆,56.6,matched,,大庆市,156230600,unique_exact_or_prefix,72939.1264758699
2021,大理,大理,40.4,matched,,大理白族自治州,156532900,unique_exact_or_prefix,28902.9835025582
2021,大连,大连,67,matched,,大连市,156210200,unique_exact_or_prefix,105987.069219449
2021,天水,天水,40.7,matched,,天水市,156620500,unique_exact_or_prefix,16398.3193026
2021,天津,天津,78.5,matched,,天津市,156120000,unique_exact_or_prefix,367482.249700179
2021,太原,太原,66.6,matched,,太原市,156140100,unique_exact_or_prefix,140145.514993431
2021,威海,威海,66.1,matched,,威海市,156371000,unique_exact_or_prefix,50504.5361539074
2021,娄底,娄底,42.8,matched,,娄底市,156431300,unique_exact_or_prefix,15956.5969324916
2021,孝感,孝感,47.1,matched,,孝感市,156420900,unique_exact_or_prefix,25982.5323278189
2021,宁德,宁德,49.9,matched,,宁德市,156350900,unique_exact_or_prefix,43040.6899274541
2021,宁波,宁波,78.3,matched,,宁波市,156330200,unique_exact_or_prefix,251525.643340662
2021,安庆,安庆,47.7,matched,,安庆市,156340800,unique_exact_or_prefix,38741.5838335374
2021,安康,安康,37.5,matched,,安康市,156610900,unique_exact_or_prefix,13720.6175958928
2021,安阳,安阳,46.7,matched,,安阳市,156410500,unique_exact_or_prefix,53910.1084069495
2021,宜宾,宜宾,48.2,matched,,宜宾市,156511500,unique_exact_or_prefix,32410.1468172877
2021,宜昌,宜昌,61.5,matched,,宜昌市,156420500,unique_exact_or_prefix,33224.0498619253
2021,宜春,宜春,46.8,matched,,宜春市,156360900,unique_exact_or_prefix,37295.4069756508
2021,宝鸡,宝鸡,52.7,matched,,宝鸡市,156610300,unique_exact_or_prefix,31472.8091733601
2021,宣城,宣城,41.8,matched,,宣城市,156341800,unique_exact_or_prefix,28243.1813126798
2021,宿州,宿州,44.9,matched,,宿州市,156341300,unique_exact_or_prefix,47911.8976849299
2021,宿迁,宿迁,58.3,matched,,宿迁市,156321300,unique_exact_or_prefix,68598.8936836892
2021,岳阳,岳阳,54.6,matched,,岳阳市,156430600,unique_exact_or_prefix,26969.5728938009
2021,巴音郭楞,巴音郭楞,39.6,matched,,巴音郭楞蒙古自治州,156652800,unique_exact_or_prefix,52995.3247220792
2021,常州,常州,67.8,matched,,常州市,156320400,unique_exact_or_prefix,140056.974820616
2021,常德,常德,55.3,matched,,常德市,156430700,unique_exact_or_prefix,30135.2709402631
2021,平顶山,平顶山,51.6,matched,,平顶山市,156410400,unique_exact_or_prefix,41907.9612679631
2021,广元,广元,39.3,matched,,广元市,156510800,unique_exact_or_prefix,12026.4364575662
2021,广安,广安,39.2,matched,,广安市,156511600,unique_exact_or_prefix,19831.694555119
2021,广州,广州,88.6,matched,,广州市,156440100,unique_exact_or_prefix,296602.037270081
2021,廊坊,廊坊,58,matched,,廊坊市,156131000,unique_exact_or_prefix,108501.530646423
2021,延安,延安,45.7,matched,,延安市,156610600,unique_exact_or_prefix,43781.6890343199
2021,开封,开封,59.5,matched,,开封市,156410200,unique_exact_or_prefix,47161.5715738577
2021,张家口,张家口,50.9,matched,,张家口市,156130700,unique_exact_or_prefix,43141.1070018235
2021,徐州,徐州,62.1,matched,,徐州市,156320300,unique_exact_or_prefix,120840.66630659
2021,德州,德州,59.7,matched,,德州市,156371400,unique_exact_or_prefix,58339.1104881609
2021,德阳,德阳,50.7,matched,,德阳市,156510600,unique_exact_or_prefix,41144.2813547111
2021,怀化,怀化,41.7,matched,,怀化市,156431200,unique_exact_or_prefix,16731.0479357523
2021,惠州,惠州,66.3,matched,,惠州市,156441300,unique_exact_or_prefix,145904.415328565
2021,成都,成都,90.1,matched,,成都市,156510100,unique_exact_or_prefix,323427.301711069
2021,扬州,扬州,66.6,matched,,扬州市,156321000,unique_exact_or_prefix,100532.203003142
2021,承德,承德,46.8,matched,,承德市,156130800,unique_exact_or_prefix,28848.0604768169
2021,抚州,抚州,40.4,matched,,抚州市,156361000,unique_exact_or_prefix,23487.3325959304
2021,抚顺,抚顺,38.8,matched,,抚顺市,156210400,unique_exact_or_prefix,24275.7564622318
2021,拉萨,拉萨,56.2,matched,,拉萨市,156540100,unique_exact_or_prefix,27530.8061298922
2021,揭阳,揭阳,52.6,matched,,揭阳市,156445200,unique_exact_or_prefix,79893.5973808686
2021,攀枝花,攀枝花,43,matched,,攀枝花市,156510400,unique_exact_or_prefix,14062.8337661173
2021,新乡,新乡,49.3,matched,,新乡市,156410700,unique_exact_or_prefix,65206.9677547894
2021,无锡,无锡,82.2,matched,,无锡市,156320200,unique_exact_or_prefix,190726.610315695
2021,日照,日照,49.5,matched,,日照市,156371100,unique_exact_or_prefix,36028.8034235047
2021,昆明,昆明,66.7,matched,,昆明市,156530100,unique_exact_or_prefix,138855.43707203
2021,昌吉,昌吉,45.2,matched,,昌吉回族自治州,156652300,unique_exact_or_prefix,59033.4916164618
2021,昭通,昭通,36.4,matched,,昭通市,156530600,unique_exact_or_prefix,24330.5528188841
2021,晋中,晋中,41.8,matched,,晋中市,156140700,unique_exact_or_prefix,57036.3861522759
2021,晋城,晋城,43.1,matched,,晋城市,156140500,unique_exact_or_prefix,32992.2748315054
2021,曲靖,曲靖,47.5,matched,,曲靖市,156530300,unique_exact_or_prefix,47999.5034094455
2021,朔州,朔州,38.9,matched,,朔州市,156140600,unique_exact_or_prefix,36076.6774471634
2021,杭州,杭州,90,matched,,杭州市,156330100,unique_exact_or_prefix,246909.065421824
2021,枣庄,枣庄,48.7,matched,,枣庄市,156370400,unique_exact_or_prefix,39022.9265246821
2021,柳州,柳州,61.2,matched,,柳州市,156450200,unique_exact_or_prefix,56018.222910077
2021,株洲,株洲,51.7,matched,,株洲市,156430200,unique_exact_or_prefix,26912.1624555293
2021,桂林,桂林,55.6,matched,,桂林市,156450300,unique_exact_or_prefix,30806.3314221303
2021,楚雄,楚雄,38.6,matched,,楚雄彝族自治州,156532300,unique_exact_or_prefix,21528.3102781974
2021,榆林,榆林,56.5,matched,,榆林市,156610800,unique_exact_or_prefix,116871.556388834
2021,武汉,武汉,74.3,matched,,武汉市,156420100,unique_exact_or_prefix,232857.83227679
2021,毕节,毕节,40.5,matched,,毕节市,156520500,unique_exact_or_prefix,26046.7118124892
2021,永州,永州,43.7,matched,,永州市,156431100,unique_exact_or_prefix,20369.2799265282
2021,汉中,汉中,43.6,matched,,汉中市,156610700,unique_exact_or_prefix,28855.1683376102
2021,汕头,汕头,58.2,matched,,汕头市,156440500,unique_exact_or_prefix,78837.4724590633
2021,江门,江门,63.4,matched,,江门市,156440700,unique_exact_or_prefix,100827.650236602
2021,池州,池州,41.1,matched,,池州市,156341700,unique_exact_or_prefix,11478.9933565271
2021,沈阳,沈阳,67.1,matched,,沈阳市,156210100,unique_exact_or_prefix,174458.410424431
2021,沧州,沧州,57.5,matched,,沧州市,156130900,unique_exact_or_prefix,92335.5276562999
2021,泉州,泉州,68.2,matched,,泉州市,156350500,unique_exact_or_prefix,175367.083734523
2021,泰安,泰安,52.2,matched,,泰安市,156370900,unique_exact_or_prefix,58734.5991292131
2021,泰州,泰州,65.4,matched,,泰州市,156321200,unique_exact_or_prefix,103494.167253102
2021,泸州,泸州,46.2,matched,,泸州市,156510500,unique_exact_or_prefix,21120.8248247165
2021,洛阳,洛阳,60.3,matched,,洛阳市,156410300,unique_exact_or_prefix,89952.9361864983
2021,济南,济南,74.5,matched,,济南市,156370100,unique_exact_or_prefix,157215.566874388
2021,济宁,济宁,57.6,matched,,济宁市,156370800,unique_exact_or_prefix,90536.1240118672
2021,海东,海东,36.5,matched,,海东市,156630200,unique_exact_or_prefix,26151.360779572
2021,海口,海口,62.8,matched,,海口市,156460100,unique_exact_or_prefix,42569.079708356
2021,海西,海西,37.8,matched,,海西蒙古族藏族自治州,156632800,unique_exact_or_prefix,26751.3044295073
2021,淄博,淄博,65.8,matched,,淄博市,156370300,unique_exact_or_prefix,79238.146029241
2021,淮北,淮北,40.3,matched,,淮北市,156340600,unique_exact_or_prefix,32258.5236034604
2021,淮南,淮南,41.7,matched,,淮南市,156340400,unique_exact_or_prefix,30954.8512721838
2021,淮安,淮安,48.9,matched,,淮安市,156320800,unique_exact_or_prefix,77411.1795567812
2021,深圳,深圳,91.2,matched,,深圳市,156440300,unique_exact_or_prefix,207423.284934376
2021,清远,清远,47,matched,,清远市,156441800,unique_exact_or_prefix,54042.2403907037
2021,温州,温州,68.6,matched,,温州市,156330300,unique_exact_or_prefix,156453.861736968
2021,渭南,渭南,40.8,matched,,渭南市,156610500,unique_exact_or_prefix,40960.703026204
2021,湖州,湖州,60.7,matched,,湖州市,156330500,unique_exact_or_prefix,94709.3398862235
2021,湘潭,湘潭,49.4,matched,,湘潭市,156430300,unique_exact_or_prefix,23172.0075021604
2021,湛江,湛江,58.6,matched,,湛江市,156440800,unique_exact_or_prefix,82481.3150210409
2021,滁州,滁州,50.7,matched,,滁州市,156341100,unique_exact_or_prefix,77026.3769013396
2021,滨州,滨州,62.3,matched,,滨州市,156371600,unique_exact_or_prefix,70100.4275888307
2021,漯河,漯河,42.4,matched,,漯河市,156411100,unique_exact_or_prefix,28886.4432547382
2021,漳州,漳州,62.9,matched,,漳州市,156350600,unique_exact_or_prefix,113507.377310642
2021,潍坊,潍坊,69.5,matched,,潍坊市,156370700,unique_exact_or_prefix,145814.38571389
2021,潮州,潮州,40.2,matched,,潮州市,156445100,unique_exact_or_prefix,41509.8246970775
2021,濮阳,濮阳,41.9,matched,,濮阳市,156410900,unique_exact_or_prefix,44736.9042564369
2021,烟台,烟台,72.9,matched,,烟台市,156370600,unique_exact_or_prefix,107936.086643823
2021,焦作,焦作,54.7,matched,,焦作市,156410800,unique_exact_or_prefix,39176.2938134165
2021,牡丹江,牡丹江,52,matched,,牡丹江市,156231000,unique_exact_or_prefix,20518.7676544858
2021,玉林,玉林,40,matched,,玉林市,156450900,unique_exact_or_prefix,31839.8511719559
2021,玉溪,玉溪,50.2,matched,,玉溪市,156530400,unique_exact_or_prefix,24569.0439456173
2021,珠海,珠海,69.4,matched,,珠海市,156440400,unique_exact_or_prefix,50361.5124055615
2021,甘南,甘南,35.1,matched,,甘南藏族自治州,156623000,unique_exact_or_prefix,5519.34936001441
2021,百色,百色,37.4,matched,,百色市,156451000,unique_exact_or_prefix,25383.014147686
2021,益阳,益阳,43.5,matched,,益阳市,156430900,unique_exact_or_prefix,12036.611710066
2021,盐城,盐城,64.7,matched,,盐城市,156320900,unique_exact_or_prefix,125931.564161061
2021,盘锦,盘锦,41,matched,,盘锦市,156211100,unique_exact_or_prefix,38816.4336147486
2021,眉山,眉山,39.4,matched,,眉山市,156511400,unique_exact_or_prefix,31630.7606597788
2021,石嘴山,石嘴山,41.6,matched,,石嘴山市,156640200,unique_exact_or_prefix,17741.1396608825
2021,石家庄,石家庄,66.4,matched,,石家庄市,156130100,unique_exact_or_prefix,114318.968974888
2021,福州,福州,73.6,matched,,福州市,156350100,unique_exact_or_prefix,141980.699546867
2021,秦皇岛,秦皇岛,55.8,matched,,秦皇岛市,156130300,unique_exact_or_prefix,44015.6016956689
2021,红河,红河,45.6,matched,,红河哈尼族彝族自治州,156532500,unique_exact_or_prefix,36029.4630479186
2021,绍兴,绍兴,65.7,matched,,绍兴市,156330600,unique_exact_or_prefix,108762.664152279
2021,绵阳,绵阳,69.2,matched,,绵阳市,156510700,unique_exact_or_prefix,44666.2048223266
2021,聊城,聊城,40.4,matched,,聊城市,156371500,unique_exact_or_prefix,59097.0109469386
2021,肇庆,肇庆,51.9,matched,,肇庆市,156441200,unique_exact_or_prefix,55541.4893989282
2021,自贡,自贡,39.6,matched,,自贡市,156510300,unique_exact_or_prefix,13927.3716168231
2021,舟山,舟山,38.1,matched,,舟山市,156330900,unique_exact_or_prefix,26737.0632616179
2021,芜湖,芜湖,63.5,matched,,芜湖市,156340200,unique_exact_or_prefix,57007.2483506782
2021,苏州,苏州,78.8,matched,,苏州市,156320500,unique_exact_or_prefix,434791.243233855
2021,茂名,茂名,52.1,matched,,茂名市,156440900,unique_exact_or_prefix,54208.2094896845
2021,荆州,荆州,45.3,matched,,荆州市,156421000,unique_exact_or_prefix,33051.2714147769
2021,荆门,荆门,47.6,matched,,荆门市,156420800,unique_exact_or_prefix,14481.0248497996
2021,莆田,莆田,50.8,matched,,莆田市,156350300,unique_exact_or_prefix,53042.6527371818
2021,菏泽,菏泽,57.4,matched,,菏泽市,156371700,unique_exact_or_prefix,83920.5610297348
2021,营口,营口,40.5,matched,,营口市,156210800,unique_exact_or_prefix,43830.5526809407
2021,蚌埠,蚌埠,50.5,matched,,蚌埠市,156340300,unique_exact_or_prefix,39819.9198284444
2021,衡水,衡水,52,matched,,衡水市,156131100,unique_exact_or_prefix,28006.8308504582
2021,衡阳,衡阳,52.9,matched,,衡阳市,156430400,unique_exact_or_prefix,20156.4038721786
2021,衢州,衢州,38.8,matched,,衢州市,156330800,unique_exact_or_prefix,34850.9240048722
2021,襄阳,襄阳,59,matched,,襄阳市,156420600,unique_exact_or_prefix,40427.8045600017
2021,西宁,西宁,61.8,matched,,西宁市,156630100,unique_exact_or_prefix,42369.4232189132
2021,西安,西安,71.8,matched,,西安市,156610100,unique_exact_or_prefix,220271.417076785
2021,许昌,许昌,54.9,matched,,许昌市,156411000,unique_exact_or_prefix,37915.3247426346
2021,贵港,贵港,37.6,matched,,贵港市,156450800,unique_exact_or_prefix,22021.7693184988
2021,贵阳,贵阳,71,matched,,贵阳市,156520100,unique_exact_or_prefix,82282.5847673996
2021,资阳,资阳,38.2,matched,,资阳市,156512000,unique_exact_or_prefix,13943.4626485208
2021,赣州,赣州,54.5,matched,,赣州市,156360700,unique_exact_or_prefix,64203.3141939196
2021,赤峰,赤峰,40.6,matched,,赤峰市,156150400,unique_exact_or_prefix,43253.8968649602
2021,达州,达州,41.7,matched,,达州市,156511700,unique_exact_or_prefix,26734.274004156
2021,运城,运城,41.4,matched,,运城市,156140800,unique_exact_or_prefix,40191.9701401823
2021,连云港,连云港,67.3,matched,,连云港市,156320700,unique_exact_or_prefix,61189.4197532514
2021,通辽,通辽,39,matched,,通辽市,156150500,unique_exact_or_prefix,28381.2071379853
2021,遂宁,遂宁,38.8,matched,,遂宁市,156510900,unique_exact_or_prefix,23651.7928737795
2021,遵义,遵义,58.1,matched,,遵义市,156520300,unique_exact_or_prefix,45234.0715664723
2021,邢台,邢台,49.7,matched,,邢台市,156130500,unique_exact_or_prefix,63217.1574165138
2021,邯郸,邯郸,59.8,matched,,邯郸市,156130400,unique_exact_or_prefix,72641.0637650322
2021,邵阳,邵阳,44.2,matched,,邵阳市,156430500,unique_exact_or_prefix,18387.3714014138
2021,郑州,郑州,75.7,matched,,郑州市,156410100,unique_exact_or_prefix,201904.733204541
2021,郴州,郴州,46.6,matched,,郴州市,156431000,unique_exact_or_prefix,15512.5870474259
2021,鄂尔多斯,鄂尔多斯,53,matched,,鄂尔多斯市,156150600,unique_exact_or_prefix,70708.7288924068
2021,鄂州,鄂州,40.9,matched,,鄂州市,156420700,unique_exact_or_prefix,18985.6164624083
2021,酒泉,酒泉,42,matched,,酒泉市,156620900,unique_exact_or_prefix,24948.3214021276
2021,重庆,重庆,79.5,matched,,重庆市,156500000,unique_exact_or_prefix,300372.931918329
2021,金华,金华,69.3,matched,,金华市,156330700,unique_exact_or_prefix,157666.448848597
2021,金昌,金昌,37.1,matched,,金昌市,156620300,unique_exact_or_prefix,10888.0137876455
2021,钦州,钦州,41.2,matched,,钦州市,156450700,unique_exact_or_prefix,20589.8575966615
2021,铜仁,铜仁,39.1,matched,,铜仁市,156520600,unique_exact_or_prefix,20228.1986516139
2021,铜陵,铜陵,61,matched,,铜陵市,156340700,unique_exact_or_prefix,16088.4879536937
2021,银川,银川,63.3,matched,,银川市,156640100,unique_exact_or_prefix,94042.0001750469
2021,镇江,镇江,67.2,matched,,镇江市,156321100,unique_exact_or_prefix,83916.5831998536
2021,长春,长春,62.7,matched,,长春市,156220100,unique_exact_or_prefix,228807.963013369
2021,长沙,长沙,72.4,matched,,长沙市,156430100,unique_exact_or_prefix,143580.112367746
2021,长治,长治,44.8,matched,,长治市,156140400,unique_exact_or_prefix,53986.5271332605
2021,阜阳,阜阳,49.8,matched,,阜阳市,156341200,unique_exact_or_prefix,85003.1177143041
2021,阳江,阳江,41.8,matched,,阳江市,156441700,unique_exact_or_prefix,33221.2605232842
2021,阿克苏,阿克苏,38.7,matched,,阿克苏地区,156652900,unique_exact_or_prefix,90388.2141928271
2021,随州,随州,40.1,matched,,随州市,156421300,unique_exact_or_prefix,8997.19135443697
2021,雅安,雅安,38,matched,,雅安市,156511800,unique_exact_or_prefix,8852.62939248132
2021,青岛,青岛,73.9,matched,,青岛市,156370200,unique_exact_or_prefix,191322.750958033
2021,鞍山,鞍山,51.2,matched,,鞍山市,156210300,unique_exact_or_prefix,46425.0677752303
2021,韶关,韶关,42.4,matched,,韶关市,156440200,unique_exact_or_prefix,35021.4722761594
2021,马鞍山,马鞍山,53.7,matched,,马鞍山市,156340500,unique_exact_or_prefix,38291.9151727906
2021,驻马店,驻马店,46.4,matched,,驻马店市,156411700,unique_exact_or_prefix,69095.7478463075
2021,鹤壁,鹤壁,42.1,matched,,鹤壁市,156410600,unique_exact_or_prefix,18969.2618448159
2021,黄冈,黄冈,44.3,matched,,黄冈市,156421100,unique_exact_or_prefix,32924.2457547763
2021,黄山,黄山,45.1,matched,,黄山市,156341000,unique_exact_or_prefix,6220.12188270653
2021,黄石,黄石,45,matched,,黄石市,156420200,unique_exact_or_prefix,21979.910363597
2021,黔东南,黔东南,37.2,matched,,黔东南苗族侗族自治州,156522600,unique_exact_or_prefix,24119.6862037336
2021,黔南,黔南,42.5,matched,,黔南布依族苗族自治州,156522700,unique_exact_or_prefix,29668.891066217
2021,黔西南州,黔西南州,39.8,matched,,黔西南布依族苗族自治州,156522300,explicit_alias,21855.3509366311
2021,齐齐哈尔,齐齐哈尔,53.6,matched,,齐齐哈尔市,156230200,unique_exact_or_prefix,35220.1098061912
2021,龙岩,龙岩,51.6,matched,,龙岩市,156350800,unique_exact_or_prefix,35616.4943107315
2022,三亚,三亚,43.3,matched,,三亚市,156460200,unique_exact_or_prefix,21937.7989537178
2022,三明,三明,53.1,matched,,三明市,156350400,unique_exact_or_prefix,25371.3351784108
2022,三门峡,三门峡,43.8,matched,,三门峡市,156411200,unique_exact_or_prefix,19530.4766142887
2022,上海,上海,92.3,matched,,上海市,156310000,unique_exact_or_prefix,518060.561191763
2022,上饶,上饶,48.8,matched,,上饶市,156361100,unique_exact_or_prefix,35715.7223860278
2022,东莞,东莞,72.9,matched,,东莞市,156441900,unique_exact_or_prefix,222769.331237361
2022,东营,东营,59.5,matched,,东营市,156370500,unique_exact_or_prefix,84286.3902395534
2022,中山,中山,65,matched,,中山市,156442000,unique_exact_or_prefix,91448.04988584
2022,临汾,临汾,40,matched,,临汾市,156141000,unique_exact_or_prefix,40405.0694685978
2022,临沂,临沂,62.2,matched,,临沂市,156371300,unique_exact_or_prefix,142844.560268145
2022,丽水,丽水,45.1,matched,,丽水市,156331100,unique_exact_or_prefix,37336.4476886469
2022,乌兰察布,乌兰察布,48.2,matched,,乌兰察布市,156150900,unique_exact_or_prefix,27231.4198014568
2022,乌鲁木齐,乌鲁木齐,67.4,matched,,乌鲁木齐市,156650100,unique_exact_or_prefix,127722.232219362
2022,乐山,乐山,40.5,matched,,乐山市,156511100,unique_exact_or_prefix,20195.2841026446
2022,九江,九江,53,matched,,九江市,156360400,unique_exact_or_prefix,45802.9192155314
2022,亳州,亳州,41.1,matched,,亳州市,156341600,unique_exact_or_prefix,32922.3533940685
2022,伊犁,伊犁,51.3,matched,,伊犁哈萨克自治州,156654000,unique_exact_or_prefix,50600.8469176045
2022,佛山,佛山,72.8,matched,,佛山市,156440600,unique_exact_or_prefix,185689.720478185
2022,保定,保定,52.6,matched,,保定市,156130600,unique_exact_or_prefix,153020.730766441
2022,信阳,信阳,53,matched,,信阳市,156411500,unique_exact_or_prefix,37047.8638713439
2022,克拉玛依,克拉玛依,45.5,matched,,克拉玛依市,156650200,unique_exact_or_prefix,45027.2798965707
2022,六安,六安,43.2,matched,,六安市,156341500,unique_exact_or_prefix,54665.8124909293
2022,六盘水,六盘水,38.8,matched,,六盘水市,156520200,unique_exact_or_prefix,16190.6247143086
2022,兰州,兰州,67.2,matched,,兰州市,156620100,unique_exact_or_prefix,63186.8845678199
2022,内江,内江,39.5,matched,,内江市,156511000,unique_exact_or_prefix,20494.62764499
2022,凉山,凉山,38.1,matched,,凉山彝族自治州,156513400,unique_exact_or_prefix,30266.316847466
2022,包头,包头,60.7,matched,,包头市,156150200,unique_exact_or_prefix,58348.2714483331
2022,北京,北京,92.5,matched,,北京市,156110000,unique_exact_or_prefix,487285.178967352
2022,北海,北海,54.5,matched,,北海市,156450500,unique_exact_or_prefix,24935.9853636298
2022,十堰,十堰,46.5,matched,,十堰市,156420300,unique_exact_or_prefix,19446.4396958585
2022,南京,南京,82.5,matched,,南京市,156320100,unique_exact_or_prefix,236311.98172572
2022,南充,南充,51.2,matched,,南充市,156511300,unique_exact_or_prefix,48502.6502399262
2022,南宁,南宁,70.5,matched,,南宁市,156450100,unique_exact_or_prefix,110184.54655556
2022,南平,南平,53.8,matched,,南平市,156350700,unique_exact_or_prefix,33854.6028184283
2022,南昌,南昌,69.9,matched,,南昌市,156360100,unique_exact_or_prefix,96286.0198374183
2022,南通,南通,73.2,matched,,南通市,156320600,unique_exact_or_prefix,168319.106125617
2022,南阳,南阳,53.7,matched,,南阳市,156411300,unique_exact_or_prefix,65448.3459810598
2022,厦门,厦门,75.5,matched,,厦门市,156350200,unique_exact_or_prefix,96728.7521397983
2022,台州,台州,65.9,matched,,台州市,156331000,unique_exact_or_prefix,113282.675736824
2022,合肥,合肥,77,matched,,合肥市,156340100,unique_exact_or_prefix,226292.155392606
2022,吉安,吉安,49.6,matched,,吉安市,156360800,unique_exact_or_prefix,22445.0461951971
2022,吉林,吉林,45,matched,,吉林市,156220200,unique_exact_or_prefix,37751.1425967277
2022,吕梁,吕梁,37.9,matched,,吕梁市,156141100,unique_exact_or_prefix,44394.1985858983
2022,周口,周口,59.2,matched,,周口市,156411600,unique_exact_or_prefix,70413.2799415392
2022,呼伦贝尔,呼伦贝尔,43.1,matched,,呼伦贝尔市,156150700,unique_exact_or_prefix,21008.9020516339
2022,呼和浩特,呼和浩特,71.7,matched,,呼和浩特市,156150100,unique_exact_or_prefix,80631.7725477396
2022,咸宁,咸宁,40.4,matched,,咸宁市,156421200,unique_exact_or_prefix,18293.0432955017
2022,咸阳,咸阳,65.3,matched,,咸阳市,156610400,unique_exact_or_prefix,92322.4930815754
2022,哈尔滨,哈尔滨,62.7,matched,,哈尔滨市,156230100,unique_exact_or_prefix,123380.038505155
2022,唐山,唐山,61,matched,,唐山市,156130200,unique_exact_or_prefix,148562.779461619
2022,商丘,商丘,51.7,matched,,商丘市,156411400,unique_exact_or_prefix,68460.4398742456
2022,喀什,喀什,38.5,matched,,喀什地区,156653100,unique_exact_or_prefix,46619.2083201647
2022,嘉兴,嘉兴,67,matched,,嘉兴市,156330400,unique_exact_or_prefix,171107.214786395
2022,大同,大同,43.1,matched,,大同市,156140200,unique_exact_or_prefix,68230.6625112954
2022,大庆,大庆,57.4,matched,,大庆市,156230600,unique_exact_or_prefix,72379.8767599873
2022,大理,大理,40.3,matched,,大理白族自治州,156532900,unique_exact_or_prefix,27876.1444855073
2022,大连,大连,65,matched,,大连市,156210200,unique_exact_or_prefix,106945.269139044
2022,天水,天水,42.2,matched,,天水市,156620500,unique_exact_or_prefix,17302.2951466023
2022,天津,天津,75.4,matched,,天津市,156120000,unique_exact_or_prefix,384847.730432587
2022,太原,太原,65.5,matched,,太原市,156140100,unique_exact_or_prefix,144981.909006023
2022,威海,威海,69.1,matched,,威海市,156371000,unique_exact_or_prefix,52108.1949424739
2022,娄底,娄底,40.7,matched,,娄底市,156431300,unique_exact_or_prefix,18701.4077087767
2022,孝感,孝感,46.6,matched,,孝感市,156420900,unique_exact_or_prefix,31013.9859019999
2022,宁德,宁德,52.7,matched,,宁德市,156350900,unique_exact_or_prefix,44805.9751538468
2022,宁波,宁波,80,matched,,宁波市,156330200,unique_exact_or_prefix,254882.19813393
2022,安庆,安庆,51.5,matched,,安庆市,156340800,unique_exact_or_prefix,41420.0345387496
2022,安康,安康,38.3,matched,,安康市,156610900,unique_exact_or_prefix,15499.1758948181
2022,安阳,安阳,47,matched,,安阳市,156410500,unique_exact_or_prefix,54529.2111788002
2022,宜宾,宜宾,52.8,matched,,宜宾市,156511500,unique_exact_or_prefix,40001.2792938611
2022,宜昌,宜昌,63.2,matched,,宜昌市,156420500,unique_exact_or_prefix,42202.8398116935
2022,宜春,宜春,46.7,matched,,宜春市,156360900,unique_exact_or_prefix,42036.8865115797
2022,宝鸡,宝鸡,52.9,matched,,宝鸡市,156610300,unique_exact_or_prefix,34095.0087774202
2022,宣城,宣城,40,matched,,宣城市,156341800,unique_exact_or_prefix,31588.2822252965
2022,宿州,宿州,46.9,matched,,宿州市,156341300,unique_exact_or_prefix,51283.8106013882
2022,宿迁,宿迁,59.7,matched,,宿迁市,156321300,unique_exact_or_prefix,70267.4900672436
2022,岳阳,岳阳,53.4,matched,,岳阳市,156430600,unique_exact_or_prefix,29884.6854593235
2022,巴音郭楞,巴音郭楞,38.2,matched,,巴音郭楞蒙古自治州,156652800,unique_exact_or_prefix,60260.032983059
2022,常州,常州,69.8,matched,,常州市,156320400,unique_exact_or_prefix,147133.548739495
2022,常德,常德,56.4,matched,,常德市,156430700,unique_exact_or_prefix,31253.3150386217
2022,平顶山,平顶山,53,matched,,平顶山市,156410400,unique_exact_or_prefix,46979.8538595887
2022,广元,广元,38.7,matched,,广元市,156510800,unique_exact_or_prefix,13233.6658713542
2022,广安,广安,39.8,matched,,广安市,156511600,unique_exact_or_prefix,20974.4062073787
2022,广州,广州,86.7,matched,,广州市,156440100,unique_exact_or_prefix,300220.128825452
2022,廊坊,廊坊,60.6,matched,,廊坊市,156131000,unique_exact_or_prefix,114707.159051351
2022,延安,延安,46.1,matched,,延安市,156610600,unique_exact_or_prefix,45864.8518854099
2022,开封,开封,59.9,matched,,开封市,156410200,unique_exact_or_prefix,50012.972291658
2022,张家口,张家口,53,matched,,张家口市,156130700,unique_exact_or_prefix,51977.0793398736
2022,徐州,徐州,64.6,matched,,徐州市,156320300,unique_exact_or_prefix,130033.043975696
2022,德州,德州,59.2,matched,,德州市,156371400,unique_exact_or_prefix,62931.1998626971
2022,德阳,德阳,54.4,matched,,德阳市,156510600,unique_exact_or_prefix,44538.7632775587
2022,怀化,怀化,40.8,matched,,怀化市,156431200,unique_exact_or_prefix,17332.9058165256
2022,惠州,惠州,66.9,matched,,惠州市,156441300,unique_exact_or_prefix,151716.48321835
2022,成都,成都,88,matched,,成都市,156510100,unique_exact_or_prefix,349280.685883038
2022,扬州,扬州,70.7,matched,,扬州市,156321000,unique_exact_or_prefix,106050.789804498
2022,承德,承德,47.7,matched,,承德市,156130800,unique_exact_or_prefix,33474.3003144227
2022,抚州,抚州,40.1,matched,,抚州市,156361000,unique_exact_or_prefix,21421.3379819131
2022,抚顺,抚顺,39,matched,,抚顺市,156210400,unique_exact_or_prefix,24482.2871772299
2022,拉萨,拉萨,54.6,matched,,拉萨市,156540100,unique_exact_or_prefix,29057.3278868367
2022,揭阳,揭阳,53.1,matched,,揭阳市,156445200,unique_exact_or_prefix,80306.6553241154
2022,攀枝花,攀枝花,41.2,matched,,攀枝花市,156510400,unique_exact_or_prefix,12942.6857117087
2022,新乡,新乡,52.3,matched,,新乡市,156410700,unique_exact_or_prefix,73354.042721609
2022,无锡,无锡,80.1,matched,,无锡市,156320200,unique_exact_or_prefix,199273.499472511
2022,日照,日照,50.9,matched,,日照市,156371100,unique_exact_or_prefix,37432.8826107563
2022,昆明,昆明,69.7,matched,,昆明市,156530100,unique_exact_or_prefix,131323.976791292
2022,昌吉,昌吉,45.4,matched,,昌吉回族自治州,156652300,unique_exact_or_prefix,66213.6769916095
2022,昭通,昭通,35.9,matched,,昭通市,156530600,unique_exact_or_prefix,25952.1771519091
2022,晋中,晋中,43.8,matched,,晋中市,156140700,unique_exact_or_prefix,61187.7914450234
2022,晋城,晋城,44.1,matched,,晋城市,156140500,unique_exact_or_prefix,35881.0542735567
2022,曲靖,曲靖,48.6,matched,,曲靖市,156530300,unique_exact_or_prefix,46867.5715977463
2022,朔州,朔州,39.4,matched,,朔州市,156140600,unique_exact_or_prefix,42000.2048583148
2022,杭州,杭州,91.9,matched,,杭州市,156330100,unique_exact_or_prefix,255457.993384906
2022,枣庄,枣庄,49,matched,,枣庄市,156370400,unique_exact_or_prefix,43185.8375395279
2022,柳州,柳州,63.3,matched,,柳州市,156450200,unique_exact_or_prefix,47789.6554454892
2022,株洲,株洲,52.1,matched,,株洲市,156430200,unique_exact_or_prefix,26304.2863363205
2022,桂林,桂林,54.8,matched,,桂林市,156450300,unique_exact_or_prefix,30985.6498239096
2022,楚雄,楚雄,37.3,matched,,楚雄彝族自治州,156532300,unique_exact_or_prefix,19737.269251527
2022,榆林,榆林,60.4,matched,,榆林市,156610800,unique_exact_or_prefix,136251.884017109
2022,武汉,武汉,77.2,matched,,武汉市,156420100,unique_exact_or_prefix,262931.066079617
2022,毕节,毕节,41.1,matched,,毕节市,156520500,unique_exact_or_prefix,24608.8205763462
2022,永州,永州,45.8,matched,,永州市,156431100,unique_exact_or_prefix,20757.3697766332
2022,汉中,汉中,46.8,matched,,汉中市,156610700,unique_exact_or_prefix,30722.51622799
2022,汕头,汕头,61.3,matched,,汕头市,156440500,unique_exact_or_prefix,81110.3774003417
2022,江门,江门,63.5,matched,,江门市,156440700,unique_exact_or_prefix,101059.072277323
2022,池州,池州,43.3,matched,,池州市,156341700,unique_exact_or_prefix,14056.404944669
2022,沈阳,沈阳,69.2,matched,,沈阳市,156210100,unique_exact_or_prefix,175219.030521995
2022,沧州,沧州,61.1,matched,,沧州市,156130900,unique_exact_or_prefix,97034.8000342939
2022,泉州,泉州,70.3,matched,,泉州市,156350500,unique_exact_or_prefix,175913.151047329
2022,泰安,泰安,51.9,matched,,泰安市,156370900,unique_exact_or_prefix,51255.2979686405
2022,泰州,泰州,65.1,matched,,泰州市,156321200,unique_exact_or_prefix,112005.867569133
2022,泸州,泸州,51.4,matched,,泸州市,156510500,unique_exact_or_prefix,24976.3391021719
2022,洛阳,洛阳,61.8,matched,,洛阳市,156410300,unique_exact_or_prefix,86531.5213145672
2022,济南,济南,76.2,matched,,济南市,156370100,unique_exact_or_prefix,168924.15829547
2022,济宁,济宁,61,matched,,济宁市,156370800,unique_exact_or_prefix,89759.4254730173
2022,海东,海东,36.7,matched,,海东市,156630200,unique_exact_or_prefix,27246.894432038
2022,海口,海口,62.4,matched,,海口市,156460100,unique_exact_or_prefix,42978.6628616123
2022,海西,海西,36.9,matched,,海西蒙古族藏族自治州,156632800,unique_exact_or_prefix,25141.8620065194
2022,淄博,淄博,67.5,matched,,淄博市,156370300,unique_exact_or_prefix,84028.7578042227
2022,淮北,淮北,39,matched,,淮北市,156340600,unique_exact_or_prefix,31784.4280905466
2022,淮南,淮南,38.5,matched,,淮南市,156340400,unique_exact_or_prefix,36533.1454931956
2022,淮安,淮安,65.7,matched,,淮安市,156320800,unique_exact_or_prefix,84861.7370711719
2022,深圳,深圳,91.6,matched,,深圳市,156440300,unique_exact_or_prefix,202840.291624358
2022,清远,清远,45.3,matched,,清远市,156441800,unique_exact_or_prefix,52624.7702514059
2022,温州,温州,71.4,matched,,温州市,156330300,unique_exact_or_prefix,157661.917705152
2022,渭南,渭南,40.7,matched,,渭南市,156610500,unique_exact_or_prefix,43092.5673252802
2022,湖州,湖州,60.9,matched,,湖州市,156330500,unique_exact_or_prefix,102873.082162673
2022,湘潭,湘潭,51.2,matched,,湘潭市,156430300,unique_exact_or_prefix,24279.2913583868
2022,湛江,湛江,59.5,matched,,湛江市,156440800,unique_exact_or_prefix,90163.0012669769
2022,滁州,滁州,53.1,matched,,滁州市,156341100,unique_exact_or_prefix,86931.6749150636
2022,滨州,滨州,60.8,matched,,滨州市,156371600,unique_exact_or_prefix,77714.7952753713
2022,漯河,漯河,43.4,matched,,漯河市,156411100,unique_exact_or_prefix,28834.5711081388
2022,漳州,漳州,61.4,matched,,漳州市,156350600,unique_exact_or_prefix,115627.606241049
2022,潍坊,潍坊,70.6,matched,,潍坊市,156370700,unique_exact_or_prefix,152822.593707837
2022,潮州,潮州,42.5,matched,,潮州市,156445100,unique_exact_or_prefix,43069.3268600029
2022,濮阳,濮阳,40.3,matched,,濮阳市,156410900,unique_exact_or_prefix,45349.9708385103
2022,烟台,烟台,72.6,matched,,烟台市,156370600,unique_exact_or_prefix,110149.698437598
2022,焦作,焦作,54.8,matched,,焦作市,156410800,unique_exact_or_prefix,39906.8172890817
2022,牡丹江,牡丹江,50.4,matched,,牡丹江市,156231000,unique_exact_or_prefix,24136.7124753054
2022,玉林,玉林,42.6,matched,,玉林市,156450900,unique_exact_or_prefix,33668.9390065072
2022,玉溪,玉溪,52.8,matched,,玉溪市,156530400,unique_exact_or_prefix,22122.7508513268
2022,珠海,珠海,69.3,matched,,珠海市,156440400,unique_exact_or_prefix,48281.2996333375
2022,甘南,甘南,35.7,matched,,甘南藏族自治州,156623000,unique_exact_or_prefix,5276.44159685911
2022,百色,百色,39,matched,,百色市,156451000,unique_exact_or_prefix,24524.442257768
2022,益阳,益阳,48.1,matched,,益阳市,156430900,unique_exact_or_prefix,14494.6102955659
2022,盐城,盐城,59.8,matched,,盐城市,156320900,unique_exact_or_prefix,132910.155284305
2022,盘锦,盘锦,43.1,matched,,盘锦市,156211100,unique_exact_or_prefix,40420.6118344751
2022,眉山,眉山,40.1,matched,,眉山市,156511400,unique_exact_or_prefix,31745.4303926038
2022,石嘴山,石嘴山,40.2,matched,,石嘴山市,156640200,unique_exact_or_prefix,20750.4891657306
2022,石家庄,石家庄,65.3,matched,,石家庄市,156130100,unique_exact_or_prefix,132737.713107333
2022,福州,福州,75.1,matched,,福州市,156350100,unique_exact_or_prefix,137129.803481146
2022,秦皇岛,秦皇岛,54.7,matched,,秦皇岛市,156130300,unique_exact_or_prefix,42578.4702703032
2022,红河,红河,47,matched,,红河哈尼族彝族自治州,156532500,unique_exact_or_prefix,35507.2326612449
2022,绍兴,绍兴,68.5,matched,,绍兴市,156330600,unique_exact_or_prefix,115021.624950741
2022,绵阳,绵阳,64.7,matched,,绵阳市,156510700,unique_exact_or_prefix,46245.3208661313
2022,聊城,聊城,44.3,matched,,聊城市,156371500,unique_exact_or_prefix,64906.3435821903
2022,肇庆,肇庆,54,matched,,肇庆市,156441200,unique_exact_or_prefix,57110.9303397679
2022,自贡,自贡,41.5,matched,,自贡市,156510300,unique_exact_or_prefix,16444.9133697739
2022,舟山,舟山,39,matched,,舟山市,156330900,unique_exact_or_prefix,29448.5371670522
2022,芜湖,芜湖,65,matched,,芜湖市,156340200,unique_exact_or_prefix,63851.6447332317
2022,苏州,苏州,80.4,matched,,苏州市,156320500,unique_exact_or_prefix,442380.835905172
2022,茂名,茂名,53.8,matched,,茂名市,156440900,unique_exact_or_prefix,55875.7608489046
2022,荆州,荆州,47.1,matched,,荆州市,156421000,unique_exact_or_prefix,39817.8860365157
2022,荆门,荆门,46.4,matched,,荆门市,156420800,unique_exact_or_prefix,18744.4939708093
2022,莆田,莆田,52,matched,,莆田市,156350300,unique_exact_or_prefix,53072.9625872799
2022,菏泽,菏泽,59.9,matched,,菏泽市,156371700,unique_exact_or_prefix,85991.385099145
2022,营口,营口,42.7,matched,,营口市,156210800,unique_exact_or_prefix,46038.8034404044
2022,蚌埠,蚌埠,51,matched,,蚌埠市,156340300,unique_exact_or_prefix,40432.987783821
2022,衡水,衡水,51.9,matched,,衡水市,156131100,unique_exact_or_prefix,29275.9932224634
2022,衡阳,衡阳,53.6,matched,,衡阳市,156430400,unique_exact_or_prefix,22553.1888140281
2022,衢州,衢州,40.9,matched,,衢州市,156330800,unique_exact_or_prefix,38627.736146408
2022,襄阳,襄阳,61,matched,,襄阳市,156420600,unique_exact_or_prefix,43607.3767754513
2022,西宁,西宁,59.6,matched,,西宁市,156630100,unique_exact_or_prefix,39318.3368963316
2022,西安,西安,71.5,matched,,西安市,156610100,unique_exact_or_prefix,226696.960379186
2022,许昌,许昌,53.2,matched,,许昌市,156411000,unique_exact_or_prefix,39843.0537925842
2022,贵港,贵港,38,matched,,贵港市,156450800,unique_exact_or_prefix,21538.9567949978
2022,贵阳,贵阳,69.4,matched,,贵阳市,156520100,unique_exact_or_prefix,70093.2398048434
2022,资阳,资阳,37.7,matched,,资阳市,156512000,unique_exact_or_prefix,16444.2692835481
2022,赣州,赣州,53.9,matched,,赣州市,156360700,unique_exact_or_prefix,60253.3776392011
2022,赤峰,赤峰,45.4,matched,,赤峰市,156150400,unique_exact_or_prefix,48258.4565222488
2022,达州,达州,44.6,matched,,达州市,156511700,unique_exact_or_prefix,27579.5490206204
2022,运城,运城,40.7,matched,,运城市,156140800,unique_exact_or_prefix,45259.7172064099
2022,连云港,连云港,65.1,matched,,连云港市,156320700,unique_exact_or_prefix,65672.3844682904
2022,通辽,通辽,41.4,matched,,通辽市,156150500,unique_exact_or_prefix,28083.9608661778
2022,遂宁,遂宁,38.1,matched,,遂宁市,156510900,unique_exact_or_prefix,26745.0003246092
2022,遵义,遵义,61.1,matched,,遵义市,156520300,unique_exact_or_prefix,44910.3110236159
2022,邢台,邢台,52.9,matched,,邢台市,156130500,unique_exact_or_prefix,64301.2943441858
2022,邯郸,邯郸,59.5,matched,,邯郸市,156130400,unique_exact_or_prefix,76451.6699208124
2022,邵阳,邵阳,45.2,matched,,邵阳市,156430500,unique_exact_or_prefix,19759.2466226676
2022,郑州,郑州,75.8,matched,,郑州市,156410100,unique_exact_or_prefix,198284.26213343
2022,郴州,郴州,46.2,matched,,郴州市,156431000,unique_exact_or_prefix,15472.7457884022
2022,鄂尔多斯,鄂尔多斯,56.5,matched,,鄂尔多斯市,156150600,unique_exact_or_prefix,84157.5874189966
2022,鄂州,鄂州,43.6,matched,,鄂州市,156420700,unique_exact_or_prefix,21658.3377007629
2022,酒泉,酒泉,43.2,matched,,酒泉市,156620900,unique_exact_or_prefix,29987.0246912017
2022,重庆,重庆,80.5,matched,,重庆市,156500000,unique_exact_or_prefix,313207.560894484
2022,金华,金华,68.4,matched,,金华市,156330700,unique_exact_or_prefix,171725.231394301
2022,金昌,金昌,37.5,matched,,金昌市,156620300,unique_exact_or_prefix,13907.1694235208
2022,钦州,钦州,41.3,matched,,钦州市,156450700,unique_exact_or_prefix,20496.474060434
2022,铜仁,铜仁,39.3,matched,,铜仁市,156520600,unique_exact_or_prefix,20836.8995497905
2022,铜陵,铜陵,59.4,matched,,铜陵市,156340700,unique_exact_or_prefix,16318.1680271476
2022,银川,银川,62.1,matched,,银川市,156640100,unique_exact_or_prefix,103903.036363424
2022,镇江,镇江,69.6,matched,,镇江市,156321100,unique_exact_or_prefix,82520.7733640123
2022,长春,长春,62.8,matched,,长春市,156220100,unique_exact_or_prefix,225147.127276863
2022,长沙,长沙,75,matched,,长沙市,156430100,unique_exact_or_prefix,154821.568586231
2022,长治,长治,41.7,matched,,长治市,156140400,unique_exact_or_prefix,60673.3934732937
2022,阜阳,阜阳,51,matched,,阜阳市,156341200,unique_exact_or_prefix,92013.9306965421
2022,阳江,阳江,44.4,matched,,阳江市,156441700,unique_exact_or_prefix,34108.9374170976
2022,阿克苏,阿克苏,40,matched,,阿克苏地区,156652900,unique_exact_or_prefix,111940.335936649
2022,随州,随州,41.8,matched,,随州市,156421300,unique_exact_or_prefix,10901.3101349887
2022,雅安,雅安,40.9,matched,,雅安市,156511800,unique_exact_or_prefix,10490.6894614313
2022,青岛,青岛,75.6,matched,,青岛市,156370200,unique_exact_or_prefix,202073.822779683
2022,鞍山,鞍山,48.9,matched,,鞍山市,156210300,unique_exact_or_prefix,46731.9134454643
2022,韶关,韶关,43.9,matched,,韶关市,156440200,unique_exact_or_prefix,32251.8062398247
2022,马鞍山,马鞍山,52.5,matched,,马鞍山市,156340500,unique_exact_or_prefix,40552.1898502008
2022,驻马店,驻马店,47.9,matched,,驻马店市,156411700,unique_exact_or_prefix,65808.9492904495
2022,鹤壁,鹤壁,43.4,matched,,鹤壁市,156410600,unique_exact_or_prefix,21218.2233128015
2022,黄冈,黄冈,44.2,matched,,黄冈市,156421100,unique_exact_or_prefix,38488.1507970305
2022,黄山,黄山,45.3,matched,,黄山市,156341000,unique_exact_or_prefix,6097.49000263214
2022,黄石,黄石,46.7,matched,,黄石市,156420200,unique_exact_or_prefix,25814.9925724422
2022,黔东南,黔东南,38.1,matched,,黔东南苗族侗族自治州,156522600,unique_exact_or_prefix,23286.2061106074
2022,黔南,黔南,44.5,matched,,黔南布依族苗族自治州,156522700,unique_exact_or_prefix,25401.6314317867
2022,黔西南州,黔西南州,39.4,matched,,黔西南布依族苗族自治州,156522300,explicit_alias,14590.5819722021
2022,齐齐哈尔,齐齐哈尔,53.5,matched,,齐齐哈尔市,156230200,unique_exact_or_prefix,37101.8853932586
2022,龙岩,龙岩,51.7,matched,,龙岩市,156350800,unique_exact_or_prefix,35136.2605968938
2023,三亚,三亚,45.5,matched,,三亚市,156460200,unique_exact_or_prefix,25723.8334207553
2023,三明,三明,54.6,matched,,三明市,156350400,unique_exact_or_prefix,28371.9547054913
2023,三门峡,三门峡,45.4,matched,,三门峡市,156411200,unique_exact_or_prefix,22416.8613254585
2023,上海,上海,93.6,matched,,上海市,156310000,unique_exact_or_prefix,553330.807009561
2023,上饶,上饶,50.2,matched,,上饶市,156361100,unique_exact_or_prefix,44513.0973775158
2023,东莞,东莞,74.2,matched,,东莞市,156441900,unique_exact_or_prefix,230320.240238088
2023,东营,东营,62.4,matched,,东营市,156370500,unique_exact_or_prefix,104043.107912793
2023,中山,中山,66.6,matched,,中山市,156442000,unique_exact_or_prefix,103694.913274263
2023,临汾,临汾,42.4,matched,,临汾市,156141000,unique_exact_or_prefix,50707.2384524261
2023,临沂,临沂,63.1,matched,,临沂市,156371300,unique_exact_or_prefix,162937.046866921
2023,丽水,丽水,46.7,matched,,丽水市,156331100,unique_exact_or_prefix,41935.6783325728
2023,乌兰察布,乌兰察布,50.3,matched,,乌兰察布市,156150900,unique_exact_or_prefix,35760.4825601615
2023,乌鲁木齐,乌鲁木齐,70,matched,,乌鲁木齐市,156650100,unique_exact_or_prefix,144888.145992892
2023,乐山,乐山,41.5,matched,,乐山市,156511100,unique_exact_or_prefix,25338.8668787484
2023,九江,九江,56.6,matched,,九江市,156360400,unique_exact_or_prefix,51902.1535904221
2023,亳州,亳州,42.7,matched,,亳州市,156341600,unique_exact_or_prefix,39201.6567888176
2023,伊犁,伊犁,52.6,matched,,伊犁哈萨克自治州,156654000,unique_exact_or_prefix,65980.0901531836
2023,佛山,佛山,75.2,matched,,佛山市,156440600,unique_exact_or_prefix,190914.096298764
2023,保定,保定,54.4,matched,,保定市,156130600,unique_exact_or_prefix,187723.999362421
2023,保山,保山,40.5,matched,,保山市,156530500,unique_exact_or_prefix,16461.3404873469
2023,信阳,信阳,55.1,matched,,信阳市,156411500,unique_exact_or_prefix,43609.2539533494
2023,克拉玛依,克拉玛依,47.6,matched,,克拉玛依市,156650200,unique_exact_or_prefix,57424.3920556545
2023,六安,六安,44.2,matched,,六安市,156341500,unique_exact_or_prefix,53164.6749983315
2023,六盘水,六盘水,41.5,matched,,六盘水市,156520200,unique_exact_or_prefix,19957.7718508903
2023,兰州,兰州,69.2,matched,,兰州市,156620100,unique_exact_or_prefix,75240.7718803135
2023,内江,内江,41.7,matched,,内江市,156511000,unique_exact_or_prefix,20221.6524801151
2023,凉山,凉山,40,matched,,凉山彝族自治州,156513400,unique_exact_or_prefix,39548.2840334182
2023,包头,包头,63.2,matched,,包头市,156150200,unique_exact_or_prefix,75910.1294066448
2023,北京,北京,92.4,matched,,北京市,156110000,unique_exact_or_prefix,501101.449823083
2023,北海,北海,56.8,matched,,北海市,156450500,unique_exact_or_prefix,25736.0657828289
2023,十堰,十堰,48.9,matched,,十堰市,156420300,unique_exact_or_prefix,21765.865469106
2023,南京,南京,84.8,matched,,南京市,156320100,unique_exact_or_prefix,244375.566327205
2023,南充,南充,53.1,matched,,南充市,156511300,unique_exact_or_prefix,48834.4975250903
2023,南宁,南宁,72.1,matched,,南宁市,156450100,unique_exact_or_prefix,119192.122509595
2023,南平,南平,55.9,matched,,南平市,156350700,unique_exact_or_prefix,38152.4411791105
2023,南昌,南昌,71.2,matched,,南昌市,156360100,unique_exact_or_prefix,112872.453047284
2023,南通,南通,75.5,matched,,南通市,156320600,unique_exact_or_prefix,188760.51258567
2023,南阳,南阳,55.5,matched,,南阳市,156411300,unique_exact_or_prefix,70245.7757637977
2023,厦门,厦门,77.3,matched,,厦门市,156350200,unique_exact_or_prefix,109711.113470179
2023,台州,台州,67.8,matched,,台州市,156331000,unique_exact_or_prefix,130497.393140204
2023,合肥,合肥,78.8,matched,,合肥市,156340100,unique_exact_or_prefix,228499.398796251
2023,吉安,吉安,51.8,matched,,吉安市,156360800,unique_exact_or_prefix,27007.8257895984
2023,吉林,吉林,46.3,matched,,吉林市,156220200,unique_exact_or_prefix,40500.6648500424
2023,吕梁,吕梁,39.2,matched,,吕梁市,156141100,unique_exact_or_prefix,58210.5714178511
2023,周口,周口,60.6,matched,,周口市,156411600,unique_exact_or_prefix,80690.0549153655
2023,呼伦贝尔,呼伦贝尔,45,matched,,呼伦贝尔市,156150700,unique_exact_or_prefix,28619.0791836098
2023,呼和浩特,呼和浩特,73.3,matched,,呼和浩特市,156150100,unique_exact_or_prefix,106355.31346015
2023,咸宁,咸宁,41.8,matched,,咸宁市,156421200,unique_exact_or_prefix,18849.9785139949
2023,咸阳,咸阳,66.9,matched,,咸阳市,156610400,unique_exact_or_prefix,105855.835007856
2023,哈尔滨,哈尔滨,64.8,matched,,哈尔滨市,156230100,unique_exact_or_prefix,145183.053034706
2023,唐山,唐山,63.4,matched,,唐山市,156130200,unique_exact_or_prefix,180756.684035463
2023,商丘,商丘,54,matched,,商丘市,156411400,unique_exact_or_prefix,80477.8066717499
2023,喀什,喀什,40.2,matched,,喀什地区,156653100,unique_exact_or_prefix,62621.1698710727
2023,嘉兴,嘉兴,68.5,matched,,嘉兴市,156330400,unique_exact_or_prefix,186128.056789185
2023,大同,大同,44.5,matched,,大同市,156140200,unique_exact_or_prefix,77257.0207402295
2023,大庆,大庆,59.2,matched,,大庆市,156230600,unique_exact_or_prefix,87278.2886757248
2023,大理,大理,42.9,matched,,大理白族自治州,156532900,unique_exact_or_prefix,32988.2776988287
2023,大连,大连,67.2,matched,,大连市,156210200,unique_exact_or_prefix,119578.777504939
2023,天水,天水,44.3,matched,,天水市,156620500,unique_exact_or_prefix,21159.5089073555
2023,天津,天津,76.9,matched,,天津市,156120000,unique_exact_or_prefix,409507.635330761
2023,太原,太原,67.6,matched,,太原市,156140100,unique_exact_or_prefix,167212.005850689
2023,威海,威海,71.6,matched,,威海市,156371000,unique_exact_or_prefix,57447.1377786987
2023,娄底,娄底,43,matched,,娄底市,156431300,unique_exact_or_prefix,18157.3528547605
2023,孝感,孝感,48.4,matched,,孝感市,156420900,unique_exact_or_prefix,35269.6998760046
2023,宁德,宁德,54.1,matched,,宁德市,156350900,unique_exact_or_prefix,55525.4812299967
2023,宁波,宁波,80.2,matched,,宁波市,156330200,unique_exact_or_prefix,307252.70997916
2023,安庆,安庆,53.1,matched,,安庆市,156340800,unique_exact_or_prefix,44370.2163023079
2023,安康,安康,39.4,matched,,安康市,156610900,unique_exact_or_prefix,15336.3339899853
2023,安阳,安阳,48.4,matched,,安阳市,156410500,unique_exact_or_prefix,62573.7693547562
2023,宜宾,宜宾,54.2,matched,,宜宾市,156511500,unique_exact_or_prefix,35007.5621868877
2023,宜昌,宜昌,65.5,matched,,宜昌市,156420500,unique_exact_or_prefix,45033.70275163
2023,宜春,宜春,49.1,matched,,宜春市,156360900,unique_exact_or_prefix,49234.9408368148
2023,宝鸡,宝鸡,54.8,matched,,宝鸡市,156610300,unique_exact_or_prefix,36811.3905356052
2023,宣城,宣城,41.7,matched,,宣城市,156341800,unique_exact_or_prefix,35279.2499139697
2023,宿州,宿州,48.2,matched,,宿州市,156341300,unique_exact_or_prefix,56296.5173807705
2023,宿迁,宿迁,60.7,matched,,宿迁市,156321300,unique_exact_or_prefix,79601.5630629572
2023,岳阳,岳阳,54.7,matched,,岳阳市,156430600,unique_exact_or_prefix,34654.2340139913
2023,巴音郭楞,巴音郭楞,39.6,matched,,巴音郭楞蒙古自治州,156652800,unique_exact_or_prefix,79137.4219199723
2023,常州,常州,70.8,matched,,常州市,156320400,unique_exact_or_prefix,151578.652353597
2023,常德,常德,57.8,matched,,常德市,156430700,unique_exact_or_prefix,30780.4178716416
2023,平顶山,平顶山,54.5,matched,,平顶山市,156410400,unique_exact_or_prefix,51245.9220956522
2023,广元,广元,39.8,matched,,广元市,156510800,unique_exact_or_prefix,14641.0756996066
2023,广安,广安,42.3,matched,,广安市,156511600,unique_exact_or_prefix,23564.9004659854
2023,广州,广州,87.9,matched,,广州市,156440100,unique_exact_or_prefix,310333.311987125
2023,廊坊,廊坊,62.5,matched,,廊坊市,156131000,unique_exact_or_prefix,130368.569800363
2023,延安,延安,47.9,matched,,延安市,156610600,unique_exact_or_prefix,58573.7447829125
2023,开封,开封,61.5,matched,,开封市,156410200,unique_exact_or_prefix,60741.5932925346
2023,张家口,张家口,54.2,matched,,张家口市,156130700,unique_exact_or_prefix,59970.2954863815
2023,徐州,徐州,65.8,matched,,徐州市,156320300,unique_exact_or_prefix,147248.119643449
2023,德州,德州,60.9,matched,,德州市,156371400,unique_exact_or_prefix,71480.8279947767
2023,德阳,德阳,56.5,matched,,德阳市,156510600,unique_exact_or_prefix,48566.9467460315
2023,忻州,忻州,41,matched,,忻州市,156140900,unique_exact_or_prefix,48061.7079561248
2023,怀化,怀化,42,matched,,怀化市,156431200,unique_exact_or_prefix,18336.9688868242
2023,恩施,恩施,40.8,matched,,恩施土家族苗族自治州,156422800,unique_exact_or_prefix,19000.9055856275
2023,惠州,惠州,69.4,matched,,惠州市,156441300,unique_exact_or_prefix,157819.081718681
2023,成都,成都,90.1,matched,,成都市,156510100,unique_exact_or_prefix,327913.757923044
2023,扬州,扬州,72.3,matched,,扬州市,156321000,unique_exact_or_prefix,113374.316577911
2023,承德,承德,49.4,matched,,承德市,156130800,unique_exact_or_prefix,43630.6845564482
2023,抚州,抚州,42.4,matched,,抚州市,156361000,unique_exact_or_prefix,24220.73282864
2023,抚顺,抚顺,40.9,matched,,抚顺市,156210400,unique_exact_or_prefix,26266.2045164651
2023,拉萨,拉萨,57.1,matched,,拉萨市,156540100,unique_exact_or_prefix,31531.8710039307
2023,揭阳,揭阳,54.8,matched,,揭阳市,156445200,unique_exact_or_prefix,86491.8682601297
2023,攀枝花,攀枝花,43.3,matched,,攀枝花市,156510400,unique_exact_or_prefix,13647.7430245834
2023,新乡,新乡,53.7,matched,,新乡市,156410700,unique_exact_or_prefix,86823.2693440288
2023,新余,新余,40.9,matched,,新余市,156360500,unique_exact_or_prefix,11959.5401996645
2023,无锡,无锡,81.1,matched,,无锡市,156320200,unique_exact_or_prefix,207110.840094315
2023,日照,日照,52.5,matched,,日照市,156371100,unique_exact_or_prefix,41731.467082529
2023,昆明,昆明,71.3,matched,,昆明市,156530100,unique_exact_or_prefix,155333.710517866
2023,昌吉,昌吉,46.5,matched,,昌吉回族自治州,156652300,unique_exact_or_prefix,95328.7447327946
2023,昭通,昭通,38.3,matched,,昭通市,156530600,unique_exact_or_prefix,27175.6047806342
2023,晋中,晋中,45.1,matched,,晋中市,156140700,unique_exact_or_prefix,75519.9989267204
2023,晋城,晋城,46,matched,,晋城市,156140500,unique_exact_or_prefix,42600.7466907057
2023,普洱,普洱,40.1,matched,,普洱市,156530800,unique_exact_or_prefix,13535.9517756747
2023,景德镇,景德镇,40.9,matched,,景德镇市,156360200,unique_exact_or_prefix,20215.6528247903
2023,曲靖,曲靖,50.1,matched,,曲靖市,156530300,unique_exact_or_prefix,57931.9366173482
2023,朔州,朔州,40.4,matched,,朔州市,156140600,unique_exact_or_prefix,51218.3927050614
2023,杭州,杭州,92.9,matched,,杭州市,156330100,unique_exact_or_prefix,307827.639523583
2023,枣庄,枣庄,50.5,matched,,枣庄市,156370400,unique_exact_or_prefix,50174.7086974163
2023,柳州,柳州,65.1,matched,,柳州市,156450200,unique_exact_or_prefix,47760.320244173
2023,株洲,株洲,54,matched,,株洲市,156430200,unique_exact_or_prefix,25649.203742642
2023,桂林,桂林,57,matched,,桂林市,156450300,unique_exact_or_prefix,32943.3441325571
2023,梅州,梅州,42,matched,,梅州市,156441400,unique_exact_or_prefix,35382.9911461419
2023,梧州,梧州,41.2,matched,,梧州市,156450400,unique_exact_or_prefix,19929.8330521121
2023,楚雄,楚雄,38.2,matched,,楚雄彝族自治州,156532300,unique_exact_or_prefix,23934.0058434482
2023,榆林,榆林,62.8,matched,,榆林市,156610800,unique_exact_or_prefix,175493.953888138
2023,武汉,武汉,81.2,matched,,武汉市,156420100,unique_exact_or_prefix,273523.256900835
2023,毕节,毕节,43.3,matched,,毕节市,156520500,unique_exact_or_prefix,27250.3475614492
2023,毫州,毫州,47.4,quarantined,unresolved_spelling_collision: 2023 also contains 亳州=42.7; the boundary asset has one 亳州市 geometry and no 毫州市 geometry,,,none,
2023,永州,永州,47.5,matched,,永州市,156431100,unique_exact_or_prefix,21529.2267602051
2023,汉中,汉中,49.6,matched,,汉中市,156610700,unique_exact_or_prefix,31718.6004977712
2023,汕头,汕头,63.7,matched,,汕头市,156440500,unique_exact_or_prefix,90321.1693906069
2023,汕尾,汕尾,40.9,matched,,汕尾市,156441500,unique_exact_or_prefix,55021.5924164557
2023,江门,江门,66,matched,,江门市,156440700,unique_exact_or_prefix,106916.925282206
2023,池州,池州,44.9,matched,,池州市,156341700,unique_exact_or_prefix,16771.3906317113
2023,沈阳,沈阳,72,matched,,沈阳市,156210100,unique_exact_or_prefix,191843.94243101
2023,沧州,沧州,63.4,matched,,沧州市,156130900,unique_exact_or_prefix,120307.225380393
2023,河池,河池,39.2,matched,,河池市,156451200,unique_exact_or_prefix,15741.1774588169
2023,泉州,泉州,71.5,matched,,泉州市,156350500,unique_exact_or_prefix,201312.114286426
2023,泰安,泰安,54.4,matched,,泰安市,156370900,unique_exact_or_prefix,56050.588285491
2023,泰州,泰州,66.7,matched,,泰州市,156321200,unique_exact_or_prefix,118658.499892127
2023,泸州,泸州,52.6,matched,,泸州市,156510500,unique_exact_or_prefix,23845.5382492734
2023,洛阳,洛阳,62.9,matched,,洛阳市,156410300,unique_exact_or_prefix,96500.3189847539
2023,济南,济南,77.1,matched,,济南市,156370100,unique_exact_or_prefix,184695.338687751
2023,济宁,济宁,62.8,matched,,济宁市,156370800,unique_exact_or_prefix,100227.243780976
2023,海东,海东,39.2,matched,,海东市,156630200,unique_exact_or_prefix,29415.5718810367
2023,海口,海口,64.3,matched,,海口市,156460100,unique_exact_or_prefix,48359.3831558601
2023,海西,海西,39,matched,,海西蒙古族藏族自治州,156632800,unique_exact_or_prefix,31573.0176292878
2023,淄博,淄博,69.1,matched,,淄博市,156370300,unique_exact_or_prefix,89397.0857928187
2023,淮北,淮北,41.2,matched,,淮北市,156340600,unique_exact_or_prefix,28639.5652605122
2023,淮南,淮南,40.8,matched,,淮南市,156340400,unique_exact_or_prefix,39218.4522999072
2023,淮安,淮安,67.3,matched,,淮安市,156320800,unique_exact_or_prefix,93458.6653978091
2023,深圳,深圳,92,matched,,深圳市,156440300,unique_exact_or_prefix,215029.139166634
2023,清远,清远,47.8,matched,,清远市,156441800,unique_exact_or_prefix,55940.3374006762
2023,温州,温州,73.3,matched,,温州市,156330300,unique_exact_or_prefix,191646.933451826
2023,渭南,渭南,42.3,matched,,渭南市,156610500,unique_exact_or_prefix,50011.7631521833
2023,湖州,湖州,62.2,matched,,湖州市,156330500,unique_exact_or_prefix,113756.623082036
2023,湘潭,湘潭,53.5,matched,,湘潭市,156430300,unique_exact_or_prefix,24753.2416846743
2023,湛江,湛江,61.4,matched,,湛江市,156440800,unique_exact_or_prefix,98193.1344992479
2023,滁州,滁州,54.5,matched,,滁州市,156341100,unique_exact_or_prefix,94735.3626227191
2023,滨州,滨州,63.5,matched,,滨州市,156371600,unique_exact_or_prefix,91527.1645558848
2023,漯河,漯河,45.7,matched,,漯河市,156411100,unique_exact_or_prefix,32089.3788277696
2023,漳州,漳州,63.3,matched,,漳州市,156350600,unique_exact_or_prefix,124163.569888928
2023,潍坊,潍坊,72.5,matched,,潍坊市,156370700,unique_exact_or_prefix,166727.267634017
2023,潮州,潮州,44.2,matched,,潮州市,156445100,unique_exact_or_prefix,43506.1603391311
2023,濮阳,濮阳,42,matched,,濮阳市,156410900,unique_exact_or_prefix,51583.5869709029
2023,烟台,烟台,74.4,matched,,烟台市,156370600,unique_exact_or_prefix,124909.00500415
2023,焦作,焦作,56.3,matched,,焦作市,156410800,unique_exact_or_prefix,47310.0198446437
2023,牡丹江,牡丹江,52.4,matched,,牡丹江市,156231000,unique_exact_or_prefix,24741.6345397197
2023,玉林,玉林,45.5,matched,,玉林市,156450900,unique_exact_or_prefix,35077.9294094974
2023,玉溪,玉溪,55.4,matched,,玉溪市,156530400,unique_exact_or_prefix,28585.6147300042
2023,珠海,珠海,71.7,matched,,珠海市,156440400,unique_exact_or_prefix,63183.8988357404
2023,甘南,甘南,37.6,matched,,甘南藏族自治州,156623000,unique_exact_or_prefix,6718.10881372994
2023,百色,百色,40.6,matched,,百色市,156451000,unique_exact_or_prefix,29683.5035921092
2023,益阳,益阳,50.2,matched,,益阳市,156430900,unique_exact_or_prefix,16929.3054473106
2023,盐城,盐城,61.4,matched,,盐城市,156320900,unique_exact_or_prefix,143839.255323495
2023,盘锦,盘锦,45.3,matched,,盘锦市,156211100,unique_exact_or_prefix,42548.1388818554
2023,眉山,眉山,41.4,matched,,眉山市,156511400,unique_exact_or_prefix,35054.6255799027
2023,石嘴山,石嘴山,41.3,matched,,石嘴山市,156640200,unique_exact_or_prefix,24375.93525089
2023,石家庄,石家庄,67.1,matched,,石家庄市,156130100,unique_exact_or_prefix,163769.449025444
2023,福州,福州,79.3,matched,,福州市,156350100,unique_exact_or_prefix,159612.187677059
2023,秦皇岛,秦皇岛,56.8,matched,,秦皇岛市,156130300,unique_exact_or_prefix,51099.8231236752
2023,红河,红河,48.2,matched,,红河哈尼族彝族自治州,156532500,unique_exact_or_prefix,39699.0968055216
2023,绍兴,绍兴,71,matched,,绍兴市,156330600,unique_exact_or_prefix,139851.704780645
2023,绥化,绥化,40.6,matched,,绥化市,156231200,unique_exact_or_prefix,26241.9188321029
2023,绵阳,绵阳,66.1,matched,,绵阳市,156510700,unique_exact_or_prefix,50524.3636988794
2023,聊城,聊城,46.2,matched,,聊城市,156371500,unique_exact_or_prefix,78958.0283866181
2023,肇庆,肇庆,56.7,matched,,肇庆市,156441200,unique_exact_or_prefix,61445.6849880228
2023,自贡,自贡,43.8,matched,,自贡市,156510300,unique_exact_or_prefix,19815.8126404907
2023,舟山,舟山,40.9,matched,,舟山市,156330900,unique_exact_or_prefix,33465.0155257272
2023,芜湖,芜湖,66.4,matched,,芜湖市,156340200,unique_exact_or_prefix,75091.9485491898
2023,苏州,苏州,83.1,matched,,苏州市,156320500,unique_exact_or_prefix,463340.929075064
2023,茂名,茂名,55.4,matched,,茂名市,156440900,unique_exact_or_prefix,60339.7662114676
2023,荆州,荆州,48,matched,,荆州市,156421000,unique_exact_or_prefix,41340.2485544228
2023,荆门,荆门,48.3,matched,,荆门市,156420800,unique_exact_or_prefix,19642.4268393554
2023,莆田,莆田,53.4,matched,,莆田市,156350300,unique_exact_or_prefix,60368.3355170432
2023,菏泽,菏泽,61.2,matched,,菏泽市,156371700,unique_exact_or_prefix,105107.00574392
2023,营口,营口,44.3,matched,,营口市,156210800,unique_exact_or_prefix,50394.5845288333
2023,蚌埠,蚌埠,52.7,matched,,蚌埠市,156340300,unique_exact_or_prefix,36501.5894511153
2023,衡水,衡水,54.3,matched,,衡水市,156131100,unique_exact_or_prefix,36594.2316351685
2023,衡阳,衡阳,55.8,matched,,衡阳市,156430400,unique_exact_or_prefix,24983.5458172938
2023,衢州,衢州,42.8,matched,,衢州市,156330800,unique_exact_or_prefix,44550.5527628931
2023,襄阳,襄阳,62.9,matched,,襄阳市,156420600,unique_exact_or_prefix,44559.975590395
2023,西宁,西宁,61.6,matched,,西宁市,156630100,unique_exact_or_prefix,44829.584867678
2023,西安,西安,73.1,matched,,西安市,156610100,unique_exact_or_prefix,250667.392545537
2023,许昌,许昌,55.8,matched,,许昌市,156411000,unique_exact_or_prefix,44579.6150282472
2023,贵港,贵港,39.9,matched,,贵港市,156450800,unique_exact_or_prefix,24106.9231886134
2023,贵阳,贵阳,71,matched,,贵阳市,156520100,unique_exact_or_prefix,85712.5515954242
2023,资阳,资阳,40,matched,,资阳市,156512000,unique_exact_or_prefix,15626.2236095363
2023,赣州,赣州,55,matched,,赣州市,156360700,unique_exact_or_prefix,74592.3135369268
2023,赤峰,赤峰,46.9,matched,,赤峰市,156150400,unique_exact_or_prefix,59105.0159341013
2023,达州,达州,46.6,matched,,达州市,156511700,unique_exact_or_prefix,29488.4739953457
2023,运城,运城,42.6,matched,,运城市,156140800,unique_exact_or_prefix,55415.8048150422
2023,连云港,连云港,67.4,matched,,连云港市,156320700,unique_exact_or_prefix,79602.1867693644
2023,通辽,通辽,43.8,matched,,通辽市,156150500,unique_exact_or_prefix,38059.5166576516
2023,遂宁,遂宁,40,matched,,遂宁市,156510900,unique_exact_or_prefix,29624.4059351033
2023,遵义,遵义,63,matched,,遵义市,156520300,unique_exact_or_prefix,50987.7362419161
2023,邢台,邢台,54.3,matched,,邢台市,156130500,unique_exact_or_prefix,84100.3328192926
2023,邯郸,邯郸,61.1,matched,,邯郸市,156130400,unique_exact_or_prefix,95164.4938791719
2023,邵阳,邵阳,47,matched,,邵阳市,156430500,unique_exact_or_prefix,20985.4633785907
2023,郑州,郑州,78,matched,,郑州市,156410100,unique_exact_or_prefix,228825.740333902
2023,郴州,郴州,50.8,matched,,郴州市,156431000,unique_exact_or_prefix,19778.9325227204
2023,鄂尔多斯,鄂尔多斯,58.4,matched,,鄂尔多斯市,156150600,unique_exact_or_prefix,111643.448660718
2023,鄂州,鄂州,45.4,matched,,鄂州市,156420700,unique_exact_or_prefix,23498.7114425042
2023,酒泉,酒泉,45,matched,,酒泉市,156620900,unique_exact_or_prefix,37476.9594176204
2023,重庆,重庆,81.8,matched,,重庆市,156500000,unique_exact_or_prefix,332439.619330848
2023,金华,金华,69.9,matched,,金华市,156330700,unique_exact_or_prefix,194291.582472012
2023,金昌,金昌,39.3,matched,,金昌市,156620300,unique_exact_or_prefix,16863.1241941765
2023,钦州,钦州,44,matched,,钦州市,156450700,unique_exact_or_prefix,22090.1872848847
2023,铜仁,铜仁,42,matched,,铜仁市,156520600,unique_exact_or_prefix,21473.8925998884
2023,铜川,铜川,42.1,matched,,铜川市,156610200,unique_exact_or_prefix,12364.4003529156
2023,铜陵,铜陵,60.8,matched,,铜陵市,156340700,unique_exact_or_prefix,17079.4894649702
2023,银川,银川,63.4,matched,,银川市,156640100,unique_exact_or_prefix,124654.360277257
2023,锡林郭勒,锡林郭勒,40.1,matched,,锡林郭勒盟,156152500,unique_exact_or_prefix,43098.4044511089
2023,锦州,锦州,40.3,matched,,锦州市,156210700,unique_exact_or_prefix,34177.5835561612
2023,镇江,镇江,71.8,matched,,镇江市,156321100,unique_exact_or_prefix,83000.9222511712
2023,长春,长春,65.6,matched,,长春市,156220100,unique_exact_or_prefix,247732.878235443
2023,长沙,长沙,76.5,matched,,长沙市,156430100,unique_exact_or_prefix,163175.668296876
2023,长治,长治,43.8,matched,,长治市,156140400,unique_exact_or_prefix,72352.1157647979
2023,阜阳,阜阳,52.9,matched,,阜阳市,156341200,unique_exact_or_prefix,107612.878021978
2023,阳江,阳江,46.2,matched,,阳江市,156441700,unique_exact_or_prefix,36851.6265147438
2023,阿克苏,阿克苏,41.9,matched,,阿克苏地区,156652900,unique_exact_or_prefix,125925.491273447
2023,随州,随州,43.7,matched,,随州市,156421300,unique_exact_or_prefix,12001.592350166
2023,雅安,雅安,41.9,matched,,雅安市,156511800,unique_exact_or_prefix,12055.2855028176
2023,青岛,青岛,76.7,matched,,青岛市,156370200,unique_exact_or_prefix,234730.876499542
2023,鞍山,鞍山,50.8,matched,,鞍山市,156210300,unique_exact_or_prefix,47610.4833107345
2023,韶关,韶关,45.3,matched,,韶关市,156440200,unique_exact_or_prefix,37320.2648003246
2023,马鞍山,马鞍山,53.9,matched,,马鞍山市,156340500,unique_exact_or_prefix,44370.1262559933
2023,驻马店,驻马店,49.8,matched,,驻马店市,156411700,unique_exact_or_prefix,68241.2332623645
2023,鹤壁,鹤壁,44.8,matched,,鹤壁市,156410600,unique_exact_or_prefix,25387.3565375926
2023,黄冈,黄冈,46.1,matched,,黄冈市,156421100,unique_exact_or_prefix,39011.1138050332
2023,黄山,黄山,47.3,matched,,黄山市,156341000,unique_exact_or_prefix,6824.55999016762
2023,黄石,黄石,48.6,matched,,黄石市,156420200,unique_exact_or_prefix,27089.2645269586
2023,黔东南,黔东南,40.5,matched,,黔东南苗族侗族自治州,156522600,unique_exact_or_prefix,25300.8174375973
2023,黔南,黔南,45.9,matched,,黔南布依族苗族自治州,156522700,unique_exact_or_prefix,31346.368500307
2023,黔西南州,黔西南州,41,matched,,黔西南布依族苗族自治州,156522300,explicit_alias,16450.7351434834
2023,齐齐哈尔,齐齐哈尔,55.1,matched,,齐齐哈尔市,156230200,unique_exact_or_prefix,44129.4069352664
2023,龙岩,龙岩,53.9,matched,,龙岩市,156350800,unique_exact_or_prefix,38071.6461811098
2024,三明,三明,55.7,matched,,三明市,156350400,unique_exact_or_prefix,28392.6785911448
2024,三门峡,三门峡,46.2,matched,,三门峡市,156411200,unique_exact_or_prefix,20391.2272146043
2024,上海,上海,93.7,matched,,上海市,156310000,unique_exact_or_prefix,572961.684544044
2024,上饶,上饶,57.3,matched,,上饶市,156361100,unique_exact_or_prefix,46973.3939717176
2024,东莞,东莞,74.8,matched,,东莞市,156441900,unique_exact_or_prefix,241383.985994599
2024,东营,东营,62.7,matched,,东营市,156370500,unique_exact_or_prefix,101295.19401434
2024,中山,中山,64.7,matched,,中山市,156442000,unique_exact_or_prefix,105789.410345877
2024,临汾,临汾,48.2,matched,,临汾市,156141000,unique_exact_or_prefix,49835.692254706
2024,临沂,临沂,65.8,matched,,临沂市,156371300,unique_exact_or_prefix,148554.905189696
2024,临沧,临沧,39.1,matched,,临沧市,156530900,unique_exact_or_prefix,16954.6315640141
2024,丽水,丽水,48.9,matched,,丽水市,156331100,unique_exact_or_prefix,42420.7618293585
2024,乌兰察布,乌兰察布,43.8,matched,,乌兰察布市,156150900,unique_exact_or_prefix,34762.9096399078
2024,乌鲁木齐,乌鲁木齐,68.9,matched,,乌鲁木齐市,156650100,unique_exact_or_prefix,141639.141633568
2024,乐山,乐山,47.7,matched,,乐山市,156511100,unique_exact_or_prefix,26694.0351436334
2024,九江,九江,59.3,matched,,九江市,156360400,unique_exact_or_prefix,58360.013233203
2024,云浮,云浮,40.3,matched,,云浮市,156445300,unique_exact_or_prefix,22974.9079390643
2024,亳州,亳州,47.2,matched,,亳州市,156341600,unique_exact_or_prefix,42567.1766060955
2024,伊犁,伊犁,49,matched,,伊犁哈萨克自治州,156654000,unique_exact_or_prefix,62616.5961404455
2024,佛山,佛山,75.1,matched,,佛山市,156440600,unique_exact_or_prefix,199314.677840194
2024,保定,保定,62,matched,,保定市,156130600,unique_exact_or_prefix,174404.915353206
2024,保山,保山,40.6,matched,,保山市,156530500,unique_exact_or_prefix,17425.9491473296
2024,信阳,信阳,56.5,matched,,信阳市,156411500,unique_exact_or_prefix,44849.0801572159
2024,克拉玛依,克拉玛依,43.4,matched,,克拉玛依市,156650200,unique_exact_or_prefix,45959.7408535149
2024,六安,六安,47.9,matched,,六安市,156341500,unique_exact_or_prefix,54469.0204178399
2024,六盘水,六盘水,42.7,matched,,六盘水市,156520200,unique_exact_or_prefix,18490.7323397879
2024,兰州,兰州,65,matched,,兰州市,156620100,unique_exact_or_prefix,70924.5832184132
2024,内江,内江,43.2,matched,,内江市,156511000,unique_exact_or_prefix,21766.0166794094
2024,凉山,凉山,43.2,matched,,凉山彝族自治州,156513400,unique_exact_or_prefix,39623.551358776
2024,包头,包头,59.6,matched,,包头市,156150200,unique_exact_or_prefix,70647.4284240961
2024,北京,北京,92.8,matched,,北京市,156110000,unique_exact_or_prefix,469062.224645497
2024,北海,北海,55.5,matched,,北海市,156450500,unique_exact_or_prefix,26247.2378153474
2024,十堰,十堰,51.5,matched,,十堰市,156420300,unique_exact_or_prefix,22474.7581668148
2024,南京,南京,83.7,matched,,南京市,156320100,unique_exact_or_prefix,240607.83980737
2024,南充,南充,55.2,matched,,南充市,156511300,unique_exact_or_prefix,49988.1150843181
2024,南宁,南宁,72.1,matched,,南宁市,156450100,unique_exact_or_prefix,105168.812182173
2024,南平,南平,53.3,matched,,南平市,156350700,unique_exact_or_prefix,40956.4134792272
2024,南昌,南昌,73,matched,,南昌市,156360100,unique_exact_or_prefix,122333.469002574
2024,南通,南通,75.7,matched,,南通市,156320600,unique_exact_or_prefix,191406.324484744
2024,南阳,南阳,61.9,matched,,南阳市,156411300,unique_exact_or_prefix,73563.3178718992
2024,厦门,厦门,76.2,matched,,厦门市,156350200,unique_exact_or_prefix,111735.649105832
2024,台州,台州,70.6,matched,,台州市,156331000,unique_exact_or_prefix,139788.699420263
2024,合肥,合肥,81.2,matched,,合肥市,156340100,unique_exact_or_prefix,242460.570699133
2024,吉安,吉安,54.8,matched,,吉安市,156360800,unique_exact_or_prefix,28316.7185358132
2024,吉林,吉林,45.5,matched,,吉林市,156220200,unique_exact_or_prefix,46489.8957661194
2024,吕梁,吕梁,44.2,matched,,吕梁市,156141100,unique_exact_or_prefix,54777.3310200607
2024,周口,周口,60.6,matched,,周口市,156411600,unique_exact_or_prefix,87800.7383308093
2024,呼伦贝尔,呼伦贝尔,44.9,matched,,呼伦贝尔市,156150700,unique_exact_or_prefix,28265.3672814154
2024,呼和浩特,呼和浩特,71.6,matched,,呼和浩特市,156150100,unique_exact_or_prefix,108350.989692797
2024,咸宁,咸宁,44,matched,,咸宁市,156421200,unique_exact_or_prefix,21693.8296312131
2024,咸阳,咸阳,63.3,matched,,咸阳市,156610400,unique_exact_or_prefix,106755.944853512
2024,哈尔滨,哈尔滨,67.9,matched,,哈尔滨市,156230100,unique_exact_or_prefix,151836.844947627
2024,唐山,唐山,68.7,matched,,唐山市,156130200,unique_exact_or_prefix,168860.379634973
2024,商丘,商丘,57.6,matched,,商丘市,156411400,unique_exact_or_prefix,86166.3437679553
2024,喀什,喀什,41.3,matched,,喀什地区,156653100,unique_exact_or_prefix,65892.5808020657
2024,嘉兴,嘉兴,71.1,matched,,嘉兴市,156330400,unique_exact_or_prefix,187332.291284578
2024,大同,大同,47,matched,,大同市,156140200,unique_exact_or_prefix,69090.1503091667
2024,大庆,大庆,56.9,matched,,大庆市,156230600,unique_exact_or_prefix,82354.7067338569
2024,大理,大理,44.3,matched,,大理白族自治州,156532900,unique_exact_or_prefix,34721.8112028304
2024,大连,大连,70.2,matched,,大连市,156210200,unique_exact_or_prefix,121577.217631621
2024,天津,天津,79.1,matched,,天津市,156120000,unique_exact_or_prefix,392099.996159044
2024,太原,太原,69.6,matched,,太原市,156140100,unique_exact_or_prefix,154827.166094112
2024,威海,威海,69.5,matched,,威海市,156371000,unique_exact_or_prefix,55365.2174733746
2024,娄底,娄底,46.6,matched,,娄底市,156431300,unique_exact_or_prefix,21570.1610017071
2024,孝感,孝感,51.7,matched,,孝感市,156420900,unique_exact_or_prefix,44422.2432053926
2024,宁德,宁德,55.8,matched,,宁德市,156350900,unique_exact_or_prefix,57774.611382864
2024,宁波,宁波,78.9,matched,,宁波市,156330200,unique_exact_or_prefix,321925.816694915
2024,安庆,安庆,53.4,matched,,安庆市,156340800,unique_exact_or_prefix,48639.0307674698
2024,安康,安康,39.4,matched,,安康市,156610900,unique_exact_or_prefix,15675.6069293471
2024,安阳,安阳,51.6,matched,,安阳市,156410500,unique_exact_or_prefix,54696.560732374
2024,安顺,安顺,39.5,matched,,安顺市,156520400,unique_exact_or_prefix,17597.4155846488
2024,宜宾,宜宾,57.3,matched,,宜宾市,156511500,unique_exact_or_prefix,47295.1341594322
2024,宜昌,宜昌,67.4,matched,,宜昌市,156420500,unique_exact_or_prefix,50626.7913251779
2024,宜春,宜春,54.2,matched,,宜春市,156360900,unique_exact_or_prefix,47519.0986130462
2024,宝鸡,宝鸡,54.6,matched,,宝鸡市,156610300,unique_exact_or_prefix,38158.9106260547
2024,宣城,宣城,44.4,matched,,宣城市,156341800,unique_exact_or_prefix,37884.4239829255
2024,宿州,宿州,51,matched,,宿州市,156341300,unique_exact_or_prefix,57205.6604525449
2024,宿迁,宿迁,63.7,matched,,宿迁市,156321300,unique_exact_or_prefix,80115.5896730119
2024,岳阳,岳阳,60.5,matched,,岳阳市,156430600,unique_exact_or_prefix,38203.3423390692
2024,崇左,崇左,39.6,matched,,崇左市,156451400,unique_exact_or_prefix,21064.292059983
2024,巴彦淖尔,巴彦淖尔,39.8,matched,,巴彦淖尔市,156150800,unique_exact_or_prefix,19335.6048164045
2024,巴音郭楞,巴音郭楞,41.5,matched,,巴音郭楞蒙古自治州,156652800,unique_exact_or_prefix,70148.0414708628
2024,常州,常州,73.3,matched,,常州市,156320400,unique_exact_or_prefix,158225.737390592
2024,常德,常德,63.2,matched,,常德市,156430700,unique_exact_or_prefix,31842.5322189499
2024,平顶山,平顶山,55,matched,,平顶山市,156410400,unique_exact_or_prefix,50292.6500421678
2024,广元,广元,38.8,matched,,广元市,156510800,unique_exact_or_prefix,16088.8483825029
2024,广安,广安,42.8,matched,,广安市,156511600,unique_exact_or_prefix,24262.1425873565
2024,广州,广州,88.5,matched,,广州市,156440100,unique_exact_or_prefix,332885.586175759
2024,庆阳,庆阳,39.3,matched,,庆阳市,156621000,unique_exact_or_prefix,31500.2961938316
2024,廊坊,廊坊,64.2,matched,,廊坊市,156131000,unique_exact_or_prefix,128524.105660052
2024,延安,延安,51.5,matched,,延安市,156610600,unique_exact_or_prefix,51891.2329545685
2024,开封,开封,57.2,matched,,开封市,156410200,unique_exact_or_prefix,59463.0329764731
2024,张家口,张家口,50.8,matched,,张家口市,156130700,unique_exact_or_prefix,53983.194647623
2024,徐州,徐州,71.7,matched,,徐州市,156320300,unique_exact_or_prefix,144284.288055627
2024,德州,德州,63.1,matched,,德州市,156371400,unique_exact_or_prefix,67770.03927859
2024,德阳,德阳,58.2,matched,,德阳市,156510600,unique_exact_or_prefix,56943.0403972812
2024,忻州,忻州,43.1,matched,,忻州市,156140900,unique_exact_or_prefix,41325.303419072
2024,怀化,怀化,46.3,matched,,怀化市,156431200,unique_exact_or_prefix,18947.9451164091
2024,恩施,恩施,41.7,matched,,恩施土家族苗族自治州,156422800,unique_exact_or_prefix,18775.2977973583
2024,惠州,惠州,69.3,matched,,惠州市,156441300,unique_exact_or_prefix,169690.497385523
2024,成都,成都,90.5,matched,,成都市,156510100,unique_exact_or_prefix,378168.2409886
2024,扬州,扬州,72.6,matched,,扬州市,156321000,unique_exact_or_prefix,115194.784031807
2024,承德,承德,49.8,matched,,承德市,156130800,unique_exact_or_prefix,37246.219567017
2024,抚州,抚州,46,matched,,抚州市,156361000,unique_exact_or_prefix,25289.0156057054
2024,拉萨,拉萨,58.1,matched,,拉萨市,156540100,unique_exact_or_prefix,36418.9418264796
2024,揭阳,揭阳,52.7,matched,,揭阳市,156445200,unique_exact_or_prefix,94744.0361375453
2024,攀枝花,攀枝花,43.7,matched,,攀枝花市,156510400,unique_exact_or_prefix,15206.3285717534
2024,文山,文山,39.9,matched,,文山壮族苗族自治州,156532600,unique_exact_or_prefix,20685.855169336
2024,新乡,新乡,57.9,matched,,新乡市,156410700,unique_exact_or_prefix,80723.3681450923
2024,新余,新余,41.2,matched,,新余市,156360500,unique_exact_or_prefix,11904.1442041023
2024,无锡,无锡,81.9,matched,,无锡市,156320200,unique_exact_or_prefix,212371.657002457
2024,日照,日照,53.1,matched,,日照市,156371100,unique_exact_or_prefix,37659.7253653381
2024,昆明,昆明,73.9,matched,,昆明市,156530100,unique_exact_or_prefix,148262.915364902
2024,昌吉,昌吉,50,matched,,昌吉回族自治州,156652300,unique_exact_or_prefix,98601.2110997883
2024,昭通,昭通,41.4,matched,,昭通市,156530600,unique_exact_or_prefix,28476.6479317226
2024,晋中,晋中,49.1,matched,,晋中市,156140700,unique_exact_or_prefix,66134.8666021333
2024,晋城,晋城,50.4,matched,,晋城市,156140500,unique_exact_or_prefix,43730.0273329553
2024,普洱,普洱,38.6,matched,,普洱市,156530800,unique_exact_or_prefix,11927.4373233159
2024,景德镇,景德镇,41.1,matched,,景德镇市,156360200,unique_exact_or_prefix,20275.1699437576
2024,曲靖,曲靖,58.3,matched,,曲靖市,156530300,unique_exact_or_prefix,52244.7019715968
2024,朔州,朔州,42.4,matched,,朔州市,156140600,unique_exact_or_prefix,49496.8370720069
2024,杭州,杭州,93.1,matched,,杭州市,156330100,unique_exact_or_prefix,310842.57949906
2024,枣庄,枣庄,50.9,matched,,枣庄市,156370400,unique_exact_or_prefix,46532.551707645
2024,柳州,柳州,64.9,matched,,柳州市,156450200,unique_exact_or_prefix,42417.1553084046
2024,株洲,株洲,56.9,matched,,株洲市,156430200,unique_exact_or_prefix,27997.387433578
2024,桂林,桂林,55.6,matched,,桂林市,156450300,unique_exact_or_prefix,29615.1871882088
2024,梅州,梅州,42.6,matched,,梅州市,156441400,unique_exact_or_prefix,35488.185216525
2024,梧州,梧州,42.5,matched,,梧州市,156450400,unique_exact_or_prefix,18644.564530424
2024,楚雄,楚雄,42.1,matched,,楚雄彝族自治州,156532300,unique_exact_or_prefix,24269.8207080818
2024,榆林,榆林,62.8,matched,,榆林市,156610800,unique_exact_or_prefix,158401.662327517
2024,武汉,武汉,83.4,matched,,武汉市,156420100,unique_exact_or_prefix,279651.861171562
2024,毕节,毕节,48.6,matched,,毕节市,156520500,unique_exact_or_prefix,26515.2569217443
2024,永州,永州,51.6,matched,,永州市,156431100,unique_exact_or_prefix,24379.9148172935
2024,汉中,汉中,50.7,matched,,汉中市,156610700,unique_exact_or_prefix,31163.4409320317
2024,汕头,汕头,62.8,matched,,汕头市,156440500,unique_exact_or_prefix,98052.076727632
2024,汕尾,汕尾,41.7,matched,,汕尾市,156441500,unique_exact_or_prefix,55199.0279035933
2024,江门,江门,64.1,matched,,江门市,156440700,unique_exact_or_prefix,106884.514962926
2024,池州,池州,42.5,matched,,池州市,156341700,unique_exact_or_prefix,18052.3791744555
2024,沈阳,沈阳,74.1,matched,,沈阳市,156210100,unique_exact_or_prefix,184701.251037956
2024,沧州,沧州,64.6,matched,,沧州市,156130900,unique_exact_or_prefix,113474.272752714
2024,河池,河池,38.5,matched,,河池市,156451200,unique_exact_or_prefix,12332.4053649842
2024,河源,河源,40.9,matched,,河源市,156441600,unique_exact_or_prefix,33040.0752074999
2024,泉州,泉州,74.4,matched,,泉州市,156350500,unique_exact_or_prefix,215492.658428392
2024,泰安,泰安,58.7,matched,,泰安市,156370900,unique_exact_or_prefix,52016.7469191383
2024,泰州,泰州,68.5,matched,,泰州市,156321200,unique_exact_or_prefix,119085.147823209
2024,泸州,泸州,52.2,matched,,泸州市,156510500,unique_exact_or_prefix,25374.9003579004
2024,洛阳,洛阳,66.3,matched,,洛阳市,156410300,unique_exact_or_prefix,95482.4309490302
2024,济南,济南,79.9,matched,,济南市,156370100,unique_exact_or_prefix,180222.75005933
2024,济宁,济宁,65.4,matched,,济宁市,156370800,unique_exact_or_prefix,97659.1876091429
2024,海口,海口,62.9,matched,,海口市,156460100,unique_exact_or_prefix,48232.5783889397
2024,淄博,淄博,70.3,matched,,淄博市,156370300,unique_exact_or_prefix,86732.8630100563
2024,淮北,淮北,41.8,matched,,淮北市,156340600,unique_exact_or_prefix,29507.0644469495
2024,淮南,淮南,43.6,matched,,淮南市,156340400,unique_exact_or_prefix,43718.9473812365
2024,淮安,淮安,67.7,matched,,淮安市,156320800,unique_exact_or_prefix,95208.3696925888
2024,深圳,深圳,92.2,matched,,深圳市,156440300,unique_exact_or_prefix,220171.53018901
2024,清远,清远,49.9,matched,,清远市,156441800,unique_exact_or_prefix,58485.2183867118
2024,温州,温州,74.7,matched,,温州市,156330300,unique_exact_or_prefix,197817.84879441
2024,渭南,渭南,47.5,matched,,渭南市,156610500,unique_exact_or_prefix,49588.1593711984
2024,湖州,湖州,64,matched,,湖州市,156330500,unique_exact_or_prefix,119880.56210357
2024,湘潭,湘潭,52.8,matched,,湘潭市,156430300,unique_exact_or_prefix,27161.3744788749
2024,湛江,湛江,63,matched,,湛江市,156440800,unique_exact_or_prefix,98551.4028126595
2024,滁州,滁州,57.4,matched,,滁州市,156341100,unique_exact_or_prefix,93755.4712512956
2024,滨州,滨州,60.2,matched,,滨州市,156371600,unique_exact_or_prefix,91395.8237028314
2024,漯河,漯河,48.1,matched,,漯河市,156411100,unique_exact_or_prefix,33359.2776418934
2024,漳州,漳州,66.6,matched,,漳州市,156350600,unique_exact_or_prefix,128501.190647054
2024,潍坊,潍坊,73.7,matched,,潍坊市,156370700,unique_exact_or_prefix,152720.169194021
2024,潮州,潮州,43.1,matched,,潮州市,156445100,unique_exact_or_prefix,45228.9359659457
2024,濮阳,濮阳,45.2,matched,,濮阳市,156410900,unique_exact_or_prefix,48072.8219776874
2024,烟台,烟台,75.5,matched,,烟台市,156370600,unique_exact_or_prefix,126277.501528396
2024,焦作,焦作,54,matched,,焦作市,156410800,unique_exact_or_prefix,44357.3381721983
2024,牡丹江,牡丹江,43.7,matched,,牡丹江市,156231000,unique_exact_or_prefix,22986.3506887277
2024,玉林,玉林,49.6,matched,,玉林市,156450900,unique_exact_or_prefix,32414.223473518
2024,玉溪,玉溪,54.4,matched,,玉溪市,156530400,unique_exact_or_prefix,28018.0309109711
2024,珠海,珠海,68.2,matched,,珠海市,156440400,unique_exact_or_prefix,67511.8360570389
2024,百色,百色,42.8,matched,,百色市,156451000,unique_exact_or_prefix,23375.3172461454
2024,益阳,益阳,51.9,matched,,益阳市,156430900,unique_exact_or_prefix,18272.4297557461
2024,盐城,盐城,64.8,matched,,盐城市,156320900,unique_exact_or_prefix,154083.42539811
2024,盘锦,盘锦,44.2,matched,,盘锦市,156211100,unique_exact_or_prefix,38798.8774420271
2024,眉山,眉山,43,matched,,眉山市,156511400,unique_exact_or_prefix,41759.900682045
2024,石家庄,石家庄,70.7,matched,,石家庄市,156130100,unique_exact_or_prefix,158211.653828556
2024,福州,福州,81.6,matched,,福州市,156350100,unique_exact_or_prefix,164842.773181529
2024,秦皇岛,秦皇岛,51.9,matched,,秦皇岛市,156130300,unique_exact_or_prefix,46585.7762101921
2024,红河,红河,51.8,matched,,红河哈尼族彝族自治州,156532500,unique_exact_or_prefix,39185.9917178131
2024,绍兴,绍兴,72.7,matched,,绍兴市,156330600,unique_exact_or_prefix,145528.742743662
2024,绥化,绥化,40.7,matched,,绥化市,156231200,unique_exact_or_prefix,25310.1460591816
2024,绵阳,绵阳,64.9,matched,,绵阳市,156510700,unique_exact_or_prefix,55550.8058772466
2024,聊城,聊城,52.6,matched,,聊城市,156371500,unique_exact_or_prefix,74746.7076270721
2024,肇庆,肇庆,55.6,matched,,肇庆市,156441200,unique_exact_or_prefix,64708.6183423884
2024,自贡,自贡,44.5,matched,,自贡市,156510300,unique_exact_or_prefix,21387.1698910367
2024,舟山,舟山,43.5,matched,,舟山市,156330900,unique_exact_or_prefix,36820.1885848125
2024,芜湖,芜湖,67.1,matched,,芜湖市,156340200,unique_exact_or_prefix,80385.0655345468
2024,苏州,苏州,83.8,matched,,苏州市,156320500,unique_exact_or_prefix,476015.745939504
2024,茂名,茂名,58.6,matched,,茂名市,156440900,unique_exact_or_prefix,61998.0345476006
2024,荆州,荆州,52,matched,,荆州市,156421000,unique_exact_or_prefix,48883.8882451632
2024,荆门,荆门,50.6,matched,,荆门市,156420800,unique_exact_or_prefix,21724.6159685392
2024,莆田,莆田,54.7,matched,,莆田市,156350300,unique_exact_or_prefix,60634.206285502
2024,菏泽,菏泽,63.8,matched,,菏泽市,156371700,unique_exact_or_prefix,103350.977013723
2024,萍乡,萍乡,40.2,matched,,萍乡市,156360300,unique_exact_or_prefix,11011.2867643398
2024,营口,营口,43.4,matched,,营口市,156210800,unique_exact_or_prefix,44322.8330927199
2024,蚌埠,蚌埠,51.4,matched,,蚌埠市,156340300,unique_exact_or_prefix,40564.3750022407
2024,衡水,衡水,51.7,matched,,衡水市,156131100,unique_exact_or_prefix,34335.8222321898
2024,衡阳,衡阳,59.8,matched,,衡阳市,156430400,unique_exact_or_prefix,29181.5568578412
2024,衢州,衢州,46.8,matched,,衢州市,156330800,unique_exact_or_prefix,47498.2257967458
2024,襄阳,襄阳,66.9,matched,,襄阳市,156420600,unique_exact_or_prefix,49683.705691835
2024,西宁,西宁,59.1,matched,,西宁市,156630100,unique_exact_or_prefix,49226.2648081934
2024,西安,西安,76.3,matched,,西安市,156610100,unique_exact_or_prefix,254763.818945268
2024,许昌,许昌,59,matched,,许昌市,156411000,unique_exact_or_prefix,41231.5002371975
2024,贵港,贵港,42.8,matched,,贵港市,156450800,unique_exact_or_prefix,23139.6712852665
2024,贵阳,贵阳,71.5,matched,,贵阳市,156520100,unique_exact_or_prefix,69352.544260989
2024,资阳,资阳,38.3,matched,,资阳市,156512000,unique_exact_or_prefix,16012.6678290872
2024,赣州,赣州,61.3,matched,,赣州市,156360700,unique_exact_or_prefix,77234.7864396647
2024,赤峰,赤峰,50.2,matched,,赤峰市,156150400,unique_exact_or_prefix,54641.6406893922
2024,辽源,辽源,40.4,matched,,辽源市,156220400,unique_exact_or_prefix,15709.083481978
2024,达州,达州,51.1,matched,,达州市,156511700,unique_exact_or_prefix,32954.969563868
2024,运城,运城,49.3,matched,,运城市,156140800,unique_exact_or_prefix,54274.1180038102
2024,连云港,连云港,66.4,matched,,连云港市,156320700,unique_exact_or_prefix,77391.7338494081
2024,通辽,通辽,43.6,matched,,通辽市,156150500,unique_exact_or_prefix,36819.5758640976
2024,遂宁,遂宁,42.3,matched,,遂宁市,156510900,unique_exact_or_prefix,35013.8386475025
2024,遵义,遵义,64.5,matched,,遵义市,156520300,unique_exact_or_prefix,45737.7772118064
2024,邢台,邢台,53.7,matched,,邢台市,156130500,unique_exact_or_prefix,77066.5024138016
2024,邯郸,邯郸,63.9,matched,,邯郸市,156130400,unique_exact_or_prefix,89368.5149750812
2024,邵阳,邵阳,52.5,matched,,邵阳市,156430500,unique_exact_or_prefix,22008.843425553
2024,郑州,郑州,82.3,matched,,郑州市,156410100,unique_exact_or_prefix,233266.332478562
2024,郴州,郴州,53,matched,,郴州市,156431000,unique_exact_or_prefix,21331.8700158026
2024,鄂尔多斯,鄂尔多斯,62.6,matched,,鄂尔多斯市,156150600,unique_exact_or_prefix,101480.480355701
2024,鄂州,鄂州,43.2,matched,,鄂州市,156420700,unique_exact_or_prefix,29512.5829543796
2024,酒泉,酒泉,43.2,matched,,酒泉市,156620900,unique_exact_or_prefix,36912.734820565
2024,重庆,重庆,84.3,matched,,重庆市,156500000,unique_exact_or_prefix,333637.225057578
2024,金华,金华,69.8,matched,,金华市,156330700,unique_exact_or_prefix,201708.339066537
2024,钦州,钦州,47.1,matched,,钦州市,156450700,unique_exact_or_prefix,24353.0760765431
2024,铜仁,铜仁,42.8,matched,,铜仁市,156520600,unique_exact_or_prefix,20467.4755714477
2024,铜川,铜川,42.9,matched,,铜川市,156610200,unique_exact_or_prefix,11548.5994031228
2024,铜陵,铜陵,58.5,matched,,铜陵市,156340700,unique_exact_or_prefix,18225.2288901474
2024,银川,银川,57.5,matched,,银川市,156640100,unique_exact_or_prefix,120743.84520567
2024,锡林郭勒,锡林郭勒,40.1,matched,,锡林郭勒盟,156152500,unique_exact_or_prefix,33610.2029975068
2024,锦州,锦州,40.4,matched,,锦州市,156210700,unique_exact_or_prefix,31409.9724044463
2024,镇江,镇江,69.2,matched,,镇江市,156321100,unique_exact_or_prefix,81330.218747376
2024,长春,长春,68.3,matched,,长春市,156220100,unique_exact_or_prefix,248974.250462805
2024,长沙,长沙,77.8,matched,,长沙市,156430100,unique_exact_or_prefix,174553.621235457
2024,长治,长治,51.7,matched,,长治市,156140400,unique_exact_or_prefix,71627.346164342
2024,阜阳,阜阳,56.8,matched,,阜阳市,156341200,unique_exact_or_prefix,109759.50149963
2024,阳江,阳江,45.7,matched,,阳江市,156441700,unique_exact_or_prefix,37620.5705515408
2024,阳泉,阳泉,39.2,matched,,阳泉市,156140300,unique_exact_or_prefix,18532.2961737647
2024,阿克苏,阿克苏,43.3,matched,,阿克苏地区,156652900,unique_exact_or_prefix,93384.2787824299
2024,随州,随州,42.9,matched,,随州市,156421300,unique_exact_or_prefix,13508.6788924876
2024,雅安,雅安,40.5,matched,,雅安市,156511800,unique_exact_or_prefix,10568.0602570482
2024,青岛,青岛,78.5,matched,,青岛市,156370200,unique_exact_or_prefix,216359.485274586
2024,鞍山,鞍山,50.3,matched,,鞍山市,156210300,unique_exact_or_prefix,44279.6240278029
2024,韶关,韶关,45.4,matched,,韶关市,156440200,unique_exact_or_prefix,37341.6509789308
2024,马鞍山,马鞍山,52.5,matched,,马鞍山市,156340500,unique_exact_or_prefix,45709.4526696481
2024,驻马店,驻马店,53.8,matched,,驻马店市,156411700,unique_exact_or_prefix,67768.9985214556
2024,鹤壁,鹤壁,42.7,matched,,鹤壁市,156410600,unique_exact_or_prefix,22883.8564942912
2024,鹰潭,鹰潭,41.8,matched,,鹰潭市,156360600,unique_exact_or_prefix,14248.4121242752
2024,黄冈,黄冈,52.1,matched,,黄冈市,156421100,unique_exact_or_prefix,43926.4482009818
2024,黄山,黄山,43,matched,,黄山市,156341000,unique_exact_or_prefix,7819.34120836024
2024,黄石,黄石,50.5,matched,,黄石市,156420200,unique_exact_or_prefix,30134.3727534635
2024,黔东南,黔东南,41,matched,,黔东南苗族侗族自治州,156522600,unique_exact_or_prefix,22721.3611388959
2024,黔南,黔南,47.3,matched,,黔南布依族苗族自治州,156522700,unique_exact_or_prefix,27961.5980131467
2024,黔西南州,黔西南州,42.6,matched,,黔西南布依族苗族自治州,156522300,explicit_alias,13759.8058304955
2024,齐齐哈尔,齐齐哈尔,53.5,matched,,齐齐哈尔市,156230200,unique_exact_or_prefix,42784.9320511196
2024,龙岩,龙岩,55.3,matched,,龙岩市,156350800,unique_exact_or_prefix,36566.1780512267
