city,year,dei,tntl,dei_source,boundary_source,ntl_product,preprocessing_id,label_city,boundary_name,boundary_gb,match_method,year_semantics
北京市,2017,83.3,361065.607892292,H3C live AllCityOneInfo API snapshot matched to workbook; workbook_sha256=6C7ABE1A06917FBF9BEEE26C7462ED00557EA038A5374DFC0EDA9BEB240AB753; model-year semantics follow the user's explicit instruction that IndexYear is the DEI year,projects/empyrean-caster-430308-m2/assets/city; update_time=2024-10-08T06:01:06.845098Z; source/licence/reference-year unresolved; one static layer used for all years,projects/sat-io/open-datasets/npp-viirs-ntl band=b1,longntl_annual_native500m_positive_pixel_sum_v1,北京,北京市,156110000,unique_exact_or_prefix,H3C IndexYear paired to same LongNTL calendar year by user instruction
天津市,2017,78.1,328648.435332313,H3C live AllCityOneInfo API snapshot matched to workbook; workbook_sha256=6C7ABE1A06917FBF9BEEE26C7462ED00557EA038A5374DFC0EDA9BEB240AB753; model-year semantics follow the user's explicit instruction that IndexYear is the DEI year,projects/empyrean-caster-430308-m2/assets/city; update_time=2024-10-08T06:01:06.845098Z; source/licence/reference-year unresolved; one static layer used for all years,projects/sat-io/open-datasets/npp-viirs-ntl band=b1,longntl_annual_native500m_positive_pixel_sum_v1,天津,天津市,156120000,unique_exact_or_prefix,H3C IndexYear paired to same LongNTL calendar year by user instruction
石家庄市,2017,58.6,82943.7459755191,H3C live AllCityOneInfo API snapshot matched to workbook; workbook_sha256=6C7ABE1A06917FBF9BEEE26C7462ED00557EA038A5374DFC0EDA9BEB240AB753; model-year semantics follow the user's explicit instruction that IndexYear is the DEI year,projects/empyrean-caster-430308-m2/assets/city; update_time=2024-10-08T06:01:06.845098Z; source/licence/reference-year unresolved; one static layer used for all years,projects/sat-io/open-datasets/npp-viirs-ntl band=b1,longntl_annual_native500m_positive_pixel_sum_v1,石家庄,石家庄市,156130100,unique_exact_or_prefix,H3C IndexYear paired to same LongNTL calendar year by user instruction
唐山市,2017,60.4,119270.7777141,H3C live AllCityOneInfo API snapshot matched to workbook; workbook_sha256=6C7ABE1A06917FBF9BEEE26C7462ED00557EA038A5374DFC0EDA9BEB240AB753; model-year semantics follow the user's explicit instruction that IndexYear is the DEI year,projects/empyrean-caster-430308-m2/assets/city; update_time=2024-10-08T06:01:06.845098Z; source/licence/reference-year unresolved; one static layer used for all years,projects/sat-io/open-datasets/npp-viirs-ntl band=b1,longntl_annual_native500m_positive_pixel_sum_v1,唐山,唐山市,156130200,unique_exact_or_prefix,H3C IndexYear paired to same LongNTL calendar year by user instruction
太原市,2017,56.3,94649.2634124083,H3C live AllCityOneInfo API snapshot matched to workbook; workbook_sha256=6C7ABE1A06917FBF9BEEE26C7462ED00557EA038A5374DFC0EDA9BEB240AB753; model-year semantics follow the user's explicit instruction that IndexYear is the DEI year,projects/empyrean-caster-430308-m2/assets/city; update_time=2024-10-08T06:01:06.845098Z; source/licence/reference-year unresolved; one static layer used for all years,projects/sat-io/open-datasets/npp-viirs-ntl band=b1,longntl_annual_native500m_positive_pixel_sum_v1,太原,太原市,156140100,unique_exact_or_prefix,H3C IndexYear paired to same LongNTL calendar year by user instruction
呼和浩特市,2017,63.8,78638.2513221488,H3C live AllCityOneInfo API snapshot matched to workbook; workbook_sha256=6C7ABE1A06917FBF9BEEE26C7462ED00557EA038A5374DFC0EDA9BEB240AB753; model-year semantics follow the user's explicit instruction that IndexYear is the DEI year,projects/empyrean-caster-430308-m2/assets/city; update_time=2024-10-08T06:01:06.845098Z; source/licence/reference-year unresolved; one static layer used for all years,projects/sat-io/open-datasets/npp-viirs-ntl band=b1,longntl_annual_native500m_positive_pixel_sum_v1,呼和浩特,呼和浩特市,156150100,unique_exact_or_prefix,H3C IndexYear paired to same LongNTL calendar year by user instruction
包头市,2017,50.1,49814.6896987719,H3C live AllCityOneInfo API snapshot matched to workbook; workbook_sha256=6C7ABE1A06917FBF9BEEE26C7462ED00557EA038A5374DFC0EDA9BEB240AB753; model-year semantics follow the user's explicit instruction that IndexYear is the DEI year,projects/empyrean-caster-430308-m2/assets/city; update_time=2024-10-08T06:01:06.845098Z; source/licence/reference-year unresolved; one static layer used for all years,projects/sat-io/open-datasets/npp-viirs-ntl band=b1,longntl_annual_native500m_positive_pixel_sum_v1,包头,包头市,156150200,unique_exact_or_prefix,H3C IndexYear paired to same LongNTL calendar year by user instruction
沈阳市,2017,70.5,147291.380863254,H3C live AllCityOneInfo API snapshot matched to workbook; workbook_sha256=6C7ABE1A06917FBF9BEEE26C7462ED00557EA038A5374DFC0EDA9BEB240AB753; model-year semantics follow the user's explicit instruction that IndexYear is the DEI year,projects/empyrean-caster-430308-m2/assets/city; update_time=2024-10-08T06:01:06.845098Z; source/licence/reference-year unresolved; one static layer used for all years,projects/sat-io/open-datasets/npp-viirs-ntl band=b1,longntl_annual_native500m_positive_pixel_sum_v1,沈阳,沈阳市,156210100,unique_exact_or_prefix,H3C IndexYear paired to same LongNTL calendar year by user instruction
大连市,2017,68.2,88836.691302745,H3C live AllCityOneInfo API snapshot matched to workbook; workbook_sha256=6C7ABE1A06917FBF9BEEE26C7462ED00557EA038A5374DFC0EDA9BEB240AB753; model-year semantics follow the user's explicit instruction that IndexYear is the DEI year,projects/empyrean-caster-430308-m2/assets/city; update_time=2024-10-08T06:01:06.845098Z; source/licence/reference-year unresolved; one static layer used for all years,projects/sat-io/open-datasets/npp-viirs-ntl band=b1,longntl_annual_native500m_positive_pixel_sum_v1,大连,大连市,156210200,unique_exact_or_prefix,H3C IndexYear paired to same LongNTL calendar year by user instruction
长春市,2017,65.4,136405.106985306,H3C live AllCityOneInfo API snapshot matched to workbook; workbook_sha256=6C7ABE1A06917FBF9BEEE26C7462ED00557EA038A5374DFC0EDA9BEB240AB753; model-year semantics follow the user's explicit instruction that IndexYear is the DEI year,projects/empyrean-caster-430308-m2/assets/city; update_time=2024-10-08T06:01:06.845098Z; source/licence/reference-year unresolved; one static layer used for all years,projects/sat-io/open-datasets/npp-viirs-ntl band=b1,longntl_annual_native500m_positive_pixel_sum_v1,长春,长春市,156220100,unique_exact_or_prefix,H3C IndexYear paired to same LongNTL calendar year by user instruction
哈尔滨市,2017,67.6,108180.58180402,H3C live AllCityOneInfo API snapshot matched to workbook; workbook_sha256=6C7ABE1A06917FBF9BEEE26C7462ED00557EA038A5374DFC0EDA9BEB240AB753; model-year semantics follow the user's explicit instruction that IndexYear is the DEI year,projects/empyrean-caster-430308-m2/assets/city; update_time=2024-10-08T06:01:06.845098Z; source/licence/reference-year unresolved; one static layer used for all years,projects/sat-io/open-datasets/npp-viirs-ntl band=b1,longntl_annual_native500m_positive_pixel_sum_v1,哈尔滨,哈尔滨市,156230100,unique_exact_or_prefix,H3C IndexYear paired to same LongNTL calendar year by user instruction
上海市,2017,83.8,473376.166910915,H3C live AllCityOneInfo API snapshot matched to workbook; workbook_sha256=6C7ABE1A06917FBF9BEEE26C7462ED00557EA038A5374DFC0EDA9BEB240AB753; model-year semantics follow the user's explicit instruction that IndexYear is the DEI year,projects/empyrean-caster-430308-m2/assets/city; update_time=2024-10-08T06:01:06.845098Z; source/licence/reference-year unresolved; one static layer used for all years,projects/sat-io/open-datasets/npp-viirs-ntl band=b1,longntl_annual_native500m_positive_pixel_sum_v1,上海,上海市,156310000,unique_exact_or_prefix,H3C IndexYear paired to same LongNTL calendar year by user instruction
南京市,2017,77,165677.620817396,H3C live AllCityOneInfo API snapshot matched to workbook; workbook_sha256=6C7ABE1A06917FBF9BEEE26C7462ED00557EA038A5374DFC0EDA9BEB240AB753; model-year semantics follow the user's explicit instruction that IndexYear is the DEI year,projects/empyrean-caster-430308-m2/assets/city; update_time=2024-10-08T06:01:06.845098Z; source/licence/reference-year unresolved; one static layer used for all years,projects/sat-io/open-datasets/npp-viirs-ntl band=b1,longntl_annual_native500m_positive_pixel_sum_v1,南京,南京市,156320100,unique_exact_or_prefix,H3C IndexYear paired to same LongNTL calendar year by user instruction
无锡市,2017,77.1,158012.23537752,H3C live AllCityOneInfo API snapshot matched to workbook; workbook_sha256=6C7ABE1A06917FBF9BEEE26C7462ED00557EA038A5374DFC0EDA9BEB240AB753; model-year semantics follow the user's explicit instruction that IndexYear is the DEI year,projects/empyrean-caster-430308-m2/assets/city; update_time=2024-10-08T06:01:06.845098Z; source/licence/reference-year unresolved; one static layer used for all years,projects/sat-io/open-datasets/npp-viirs-ntl band=b1,longntl_annual_native500m_positive_pixel_sum_v1,无锡,无锡市,156320200,unique_exact_or_prefix,H3C IndexYear paired to same LongNTL calendar year by user instruction
苏州市,2017,74.9,387505.669333108,H3C live AllCityOneInfo API snapshot matched to workbook; workbook_sha256=6C7ABE1A06917FBF9BEEE26C7462ED00557EA038A5374DFC0EDA9BEB240AB753; model-year semantics follow the user's explicit instruction that IndexYear is the DEI year,projects/empyrean-caster-430308-m2/assets/city; update_time=2024-10-08T06:01:06.845098Z; source/licence/reference-year unresolved; one static layer used for all years,projects/sat-io/open-datasets/npp-viirs-ntl band=b1,longntl_annual_native500m_positive_pixel_sum_v1,苏州,苏州市,156320500,unique_exact_or_prefix,H3C IndexYear paired to same LongNTL calendar year by user instruction
杭州市,2017,78.3,195234.294729891,H3C live AllCityOneInfo API snapshot matched to workbook; workbook_sha256=6C7ABE1A06917FBF9BEEE26C7462ED00557EA038A5374DFC0EDA9BEB240AB753; model-year semantics follow the user's explicit instruction that IndexYear is the DEI year,projects/empyrean-caster-430308-m2/assets/city; update_time=2024-10-08T06:01:06.845098Z; source/licence/reference-year unresolved; one static layer used for all years,projects/sat-io/open-datasets/npp-viirs-ntl band=b1,longntl_annual_native500m_positive_pixel_sum_v1,杭州,杭州市,156330100,unique_exact_or_prefix,H3C IndexYear paired to same LongNTL calendar year by user instruction
宁波市,2017,78.9,203363.095709914,H3C live AllCityOneInfo API snapshot matched to workbook; workbook_sha256=6C7ABE1A06917FBF9BEEE26C7462ED00557EA038A5374DFC0EDA9BEB240AB753; model-year semantics follow the user's explicit instruction that IndexYear is the DEI year,projects/empyrean-caster-430308-m2/assets/city; update_time=2024-10-08T06:01:06.845098Z; source/licence/reference-year unresolved; one static layer used for all years,projects/sat-io/open-datasets/npp-viirs-ntl band=b1,longntl_annual_native500m_positive_pixel_sum_v1,宁波,宁波市,156330200,unique_exact_or_prefix,H3C IndexYear paired to same LongNTL calendar year by user instruction
合肥市,2017,62.9,141084.270089882,H3C live AllCityOneInfo API snapshot matched to workbook; workbook_sha256=6C7ABE1A06917FBF9BEEE26C7462ED00557EA038A5374DFC0EDA9BEB240AB753; model-year semantics follow the user's explicit instruction that IndexYear is the DEI year,projects/empyrean-caster-430308-m2/assets/city; update_time=2024-10-08T06:01:06.845098Z; source/licence/reference-year unresolved; one static layer used for all years,projects/sat-io/open-datasets/npp-viirs-ntl band=b1,longntl_annual_native500m_positive_pixel_sum_v1,合肥,合肥市,156340100,unique_exact_or_prefix,H3C IndexYear paired to same LongNTL calendar year by user instruction
福州市,2017,66.3,114376.511591635,H3C live AllCityOneInfo API snapshot matched to workbook; workbook_sha256=6C7ABE1A06917FBF9BEEE26C7462ED00557EA038A5374DFC0EDA9BEB240AB753; model-year semantics follow the user's explicit instruction that IndexYear is the DEI year,projects/empyrean-caster-430308-m2/assets/city; update_time=2024-10-08T06:01:06.845098Z; source/licence/reference-year unresolved; one static layer used for all years,projects/sat-io/open-datasets/npp-viirs-ntl band=b1,longntl_annual_native500m_positive_pixel_sum_v1,福州,福州市,156350100,unique_exact_or_prefix,H3C IndexYear paired to same LongNTL calendar year by user instruction
厦门市,2017,76.3,79767.3094256177,H3C live AllCityOneInfo API snapshot matched to workbook; workbook_sha256=6C7ABE1A06917FBF9BEEE26C7462ED00557EA038A5374DFC0EDA9BEB240AB753; model-year semantics follow the user's explicit instruction that IndexYear is the DEI year,projects/empyrean-caster-430308-m2/assets/city; update_time=2024-10-08T06:01:06.845098Z; source/licence/reference-year unresolved; one static layer used for all years,projects/sat-io/open-datasets/npp-viirs-ntl band=b1,longntl_annual_native500m_positive_pixel_sum_v1,厦门,厦门市,156350200,unique_exact_or_prefix,H3C IndexYear paired to same LongNTL calendar year by user instruction
泉州市,2017,64.9,145908.378654359,H3C live AllCityOneInfo API snapshot matched to workbook; workbook_sha256=6C7ABE1A06917FBF9BEEE26C7462ED00557EA038A5374DFC0EDA9BEB240AB753; model-year semantics follow the user's explicit instruction that IndexYear is the DEI year,projects/empyrean-caster-430308-m2/assets/city; update_time=2024-10-08T06:01:06.845098Z; source/licence/reference-year unresolved; one static layer used for all years,projects/sat-io/open-datasets/npp-viirs-ntl band=b1,longntl_annual_native500m_positive_pixel_sum_v1,泉州,泉州市,156350500,unique_exact_or_prefix,H3C IndexYear paired to same LongNTL calendar year by user instruction
南昌市,2017,69.5,53496.2051136438,H3C live AllCityOneInfo API snapshot matched to workbook; workbook_sha256=6C7ABE1A06917FBF9BEEE26C7462ED00557EA038A5374DFC0EDA9BEB240AB753; model-year semantics follow the user's explicit instruction that IndexYear is the DEI year,projects/empyrean-caster-430308-m2/assets/city; update_time=2024-10-08T06:01:06.845098Z; source/licence/reference-year unresolved; one static layer used for all years,projects/sat-io/open-datasets/npp-viirs-ntl band=b1,longntl_annual_native500m_positive_pixel_sum_v1,南昌,南昌市,156360100,unique_exact_or_prefix,H3C IndexYear paired to same LongNTL calendar year by user instruction
济南市,2017,73.9,103397.695221756,H3C live AllCityOneInfo API snapshot matched to workbook; workbook_sha256=6C7ABE1A06917FBF9BEEE26C7462ED00557EA038A5374DFC0EDA9BEB240AB753; model-year semantics follow the user's explicit instruction that IndexYear is the DEI year,projects/empyrean-caster-430308-m2/assets/city; update_time=2024-10-08T06:01:06.845098Z; source/licence/reference-year unresolved; one static layer used for all years,projects/sat-io/open-datasets/npp-viirs-ntl band=b1,longntl_annual_native500m_positive_pixel_sum_v1,济南,济南市,156370100,unique_exact_or_prefix,H3C IndexYear paired to same LongNTL calendar year by user instruction
青岛市,2017,74.9,136400.61523303,H3C live AllCityOneInfo API snapshot matched to workbook; workbook_sha256=6C7ABE1A06917FBF9BEEE26C7462ED00557EA038A5374DFC0EDA9BEB240AB753; model-year semantics follow the user's explicit instruction that IndexYear is the DEI year,projects/empyrean-caster-430308-m2/assets/city; update_time=2024-10-08T06:01:06.845098Z; source/licence/reference-year unresolved; one static layer used for all years,projects/sat-io/open-datasets/npp-viirs-ntl band=b1,longntl_annual_native500m_positive_pixel_sum_v1,青岛,青岛市,156370200,unique_exact_or_prefix,H3C IndexYear paired to same LongNTL calendar year by user instruction
烟台市,2017,63,79238.5335269507,H3C live AllCityOneInfo API snapshot matched to workbook; workbook_sha256=6C7ABE1A06917FBF9BEEE26C7462ED00557EA038A5374DFC0EDA9BEB240AB753; model-year semantics follow the user's explicit instruction that IndexYear is the DEI year,projects/empyrean-caster-430308-m2/assets/city; update_time=2024-10-08T06:01:06.845098Z; source/licence/reference-year unresolved; one static layer used for all years,projects/sat-io/open-datasets/npp-viirs-ntl band=b1,longntl_annual_native500m_positive_pixel_sum_v1,烟台,烟台市,156370600,unique_exact_or_prefix,H3C IndexYear paired to same LongNTL calendar year by user instruction
郑州市,2017,60.6,155401.534710343,H3C live AllCityOneInfo API snapshot matched to workbook; workbook_sha256=6C7ABE1A06917FBF9BEEE26C7462ED00557EA038A5374DFC0EDA9BEB240AB753; model-year semantics follow the user's explicit instruction that IndexYear is the DEI year,projects/empyrean-caster-430308-m2/assets/city; update_time=2024-10-08T06:01:06.845098Z; source/licence/reference-year unresolved; one static layer used for all years,projects/sat-io/open-datasets/npp-viirs-ntl band=b1,longntl_annual_native500m_positive_pixel_sum_v1,郑州,郑州市,156410100,unique_exact_or_prefix,H3C IndexYear paired to same LongNTL calendar year by user instruction
武汉市,2017,80,165671.421337938,H3C live AllCityOneInfo API snapshot matched to workbook; workbook_sha256=6C7ABE1A06917FBF9BEEE26C7462ED00557EA038A5374DFC0EDA9BEB240AB753; model-year semantics follow the user's explicit instruction that IndexYear is the DEI year,projects/empyrean-caster-430308-m2/assets/city; update_time=2024-10-08T06:01:06.845098Z; source/licence/reference-year unresolved; one static layer used for all years,projects/sat-io/open-datasets/npp-viirs-ntl band=b1,longntl_annual_native500m_positive_pixel_sum_v1,武汉,武汉市,156420100,unique_exact_or_prefix,H3C IndexYear paired to same LongNTL calendar year by user instruction
长沙市,2017,74.1,104917.715776521,H3C live AllCityOneInfo API snapshot matched to workbook; workbook_sha256=6C7ABE1A06917FBF9BEEE26C7462ED00557EA038A5374DFC0EDA9BEB240AB753; model-year semantics follow the user's explicit instruction that IndexYear is the DEI year,projects/empyrean-caster-430308-m2/assets/city; update_time=2024-10-08T06:01:06.845098Z; source/licence/reference-year unresolved; one static layer used for all years,projects/sat-io/open-datasets/npp-viirs-ntl band=b1,longntl_annual_native500m_positive_pixel_sum_v1,长沙,长沙市,156430100,unique_exact_or_prefix,H3C IndexYear paired to same LongNTL calendar year by user instruction
广州市,2017,83.3,207714.57128544,H3C live AllCityOneInfo API snapshot matched to workbook; workbook_sha256=6C7ABE1A06917FBF9BEEE26C7462ED00557EA038A5374DFC0EDA9BEB240AB753; model-year semantics follow the user's explicit instruction that IndexYear is the DEI year,projects/empyrean-caster-430308-m2/assets/city; update_time=2024-10-08T06:01:06.845098Z; source/licence/reference-year unresolved; one static layer used for all years,projects/sat-io/open-datasets/npp-viirs-ntl band=b1,longntl_annual_native500m_positive_pixel_sum_v1,广州,广州市,156440100,unique_exact_or_prefix,H3C IndexYear paired to same LongNTL calendar year by user instruction
深圳市,2017,84.9,149784.119658342,H3C live AllCityOneInfo API snapshot matched to workbook; workbook_sha256=6C7ABE1A06917FBF9BEEE26C7462ED00557EA038A5374DFC0EDA9BEB240AB753; model-year semantics follow the user's explicit instruction that IndexYear is the DEI year,projects/empyrean-caster-430308-m2/assets/city; update_time=2024-10-08T06:01:06.845098Z; source/licence/reference-year unresolved; one static layer used for all years,projects/sat-io/open-datasets/npp-viirs-ntl band=b1,longntl_annual_native500m_positive_pixel_sum_v1,深圳,深圳市,156440300,unique_exact_or_prefix,H3C IndexYear paired to same LongNTL calendar year by user instruction
佛山市,2017,69.8,128701.589701781,H3C live AllCityOneInfo API snapshot matched to workbook; workbook_sha256=6C7ABE1A06917FBF9BEEE26C7462ED00557EA038A5374DFC0EDA9BEB240AB753; model-year semantics follow the user's explicit instruction that IndexYear is the DEI year,projects/empyrean-caster-430308-m2/assets/city; update_time=2024-10-08T06:01:06.845098Z; source/licence/reference-year unresolved; one static layer used for all years,projects/sat-io/open-datasets/npp-viirs-ntl band=b1,longntl_annual_native500m_positive_pixel_sum_v1,佛山,佛山市,156440600,unique_exact_or_prefix,H3C IndexYear paired to same LongNTL calendar year by user instruction
东莞市,2017,68.8,148600.082488628,H3C live AllCityOneInfo API snapshot matched to workbook; workbook_sha256=6C7ABE1A06917FBF9BEEE26C7462ED00557EA038A5374DFC0EDA9BEB240AB753; model-year semantics follow the user's explicit instruction that IndexYear is the DEI year,projects/empyrean-caster-430308-m2/assets/city; update_time=2024-10-08T06:01:06.845098Z; source/licence/reference-year unresolved; one static layer used for all years,projects/sat-io/open-datasets/npp-viirs-ntl band=b1,longntl_annual_native500m_positive_pixel_sum_v1,东莞,东莞市,156441900,unique_exact_or_prefix,H3C IndexYear paired to same LongNTL calendar year by user instruction
南宁市,2017,61.8,74748.9553398806,H3C live AllCityOneInfo API snapshot matched to workbook; workbook_sha256=6C7ABE1A06917FBF9BEEE26C7462ED00557EA038A5374DFC0EDA9BEB240AB753; model-year semantics follow the user's explicit instruction that IndexYear is the DEI year,projects/empyrean-caster-430308-m2/assets/city; update_time=2024-10-08T06:01:06.845098Z; source/licence/reference-year unresolved; one static layer used for all years,projects/sat-io/open-datasets/npp-viirs-ntl band=b1,longntl_annual_native500m_positive_pixel_sum_v1,南宁,南宁市,156450100,unique_exact_or_prefix,H3C IndexYear paired to same LongNTL calendar year by user instruction
重庆市,2017,75.4,211617.391713589,H3C live AllCityOneInfo API snapshot matched to workbook; workbook_sha256=6C7ABE1A06917FBF9BEEE26C7462ED00557EA038A5374DFC0EDA9BEB240AB753; model-year semantics follow the user's explicit instruction that IndexYear is the DEI year,projects/empyrean-caster-430308-m2/assets/city; update_time=2024-10-08T06:01:06.845098Z; source/licence/reference-year unresolved; one static layer used for all years,projects/sat-io/open-datasets/npp-viirs-ntl band=b1,longntl_annual_native500m_positive_pixel_sum_v1,重庆,重庆市,156500000,unique_exact_or_prefix,H3C IndexYear paired to same LongNTL calendar year by user instruction
成都市,2017,80.4,243074.043914574,H3C live AllCityOneInfo API snapshot matched to workbook; workbook_sha256=6C7ABE1A06917FBF9BEEE26C7462ED00557EA038A5374DFC0EDA9BEB240AB753; model-year semantics follow the user's explicit instruction that IndexYear is the DEI year,projects/empyrean-caster-430308-m2/assets/city; update_time=2024-10-08T06:01:06.845098Z; source/licence/reference-year unresolved; one static layer used for all years,projects/sat-io/open-datasets/npp-viirs-ntl band=b1,longntl_annual_native500m_positive_pixel_sum_v1,成都,成都市,156510100,unique_exact_or_prefix,H3C IndexYear paired to same LongNTL calendar year by user instruction
贵阳市,2017,69.6,64425.3832335177,H3C live AllCityOneInfo API snapshot matched to workbook; workbook_sha256=6C7ABE1A06917FBF9BEEE26C7462ED00557EA038A5374DFC0EDA9BEB240AB753; model-year semantics follow the user's explicit instruction that IndexYear is the DEI year,projects/empyrean-caster-430308-m2/assets/city; update_time=2024-10-08T06:01:06.845098Z; source/licence/reference-year unresolved; one static layer used for all years,projects/sat-io/open-datasets/npp-viirs-ntl band=b1,longntl_annual_native500m_positive_pixel_sum_v1,贵阳,贵阳市,156520100,unique_exact_or_prefix,H3C IndexYear paired to same LongNTL calendar year by user instruction
昆明市,2017,63,121914.496404616,H3C live AllCityOneInfo API snapshot matched to workbook; workbook_sha256=6C7ABE1A06917FBF9BEEE26C7462ED00557EA038A5374DFC0EDA9BEB240AB753; model-year semantics follow the user's explicit instruction that IndexYear is the DEI year,projects/empyrean-caster-430308-m2/assets/city; update_time=2024-10-08T06:01:06.845098Z; source/licence/reference-year unresolved; one static layer used for all years,projects/sat-io/open-datasets/npp-viirs-ntl band=b1,longntl_annual_native500m_positive_pixel_sum_v1,昆明,昆明市,156530100,unique_exact_or_prefix,H3C IndexYear paired to same LongNTL calendar year by user instruction
西安市,2017,55.6,154131.725082557,H3C live AllCityOneInfo API snapshot matched to workbook; workbook_sha256=6C7ABE1A06917FBF9BEEE26C7462ED00557EA038A5374DFC0EDA9BEB240AB753; model-year semantics follow the user's explicit instruction that IndexYear is the DEI year,projects/empyrean-caster-430308-m2/assets/city; update_time=2024-10-08T06:01:06.845098Z; source/licence/reference-year unresolved; one static layer used for all years,projects/sat-io/open-datasets/npp-viirs-ntl band=b1,longntl_annual_native500m_positive_pixel_sum_v1,西安,西安市,156610100,unique_exact_or_prefix,H3C IndexYear paired to same LongNTL calendar year by user instruction
兰州市,2017,53.2,49951.3019165479,H3C live AllCityOneInfo API snapshot matched to workbook; workbook_sha256=6C7ABE1A06917FBF9BEEE26C7462ED00557EA038A5374DFC0EDA9BEB240AB753; model-year semantics follow the user's explicit instruction that IndexYear is the DEI year,projects/empyrean-caster-430308-m2/assets/city; update_time=2024-10-08T06:01:06.845098Z; source/licence/reference-year unresolved; one static layer used for all years,projects/sat-io/open-datasets/npp-viirs-ntl band=b1,longntl_annual_native500m_positive_pixel_sum_v1,兰州,兰州市,156620100,unique_exact_or_prefix,H3C IndexYear paired to same LongNTL calendar year by user instruction
乌鲁木齐市,2017,59.8,98939.709697082,H3C live AllCityOneInfo API snapshot matched to workbook; workbook_sha256=6C7ABE1A06917FBF9BEEE26C7462ED00557EA038A5374DFC0EDA9BEB240AB753; model-year semantics follow the user's explicit instruction that IndexYear is the DEI year,projects/empyrean-caster-430308-m2/assets/city; update_time=2024-10-08T06:01:06.845098Z; source/licence/reference-year unresolved; one static layer used for all years,projects/sat-io/open-datasets/npp-viirs-ntl band=b1,longntl_annual_native500m_positive_pixel_sum_v1,乌鲁木齐,乌鲁木齐市,156650100,unique_exact_or_prefix,H3C IndexYear paired to same LongNTL calendar year by user instruction
北京市,2018,87.9,370940.998060853,H3C live AllCityOneInfo API snapshot matched to workbook; workbook_sha256=6C7ABE1A06917FBF9BEEE26C7462ED00557EA038A5374DFC0EDA9BEB240AB753; model-year semantics follow the user's explicit instruction that IndexYear is the DEI year,projects/empyrean-caster-430308-m2/assets/city; update_time=2024-10-08T06:01:06.845098Z; source/licence/reference-year unresolved; one static layer used for all years,projects/sat-io/open-datasets/npp-viirs-ntl band=b1,longntl_annual_native500m_positive_pixel_sum_v1,北京,北京市,156110000,unique_exact_or_prefix,H3C IndexYear paired to same LongNTL calendar year by user instruction
天津市,2018,69.6,337213.451041094,H3C live AllCityOneInfo API snapshot matched to workbook; workbook_sha256=6C7ABE1A06917FBF9BEEE26C7462ED00557EA038A5374DFC0EDA9BEB240AB753; model-year semantics follow the user's explicit instruction that IndexYear is the DEI year,projects/empyrean-caster-430308-m2/assets/city; update_time=2024-10-08T06:01:06.845098Z; source/licence/reference-year unresolved; one static layer used for all years,projects/sat-io/open-datasets/npp-viirs-ntl band=b1,longntl_annual_native500m_positive_pixel_sum_v1,天津,天津市,156120000,unique_exact_or_prefix,H3C IndexYear paired to same LongNTL calendar year by user instruction
石家庄市,2018,64.4,92476.9722003474,H3C live AllCityOneInfo API snapshot matched to workbook; workbook_sha256=6C7ABE1A06917FBF9BEEE26C7462ED00557EA038A5374DFC0EDA9BEB240AB753; model-year semantics follow the user's explicit instruction that IndexYear is the DEI year,projects/empyrean-caster-430308-m2/assets/city; update_time=2024-10-08T06:01:06.845098Z; source/licence/reference-year unresolved; one static layer used for all years,projects/sat-io/open-datasets/npp-viirs-ntl band=b1,longntl_annual_native500m_positive_pixel_sum_v1,石家庄,石家庄市,156130100,unique_exact_or_prefix,H3C IndexYear paired to same LongNTL calendar year by user instruction
唐山市,2018,57.3,112848.029203841,H3C live AllCityOneInfo API snapshot matched to workbook; workbook_sha256=6C7ABE1A06917FBF9BEEE26C7462ED00557EA038A5374DFC0EDA9BEB240AB753; model-year semantics follow the user's explicit instruction that IndexYear is the DEI year,projects/empyrean-caster-430308-m2/assets/city; update_time=2024-10-08T06:01:06.845098Z; source/licence/reference-year unresolved; one static layer used for all years,projects/sat-io/open-datasets/npp-viirs-ntl band=b1,longntl_annual_native500m_positive_pixel_sum_v1,唐山,唐山市,156130200,unique_exact_or_prefix,H3C IndexYear paired to same LongNTL calendar year by user instruction
秦皇岛市,2018,49.5,37858.1851744923,H3C live AllCityOneInfo API snapshot matched to workbook; workbook_sha256=6C7ABE1A06917FBF9BEEE26C7462ED00557EA038A5374DFC0EDA9BEB240AB753; model-year semantics follow the user's explicit instruction that IndexYear is the DEI year,projects/empyrean-caster-430308-m2/assets/city; update_time=2024-10-08T06:01:06.845098Z; source/licence/reference-year unresolved; one static layer used for all years,projects/sat-io/open-datasets/npp-viirs-ntl band=b1,longntl_annual_native500m_positive_pixel_sum_v1,秦皇岛,秦皇岛市,156130300,unique_exact_or_prefix,H3C IndexYear paired to same LongNTL calendar year by user instruction
邯郸市,2018,54.8,50192.6009494005,H3C live AllCityOneInfo API snapshot matched to workbook; workbook_sha256=6C7ABE1A06917FBF9BEEE26C7462ED00557EA038A5374DFC0EDA9BEB240AB753; model-year semantics follow the user's explicit instruction that IndexYear is the DEI year,projects/empyrean-caster-430308-m2/assets/city; update_time=2024-10-08T06:01:06.845098Z; source/licence/reference-year unresolved; one static layer used for all years,projects/sat-io/open-datasets/npp-viirs-ntl band=b1,longntl_annual_native500m_positive_pixel_sum_v1,邯郸,邯郸市,156130400,unique_exact_or_prefix,H3C IndexYear paired to same LongNTL calendar year by user instruction
保定市,2018,35,78062.2166783436,H3C live AllCityOneInfo API snapshot matched to workbook; workbook_sha256=6C7ABE1A06917FBF9BEEE26C7462ED00557EA038A5374DFC0EDA9BEB240AB753; model-year semantics follow the user's explicit instruction that IndexYear is the DEI year,projects/empyrean-caster-430308-m2/assets/city; update_time=2024-10-08T06:01:06.845098Z; source/licence/reference-year unresolved; one static layer used for all years,projects/sat-io/open-datasets/npp-viirs-ntl band=b1,longntl_annual_native500m_positive_pixel_sum_v1,保定,保定市,156130600,unique_exact_or_prefix,H3C IndexYear paired to same LongNTL calendar year by user instruction
沧州市,2018,50.2,74157.0197664326,H3C live AllCityOneInfo API snapshot matched to workbook; workbook_sha256=6C7ABE1A06917FBF9BEEE26C7462ED00557EA038A5374DFC0EDA9BEB240AB753; model-year semantics follow the user's explicit instruction that IndexYear is the DEI year,projects/empyrean-caster-430308-m2/assets/city; update_time=2024-10-08T06:01:06.845098Z; source/licence/reference-year unresolved; one static layer used for all years,projects/sat-io/open-datasets/npp-viirs-ntl band=b1,longntl_annual_native500m_positive_pixel_sum_v1,沧州,沧州市,156130900,unique_exact_or_prefix,H3C IndexYear paired to same LongNTL calendar year by user instruction
太原市,2018,57.3,96559.0673804236,H3C live AllCityOneInfo API snapshot matched to workbook; workbook_sha256=6C7ABE1A06917FBF9BEEE26C7462ED00557EA038A5374DFC0EDA9BEB240AB753; model-year semantics follow the user's explicit instruction that IndexYear is the DEI year,projects/empyrean-caster-430308-m2/assets/city; update_time=2024-10-08T06:01:06.845098Z; source/licence/reference-year unresolved; one static layer used for all years,projects/sat-io/open-datasets/npp-viirs-ntl band=b1,longntl_annual_native500m_positive_pixel_sum_v1,太原,太原市,156140100,unique_exact_or_prefix,H3C IndexYear paired to same LongNTL calendar year by user instruction
呼和浩特市,2018,54.8,78623.8708912733,H3C live AllCityOneInfo API snapshot matched to workbook; workbook_sha256=6C7ABE1A06917FBF9BEEE26C7462ED00557EA038A5374DFC0EDA9BEB240AB753; model-year semantics follow the user's explicit instruction that IndexYear is the DEI year,projects/empyrean-caster-430308-m2/assets/city; update_time=2024-10-08T06:01:06.845098Z; source/licence/reference-year unresolved; one static layer used for all years,projects/sat-io/open-datasets/npp-viirs-ntl band=b1,longntl_annual_native500m_positive_pixel_sum_v1,呼和浩特,呼和浩特市,156150100,unique_exact_or_prefix,H3C IndexYear paired to same LongNTL calendar year by user instruction
包头市,2018,51.3,48401.2921557146,H3C live AllCityOneInfo API snapshot matched to workbook; workbook_sha256=6C7ABE1A06917FBF9BEEE26C7462ED00557EA038A5374DFC0EDA9BEB240AB753; model-year semantics follow the user's explicit instruction that IndexYear is the DEI year,projects/empyrean-caster-430308-m2/assets/city; update_time=2024-10-08T06:01:06.845098Z; source/licence/reference-year unresolved; one static layer used for all years,projects/sat-io/open-datasets/npp-viirs-ntl band=b1,longntl_annual_native500m_positive_pixel_sum_v1,包头,包头市,156150200,unique_exact_or_prefix,H3C IndexYear paired to same LongNTL calendar year by user instruction
鄂尔多斯市,2018,41.8,59958.7052271011,H3C live AllCityOneInfo API snapshot matched to workbook; workbook_sha256=6C7ABE1A06917FBF9BEEE26C7462ED00557EA038A5374DFC0EDA9BEB240AB753; model-year semantics follow the user's explicit instruction that IndexYear is the DEI year,projects/empyrean-caster-430308-m2/assets/city; update_time=2024-10-08T06:01:06.845098Z; source/licence/reference-year unresolved; one static layer used for all years,projects/sat-io/open-datasets/npp-viirs-ntl band=b1,longntl_annual_native500m_positive_pixel_sum_v1,鄂尔多斯,鄂尔多斯市,156150600,unique_exact_or_prefix,H3C IndexYear paired to same LongNTL calendar year by user instruction
沈阳市,2018,63.3,159456.334394075,H3C live AllCityOneInfo API snapshot matched to workbook; workbook_sha256=6C7ABE1A06917FBF9BEEE26C7462ED00557EA038A5374DFC0EDA9BEB240AB753; model-year semantics follow the user's explicit instruction that IndexYear is the DEI year,projects/empyrean-caster-430308-m2/assets/city; update_time=2024-10-08T06:01:06.845098Z; source/licence/reference-year unresolved; one static layer used for all years,projects/sat-io/open-datasets/npp-viirs-ntl band=b1,longntl_annual_native500m_positive_pixel_sum_v1,沈阳,沈阳市,156210100,unique_exact_or_prefix,H3C IndexYear paired to same LongNTL calendar year by user instruction
大连市,2018,69.7,92670.8722184953,H3C live AllCityOneInfo API snapshot matched to workbook; workbook_sha256=6C7ABE1A06917FBF9BEEE26C7462ED00557EA038A5374DFC0EDA9BEB240AB753; model-year semantics follow the user's explicit instruction that IndexYear is the DEI year,projects/empyrean-caster-430308-m2/assets/city; update_time=2024-10-08T06:01:06.845098Z; source/licence/reference-year unresolved; one static layer used for all years,projects/sat-io/open-datasets/npp-viirs-ntl band=b1,longntl_annual_native500m_positive_pixel_sum_v1,大连,大连市,156210200,unique_exact_or_prefix,H3C IndexYear paired to same LongNTL calendar year by user instruction
鞍山市,2018,37.5,48240.9568437221,H3C live AllCityOneInfo API snapshot matched to workbook; workbook_sha256=6C7ABE1A06917FBF9BEEE26C7462ED00557EA038A5374DFC0EDA9BEB240AB753; model-year semantics follow the user's explicit instruction that IndexYear is the DEI year,projects/empyrean-caster-430308-m2/assets/city; update_time=2024-10-08T06:01:06.845098Z; source/licence/reference-year unresolved; one static layer used for all years,projects/sat-io/open-datasets/npp-viirs-ntl band=b1,longntl_annual_native500m_positive_pixel_sum_v1,鞍山,鞍山市,156210300,unique_exact_or_prefix,H3C IndexYear paired to same LongNTL calendar year by user instruction
抚顺市,2018,34.6,26246.3167553766,H3C live AllCityOneInfo API snapshot matched to workbook; workbook_sha256=6C7ABE1A06917FBF9BEEE26C7462ED00557EA038A5374DFC0EDA9BEB240AB753; model-year semantics follow the user's explicit instruction that IndexYear is the DEI year,projects/empyrean-caster-430308-m2/assets/city; update_time=2024-10-08T06:01:06.845098Z; source/licence/reference-year unresolved; one static layer used for all years,projects/sat-io/open-datasets/npp-viirs-ntl band=b1,longntl_annual_native500m_positive_pixel_sum_v1,抚顺,抚顺市,156210400,unique_exact_or_prefix,H3C IndexYear paired to same LongNTL calendar year by user instruction
长春市,2018,53.7,144815.511202655,H3C live AllCityOneInfo API snapshot matched to workbook; workbook_sha256=6C7ABE1A06917FBF9BEEE26C7462ED00557EA038A5374DFC0EDA9BEB240AB753; model-year semantics follow the user's explicit instruction that IndexYear is the DEI year,projects/empyrean-caster-430308-m2/assets/city; update_time=2024-10-08T06:01:06.845098Z; source/licence/reference-year unresolved; one static layer used for all years,projects/sat-io/open-datasets/npp-viirs-ntl band=b1,longntl_annual_native500m_positive_pixel_sum_v1,长春,长春市,156220100,unique_exact_or_prefix,H3C IndexYear paired to same LongNTL calendar year by user instruction
吉林市,2018,35.4,37944.668509603,H3C live AllCityOneInfo API snapshot matched to workbook; workbook_sha256=6C7ABE1A06917FBF9BEEE26C7462ED00557EA038A5374DFC0EDA9BEB240AB753; model-year semantics follow the user's explicit instruction that IndexYear is the DEI year,projects/empyrean-caster-430308-m2/assets/city; update_time=2024-10-08T06:01:06.845098Z; source/licence/reference-year unresolved; one static layer used for all years,projects/sat-io/open-datasets/npp-viirs-ntl band=b1,longntl_annual_native500m_positive_pixel_sum_v1,吉林,吉林市,156220200,unique_exact_or_prefix,H3C IndexYear paired to same LongNTL calendar year by user instruction
哈尔滨市,2018,55.9,109317.53968952,H3C live AllCityOneInfo API snapshot matched to workbook; workbook_sha256=6C7ABE1A06917FBF9BEEE26C7462ED00557EA038A5374DFC0EDA9BEB240AB753; model-year semantics follow the user's explicit instruction that IndexYear is the DEI year,projects/empyrean-caster-430308-m2/assets/city; update_time=2024-10-08T06:01:06.845098Z; source/licence/reference-year unresolved; one static layer used for all years,projects/sat-io/open-datasets/npp-viirs-ntl band=b1,longntl_annual_native500m_positive_pixel_sum_v1,哈尔滨,哈尔滨市,156230100,unique_exact_or_prefix,H3C IndexYear paired to same LongNTL calendar year by user instruction
齐齐哈尔市,2018,47,35593.9929193637,H3C live AllCityOneInfo API snapshot matched to workbook; workbook_sha256=6C7ABE1A06917FBF9BEEE26C7462ED00557EA038A5374DFC0EDA9BEB240AB753; model-year semantics follow the user's explicit instruction that IndexYear is the DEI year,projects/empyrean-caster-430308-m2/assets/city; update_time=2024-10-08T06:01:06.845098Z; source/licence/reference-year unresolved; one static layer used for all years,projects/sat-io/open-datasets/npp-viirs-ntl band=b1,longntl_annual_native500m_positive_pixel_sum_v1,齐齐哈尔,齐齐哈尔市,156230200,unique_exact_or_prefix,H3C IndexYear paired to same LongNTL calendar year by user instruction
大庆市,2018,50.4,81392.4702859616,H3C live AllCityOneInfo API snapshot matched to workbook; workbook_sha256=6C7ABE1A06917FBF9BEEE26C7462ED00557EA038A5374DFC0EDA9BEB240AB753; model-year semantics follow the user's explicit instruction that IndexYear is the DEI year,projects/empyrean-caster-430308-m2/assets/city; update_time=2024-10-08T06:01:06.845098Z; source/licence/reference-year unresolved; one static layer used for all years,projects/sat-io/open-datasets/npp-viirs-ntl band=b1,longntl_annual_native500m_positive_pixel_sum_v1,大庆,大庆市,156230600,unique_exact_or_prefix,H3C IndexYear paired to same LongNTL calendar year by user instruction
牡丹江市,2018,45,23855.3000684794,H3C live AllCityOneInfo API snapshot matched to workbook; workbook_sha256=6C7ABE1A06917FBF9BEEE26C7462ED00557EA038A5374DFC0EDA9BEB240AB753; model-year semantics follow the user's explicit instruction that IndexYear is the DEI year,projects/empyrean-caster-430308-m2/assets/city; update_time=2024-10-08T06:01:06.845098Z; source/licence/reference-year unresolved; one static layer used for all years,projects/sat-io/open-datasets/npp-viirs-ntl band=b1,longntl_annual_native500m_positive_pixel_sum_v1,牡丹江,牡丹江市,156231000,unique_exact_or_prefix,H3C IndexYear paired to same LongNTL calendar year by user instruction
上海市,2018,89,477025.499455906,H3C live AllCityOneInfo API snapshot matched to workbook; workbook_sha256=6C7ABE1A06917FBF9BEEE26C7462ED00557EA038A5374DFC0EDA9BEB240AB753; model-year semantics follow the user's explicit instruction that IndexYear is the DEI year,projects/empyrean-caster-430308-m2/assets/city; update_time=2024-10-08T06:01:06.845098Z; source/licence/reference-year unresolved; one static layer used for all years,projects/sat-io/open-datasets/npp-viirs-ntl band=b1,longntl_annual_native500m_positive_pixel_sum_v1,上海,上海市,156310000,unique_exact_or_prefix,H3C IndexYear paired to same LongNTL calendar year by user instruction
南京市,2018,73.4,177073.05405856,H3C live AllCityOneInfo API snapshot matched to workbook; workbook_sha256=6C7ABE1A06917FBF9BEEE26C7462ED00557EA038A5374DFC0EDA9BEB240AB753; model-year semantics follow the user's explicit instruction that IndexYear is the DEI year,projects/empyrean-caster-430308-m2/assets/city; update_time=2024-10-08T06:01:06.845098Z; source/licence/reference-year unresolved; one static layer used for all years,projects/sat-io/open-datasets/npp-viirs-ntl band=b1,longntl_annual_native500m_positive_pixel_sum_v1,南京,南京市,156320100,unique_exact_or_prefix,H3C IndexYear paired to same LongNTL calendar year by user instruction
无锡市,2018,75.9,166532.626216851,H3C live AllCityOneInfo API snapshot matched to workbook; workbook_sha256=6C7ABE1A06917FBF9BEEE26C7462ED00557EA038A5374DFC0EDA9BEB240AB753; model-year semantics follow the user's explicit instruction that IndexYear is the DEI year,projects/empyrean-caster-430308-m2/assets/city; update_time=2024-10-08T06:01:06.845098Z; source/licence/reference-year unresolved; one static layer used for all years,projects/sat-io/open-datasets/npp-viirs-ntl band=b1,longntl_annual_native500m_positive_pixel_sum_v1,无锡,无锡市,156320200,unique_exact_or_prefix,H3C IndexYear paired to same LongNTL calendar year by user instruction
徐州市,2018,55.9,88659.81535251,H3C live AllCityOneInfo API snapshot matched to workbook; workbook_sha256=6C7ABE1A06917FBF9BEEE26C7462ED00557EA038A5374DFC0EDA9BEB240AB753; model-year semantics follow the user's explicit instruction that IndexYear is the DEI year,projects/empyrean-caster-430308-m2/assets/city; update_time=2024-10-08T06:01:06.845098Z; source/licence/reference-year unresolved; one static layer used for all years,projects/sat-io/open-datasets/npp-viirs-ntl band=b1,longntl_annual_native500m_positive_pixel_sum_v1,徐州,徐州市,156320300,unique_exact_or_prefix,H3C IndexYear paired to same LongNTL calendar year by user instruction
常州市,2018,61.7,111305.858277655,H3C live AllCityOneInfo API snapshot matched to workbook; workbook_sha256=6C7ABE1A06917FBF9BEEE26C7462ED00557EA038A5374DFC0EDA9BEB240AB753; model-year semantics follow the user's explicit instruction that IndexYear is the DEI year,projects/empyrean-caster-430308-m2/assets/city; update_time=2024-10-08T06:01:06.845098Z; source/licence/reference-year unresolved; one static layer used for all years,projects/sat-io/open-datasets/npp-viirs-ntl band=b1,longntl_annual_native500m_positive_pixel_sum_v1,常州,常州市,156320400,unique_exact_or_prefix,H3C IndexYear paired to same LongNTL calendar year by user instruction
苏州市,2018,70.6,400095.039644539,H3C live AllCityOneInfo API snapshot matched to workbook; workbook_sha256=6C7ABE1A06917FBF9BEEE26C7462ED00557EA038A5374DFC0EDA9BEB240AB753; model-year semantics follow the user's explicit instruction that IndexYear is the DEI year,projects/empyrean-caster-430308-m2/assets/city; update_time=2024-10-08T06:01:06.845098Z; source/licence/reference-year unresolved; one static layer used for all years,projects/sat-io/open-datasets/npp-viirs-ntl band=b1,longntl_annual_native500m_positive_pixel_sum_v1,苏州,苏州市,156320500,unique_exact_or_prefix,H3C IndexYear paired to same LongNTL calendar year by user instruction
南通市,2018,63.9,131827.599028051,H3C live AllCityOneInfo API snapshot matched to workbook; workbook_sha256=6C7ABE1A06917FBF9BEEE26C7462ED00557EA038A5374DFC0EDA9BEB240AB753; model-year semantics follow the user's explicit instruction that IndexYear is the DEI year,projects/empyrean-caster-430308-m2/assets/city; update_time=2024-10-08T06:01:06.845098Z; source/licence/reference-year unresolved; one static layer used for all years,projects/sat-io/open-datasets/npp-viirs-ntl band=b1,longntl_annual_native500m_positive_pixel_sum_v1,南通,南通市,156320600,unique_exact_or_prefix,H3C IndexYear paired to same LongNTL calendar year by user instruction
盐城市,2018,55.3,98079.0069774787,H3C live AllCityOneInfo API snapshot matched to workbook; workbook_sha256=6C7ABE1A06917FBF9BEEE26C7462ED00557EA038A5374DFC0EDA9BEB240AB753; model-year semantics follow the user's explicit instruction that IndexYear is the DEI year,projects/empyrean-caster-430308-m2/assets/city; update_time=2024-10-08T06:01:06.845098Z; source/licence/reference-year unresolved; one static layer used for all years,projects/sat-io/open-datasets/npp-viirs-ntl band=b1,longntl_annual_native500m_positive_pixel_sum_v1,盐城,盐城市,156320900,unique_exact_or_prefix,H3C IndexYear paired to same LongNTL calendar year by user instruction
扬州市,2018,56.3,77574.256100664,H3C live AllCityOneInfo API snapshot matched to workbook; workbook_sha256=6C7ABE1A06917FBF9BEEE26C7462ED00557EA038A5374DFC0EDA9BEB240AB753; model-year semantics follow the user's explicit instruction that IndexYear is the DEI year,projects/empyrean-caster-430308-m2/assets/city; update_time=2024-10-08T06:01:06.845098Z; source/licence/reference-year unresolved; one static layer used for all years,projects/sat-io/open-datasets/npp-viirs-ntl band=b1,longntl_annual_native500m_positive_pixel_sum_v1,扬州,扬州市,156321000,unique_exact_or_prefix,H3C IndexYear paired to same LongNTL calendar year by user instruction
镇江市,2018,58.6,82666.0827859065,H3C live AllCityOneInfo API snapshot matched to workbook; workbook_sha256=6C7ABE1A06917FBF9BEEE26C7462ED00557EA038A5374DFC0EDA9BEB240AB753; model-year semantics follow the user's explicit instruction that IndexYear is the DEI year,projects/empyrean-caster-430308-m2/assets/city; update_time=2024-10-08T06:01:06.845098Z; source/licence/reference-year unresolved; one static layer used for all years,projects/sat-io/open-datasets/npp-viirs-ntl band=b1,longntl_annual_native500m_positive_pixel_sum_v1,镇江,镇江市,156321100,unique_exact_or_prefix,H3C IndexYear paired to same LongNTL calendar year by user instruction
泰州市,2018,56.5,85291.4661967755,H3C live AllCityOneInfo API snapshot matched to workbook; workbook_sha256=6C7ABE1A06917FBF9BEEE26C7462ED00557EA038A5374DFC0EDA9BEB240AB753; model-year semantics follow the user's explicit instruction that IndexYear is the DEI year,projects/empyrean-caster-430308-m2/assets/city; update_time=2024-10-08T06:01:06.845098Z; source/licence/reference-year unresolved; one static layer used for all years,projects/sat-io/open-datasets/npp-viirs-ntl band=b1,longntl_annual_native500m_positive_pixel_sum_v1,泰州,泰州市,156321200,unique_exact_or_prefix,H3C IndexYear paired to same LongNTL calendar year by user instruction
杭州市,2018,85.9,202866.368393721,H3C live AllCityOneInfo API snapshot matched to workbook; workbook_sha256=6C7ABE1A06917FBF9BEEE26C7462ED00557EA038A5374DFC0EDA9BEB240AB753; model-year semantics follow the user's explicit instruction that IndexYear is the DEI year,projects/empyrean-caster-430308-m2/assets/city; update_time=2024-10-08T06:01:06.845098Z; source/licence/reference-year unresolved; one static layer used for all years,projects/sat-io/open-datasets/npp-viirs-ntl band=b1,longntl_annual_native500m_positive_pixel_sum_v1,杭州,杭州市,156330100,unique_exact_or_prefix,H3C IndexYear paired to same LongNTL calendar year by user instruction
宁波市,2018,76.3,204595.865208235,H3C live AllCityOneInfo API snapshot matched to workbook; workbook_sha256=6C7ABE1A06917FBF9BEEE26C7462ED00557EA038A5374DFC0EDA9BEB240AB753; model-year semantics follow the user's explicit instruction that IndexYear is the DEI year,projects/empyrean-caster-430308-m2/assets/city; update_time=2024-10-08T06:01:06.845098Z; source/licence/reference-year unresolved; one static layer used for all years,projects/sat-io/open-datasets/npp-viirs-ntl band=b1,longntl_annual_native500m_positive_pixel_sum_v1,宁波,宁波市,156330200,unique_exact_or_prefix,H3C IndexYear paired to same LongNTL calendar year by user instruction
温州市,2018,59.1,109159.276839102,H3C live AllCityOneInfo API snapshot matched to workbook; workbook_sha256=6C7ABE1A06917FBF9BEEE26C7462ED00557EA038A5374DFC0EDA9BEB240AB753; model-year semantics follow the user's explicit instruction that IndexYear is the DEI year,projects/empyrean-caster-430308-m2/assets/city; update_time=2024-10-08T06:01:06.845098Z; source/licence/reference-year unresolved; one static layer used for all years,projects/sat-io/open-datasets/npp-viirs-ntl band=b1,longntl_annual_native500m_positive_pixel_sum_v1,温州,温州市,156330300,unique_exact_or_prefix,H3C IndexYear paired to same LongNTL calendar year by user instruction
嘉兴市,2018,58.9,106295.523709579,H3C live AllCityOneInfo API snapshot matched to workbook; workbook_sha256=6C7ABE1A06917FBF9BEEE26C7462ED00557EA038A5374DFC0EDA9BEB240AB753; model-year semantics follow the user's explicit instruction that IndexYear is the DEI year,projects/empyrean-caster-430308-m2/assets/city; update_time=2024-10-08T06:01:06.845098Z; source/licence/reference-year unresolved; one static layer used for all years,projects/sat-io/open-datasets/npp-viirs-ntl band=b1,longntl_annual_native500m_positive_pixel_sum_v1,嘉兴,嘉兴市,156330400,unique_exact_or_prefix,H3C IndexYear paired to same LongNTL calendar year by user instruction
湖州市,2018,51.1,66379.2552921393,H3C live AllCityOneInfo API snapshot matched to workbook; workbook_sha256=6C7ABE1A06917FBF9BEEE26C7462ED00557EA038A5374DFC0EDA9BEB240AB753; model-year semantics follow the user's explicit instruction that IndexYear is the DEI year,projects/empyrean-caster-430308-m2/assets/city; update_time=2024-10-08T06:01:06.845098Z; source/licence/reference-year unresolved; one static layer used for all years,projects/sat-io/open-datasets/npp-viirs-ntl band=b1,longntl_annual_native500m_positive_pixel_sum_v1,湖州,湖州市,156330500,unique_exact_or_prefix,H3C IndexYear paired to same LongNTL calendar year by user instruction
绍兴市,2018,57.6,84041.7503632784,H3C live AllCityOneInfo API snapshot matched to workbook; workbook_sha256=6C7ABE1A06917FBF9BEEE26C7462ED00557EA038A5374DFC0EDA9BEB240AB753; model-year semantics follow the user's explicit instruction that IndexYear is the DEI year,projects/empyrean-caster-430308-m2/assets/city; update_time=2024-10-08T06:01:06.845098Z; source/licence/reference-year unresolved; one static layer used for all years,projects/sat-io/open-datasets/npp-viirs-ntl band=b1,longntl_annual_native500m_positive_pixel_sum_v1,绍兴,绍兴市,156330600,unique_exact_or_prefix,H3C IndexYear paired to same LongNTL calendar year by user instruction
金华市,2018,62.2,124513.890337313,H3C live AllCityOneInfo API snapshot matched to workbook; workbook_sha256=6C7ABE1A06917FBF9BEEE26C7462ED00557EA038A5374DFC0EDA9BEB240AB753; model-year semantics follow the user's explicit instruction that IndexYear is the DEI year,projects/empyrean-caster-430308-m2/assets/city; update_time=2024-10-08T06:01:06.845098Z; source/licence/reference-year unresolved; one static layer used for all years,projects/sat-io/open-datasets/npp-viirs-ntl band=b1,longntl_annual_native500m_positive_pixel_sum_v1,金华,金华市,156330700,unique_exact_or_prefix,H3C IndexYear paired to same LongNTL calendar year by user instruction
台州市,2018,57.3,89552.472941544,H3C live AllCityOneInfo API snapshot matched to workbook; workbook_sha256=6C7ABE1A06917FBF9BEEE26C7462ED00557EA038A5374DFC0EDA9BEB240AB753; model-year semantics follow the user's explicit instruction that IndexYear is the DEI year,projects/empyrean-caster-430308-m2/assets/city; update_time=2024-10-08T06:01:06.845098Z; source/licence/reference-year unresolved; one static layer used for all years,projects/sat-io/open-datasets/npp-viirs-ntl band=b1,longntl_annual_native500m_positive_pixel_sum_v1,台州,台州市,156331000,unique_exact_or_prefix,H3C IndexYear paired to same LongNTL calendar year by user instruction
合肥市,2018,64.8,148617.650599887,H3C live AllCityOneInfo API snapshot matched to workbook; workbook_sha256=6C7ABE1A06917FBF9BEEE26C7462ED00557EA038A5374DFC0EDA9BEB240AB753; model-year semantics follow the user's explicit instruction that IndexYear is the DEI year,projects/empyrean-caster-430308-m2/assets/city; update_time=2024-10-08T06:01:06.845098Z; source/licence/reference-year unresolved; one static layer used for all years,projects/sat-io/open-datasets/npp-viirs-ntl band=b1,longntl_annual_native500m_positive_pixel_sum_v1,合肥,合肥市,156340100,unique_exact_or_prefix,H3C IndexYear paired to same LongNTL calendar year by user instruction
芜湖市,2018,44.3,51634.6971435668,H3C live AllCityOneInfo API snapshot matched to workbook; workbook_sha256=6C7ABE1A06917FBF9BEEE26C7462ED00557EA038A5374DFC0EDA9BEB240AB753; model-year semantics follow the user's explicit instruction that IndexYear is the DEI year,projects/empyrean-caster-430308-m2/assets/city; update_time=2024-10-08T06:01:06.845098Z; source/licence/reference-year unresolved; one static layer used for all years,projects/sat-io/open-datasets/npp-viirs-ntl band=b1,longntl_annual_native500m_positive_pixel_sum_v1,芜湖,芜湖市,156340200,unique_exact_or_prefix,H3C IndexYear paired to same LongNTL calendar year by user instruction
福州市,2018,70.2,118675.975610464,H3C live AllCityOneInfo API snapshot matched to workbook; workbook_sha256=6C7ABE1A06917FBF9BEEE26C7462ED00557EA038A5374DFC0EDA9BEB240AB753; model-year semantics follow the user's explicit instruction that IndexYear is the DEI year,projects/empyrean-caster-430308-m2/assets/city; update_time=2024-10-08T06:01:06.845098Z; source/licence/reference-year unresolved; one static layer used for all years,projects/sat-io/open-datasets/npp-viirs-ntl band=b1,longntl_annual_native500m_positive_pixel_sum_v1,福州,福州市,156350100,unique_exact_or_prefix,H3C IndexYear paired to same LongNTL calendar year by user instruction
厦门市,2018,67.6,87096.121075467,H3C live AllCityOneInfo API snapshot matched to workbook; workbook_sha256=6C7ABE1A06917FBF9BEEE26C7462ED00557EA038A5374DFC0EDA9BEB240AB753; model-year semantics follow the user's explicit instruction that IndexYear is the DEI year,projects/empyrean-caster-430308-m2/assets/city; update_time=2024-10-08T06:01:06.845098Z; source/licence/reference-year unresolved; one static layer used for all years,projects/sat-io/open-datasets/npp-viirs-ntl band=b1,longntl_annual_native500m_positive_pixel_sum_v1,厦门,厦门市,156350200,unique_exact_or_prefix,H3C IndexYear paired to same LongNTL calendar year by user instruction
泉州市,2018,61.3,151477.750855818,H3C live AllCityOneInfo API snapshot matched to workbook; workbook_sha256=6C7ABE1A06917FBF9BEEE26C7462ED00557EA038A5374DFC0EDA9BEB240AB753; model-year semantics follow the user's explicit instruction that IndexYear is the DEI year,projects/empyrean-caster-430308-m2/assets/city; update_time=2024-10-08T06:01:06.845098Z; source/licence/reference-year unresolved; one static layer used for all years,projects/sat-io/open-datasets/npp-viirs-ntl band=b1,longntl_annual_native500m_positive_pixel_sum_v1,泉州,泉州市,156350500,unique_exact_or_prefix,H3C IndexYear paired to same LongNTL calendar year by user instruction
南昌市,2018,58.5,63525.071122399,H3C live AllCityOneInfo API snapshot matched to workbook; workbook_sha256=6C7ABE1A06917FBF9BEEE26C7462ED00557EA038A5374DFC0EDA9BEB240AB753; model-year semantics follow the user's explicit instruction that IndexYear is the DEI year,projects/empyrean-caster-430308-m2/assets/city; update_time=2024-10-08T06:01:06.845098Z; source/licence/reference-year unresolved; one static layer used for all years,projects/sat-io/open-datasets/npp-viirs-ntl band=b1,longntl_annual_native500m_positive_pixel_sum_v1,南昌,南昌市,156360100,unique_exact_or_prefix,H3C IndexYear paired to same LongNTL calendar year by user instruction
九江市,2018,45.4,28734.4823378736,H3C live AllCityOneInfo API snapshot matched to workbook; workbook_sha256=6C7ABE1A06917FBF9BEEE26C7462ED00557EA038A5374DFC0EDA9BEB240AB753; model-year semantics follow the user's explicit instruction that IndexYear is the DEI year,projects/empyrean-caster-430308-m2/assets/city; update_time=2024-10-08T06:01:06.845098Z; source/licence/reference-year unresolved; one static layer used for all years,projects/sat-io/open-datasets/npp-viirs-ntl band=b1,longntl_annual_native500m_positive_pixel_sum_v1,九江,九江市,156360400,unique_exact_or_prefix,H3C IndexYear paired to same LongNTL calendar year by user instruction
赣州市,2018,45,42967.4779547607,H3C live AllCityOneInfo API snapshot matched to workbook; workbook_sha256=6C7ABE1A06917FBF9BEEE26C7462ED00557EA038A5374DFC0EDA9BEB240AB753; model-year semantics follow the user's explicit instruction that IndexYear is the DEI year,projects/empyrean-caster-430308-m2/assets/city; update_time=2024-10-08T06:01:06.845098Z; source/licence/reference-year unresolved; one static layer used for all years,projects/sat-io/open-datasets/npp-viirs-ntl band=b1,longntl_annual_native500m_positive_pixel_sum_v1,赣州,赣州市,156360700,unique_exact_or_prefix,H3C IndexYear paired to same LongNTL calendar year by user instruction
济南市,2018,65.4,114927.028060892,H3C live AllCityOneInfo API snapshot matched to workbook; workbook_sha256=6C7ABE1A06917FBF9BEEE26C7462ED00557EA038A5374DFC0EDA9BEB240AB753; model-year semantics follow the user's explicit instruction that IndexYear is the DEI year,projects/empyrean-caster-430308-m2/assets/city; update_time=2024-10-08T06:01:06.845098Z; source/licence/reference-year unresolved; one static layer used for all years,projects/sat-io/open-datasets/npp-viirs-ntl band=b1,longntl_annual_native500m_positive_pixel_sum_v1,济南,济南市,156370100,unique_exact_or_prefix,H3C IndexYear paired to same LongNTL calendar year by user instruction
青岛市,2018,73.5,153029.993619629,H3C live AllCityOneInfo API snapshot matched to workbook; workbook_sha256=6C7ABE1A06917FBF9BEEE26C7462ED00557EA038A5374DFC0EDA9BEB240AB753; model-year semantics follow the user's explicit instruction that IndexYear is the DEI year,projects/empyrean-caster-430308-m2/assets/city; update_time=2024-10-08T06:01:06.845098Z; source/licence/reference-year unresolved; one static layer used for all years,projects/sat-io/open-datasets/npp-viirs-ntl band=b1,longntl_annual_native500m_positive_pixel_sum_v1,青岛,青岛市,156370200,unique_exact_or_prefix,H3C IndexYear paired to same LongNTL calendar year by user instruction
淄博市,2018,53.7,54959.8083177534,H3C live AllCityOneInfo API snapshot matched to workbook; workbook_sha256=6C7ABE1A06917FBF9BEEE26C7462ED00557EA038A5374DFC0EDA9BEB240AB753; model-year semantics follow the user's explicit instruction that IndexYear is the DEI year,projects/empyrean-caster-430308-m2/assets/city; update_time=2024-10-08T06:01:06.845098Z; source/licence/reference-year unresolved; one static layer used for all years,projects/sat-io/open-datasets/npp-viirs-ntl band=b1,longntl_annual_native500m_positive_pixel_sum_v1,淄博,淄博市,156370300,unique_exact_or_prefix,H3C IndexYear paired to same LongNTL calendar year by user instruction
东营市,2018,50.4,63029.1918606608,H3C live AllCityOneInfo API snapshot matched to workbook; workbook_sha256=6C7ABE1A06917FBF9BEEE26C7462ED00557EA038A5374DFC0EDA9BEB240AB753; model-year semantics follow the user's explicit instruction that IndexYear is the DEI year,projects/empyrean-caster-430308-m2/assets/city; update_time=2024-10-08T06:01:06.845098Z; source/licence/reference-year unresolved; one static layer used for all years,projects/sat-io/open-datasets/npp-viirs-ntl band=b1,longntl_annual_native500m_positive_pixel_sum_v1,东营,东营市,156370500,unique_exact_or_prefix,H3C IndexYear paired to same LongNTL calendar year by user instruction
烟台市,2018,57.2,90070.699878069,H3C live AllCityOneInfo API snapshot matched to workbook; workbook_sha256=6C7ABE1A06917FBF9BEEE26C7462ED00557EA038A5374DFC0EDA9BEB240AB753; model-year semantics follow the user's explicit instruction that IndexYear is the DEI year,projects/empyrean-caster-430308-m2/assets/city; update_time=2024-10-08T06:01:06.845098Z; source/licence/reference-year unresolved; one static layer used for all years,projects/sat-io/open-datasets/npp-viirs-ntl band=b1,longntl_annual_native500m_positive_pixel_sum_v1,烟台,烟台市,156370600,unique_exact_or_prefix,H3C IndexYear paired to same LongNTL calendar year by user instruction
潍坊市,2018,56.3,118516.922789383,H3C live AllCityOneInfo API snapshot matched to workbook; workbook_sha256=6C7ABE1A06917FBF9BEEE26C7462ED00557EA038A5374DFC0EDA9BEB240AB753; model-year semantics follow the user's explicit instruction that IndexYear is the DEI year,projects/empyrean-caster-430308-m2/assets/city; update_time=2024-10-08T06:01:06.845098Z; source/licence/reference-year unresolved; one static layer used for all years,projects/sat-io/open-datasets/npp-viirs-ntl band=b1,longntl_annual_native500m_positive_pixel_sum_v1,潍坊,潍坊市,156370700,unique_exact_or_prefix,H3C IndexYear paired to same LongNTL calendar year by user instruction
济宁市,2018,47.5,63313.0890188021,H3C live AllCityOneInfo API snapshot matched to workbook; workbook_sha256=6C7ABE1A06917FBF9BEEE26C7462ED00557EA038A5374DFC0EDA9BEB240AB753; model-year semantics follow the user's explicit instruction that IndexYear is the DEI year,projects/empyrean-caster-430308-m2/assets/city; update_time=2024-10-08T06:01:06.845098Z; source/licence/reference-year unresolved; one static layer used for all years,projects/sat-io/open-datasets/npp-viirs-ntl band=b1,longntl_annual_native500m_positive_pixel_sum_v1,济宁,济宁市,156370800,unique_exact_or_prefix,H3C IndexYear paired to same LongNTL calendar year by user instruction
泰安市,2018,37.2,39240.9750102267,H3C live AllCityOneInfo API snapshot matched to workbook; workbook_sha256=6C7ABE1A06917FBF9BEEE26C7462ED00557EA038A5374DFC0EDA9BEB240AB753; model-year semantics follow the user's explicit instruction that IndexYear is the DEI year,projects/empyrean-caster-430308-m2/assets/city; update_time=2024-10-08T06:01:06.845098Z; source/licence/reference-year unresolved; one static layer used for all years,projects/sat-io/open-datasets/npp-viirs-ntl band=b1,longntl_annual_native500m_positive_pixel_sum_v1,泰安,泰安市,156370900,unique_exact_or_prefix,H3C IndexYear paired to same LongNTL calendar year by user instruction
威海市,2018,48.3,42230.6329415901,H3C live AllCityOneInfo API snapshot matched to workbook; workbook_sha256=6C7ABE1A06917FBF9BEEE26C7462ED00557EA038A5374DFC0EDA9BEB240AB753; model-year semantics follow the user's explicit instruction that IndexYear is the DEI year,projects/empyrean-caster-430308-m2/assets/city; update_time=2024-10-08T06:01:06.845098Z; source/licence/reference-year unresolved; one static layer used for all years,projects/sat-io/open-datasets/npp-viirs-ntl band=b1,longntl_annual_native500m_positive_pixel_sum_v1,威海,威海市,156371000,unique_exact_or_prefix,H3C IndexYear paired to same LongNTL calendar year by user instruction
临沂市,2018,43.8,97111.1332082459,H3C live AllCityOneInfo API snapshot matched to workbook; workbook_sha256=6C7ABE1A06917FBF9BEEE26C7462ED00557EA038A5374DFC0EDA9BEB240AB753; model-year semantics follow the user's explicit instruction that IndexYear is the DEI year,projects/empyrean-caster-430308-m2/assets/city; update_time=2024-10-08T06:01:06.845098Z; source/licence/reference-year unresolved; one static layer used for all years,projects/sat-io/open-datasets/npp-viirs-ntl band=b1,longntl_annual_native500m_positive_pixel_sum_v1,临沂,临沂市,156371300,unique_exact_or_prefix,H3C IndexYear paired to same LongNTL calendar year by user instruction
德州市,2018,44.1,40873.90981869,H3C live AllCityOneInfo API snapshot matched to workbook; workbook_sha256=6C7ABE1A06917FBF9BEEE26C7462ED00557EA038A5374DFC0EDA9BEB240AB753; model-year semantics follow the user's explicit instruction that IndexYear is the DEI year,projects/empyrean-caster-430308-m2/assets/city; update_time=2024-10-08T06:01:06.845098Z; source/licence/reference-year unresolved; one static layer used for all years,projects/sat-io/open-datasets/npp-viirs-ntl band=b1,longntl_annual_native500m_positive_pixel_sum_v1,德州,德州市,156371400,unique_exact_or_prefix,H3C IndexYear paired to same LongNTL calendar year by user instruction
滨州市,2018,52.3,57106.8446145801,H3C live AllCityOneInfo API snapshot matched to workbook; workbook_sha256=6C7ABE1A06917FBF9BEEE26C7462ED00557EA038A5374DFC0EDA9BEB240AB753; model-year semantics follow the user's explicit instruction that IndexYear is the DEI year,projects/empyrean-caster-430308-m2/assets/city; update_time=2024-10-08T06:01:06.845098Z; source/licence/reference-year unresolved; one static layer used for all years,projects/sat-io/open-datasets/npp-viirs-ntl band=b1,longntl_annual_native500m_positive_pixel_sum_v1,滨州,滨州市,156371600,unique_exact_or_prefix,H3C IndexYear paired to same LongNTL calendar year by user instruction
郑州市,2018,68.9,162809.466641667,H3C live AllCityOneInfo API snapshot matched to workbook; workbook_sha256=6C7ABE1A06917FBF9BEEE26C7462ED00557EA038A5374DFC0EDA9BEB240AB753; model-year semantics follow the user's explicit instruction that IndexYear is the DEI year,projects/empyrean-caster-430308-m2/assets/city; update_time=2024-10-08T06:01:06.845098Z; source/licence/reference-year unresolved; one static layer used for all years,projects/sat-io/open-datasets/npp-viirs-ntl band=b1,longntl_annual_native500m_positive_pixel_sum_v1,郑州,郑州市,156410100,unique_exact_or_prefix,H3C IndexYear paired to same LongNTL calendar year by user instruction
开封市,2018,52.3,34148.2245876826,H3C live AllCityOneInfo API snapshot matched to workbook; workbook_sha256=6C7ABE1A06917FBF9BEEE26C7462ED00557EA038A5374DFC0EDA9BEB240AB753; model-year semantics follow the user's explicit instruction that IndexYear is the DEI year,projects/empyrean-caster-430308-m2/assets/city; update_time=2024-10-08T06:01:06.845098Z; source/licence/reference-year unresolved; one static layer used for all years,projects/sat-io/open-datasets/npp-viirs-ntl band=b1,longntl_annual_native500m_positive_pixel_sum_v1,开封,开封市,156410200,unique_exact_or_prefix,H3C IndexYear paired to same LongNTL calendar year by user instruction
洛阳市,2018,52.1,58281.7050570385,H3C live AllCityOneInfo API snapshot matched to workbook; workbook_sha256=6C7ABE1A06917FBF9BEEE26C7462ED00557EA038A5374DFC0EDA9BEB240AB753; model-year semantics follow the user's explicit instruction that IndexYear is the DEI year,projects/empyrean-caster-430308-m2/assets/city; update_time=2024-10-08T06:01:06.845098Z; source/licence/reference-year unresolved; one static layer used for all years,projects/sat-io/open-datasets/npp-viirs-ntl band=b1,longntl_annual_native500m_positive_pixel_sum_v1,洛阳,洛阳市,156410300,unique_exact_or_prefix,H3C IndexYear paired to same LongNTL calendar year by user instruction
平顶山市,2018,45.1,33479.4387660157,H3C live AllCityOneInfo API snapshot matched to workbook; workbook_sha256=6C7ABE1A06917FBF9BEEE26C7462ED00557EA038A5374DFC0EDA9BEB240AB753; model-year semantics follow the user's explicit instruction that IndexYear is the DEI year,projects/empyrean-caster-430308-m2/assets/city; update_time=2024-10-08T06:01:06.845098Z; source/licence/reference-year unresolved; one static layer used for all years,projects/sat-io/open-datasets/npp-viirs-ntl band=b1,longntl_annual_native500m_positive_pixel_sum_v1,平顶山,平顶山市,156410400,unique_exact_or_prefix,H3C IndexYear paired to same LongNTL calendar year by user instruction
许昌市,2018,48.8,29930.1117364626,H3C live AllCityOneInfo API snapshot matched to workbook; workbook_sha256=6C7ABE1A06917FBF9BEEE26C7462ED00557EA038A5374DFC0EDA9BEB240AB753; model-year semantics follow the user's explicit instruction that IndexYear is the DEI year,projects/empyrean-caster-430308-m2/assets/city; update_time=2024-10-08T06:01:06.845098Z; source/licence/reference-year unresolved; one static layer used for all years,projects/sat-io/open-datasets/npp-viirs-ntl band=b1,longntl_annual_native500m_positive_pixel_sum_v1,许昌,许昌市,156411000,unique_exact_or_prefix,H3C IndexYear paired to same LongNTL calendar year by user instruction
武汉市,2018,80.9,181219.533408117,H3C live AllCityOneInfo API snapshot matched to workbook; workbook_sha256=6C7ABE1A06917FBF9BEEE26C7462ED00557EA038A5374DFC0EDA9BEB240AB753; model-year semantics follow the user's explicit instruction that IndexYear is the DEI year,projects/empyrean-caster-430308-m2/assets/city; update_time=2024-10-08T06:01:06.845098Z; source/licence/reference-year unresolved; one static layer used for all years,projects/sat-io/open-datasets/npp-viirs-ntl band=b1,longntl_annual_native500m_positive_pixel_sum_v1,武汉,武汉市,156420100,unique_exact_or_prefix,H3C IndexYear paired to same LongNTL calendar year by user instruction
宜昌市,2018,53.1,28289.8151534931,H3C live AllCityOneInfo API snapshot matched to workbook; workbook_sha256=6C7ABE1A06917FBF9BEEE26C7462ED00557EA038A5374DFC0EDA9BEB240AB753; model-year semantics follow the user's explicit instruction that IndexYear is the DEI year,projects/empyrean-caster-430308-m2/assets/city; update_time=2024-10-08T06:01:06.845098Z; source/licence/reference-year unresolved; one static layer used for all years,projects/sat-io/open-datasets/npp-viirs-ntl band=b1,longntl_annual_native500m_positive_pixel_sum_v1,宜昌,宜昌市,156420500,unique_exact_or_prefix,H3C IndexYear paired to same LongNTL calendar year by user instruction
襄阳市,2018,46.3,25910.2898571533,H3C live AllCityOneInfo API snapshot matched to workbook; workbook_sha256=6C7ABE1A06917FBF9BEEE26C7462ED00557EA038A5374DFC0EDA9BEB240AB753; model-year semantics follow the user's explicit instruction that IndexYear is the DEI year,projects/empyrean-caster-430308-m2/assets/city; update_time=2024-10-08T06:01:06.845098Z; source/licence/reference-year unresolved; one static layer used for all years,projects/sat-io/open-datasets/npp-viirs-ntl band=b1,longntl_annual_native500m_positive_pixel_sum_v1,襄阳,襄阳市,156420600,unique_exact_or_prefix,H3C IndexYear paired to same LongNTL calendar year by user instruction
长沙市,2018,71.9,116985.947349013,H3C live AllCityOneInfo API snapshot matched to workbook; workbook_sha256=6C7ABE1A06917FBF9BEEE26C7462ED00557EA038A5374DFC0EDA9BEB240AB753; model-year semantics follow the user's explicit instruction that IndexYear is the DEI year,projects/empyrean-caster-430308-m2/assets/city; update_time=2024-10-08T06:01:06.845098Z; source/licence/reference-year unresolved; one static layer used for all years,projects/sat-io/open-datasets/npp-viirs-ntl band=b1,longntl_annual_native500m_positive_pixel_sum_v1,长沙,长沙市,156430100,unique_exact_or_prefix,H3C IndexYear paired to same LongNTL calendar year by user instruction
株洲市,2018,44.2,25270.1124165147,H3C live AllCityOneInfo API snapshot matched to workbook; workbook_sha256=6C7ABE1A06917FBF9BEEE26C7462ED00557EA038A5374DFC0EDA9BEB240AB753; model-year semantics follow the user's explicit instruction that IndexYear is the DEI year,projects/empyrean-caster-430308-m2/assets/city; update_time=2024-10-08T06:01:06.845098Z; source/licence/reference-year unresolved; one static layer used for all years,projects/sat-io/open-datasets/npp-viirs-ntl band=b1,longntl_annual_native500m_positive_pixel_sum_v1,株洲,株洲市,156430200,unique_exact_or_prefix,H3C IndexYear paired to same LongNTL calendar year by user instruction
衡阳市,2018,41.9,20637.31353709,H3C live AllCityOneInfo API snapshot matched to workbook; workbook_sha256=6C7ABE1A06917FBF9BEEE26C7462ED00557EA038A5374DFC0EDA9BEB240AB753; model-year semantics follow the user's explicit instruction that IndexYear is the DEI year,projects/empyrean-caster-430308-m2/assets/city; update_time=2024-10-08T06:01:06.845098Z; source/licence/reference-year unresolved; one static layer used for all years,projects/sat-io/open-datasets/npp-viirs-ntl band=b1,longntl_annual_native500m_positive_pixel_sum_v1,衡阳,衡阳市,156430400,unique_exact_or_prefix,H3C IndexYear paired to same LongNTL calendar year by user instruction
岳阳市,2018,46.3,24477.0231047612,H3C live AllCityOneInfo API snapshot matched to workbook; workbook_sha256=6C7ABE1A06917FBF9BEEE26C7462ED00557EA038A5374DFC0EDA9BEB240AB753; model-year semantics follow the user's explicit instruction that IndexYear is the DEI year,projects/empyrean-caster-430308-m2/assets/city; update_time=2024-10-08T06:01:06.845098Z; source/licence/reference-year unresolved; one static layer used for all years,projects/sat-io/open-datasets/npp-viirs-ntl band=b1,longntl_annual_native500m_positive_pixel_sum_v1,岳阳,岳阳市,156430600,unique_exact_or_prefix,H3C IndexYear paired to same LongNTL calendar year by user instruction
广州市,2018,87.4,227326.255162717,H3C live AllCityOneInfo API snapshot matched to workbook; workbook_sha256=6C7ABE1A06917FBF9BEEE26C7462ED00557EA038A5374DFC0EDA9BEB240AB753; model-year semantics follow the user's explicit instruction that IndexYear is the DEI year,projects/empyrean-caster-430308-m2/assets/city; update_time=2024-10-08T06:01:06.845098Z; source/licence/reference-year unresolved; one static layer used for all years,projects/sat-io/open-datasets/npp-viirs-ntl band=b1,longntl_annual_native500m_positive_pixel_sum_v1,广州,广州市,156440100,unique_exact_or_prefix,H3C IndexYear paired to same LongNTL calendar year by user instruction
深圳市,2018,88.3,157047.728484514,H3C live AllCityOneInfo API snapshot matched to workbook; workbook_sha256=6C7ABE1A06917FBF9BEEE26C7462ED00557EA038A5374DFC0EDA9BEB240AB753; model-year semantics follow the user's explicit instruction that IndexYear is the DEI year,projects/empyrean-caster-430308-m2/assets/city; update_time=2024-10-08T06:01:06.845098Z; source/licence/reference-year unresolved; one static layer used for all years,projects/sat-io/open-datasets/npp-viirs-ntl band=b1,longntl_annual_native500m_positive_pixel_sum_v1,深圳,深圳市,156440300,unique_exact_or_prefix,H3C IndexYear paired to same LongNTL calendar year by user instruction
珠海市,2018,59.5,33516.7273963278,H3C live AllCityOneInfo API snapshot matched to workbook; workbook_sha256=6C7ABE1A06917FBF9BEEE26C7462ED00557EA038A5374DFC0EDA9BEB240AB753; model-year semantics follow the user's explicit instruction that IndexYear is the DEI year,projects/empyrean-caster-430308-m2/assets/city; update_time=2024-10-08T06:01:06.845098Z; source/licence/reference-year unresolved; one static layer used for all years,projects/sat-io/open-datasets/npp-viirs-ntl band=b1,longntl_annual_native500m_positive_pixel_sum_v1,珠海,珠海市,156440400,unique_exact_or_prefix,H3C IndexYear paired to same LongNTL calendar year by user instruction
汕头市,2018,49.3,63589.211078094,H3C live AllCityOneInfo API snapshot matched to workbook; workbook_sha256=6C7ABE1A06917FBF9BEEE26C7462ED00557EA038A5374DFC0EDA9BEB240AB753; model-year semantics follow the user's explicit instruction that IndexYear is the DEI year,projects/empyrean-caster-430308-m2/assets/city; update_time=2024-10-08T06:01:06.845098Z; source/licence/reference-year unresolved; one static layer used for all years,projects/sat-io/open-datasets/npp-viirs-ntl band=b1,longntl_annual_native500m_positive_pixel_sum_v1,汕头,汕头市,156440500,unique_exact_or_prefix,H3C IndexYear paired to same LongNTL calendar year by user instruction
佛山市,2018,68.6,134678.528566437,H3C live AllCityOneInfo API snapshot matched to workbook; workbook_sha256=6C7ABE1A06917FBF9BEEE26C7462ED00557EA038A5374DFC0EDA9BEB240AB753; model-year semantics follow the user's explicit instruction that IndexYear is the DEI year,projects/empyrean-caster-430308-m2/assets/city; update_time=2024-10-08T06:01:06.845098Z; source/licence/reference-year unresolved; one static layer used for all years,projects/sat-io/open-datasets/npp-viirs-ntl band=b1,longntl_annual_native500m_positive_pixel_sum_v1,佛山,佛山市,156440600,unique_exact_or_prefix,H3C IndexYear paired to same LongNTL calendar year by user instruction
江门市,2018,57,67093.8608768402,H3C live AllCityOneInfo API snapshot matched to workbook; workbook_sha256=6C7ABE1A06917FBF9BEEE26C7462ED00557EA038A5374DFC0EDA9BEB240AB753; model-year semantics follow the user's explicit instruction that IndexYear is the DEI year,projects/empyrean-caster-430308-m2/assets/city; update_time=2024-10-08T06:01:06.845098Z; source/licence/reference-year unresolved; one static layer used for all years,projects/sat-io/open-datasets/npp-viirs-ntl band=b1,longntl_annual_native500m_positive_pixel_sum_v1,江门,江门市,156440700,unique_exact_or_prefix,H3C IndexYear paired to same LongNTL calendar year by user instruction
湛江市,2018,49.8,40940.5444948524,H3C live AllCityOneInfo API snapshot matched to workbook; workbook_sha256=6C7ABE1A06917FBF9BEEE26C7462ED00557EA038A5374DFC0EDA9BEB240AB753; model-year semantics follow the user's explicit instruction that IndexYear is the DEI year,projects/empyrean-caster-430308-m2/assets/city; update_time=2024-10-08T06:01:06.845098Z; source/licence/reference-year unresolved; one static layer used for all years,projects/sat-io/open-datasets/npp-viirs-ntl band=b1,longntl_annual_native500m_positive_pixel_sum_v1,湛江,湛江市,156440800,unique_exact_or_prefix,H3C IndexYear paired to same LongNTL calendar year by user instruction
茂名市,2018,41.1,33784.6767563717,H3C live AllCityOneInfo API snapshot matched to workbook; workbook_sha256=6C7ABE1A06917FBF9BEEE26C7462ED00557EA038A5374DFC0EDA9BEB240AB753; model-year semantics follow the user's explicit instruction that IndexYear is the DEI year,projects/empyrean-caster-430308-m2/assets/city; update_time=2024-10-08T06:01:06.845098Z; source/licence/reference-year unresolved; one static layer used for all years,projects/sat-io/open-datasets/npp-viirs-ntl band=b1,longntl_annual_native500m_positive_pixel_sum_v1,茂名,茂名市,156440900,unique_exact_or_prefix,H3C IndexYear paired to same LongNTL calendar year by user instruction
惠州市,2018,57.8,100803.382456354,H3C live AllCityOneInfo API snapshot matched to workbook; workbook_sha256=6C7ABE1A06917FBF9BEEE26C7462ED00557EA038A5374DFC0EDA9BEB240AB753; model-year semantics follow the user's explicit instruction that IndexYear is the DEI year,projects/empyrean-caster-430308-m2/assets/city; update_time=2024-10-08T06:01:06.845098Z; source/licence/reference-year unresolved; one static layer used for all years,projects/sat-io/open-datasets/npp-viirs-ntl band=b1,longntl_annual_native500m_positive_pixel_sum_v1,惠州,惠州市,156441300,unique_exact_or_prefix,H3C IndexYear paired to same LongNTL calendar year by user instruction
东莞市,2018,66.5,158685.182312523,H3C live AllCityOneInfo API snapshot matched to workbook; workbook_sha256=6C7ABE1A06917FBF9BEEE26C7462ED00557EA038A5374DFC0EDA9BEB240AB753; model-year semantics follow the user's explicit instruction that IndexYear is the DEI year,projects/empyrean-caster-430308-m2/assets/city; update_time=2024-10-08T06:01:06.845098Z; source/licence/reference-year unresolved; one static layer used for all years,projects/sat-io/open-datasets/npp-viirs-ntl band=b1,longntl_annual_native500m_positive_pixel_sum_v1,东莞,东莞市,156441900,unique_exact_or_prefix,H3C IndexYear paired to same LongNTL calendar year by user instruction
中山市,2018,55.1,72998.9289186726,H3C live AllCityOneInfo API snapshot matched to workbook; workbook_sha256=6C7ABE1A06917FBF9BEEE26C7462ED00557EA038A5374DFC0EDA9BEB240AB753; model-year semantics follow the user's explicit instruction that IndexYear is the DEI year,projects/empyrean-caster-430308-m2/assets/city; update_time=2024-10-08T06:01:06.845098Z; source/licence/reference-year unresolved; one static layer used for all years,projects/sat-io/open-datasets/npp-viirs-ntl band=b1,longntl_annual_native500m_positive_pixel_sum_v1,中山,中山市,156442000,unique_exact_or_prefix,H3C IndexYear paired to same LongNTL calendar year by user instruction
南宁市,2018,54.9,84896.9985506577,H3C live AllCityOneInfo API snapshot matched to workbook; workbook_sha256=6C7ABE1A06917FBF9BEEE26C7462ED00557EA038A5374DFC0EDA9BEB240AB753; model-year semantics follow the user's explicit instruction that IndexYear is the DEI year,projects/empyrean-caster-430308-m2/assets/city; update_time=2024-10-08T06:01:06.845098Z; source/licence/reference-year unresolved; one static layer used for all years,projects/sat-io/open-datasets/npp-viirs-ntl band=b1,longntl_annual_native500m_positive_pixel_sum_v1,南宁,南宁市,156450100,unique_exact_or_prefix,H3C IndexYear paired to same LongNTL calendar year by user instruction
柳州市,2018,51.8,41433.7649915457,H3C live AllCityOneInfo API snapshot matched to workbook; workbook_sha256=6C7ABE1A06917FBF9BEEE26C7462ED00557EA038A5374DFC0EDA9BEB240AB753; model-year semantics follow the user's explicit instruction that IndexYear is the DEI year,projects/empyrean-caster-430308-m2/assets/city; update_time=2024-10-08T06:01:06.845098Z; source/licence/reference-year unresolved; one static layer used for all years,projects/sat-io/open-datasets/npp-viirs-ntl band=b1,longntl_annual_native500m_positive_pixel_sum_v1,柳州,柳州市,156450200,unique_exact_or_prefix,H3C IndexYear paired to same LongNTL calendar year by user instruction
桂林市,2018,48.5,27735.4039907231,H3C live AllCityOneInfo API snapshot matched to workbook; workbook_sha256=6C7ABE1A06917FBF9BEEE26C7462ED00557EA038A5374DFC0EDA9BEB240AB753; model-year semantics follow the user's explicit instruction that IndexYear is the DEI year,projects/empyrean-caster-430308-m2/assets/city; update_time=2024-10-08T06:01:06.845098Z; source/licence/reference-year unresolved; one static layer used for all years,projects/sat-io/open-datasets/npp-viirs-ntl band=b1,longntl_annual_native500m_positive_pixel_sum_v1,桂林,桂林市,156450300,unique_exact_or_prefix,H3C IndexYear paired to same LongNTL calendar year by user instruction
海口市,2018,52.1,33326.3570325145,H3C live AllCityOneInfo API snapshot matched to workbook; workbook_sha256=6C7ABE1A06917FBF9BEEE26C7462ED00557EA038A5374DFC0EDA9BEB240AB753; model-year semantics follow the user's explicit instruction that IndexYear is the DEI year,projects/empyrean-caster-430308-m2/assets/city; update_time=2024-10-08T06:01:06.845098Z; source/licence/reference-year unresolved; one static layer used for all years,projects/sat-io/open-datasets/npp-viirs-ntl band=b1,longntl_annual_native500m_positive_pixel_sum_v1,海口,海口市,156460100,unique_exact_or_prefix,H3C IndexYear paired to same LongNTL calendar year by user instruction
重庆市,2018,70.1,244056.359705715,H3C live AllCityOneInfo API snapshot matched to workbook; workbook_sha256=6C7ABE1A06917FBF9BEEE26C7462ED00557EA038A5374DFC0EDA9BEB240AB753; model-year semantics follow the user's explicit instruction that IndexYear is the DEI year,projects/empyrean-caster-430308-m2/assets/city; update_time=2024-10-08T06:01:06.845098Z; source/licence/reference-year unresolved; one static layer used for all years,projects/sat-io/open-datasets/npp-viirs-ntl band=b1,longntl_annual_native500m_positive_pixel_sum_v1,重庆,重庆市,156500000,unique_exact_or_prefix,H3C IndexYear paired to same LongNTL calendar year by user instruction
成都市,2018,86.7,269182.504962148,H3C live AllCityOneInfo API snapshot matched to workbook; workbook_sha256=6C7ABE1A06917FBF9BEEE26C7462ED00557EA038A5374DFC0EDA9BEB240AB753; model-year semantics follow the user's explicit instruction that IndexYear is the DEI year,projects/empyrean-caster-430308-m2/assets/city; update_time=2024-10-08T06:01:06.845098Z; source/licence/reference-year unresolved; one static layer used for all years,projects/sat-io/open-datasets/npp-viirs-ntl band=b1,longntl_annual_native500m_positive_pixel_sum_v1,成都,成都市,156510100,unique_exact_or_prefix,H3C IndexYear paired to same LongNTL calendar year by user instruction
绵阳市,2018,64.4,33920.0554571264,H3C live AllCityOneInfo API snapshot matched to workbook; workbook_sha256=6C7ABE1A06917FBF9BEEE26C7462ED00557EA038A5374DFC0EDA9BEB240AB753; model-year semantics follow the user's explicit instruction that IndexYear is the DEI year,projects/empyrean-caster-430308-m2/assets/city; update_time=2024-10-08T06:01:06.845098Z; source/licence/reference-year unresolved; one static layer used for all years,projects/sat-io/open-datasets/npp-viirs-ntl band=b1,longntl_annual_native500m_positive_pixel_sum_v1,绵阳,绵阳市,156510700,unique_exact_or_prefix,H3C IndexYear paired to same LongNTL calendar year by user instruction
贵阳市,2018,73.8,71483.9530920608,H3C live AllCityOneInfo API snapshot matched to workbook; workbook_sha256=6C7ABE1A06917FBF9BEEE26C7462ED00557EA038A5374DFC0EDA9BEB240AB753; model-year semantics follow the user's explicit instruction that IndexYear is the DEI year,projects/empyrean-caster-430308-m2/assets/city; update_time=2024-10-08T06:01:06.845098Z; source/licence/reference-year unresolved; one static layer used for all years,projects/sat-io/open-datasets/npp-viirs-ntl band=b1,longntl_annual_native500m_positive_pixel_sum_v1,贵阳,贵阳市,156520100,unique_exact_or_prefix,H3C IndexYear paired to same LongNTL calendar year by user instruction
昆明市,2018,60,130846.891045571,H3C live AllCityOneInfo API snapshot matched to workbook; workbook_sha256=6C7ABE1A06917FBF9BEEE26C7462ED00557EA038A5374DFC0EDA9BEB240AB753; model-year semantics follow the user's explicit instruction that IndexYear is the DEI year,projects/empyrean-caster-430308-m2/assets/city; update_time=2024-10-08T06:01:06.845098Z; source/licence/reference-year unresolved; one static layer used for all years,projects/sat-io/open-datasets/npp-viirs-ntl band=b1,longntl_annual_native500m_positive_pixel_sum_v1,昆明,昆明市,156530100,unique_exact_or_prefix,H3C IndexYear paired to same LongNTL calendar year by user instruction
拉萨市,2018,43.7,17861.3918564885,H3C live AllCityOneInfo API snapshot matched to workbook; workbook_sha256=6C7ABE1A06917FBF9BEEE26C7462ED00557EA038A5374DFC0EDA9BEB240AB753; model-year semantics follow the user's explicit instruction that IndexYear is the DEI year,projects/empyrean-caster-430308-m2/assets/city; update_time=2024-10-08T06:01:06.845098Z; source/licence/reference-year unresolved; one static layer used for all years,projects/sat-io/open-datasets/npp-viirs-ntl band=b1,longntl_annual_native500m_positive_pixel_sum_v1,拉萨,拉萨市,156540100,unique_exact_or_prefix,H3C IndexYear paired to same LongNTL calendar year by user instruction
西安市,2018,67.2,176472.076866639,H3C live AllCityOneInfo API snapshot matched to workbook; workbook_sha256=6C7ABE1A06917FBF9BEEE26C7462ED00557EA038A5374DFC0EDA9BEB240AB753; model-year semantics follow the user's explicit instruction that IndexYear is the DEI year,projects/empyrean-caster-430308-m2/assets/city; update_time=2024-10-08T06:01:06.845098Z; source/licence/reference-year unresolved; one static layer used for all years,projects/sat-io/open-datasets/npp-viirs-ntl band=b1,longntl_annual_native500m_positive_pixel_sum_v1,西安,西安市,156610100,unique_exact_or_prefix,H3C IndexYear paired to same LongNTL calendar year by user instruction
宝鸡市,2018,46.2,26486.5581911036,H3C live AllCityOneInfo API snapshot matched to workbook; workbook_sha256=6C7ABE1A06917FBF9BEEE26C7462ED00557EA038A5374DFC0EDA9BEB240AB753; model-year semantics follow the user's explicit instruction that IndexYear is the DEI year,projects/empyrean-caster-430308-m2/assets/city; update_time=2024-10-08T06:01:06.845098Z; source/licence/reference-year unresolved; one static layer used for all years,projects/sat-io/open-datasets/npp-viirs-ntl band=b1,longntl_annual_native500m_positive_pixel_sum_v1,宝鸡,宝鸡市,156610300,unique_exact_or_prefix,H3C IndexYear paired to same LongNTL calendar year by user instruction
兰州市,2018,58.1,66614.5946389904,H3C live AllCityOneInfo API snapshot matched to workbook; workbook_sha256=6C7ABE1A06917FBF9BEEE26C7462ED00557EA038A5374DFC0EDA9BEB240AB753; model-year semantics follow the user's explicit instruction that IndexYear is the DEI year,projects/empyrean-caster-430308-m2/assets/city; update_time=2024-10-08T06:01:06.845098Z; source/licence/reference-year unresolved; one static layer used for all years,projects/sat-io/open-datasets/npp-viirs-ntl band=b1,longntl_annual_native500m_positive_pixel_sum_v1,兰州,兰州市,156620100,unique_exact_or_prefix,H3C IndexYear paired to same LongNTL calendar year by user instruction
西宁市,2018,53.1,35256.086721978,H3C live AllCityOneInfo API snapshot matched to workbook; workbook_sha256=6C7ABE1A06917FBF9BEEE26C7462ED00557EA038A5374DFC0EDA9BEB240AB753; model-year semantics follow the user's explicit instruction that IndexYear is the DEI year,projects/empyrean-caster-430308-m2/assets/city; update_time=2024-10-08T06:01:06.845098Z; source/licence/reference-year unresolved; one static layer used for all years,projects/sat-io/open-datasets/npp-viirs-ntl band=b1,longntl_annual_native500m_positive_pixel_sum_v1,西宁,西宁市,156630100,unique_exact_or_prefix,H3C IndexYear paired to same LongNTL calendar year by user instruction
银川市,2018,54.6,90332.3198258255,H3C live AllCityOneInfo API snapshot matched to workbook; workbook_sha256=6C7ABE1A06917FBF9BEEE26C7462ED00557EA038A5374DFC0EDA9BEB240AB753; model-year semantics follow the user's explicit instruction that IndexYear is the DEI year,projects/empyrean-caster-430308-m2/assets/city; update_time=2024-10-08T06:01:06.845098Z; source/licence/reference-year unresolved; one static layer used for all years,projects/sat-io/open-datasets/npp-viirs-ntl band=b1,longntl_annual_native500m_positive_pixel_sum_v1,银川,银川市,156640100,unique_exact_or_prefix,H3C IndexYear paired to same LongNTL calendar year by user instruction
乌鲁木齐市,2018,58.1,108075.882435253,H3C live AllCityOneInfo API snapshot matched to workbook; workbook_sha256=6C7ABE1A06917FBF9BEEE26C7462ED00557EA038A5374DFC0EDA9BEB240AB753; model-year semantics follow the user's explicit instruction that IndexYear is the DEI year,projects/empyrean-caster-430308-m2/assets/city; update_time=2024-10-08T06:01:06.845098Z; source/licence/reference-year unresolved; one static layer used for all years,projects/sat-io/open-datasets/npp-viirs-ntl band=b1,longntl_annual_native500m_positive_pixel_sum_v1,乌鲁木齐,乌鲁木齐市,156650100,unique_exact_or_prefix,H3C IndexYear paired to same LongNTL calendar year by user instruction
北京市,2019,89.4,426536.364677486,H3C live AllCityOneInfo API snapshot matched to workbook; workbook_sha256=6C7ABE1A06917FBF9BEEE26C7462ED00557EA038A5374DFC0EDA9BEB240AB753; model-year semantics follow the user's explicit instruction that IndexYear is the DEI year,projects/empyrean-caster-430308-m2/assets/city; update_time=2024-10-08T06:01:06.845098Z; source/licence/reference-year unresolved; one static layer used for all years,projects/sat-io/open-datasets/npp-viirs-ntl band=b1,longntl_annual_native500m_positive_pixel_sum_v1,北京,北京市,156110000,unique_exact_or_prefix,H3C IndexYear paired to same LongNTL calendar year by user instruction
天津市,2019,73,342020.834195564,H3C live AllCityOneInfo API snapshot matched to workbook; workbook_sha256=6C7ABE1A06917FBF9BEEE26C7462ED00557EA038A5374DFC0EDA9BEB240AB753; model-year semantics follow the user's explicit instruction that IndexYear is the DEI year,projects/empyrean-caster-430308-m2/assets/city; update_time=2024-10-08T06:01:06.845098Z; source/licence/reference-year unresolved; one static layer used for all years,projects/sat-io/open-datasets/npp-viirs-ntl band=b1,longntl_annual_native500m_positive_pixel_sum_v1,天津,天津市,156120000,unique_exact_or_prefix,H3C IndexYear paired to same LongNTL calendar year by user instruction
石家庄市,2019,64.1,114079.078256421,H3C live AllCityOneInfo API snapshot matched to workbook; workbook_sha256=6C7ABE1A06917FBF9BEEE26C7462ED00557EA038A5374DFC0EDA9BEB240AB753; model-year semantics follow the user's explicit instruction that IndexYear is the DEI year,projects/empyrean-caster-430308-m2/assets/city; update_time=2024-10-08T06:01:06.845098Z; source/licence/reference-year unresolved; one static layer used for all years,projects/sat-io/open-datasets/npp-viirs-ntl band=b1,longntl_annual_native500m_positive_pixel_sum_v1,石家庄,石家庄市,156130100,unique_exact_or_prefix,H3C IndexYear paired to same LongNTL calendar year by user instruction
唐山市,2019,52.4,119075.11942907,H3C live AllCityOneInfo API snapshot matched to workbook; workbook_sha256=6C7ABE1A06917FBF9BEEE26C7462ED00557EA038A5374DFC0EDA9BEB240AB753; model-year semantics follow the user's explicit instruction that IndexYear is the DEI year,projects/empyrean-caster-430308-m2/assets/city; update_time=2024-10-08T06:01:06.845098Z; source/licence/reference-year unresolved; one static layer used for all years,projects/sat-io/open-datasets/npp-viirs-ntl band=b1,longntl_annual_native500m_positive_pixel_sum_v1,唐山,唐山市,156130200,unique_exact_or_prefix,H3C IndexYear paired to same LongNTL calendar year by user instruction
秦皇岛市,2019,47.9,38256.1149115263,H3C live AllCityOneInfo API snapshot matched to workbook; workbook_sha256=6C7ABE1A06917FBF9BEEE26C7462ED00557EA038A5374DFC0EDA9BEB240AB753; model-year semantics follow the user's explicit instruction that IndexYear is the DEI year,projects/empyrean-caster-430308-m2/assets/city; update_time=2024-10-08T06:01:06.845098Z; source/licence/reference-year unresolved; one static layer used for all years,projects/sat-io/open-datasets/npp-viirs-ntl band=b1,longntl_annual_native500m_positive_pixel_sum_v1,秦皇岛,秦皇岛市,156130300,unique_exact_or_prefix,H3C IndexYear paired to same LongNTL calendar year by user instruction
邯郸市,2019,52.8,59572.3301201722,H3C live AllCityOneInfo API snapshot matched to workbook; workbook_sha256=6C7ABE1A06917FBF9BEEE26C7462ED00557EA038A5374DFC0EDA9BEB240AB753; model-year semantics follow the user's explicit instruction that IndexYear is the DEI year,projects/empyrean-caster-430308-m2/assets/city; update_time=2024-10-08T06:01:06.845098Z; source/licence/reference-year unresolved; one static layer used for all years,projects/sat-io/open-datasets/npp-viirs-ntl band=b1,longntl_annual_native500m_positive_pixel_sum_v1,邯郸,邯郸市,156130400,unique_exact_or_prefix,H3C IndexYear paired to same LongNTL calendar year by user instruction
保定市,2019,35,94106.0327112829,H3C live AllCityOneInfo API snapshot matched to workbook; workbook_sha256=6C7ABE1A06917FBF9BEEE26C7462ED00557EA038A5374DFC0EDA9BEB240AB753; model-year semantics follow the user's explicit instruction that IndexYear is the DEI year,projects/empyrean-caster-430308-m2/assets/city; update_time=2024-10-08T06:01:06.845098Z; source/licence/reference-year unresolved; one static layer used for all years,projects/sat-io/open-datasets/npp-viirs-ntl band=b1,longntl_annual_native500m_positive_pixel_sum_v1,保定,保定市,156130600,unique_exact_or_prefix,H3C IndexYear paired to same LongNTL calendar year by user instruction
沧州市,2019,50.7,78523.0927494984,H3C live AllCityOneInfo API snapshot matched to workbook; workbook_sha256=6C7ABE1A06917FBF9BEEE26C7462ED00557EA038A5374DFC0EDA9BEB240AB753; model-year semantics follow the user's explicit instruction that IndexYear is the DEI year,projects/empyrean-caster-430308-m2/assets/city; update_time=2024-10-08T06:01:06.845098Z; source/licence/reference-year unresolved; one static layer used for all years,projects/sat-io/open-datasets/npp-viirs-ntl band=b1,longntl_annual_native500m_positive_pixel_sum_v1,沧州,沧州市,156130900,unique_exact_or_prefix,H3C IndexYear paired to same LongNTL calendar year by user instruction
廊坊市,2019,51.2,89362.0914635153,H3C live AllCityOneInfo API snapshot matched to workbook; workbook_sha256=6C7ABE1A06917FBF9BEEE26C7462ED00557EA038A5374DFC0EDA9BEB240AB753; model-year semantics follow the user's explicit instruction that IndexYear is the DEI year,projects/empyrean-caster-430308-m2/assets/city; update_time=2024-10-08T06:01:06.845098Z; source/licence/reference-year unresolved; one static layer used for all years,projects/sat-io/open-datasets/npp-viirs-ntl band=b1,longntl_annual_native500m_positive_pixel_sum_v1,廊坊,廊坊市,156131000,unique_exact_or_prefix,H3C IndexYear paired to same LongNTL calendar year by user instruction
太原市,2019,57.8,114683.68358574,H3C live AllCityOneInfo API snapshot matched to workbook; workbook_sha256=6C7ABE1A06917FBF9BEEE26C7462ED00557EA038A5374DFC0EDA9BEB240AB753; model-year semantics follow the user's explicit instruction that IndexYear is the DEI year,projects/empyrean-caster-430308-m2/assets/city; update_time=2024-10-08T06:01:06.845098Z; source/licence/reference-year unresolved; one static layer used for all years,projects/sat-io/open-datasets/npp-viirs-ntl band=b1,longntl_annual_native500m_positive_pixel_sum_v1,太原,太原市,156140100,unique_exact_or_prefix,H3C IndexYear paired to same LongNTL calendar year by user instruction
呼和浩特市,2019,60.4,83640.4359514522,H3C live AllCityOneInfo API snapshot matched to workbook; workbook_sha256=6C7ABE1A06917FBF9BEEE26C7462ED00557EA038A5374DFC0EDA9BEB240AB753; model-year semantics follow the user's explicit instruction that IndexYear is the DEI year,projects/empyrean-caster-430308-m2/assets/city; update_time=2024-10-08T06:01:06.845098Z; source/licence/reference-year unresolved; one static layer used for all years,projects/sat-io/open-datasets/npp-viirs-ntl band=b1,longntl_annual_native500m_positive_pixel_sum_v1,呼和浩特,呼和浩特市,156150100,unique_exact_or_prefix,H3C IndexYear paired to same LongNTL calendar year by user instruction
包头市,2019,53.8,50926.205874473,H3C live AllCityOneInfo API snapshot matched to workbook; workbook_sha256=6C7ABE1A06917FBF9BEEE26C7462ED00557EA038A5374DFC0EDA9BEB240AB753; model-year semantics follow the user's explicit instruction that IndexYear is the DEI year,projects/empyrean-caster-430308-m2/assets/city; update_time=2024-10-08T06:01:06.845098Z; source/licence/reference-year unresolved; one static layer used for all years,projects/sat-io/open-datasets/npp-viirs-ntl band=b1,longntl_annual_native500m_positive_pixel_sum_v1,包头,包头市,156150200,unique_exact_or_prefix,H3C IndexYear paired to same LongNTL calendar year by user instruction
鄂尔多斯市,2019,45.8,71513.7741748726,H3C live AllCityOneInfo API snapshot matched to workbook; workbook_sha256=6C7ABE1A06917FBF9BEEE26C7462ED00557EA038A5374DFC0EDA9BEB240AB753; model-year semantics follow the user's explicit instruction that IndexYear is the DEI year,projects/empyrean-caster-430308-m2/assets/city; update_time=2024-10-08T06:01:06.845098Z; source/licence/reference-year unresolved; one static layer used for all years,projects/sat-io/open-datasets/npp-viirs-ntl band=b1,longntl_annual_native500m_positive_pixel_sum_v1,鄂尔多斯,鄂尔多斯市,156150600,unique_exact_or_prefix,H3C IndexYear paired to same LongNTL calendar year by user instruction
沈阳市,2019,62.2,158025.720515786,H3C live AllCityOneInfo API snapshot matched to workbook; workbook_sha256=6C7ABE1A06917FBF9BEEE26C7462ED00557EA038A5374DFC0EDA9BEB240AB753; model-year semantics follow the user's explicit instruction that IndexYear is the DEI year,projects/empyrean-caster-430308-m2/assets/city; update_time=2024-10-08T06:01:06.845098Z; source/licence/reference-year unresolved; one static layer used for all years,projects/sat-io/open-datasets/npp-viirs-ntl band=b1,longntl_annual_native500m_positive_pixel_sum_v1,沈阳,沈阳市,156210100,unique_exact_or_prefix,H3C IndexYear paired to same LongNTL calendar year by user instruction
大连市,2019,70,95385.8856306581,H3C live AllCityOneInfo API snapshot matched to workbook; workbook_sha256=6C7ABE1A06917FBF9BEEE26C7462ED00557EA038A5374DFC0EDA9BEB240AB753; model-year semantics follow the user's explicit instruction that IndexYear is the DEI year,projects/empyrean-caster-430308-m2/assets/city; update_time=2024-10-08T06:01:06.845098Z; source/licence/reference-year unresolved; one static layer used for all years,projects/sat-io/open-datasets/npp-viirs-ntl band=b1,longntl_annual_native500m_positive_pixel_sum_v1,大连,大连市,156210200,unique_exact_or_prefix,H3C IndexYear paired to same LongNTL calendar year by user instruction
鞍山市,2019,44.7,44167.6613300473,H3C live AllCityOneInfo API snapshot matched to workbook; workbook_sha256=6C7ABE1A06917FBF9BEEE26C7462ED00557EA038A5374DFC0EDA9BEB240AB753; model-year semantics follow the user's explicit instruction that IndexYear is the DEI year,projects/empyrean-caster-430308-m2/assets/city; update_time=2024-10-08T06:01:06.845098Z; source/licence/reference-year unresolved; one static layer used for all years,projects/sat-io/open-datasets/npp-viirs-ntl band=b1,longntl_annual_native500m_positive_pixel_sum_v1,鞍山,鞍山市,156210300,unique_exact_or_prefix,H3C IndexYear paired to same LongNTL calendar year by user instruction
抚顺市,2019,39.4,23711.6369169749,H3C live AllCityOneInfo API snapshot matched to workbook; workbook_sha256=6C7ABE1A06917FBF9BEEE26C7462ED00557EA038A5374DFC0EDA9BEB240AB753; model-year semantics follow the user's explicit instruction that IndexYear is the DEI year,projects/empyrean-caster-430308-m2/assets/city; update_time=2024-10-08T06:01:06.845098Z; source/licence/reference-year unresolved; one static layer used for all years,projects/sat-io/open-datasets/npp-viirs-ntl band=b1,longntl_annual_native500m_positive_pixel_sum_v1,抚顺,抚顺市,156210400,unique_exact_or_prefix,H3C IndexYear paired to same LongNTL calendar year by user instruction
长春市,2019,56.2,161842.922297955,H3C live AllCityOneInfo API snapshot matched to workbook; workbook_sha256=6C7ABE1A06917FBF9BEEE26C7462ED00557EA038A5374DFC0EDA9BEB240AB753; model-year semantics follow the user's explicit instruction that IndexYear is the DEI year,projects/empyrean-caster-430308-m2/assets/city; update_time=2024-10-08T06:01:06.845098Z; source/licence/reference-year unresolved; one static layer used for all years,projects/sat-io/open-datasets/npp-viirs-ntl band=b1,longntl_annual_native500m_positive_pixel_sum_v1,长春,长春市,156220100,unique_exact_or_prefix,H3C IndexYear paired to same LongNTL calendar year by user instruction
吉林市,2019,39,36517.7992021776,H3C live AllCityOneInfo API snapshot matched to workbook; workbook_sha256=6C7ABE1A06917FBF9BEEE26C7462ED00557EA038A5374DFC0EDA9BEB240AB753; model-year semantics follow the user's explicit instruction that IndexYear is the DEI year,projects/empyrean-caster-430308-m2/assets/city; update_time=2024-10-08T06:01:06.845098Z; source/licence/reference-year unresolved; one static layer used for all years,projects/sat-io/open-datasets/npp-viirs-ntl band=b1,longntl_annual_native500m_positive_pixel_sum_v1,吉林,吉林市,156220200,unique_exact_or_prefix,H3C IndexYear paired to same LongNTL calendar year by user instruction
哈尔滨市,2019,55.1,118318.747474907,H3C live AllCityOneInfo API snapshot matched to workbook; workbook_sha256=6C7ABE1A06917FBF9BEEE26C7462ED00557EA038A5374DFC0EDA9BEB240AB753; model-year semantics follow the user's explicit instruction that IndexYear is the DEI year,projects/empyrean-caster-430308-m2/assets/city; update_time=2024-10-08T06:01:06.845098Z; source/licence/reference-year unresolved; one static layer used for all years,projects/sat-io/open-datasets/npp-viirs-ntl band=b1,longntl_annual_native500m_positive_pixel_sum_v1,哈尔滨,哈尔滨市,156230100,unique_exact_or_prefix,H3C IndexYear paired to same LongNTL calendar year by user instruction
齐齐哈尔市,2019,46.6,35735.9744551976,H3C live AllCityOneInfo API snapshot matched to workbook; workbook_sha256=6C7ABE1A06917FBF9BEEE26C7462ED00557EA038A5374DFC0EDA9BEB240AB753; model-year semantics follow the user's explicit instruction that IndexYear is the DEI year,projects/empyrean-caster-430308-m2/assets/city; update_time=2024-10-08T06:01:06.845098Z; source/licence/reference-year unresolved; one static layer used for all years,projects/sat-io/open-datasets/npp-viirs-ntl band=b1,longntl_annual_native500m_positive_pixel_sum_v1,齐齐哈尔,齐齐哈尔市,156230200,unique_exact_or_prefix,H3C IndexYear paired to same LongNTL calendar year by user instruction
大庆市,2019,48.5,78115.2856952967,H3C live AllCityOneInfo API snapshot matched to workbook; workbook_sha256=6C7ABE1A06917FBF9BEEE26C7462ED00557EA038A5374DFC0EDA9BEB240AB753; model-year semantics follow the user's explicit instruction that IndexYear is the DEI year,projects/empyrean-caster-430308-m2/assets/city; update_time=2024-10-08T06:01:06.845098Z; source/licence/reference-year unresolved; one static layer used for all years,projects/sat-io/open-datasets/npp-viirs-ntl band=b1,longntl_annual_native500m_positive_pixel_sum_v1,大庆,大庆市,156230600,unique_exact_or_prefix,H3C IndexYear paired to same LongNTL calendar year by user instruction
牡丹江市,2019,45.2,22395.5779480289,H3C live AllCityOneInfo API snapshot matched to workbook; workbook_sha256=6C7ABE1A06917FBF9BEEE26C7462ED00557EA038A5374DFC0EDA9BEB240AB753; model-year semantics follow the user's explicit instruction that IndexYear is the DEI year,projects/empyrean-caster-430308-m2/assets/city; update_time=2024-10-08T06:01:06.845098Z; source/licence/reference-year unresolved; one static layer used for all years,projects/sat-io/open-datasets/npp-viirs-ntl band=b1,longntl_annual_native500m_positive_pixel_sum_v1,牡丹江,牡丹江市,156231000,unique_exact_or_prefix,H3C IndexYear paired to same LongNTL calendar year by user instruction
上海市,2019,89.8,479881.377318369,H3C live AllCityOneInfo API snapshot matched to workbook; workbook_sha256=6C7ABE1A06917FBF9BEEE26C7462ED00557EA038A5374DFC0EDA9BEB240AB753; model-year semantics follow the user's explicit instruction that IndexYear is the DEI year,projects/empyrean-caster-430308-m2/assets/city; update_time=2024-10-08T06:01:06.845098Z; source/licence/reference-year unresolved; one static layer used for all years,projects/sat-io/open-datasets/npp-viirs-ntl band=b1,longntl_annual_native500m_positive_pixel_sum_v1,上海,上海市,156310000,unique_exact_or_prefix,H3C IndexYear paired to same LongNTL calendar year by user instruction
南京市,2019,71.8,193709.777598587,H3C live AllCityOneInfo API snapshot matched to workbook; workbook_sha256=6C7ABE1A06917FBF9BEEE26C7462ED00557EA038A5374DFC0EDA9BEB240AB753; model-year semantics follow the user's explicit instruction that IndexYear is the DEI year,projects/empyrean-caster-430308-m2/assets/city; update_time=2024-10-08T06:01:06.845098Z; source/licence/reference-year unresolved; one static layer used for all years,projects/sat-io/open-datasets/npp-viirs-ntl band=b1,longntl_annual_native500m_positive_pixel_sum_v1,南京,南京市,156320100,unique_exact_or_prefix,H3C IndexYear paired to same LongNTL calendar year by user instruction
无锡市,2019,76.4,166214.703242329,H3C live AllCityOneInfo API snapshot matched to workbook; workbook_sha256=6C7ABE1A06917FBF9BEEE26C7462ED00557EA038A5374DFC0EDA9BEB240AB753; model-year semantics follow the user's explicit instruction that IndexYear is the DEI year,projects/empyrean-caster-430308-m2/assets/city; update_time=2024-10-08T06:01:06.845098Z; source/licence/reference-year unresolved; one static layer used for all years,projects/sat-io/open-datasets/npp-viirs-ntl band=b1,longntl_annual_native500m_positive_pixel_sum_v1,无锡,无锡市,156320200,unique_exact_or_prefix,H3C IndexYear paired to same LongNTL calendar year by user instruction
徐州市,2019,55.2,98029.5245216898,H3C live AllCityOneInfo API snapshot matched to workbook; workbook_sha256=6C7ABE1A06917FBF9BEEE26C7462ED00557EA038A5374DFC0EDA9BEB240AB753; model-year semantics follow the user's explicit instruction that IndexYear is the DEI year,projects/empyrean-caster-430308-m2/assets/city; update_time=2024-10-08T06:01:06.845098Z; source/licence/reference-year unresolved; one static layer used for all years,projects/sat-io/open-datasets/npp-viirs-ntl band=b1,longntl_annual_native500m_positive_pixel_sum_v1,徐州,徐州市,156320300,unique_exact_or_prefix,H3C IndexYear paired to same LongNTL calendar year by user instruction
常州市,2019,61.3,116276.942075751,H3C live AllCityOneInfo API snapshot matched to workbook; workbook_sha256=6C7ABE1A06917FBF9BEEE26C7462ED00557EA038A5374DFC0EDA9BEB240AB753; model-year semantics follow the user's explicit instruction that IndexYear is the DEI year,projects/empyrean-caster-430308-m2/assets/city; update_time=2024-10-08T06:01:06.845098Z; source/licence/reference-year unresolved; one static layer used for all years,projects/sat-io/open-datasets/npp-viirs-ntl band=b1,longntl_annual_native500m_positive_pixel_sum_v1,常州,常州市,156320400,unique_exact_or_prefix,H3C IndexYear paired to same LongNTL calendar year by user instruction
苏州市,2019,72.5,392800.672476983,H3C live AllCityOneInfo API snapshot matched to workbook; workbook_sha256=6C7ABE1A06917FBF9BEEE26C7462ED00557EA038A5374DFC0EDA9BEB240AB753; model-year semantics follow the user's explicit instruction that IndexYear is the DEI year,projects/empyrean-caster-430308-m2/assets/city; update_time=2024-10-08T06:01:06.845098Z; source/licence/reference-year unresolved; one static layer used for all years,projects/sat-io/open-datasets/npp-viirs-ntl band=b1,longntl_annual_native500m_positive_pixel_sum_v1,苏州,苏州市,156320500,unique_exact_or_prefix,H3C IndexYear paired to same LongNTL calendar year by user instruction
南通市,2019,63.1,139305.556780038,H3C live AllCityOneInfo API snapshot matched to workbook; workbook_sha256=6C7ABE1A06917FBF9BEEE26C7462ED00557EA038A5374DFC0EDA9BEB240AB753; model-year semantics follow the user's explicit instruction that IndexYear is the DEI year,projects/empyrean-caster-430308-m2/assets/city; update_time=2024-10-08T06:01:06.845098Z; source/licence/reference-year unresolved; one static layer used for all years,projects/sat-io/open-datasets/npp-viirs-ntl band=b1,longntl_annual_native500m_positive_pixel_sum_v1,南通,南通市,156320600,unique_exact_or_prefix,H3C IndexYear paired to same LongNTL calendar year by user instruction
连云港市,2019,54,54236.315777177,H3C live AllCityOneInfo API snapshot matched to workbook; workbook_sha256=6C7ABE1A06917FBF9BEEE26C7462ED00557EA038A5374DFC0EDA9BEB240AB753; model-year semantics follow the user's explicit instruction that IndexYear is the DEI year,projects/empyrean-caster-430308-m2/assets/city; update_time=2024-10-08T06:01:06.845098Z; source/licence/reference-year unresolved; one static layer used for all years,projects/sat-io/open-datasets/npp-viirs-ntl band=b1,longntl_annual_native500m_positive_pixel_sum_v1,连云港,连云港市,156320700,unique_exact_or_prefix,H3C IndexYear paired to same LongNTL calendar year by user instruction
淮安市,2019,41.7,62291.763602483,H3C live AllCityOneInfo API snapshot matched to workbook; workbook_sha256=6C7ABE1A06917FBF9BEEE26C7462ED00557EA038A5374DFC0EDA9BEB240AB753; model-year semantics follow the user's explicit instruction that IndexYear is the DEI year,projects/empyrean-caster-430308-m2/assets/city; update_time=2024-10-08T06:01:06.845098Z; source/licence/reference-year unresolved; one static layer used for all years,projects/sat-io/open-datasets/npp-viirs-ntl band=b1,longntl_annual_native500m_positive_pixel_sum_v1,淮安,淮安市,156320800,unique_exact_or_prefix,H3C IndexYear paired to same LongNTL calendar year by user instruction
盐城市,2019,57,104630.477501717,H3C live AllCityOneInfo API snapshot matched to workbook; workbook_sha256=6C7ABE1A06917FBF9BEEE26C7462ED00557EA038A5374DFC0EDA9BEB240AB753; model-year semantics follow the user's explicit instruction that IndexYear is the DEI year,projects/empyrean-caster-430308-m2/assets/city; update_time=2024-10-08T06:01:06.845098Z; source/licence/reference-year unresolved; one static layer used for all years,projects/sat-io/open-datasets/npp-viirs-ntl band=b1,longntl_annual_native500m_positive_pixel_sum_v1,盐城,盐城市,156320900,unique_exact_or_prefix,H3C IndexYear paired to same LongNTL calendar year by user instruction
扬州市,2019,58.6,82817.9628670898,H3C live AllCityOneInfo API snapshot matched to workbook; workbook_sha256=6C7ABE1A06917FBF9BEEE26C7462ED00557EA038A5374DFC0EDA9BEB240AB753; model-year semantics follow the user's explicit instruction that IndexYear is the DEI year,projects/empyrean-caster-430308-m2/assets/city; update_time=2024-10-08T06:01:06.845098Z; source/licence/reference-year unresolved; one static layer used for all years,projects/sat-io/open-datasets/npp-viirs-ntl band=b1,longntl_annual_native500m_positive_pixel_sum_v1,扬州,扬州市,156321000,unique_exact_or_prefix,H3C IndexYear paired to same LongNTL calendar year by user instruction
镇江市,2019,61.4,79729.9316262269,H3C live AllCityOneInfo API snapshot matched to workbook; workbook_sha256=6C7ABE1A06917FBF9BEEE26C7462ED00557EA038A5374DFC0EDA9BEB240AB753; model-year semantics follow the user's explicit instruction that IndexYear is the DEI year,projects/empyrean-caster-430308-m2/assets/city; update_time=2024-10-08T06:01:06.845098Z; source/licence/reference-year unresolved; one static layer used for all years,projects/sat-io/open-datasets/npp-viirs-ntl band=b1,longntl_annual_native500m_positive_pixel_sum_v1,镇江,镇江市,156321100,unique_exact_or_prefix,H3C IndexYear paired to same LongNTL calendar year by user instruction
泰州市,2019,58.5,88885.2116066966,H3C live AllCityOneInfo API snapshot matched to workbook; workbook_sha256=6C7ABE1A06917FBF9BEEE26C7462ED00557EA038A5374DFC0EDA9BEB240AB753; model-year semantics follow the user's explicit instruction that IndexYear is the DEI year,projects/empyrean-caster-430308-m2/assets/city; update_time=2024-10-08T06:01:06.845098Z; source/licence/reference-year unresolved; one static layer used for all years,projects/sat-io/open-datasets/npp-viirs-ntl band=b1,longntl_annual_native500m_positive_pixel_sum_v1,泰州,泰州市,156321200,unique_exact_or_prefix,H3C IndexYear paired to same LongNTL calendar year by user instruction
宿迁市,2019,51.4,55552.9669646857,H3C live AllCityOneInfo API snapshot matched to workbook; workbook_sha256=6C7ABE1A06917FBF9BEEE26C7462ED00557EA038A5374DFC0EDA9BEB240AB753; model-year semantics follow the user's explicit instruction that IndexYear is the DEI year,projects/empyrean-caster-430308-m2/assets/city; update_time=2024-10-08T06:01:06.845098Z; source/licence/reference-year unresolved; one static layer used for all years,projects/sat-io/open-datasets/npp-viirs-ntl band=b1,longntl_annual_native500m_positive_pixel_sum_v1,宿迁,宿迁市,156321300,unique_exact_or_prefix,H3C IndexYear paired to same LongNTL calendar year by user instruction
杭州市,2019,86.9,210478.128422146,H3C live AllCityOneInfo API snapshot matched to workbook; workbook_sha256=6C7ABE1A06917FBF9BEEE26C7462ED00557EA038A5374DFC0EDA9BEB240AB753; model-year semantics follow the user's explicit instruction that IndexYear is the DEI year,projects/empyrean-caster-430308-m2/assets/city; update_time=2024-10-08T06:01:06.845098Z; source/licence/reference-year unresolved; one static layer used for all years,projects/sat-io/open-datasets/npp-viirs-ntl band=b1,longntl_annual_native500m_positive_pixel_sum_v1,杭州,杭州市,156330100,unique_exact_or_prefix,H3C IndexYear paired to same LongNTL calendar year by user instruction
宁波市,2019,76.7,214942.423639138,H3C live AllCityOneInfo API snapshot matched to workbook; workbook_sha256=6C7ABE1A06917FBF9BEEE26C7462ED00557EA038A5374DFC0EDA9BEB240AB753; model-year semantics follow the user's explicit instruction that IndexYear is the DEI year,projects/empyrean-caster-430308-m2/assets/city; update_time=2024-10-08T06:01:06.845098Z; source/licence/reference-year unresolved; one static layer used for all years,projects/sat-io/open-datasets/npp-viirs-ntl band=b1,longntl_annual_native500m_positive_pixel_sum_v1,宁波,宁波市,156330200,unique_exact_or_prefix,H3C IndexYear paired to same LongNTL calendar year by user instruction
温州市,2019,61.4,113443.985672509,H3C live AllCityOneInfo API snapshot matched to workbook; workbook_sha256=6C7ABE1A06917FBF9BEEE26C7462ED00557EA038A5374DFC0EDA9BEB240AB753; model-year semantics follow the user's explicit instruction that IndexYear is the DEI year,projects/empyrean-caster-430308-m2/assets/city; update_time=2024-10-08T06:01:06.845098Z; source/licence/reference-year unresolved; one static layer used for all years,projects/sat-io/open-datasets/npp-viirs-ntl band=b1,longntl_annual_native500m_positive_pixel_sum_v1,温州,温州市,156330300,unique_exact_or_prefix,H3C IndexYear paired to same LongNTL calendar year by user instruction
嘉兴市,2019,60.8,118068.07633213,H3C live AllCityOneInfo API snapshot matched to workbook; workbook_sha256=6C7ABE1A06917FBF9BEEE26C7462ED00557EA038A5374DFC0EDA9BEB240AB753; model-year semantics follow the user's explicit instruction that IndexYear is the DEI year,projects/empyrean-caster-430308-m2/assets/city; update_time=2024-10-08T06:01:06.845098Z; source/licence/reference-year unresolved; one static layer used for all years,projects/sat-io/open-datasets/npp-viirs-ntl band=b1,longntl_annual_native500m_positive_pixel_sum_v1,嘉兴,嘉兴市,156330400,unique_exact_or_prefix,H3C IndexYear paired to same LongNTL calendar year by user instruction
湖州市,2019,53.9,72417.5359154239,H3C live AllCityOneInfo API snapshot matched to workbook; workbook_sha256=6C7ABE1A06917FBF9BEEE26C7462ED00557EA038A5374DFC0EDA9BEB240AB753; model-year semantics follow the user's explicit instruction that IndexYear is the DEI year,projects/empyrean-caster-430308-m2/assets/city; update_time=2024-10-08T06:01:06.845098Z; source/licence/reference-year unresolved; one static layer used for all years,projects/sat-io/open-datasets/npp-viirs-ntl band=b1,longntl_annual_native500m_positive_pixel_sum_v1,湖州,湖州市,156330500,unique_exact_or_prefix,H3C IndexYear paired to same LongNTL calendar year by user instruction
绍兴市,2019,59,87634.3955404721,H3C live AllCityOneInfo API snapshot matched to workbook; workbook_sha256=6C7ABE1A06917FBF9BEEE26C7462ED00557EA038A5374DFC0EDA9BEB240AB753; model-year semantics follow the user's explicit instruction that IndexYear is the DEI year,projects/empyrean-caster-430308-m2/assets/city; update_time=2024-10-08T06:01:06.845098Z; source/licence/reference-year unresolved; one static layer used for all years,projects/sat-io/open-datasets/npp-viirs-ntl band=b1,longntl_annual_native500m_positive_pixel_sum_v1,绍兴,绍兴市,156330600,unique_exact_or_prefix,H3C IndexYear paired to same LongNTL calendar year by user instruction
金华市,2019,62.5,132565.372338196,H3C live AllCityOneInfo API snapshot matched to workbook; workbook_sha256=6C7ABE1A06917FBF9BEEE26C7462ED00557EA038A5374DFC0EDA9BEB240AB753; model-year semantics follow the user's explicit instruction that IndexYear is the DEI year,projects/empyrean-caster-430308-m2/assets/city; update_time=2024-10-08T06:01:06.845098Z; source/licence/reference-year unresolved; one static layer used for all years,projects/sat-io/open-datasets/npp-viirs-ntl band=b1,longntl_annual_native500m_positive_pixel_sum_v1,金华,金华市,156330700,unique_exact_or_prefix,H3C IndexYear paired to same LongNTL calendar year by user instruction
台州市,2019,58.7,93019.0445623562,H3C live AllCityOneInfo API snapshot matched to workbook; workbook_sha256=6C7ABE1A06917FBF9BEEE26C7462ED00557EA038A5374DFC0EDA9BEB240AB753; model-year semantics follow the user's explicit instruction that IndexYear is the DEI year,projects/empyrean-caster-430308-m2/assets/city; update_time=2024-10-08T06:01:06.845098Z; source/licence/reference-year unresolved; one static layer used for all years,projects/sat-io/open-datasets/npp-viirs-ntl band=b1,longntl_annual_native500m_positive_pixel_sum_v1,台州,台州市,156331000,unique_exact_or_prefix,H3C IndexYear paired to same LongNTL calendar year by user instruction
合肥市,2019,70.3,163387.307225802,H3C live AllCityOneInfo API snapshot matched to workbook; workbook_sha256=6C7ABE1A06917FBF9BEEE26C7462ED00557EA038A5374DFC0EDA9BEB240AB753; model-year semantics follow the user's explicit instruction that IndexYear is the DEI year,projects/empyrean-caster-430308-m2/assets/city; update_time=2024-10-08T06:01:06.845098Z; source/licence/reference-year unresolved; one static layer used for all years,projects/sat-io/open-datasets/npp-viirs-ntl band=b1,longntl_annual_native500m_positive_pixel_sum_v1,合肥,合肥市,156340100,unique_exact_or_prefix,H3C IndexYear paired to same LongNTL calendar year by user instruction
芜湖市,2019,50.5,50529.5877020125,H3C live AllCityOneInfo API snapshot matched to workbook; workbook_sha256=6C7ABE1A06917FBF9BEEE26C7462ED00557EA038A5374DFC0EDA9BEB240AB753; model-year semantics follow the user's explicit instruction that IndexYear is the DEI year,projects/empyrean-caster-430308-m2/assets/city; update_time=2024-10-08T06:01:06.845098Z; source/licence/reference-year unresolved; one static layer used for all years,projects/sat-io/open-datasets/npp-viirs-ntl band=b1,longntl_annual_native500m_positive_pixel_sum_v1,芜湖,芜湖市,156340200,unique_exact_or_prefix,H3C IndexYear paired to same LongNTL calendar year by user instruction
福州市,2019,71.5,120517.346497348,H3C live AllCityOneInfo API snapshot matched to workbook; workbook_sha256=6C7ABE1A06917FBF9BEEE26C7462ED00557EA038A5374DFC0EDA9BEB240AB753; model-year semantics follow the user's explicit instruction that IndexYear is the DEI year,projects/empyrean-caster-430308-m2/assets/city; update_time=2024-10-08T06:01:06.845098Z; source/licence/reference-year unresolved; one static layer used for all years,projects/sat-io/open-datasets/npp-viirs-ntl band=b1,longntl_annual_native500m_positive_pixel_sum_v1,福州,福州市,156350100,unique_exact_or_prefix,H3C IndexYear paired to same LongNTL calendar year by user instruction
厦门市,2019,68.6,87025.0471045101,H3C live AllCityOneInfo API snapshot matched to workbook; workbook_sha256=6C7ABE1A06917FBF9BEEE26C7462ED00557EA038A5374DFC0EDA9BEB240AB753; model-year semantics follow the user's explicit instruction that IndexYear is the DEI year,projects/empyrean-caster-430308-m2/assets/city; update_time=2024-10-08T06:01:06.845098Z; source/licence/reference-year unresolved; one static layer used for all years,projects/sat-io/open-datasets/npp-viirs-ntl band=b1,longntl_annual_native500m_positive_pixel_sum_v1,厦门,厦门市,156350200,unique_exact_or_prefix,H3C IndexYear paired to same LongNTL calendar year by user instruction
泉州市,2019,61.8,152092.342674239,H3C live AllCityOneInfo API snapshot matched to workbook; workbook_sha256=6C7ABE1A06917FBF9BEEE26C7462ED00557EA038A5374DFC0EDA9BEB240AB753; model-year semantics follow the user's explicit instruction that IndexYear is the DEI year,projects/empyrean-caster-430308-m2/assets/city; update_time=2024-10-08T06:01:06.845098Z; source/licence/reference-year unresolved; one static layer used for all years,projects/sat-io/open-datasets/npp-viirs-ntl band=b1,longntl_annual_native500m_positive_pixel_sum_v1,泉州,泉州市,156350500,unique_exact_or_prefix,H3C IndexYear paired to same LongNTL calendar year by user instruction
漳州市,2019,56,86916.2151947802,H3C live AllCityOneInfo API snapshot matched to workbook; workbook_sha256=6C7ABE1A06917FBF9BEEE26C7462ED00557EA038A5374DFC0EDA9BEB240AB753; model-year semantics follow the user's explicit instruction that IndexYear is the DEI year,projects/empyrean-caster-430308-m2/assets/city; update_time=2024-10-08T06:01:06.845098Z; source/licence/reference-year unresolved; one static layer used for all years,projects/sat-io/open-datasets/npp-viirs-ntl band=b1,longntl_annual_native500m_positive_pixel_sum_v1,漳州,漳州市,156350600,unique_exact_or_prefix,H3C IndexYear paired to same LongNTL calendar year by user instruction
南昌市,2019,57.6,67593.9681942982,H3C live AllCityOneInfo API snapshot matched to workbook; workbook_sha256=6C7ABE1A06917FBF9BEEE26C7462ED00557EA038A5374DFC0EDA9BEB240AB753; model-year semantics follow the user's explicit instruction that IndexYear is the DEI year,projects/empyrean-caster-430308-m2/assets/city; update_time=2024-10-08T06:01:06.845098Z; source/licence/reference-year unresolved; one static layer used for all years,projects/sat-io/open-datasets/npp-viirs-ntl band=b1,longntl_annual_native500m_positive_pixel_sum_v1,南昌,南昌市,156360100,unique_exact_or_prefix,H3C IndexYear paired to same LongNTL calendar year by user instruction
九江市,2019,43.4,30235.3446032576,H3C live AllCityOneInfo API snapshot matched to workbook; workbook_sha256=6C7ABE1A06917FBF9BEEE26C7462ED00557EA038A5374DFC0EDA9BEB240AB753; model-year semantics follow the user's explicit instruction that IndexYear is the DEI year,projects/empyrean-caster-430308-m2/assets/city; update_time=2024-10-08T06:01:06.845098Z; source/licence/reference-year unresolved; one static layer used for all years,projects/sat-io/open-datasets/npp-viirs-ntl band=b1,longntl_annual_native500m_positive_pixel_sum_v1,九江,九江市,156360400,unique_exact_or_prefix,H3C IndexYear paired to same LongNTL calendar year by user instruction
赣州市,2019,45.1,44832.0005531577,H3C live AllCityOneInfo API snapshot matched to workbook; workbook_sha256=6C7ABE1A06917FBF9BEEE26C7462ED00557EA038A5374DFC0EDA9BEB240AB753; model-year semantics follow the user's explicit instruction that IndexYear is the DEI year,projects/empyrean-caster-430308-m2/assets/city; update_time=2024-10-08T06:01:06.845098Z; source/licence/reference-year unresolved; one static layer used for all years,projects/sat-io/open-datasets/npp-viirs-ntl band=b1,longntl_annual_native500m_positive_pixel_sum_v1,赣州,赣州市,156360700,unique_exact_or_prefix,H3C IndexYear paired to same LongNTL calendar year by user instruction
济南市,2019,63.7,130917.593950105,H3C live AllCityOneInfo API snapshot matched to workbook; workbook_sha256=6C7ABE1A06917FBF9BEEE26C7462ED00557EA038A5374DFC0EDA9BEB240AB753; model-year semantics follow the user's explicit instruction that IndexYear is the DEI year,projects/empyrean-caster-430308-m2/assets/city; update_time=2024-10-08T06:01:06.845098Z; source/licence/reference-year unresolved; one static layer used for all years,projects/sat-io/open-datasets/npp-viirs-ntl band=b1,longntl_annual_native500m_positive_pixel_sum_v1,济南,济南市,156370100,unique_exact_or_prefix,H3C IndexYear paired to same LongNTL calendar year by user instruction
青岛市,2019,71.3,157032.171130399,H3C live AllCityOneInfo API snapshot matched to workbook; workbook_sha256=6C7ABE1A06917FBF9BEEE26C7462ED00557EA038A5374DFC0EDA9BEB240AB753; model-year semantics follow the user's explicit instruction that IndexYear is the DEI year,projects/empyrean-caster-430308-m2/assets/city; update_time=2024-10-08T06:01:06.845098Z; source/licence/reference-year unresolved; one static layer used for all years,projects/sat-io/open-datasets/npp-viirs-ntl band=b1,longntl_annual_native500m_positive_pixel_sum_v1,青岛,青岛市,156370200,unique_exact_or_prefix,H3C IndexYear paired to same LongNTL calendar year by user instruction
淄博市,2019,56.2,63976.9664169915,H3C live AllCityOneInfo API snapshot matched to workbook; workbook_sha256=6C7ABE1A06917FBF9BEEE26C7462ED00557EA038A5374DFC0EDA9BEB240AB753; model-year semantics follow the user's explicit instruction that IndexYear is the DEI year,projects/empyrean-caster-430308-m2/assets/city; update_time=2024-10-08T06:01:06.845098Z; source/licence/reference-year unresolved; one static layer used for all years,projects/sat-io/open-datasets/npp-viirs-ntl band=b1,longntl_annual_native500m_positive_pixel_sum_v1,淄博,淄博市,156370300,unique_exact_or_prefix,H3C IndexYear paired to same LongNTL calendar year by user instruction
东营市,2019,54,64417.7722757788,H3C live AllCityOneInfo API snapshot matched to workbook; workbook_sha256=6C7ABE1A06917FBF9BEEE26C7462ED00557EA038A5374DFC0EDA9BEB240AB753; model-year semantics follow the user's explicit instruction that IndexYear is the DEI year,projects/empyrean-caster-430308-m2/assets/city; update_time=2024-10-08T06:01:06.845098Z; source/licence/reference-year unresolved; one static layer used for all years,projects/sat-io/open-datasets/npp-viirs-ntl band=b1,longntl_annual_native500m_positive_pixel_sum_v1,东营,东营市,156370500,unique_exact_or_prefix,H3C IndexYear paired to same LongNTL calendar year by user instruction
烟台市,2019,62.4,89798.8043142333,H3C live AllCityOneInfo API snapshot matched to workbook; workbook_sha256=6C7ABE1A06917FBF9BEEE26C7462ED00557EA038A5374DFC0EDA9BEB240AB753; model-year semantics follow the user's explicit instruction that IndexYear is the DEI year,projects/empyrean-caster-430308-m2/assets/city; update_time=2024-10-08T06:01:06.845098Z; source/licence/reference-year unresolved; one static layer used for all years,projects/sat-io/open-datasets/npp-viirs-ntl band=b1,longntl_annual_native500m_positive_pixel_sum_v1,烟台,烟台市,156370600,unique_exact_or_prefix,H3C IndexYear paired to same LongNTL calendar year by user instruction
潍坊市,2019,58.1,118606.29837204,H3C live AllCityOneInfo API snapshot matched to workbook; workbook_sha256=6C7ABE1A06917FBF9BEEE26C7462ED00557EA038A5374DFC0EDA9BEB240AB753; model-year semantics follow the user's explicit instruction that IndexYear is the DEI year,projects/empyrean-caster-430308-m2/assets/city; update_time=2024-10-08T06:01:06.845098Z; source/licence/reference-year unresolved; one static layer used for all years,projects/sat-io/open-datasets/npp-viirs-ntl band=b1,longntl_annual_native500m_positive_pixel_sum_v1,潍坊,潍坊市,156370700,unique_exact_or_prefix,H3C IndexYear paired to same LongNTL calendar year by user instruction
济宁市,2019,50.8,68530.4678377572,H3C live AllCityOneInfo API snapshot matched to workbook; workbook_sha256=6C7ABE1A06917FBF9BEEE26C7462ED00557EA038A5374DFC0EDA9BEB240AB753; model-year semantics follow the user's explicit instruction that IndexYear is the DEI year,projects/empyrean-caster-430308-m2/assets/city; update_time=2024-10-08T06:01:06.845098Z; source/licence/reference-year unresolved; one static layer used for all years,projects/sat-io/open-datasets/npp-viirs-ntl band=b1,longntl_annual_native500m_positive_pixel_sum_v1,济宁,济宁市,156370800,unique_exact_or_prefix,H3C IndexYear paired to same LongNTL calendar year by user instruction
泰安市,2019,45.4,47823.9632555176,H3C live AllCityOneInfo API snapshot matched to workbook; workbook_sha256=6C7ABE1A06917FBF9BEEE26C7462ED00557EA038A5374DFC0EDA9BEB240AB753; model-year semantics follow the user's explicit instruction that IndexYear is the DEI year,projects/empyrean-caster-430308-m2/assets/city; update_time=2024-10-08T06:01:06.845098Z; source/licence/reference-year unresolved; one static layer used for all years,projects/sat-io/open-datasets/npp-viirs-ntl band=b1,longntl_annual_native500m_positive_pixel_sum_v1,泰安,泰安市,156370900,unique_exact_or_prefix,H3C IndexYear paired to same LongNTL calendar year by user instruction
威海市,2019,52.8,49405.3558280543,H3C live AllCityOneInfo API snapshot matched to workbook; workbook_sha256=6C7ABE1A06917FBF9BEEE26C7462ED00557EA038A5374DFC0EDA9BEB240AB753; model-year semantics follow the user's explicit instruction that IndexYear is the DEI year,projects/empyrean-caster-430308-m2/assets/city; update_time=2024-10-08T06:01:06.845098Z; source/licence/reference-year unresolved; one static layer used for all years,projects/sat-io/open-datasets/npp-viirs-ntl band=b1,longntl_annual_native500m_positive_pixel_sum_v1,威海,威海市,156371000,unique_exact_or_prefix,H3C IndexYear paired to same LongNTL calendar year by user instruction
临沂市,2019,49.4,96771.1037433928,H3C live AllCityOneInfo API snapshot matched to workbook; workbook_sha256=6C7ABE1A06917FBF9BEEE26C7462ED00557EA038A5374DFC0EDA9BEB240AB753; model-year semantics follow the user's explicit instruction that IndexYear is the DEI year,projects/empyrean-caster-430308-m2/assets/city; update_time=2024-10-08T06:01:06.845098Z; source/licence/reference-year unresolved; one static layer used for all years,projects/sat-io/open-datasets/npp-viirs-ntl band=b1,longntl_annual_native500m_positive_pixel_sum_v1,临沂,临沂市,156371300,unique_exact_or_prefix,H3C IndexYear paired to same LongNTL calendar year by user instruction
德州市,2019,47.4,48891.0892704057,H3C live AllCityOneInfo API snapshot matched to workbook; workbook_sha256=6C7ABE1A06917FBF9BEEE26C7462ED00557EA038A5374DFC0EDA9BEB240AB753; model-year semantics follow the user's explicit instruction that IndexYear is the DEI year,projects/empyrean-caster-430308-m2/assets/city; update_time=2024-10-08T06:01:06.845098Z; source/licence/reference-year unresolved; one static layer used for all years,projects/sat-io/open-datasets/npp-viirs-ntl band=b1,longntl_annual_native500m_positive_pixel_sum_v1,德州,德州市,156371400,unique_exact_or_prefix,H3C IndexYear paired to same LongNTL calendar year by user instruction
聊城市,2019,35.4,47432.0010468525,H3C live AllCityOneInfo API snapshot matched to workbook; workbook_sha256=6C7ABE1A06917FBF9BEEE26C7462ED00557EA038A5374DFC0EDA9BEB240AB753; model-year semantics follow the user's explicit instruction that IndexYear is the DEI year,projects/empyrean-caster-430308-m2/assets/city; update_time=2024-10-08T06:01:06.845098Z; source/licence/reference-year unresolved; one static layer used for all years,projects/sat-io/open-datasets/npp-viirs-ntl band=b1,longntl_annual_native500m_positive_pixel_sum_v1,聊城,聊城市,156371500,unique_exact_or_prefix,H3C IndexYear paired to same LongNTL calendar year by user instruction
滨州市,2019,55.2,57190.9717572137,H3C live AllCityOneInfo API snapshot matched to workbook; workbook_sha256=6C7ABE1A06917FBF9BEEE26C7462ED00557EA038A5374DFC0EDA9BEB240AB753; model-year semantics follow the user's explicit instruction that IndexYear is the DEI year,projects/empyrean-caster-430308-m2/assets/city; update_time=2024-10-08T06:01:06.845098Z; source/licence/reference-year unresolved; one static layer used for all years,projects/sat-io/open-datasets/npp-viirs-ntl band=b1,longntl_annual_native500m_positive_pixel_sum_v1,滨州,滨州市,156371600,unique_exact_or_prefix,H3C IndexYear paired to same LongNTL calendar year by user instruction
菏泽市,2019,49.2,59980.582414068,H3C live AllCityOneInfo API snapshot matched to workbook; workbook_sha256=6C7ABE1A06917FBF9BEEE26C7462ED00557EA038A5374DFC0EDA9BEB240AB753; model-year semantics follow the user's explicit instruction that IndexYear is the DEI year,projects/empyrean-caster-430308-m2/assets/city; update_time=2024-10-08T06:01:06.845098Z; source/licence/reference-year unresolved; one static layer used for all years,projects/sat-io/open-datasets/npp-viirs-ntl band=b1,longntl_annual_native500m_positive_pixel_sum_v1,菏泽,菏泽市,156371700,unique_exact_or_prefix,H3C IndexYear paired to same LongNTL calendar year by user instruction
郑州市,2019,71.9,179834.969688238,H3C live AllCityOneInfo API snapshot matched to workbook; workbook_sha256=6C7ABE1A06917FBF9BEEE26C7462ED00557EA038A5374DFC0EDA9BEB240AB753; model-year semantics follow the user's explicit instruction that IndexYear is the DEI year,projects/empyrean-caster-430308-m2/assets/city; update_time=2024-10-08T06:01:06.845098Z; source/licence/reference-year unresolved; one static layer used for all years,projects/sat-io/open-datasets/npp-viirs-ntl band=b1,longntl_annual_native500m_positive_pixel_sum_v1,郑州,郑州市,156410100,unique_exact_or_prefix,H3C IndexYear paired to same LongNTL calendar year by user instruction
开封市,2019,52.1,38926.3433131185,H3C live AllCityOneInfo API snapshot matched to workbook; workbook_sha256=6C7ABE1A06917FBF9BEEE26C7462ED00557EA038A5374DFC0EDA9BEB240AB753; model-year semantics follow the user's explicit instruction that IndexYear is the DEI year,projects/empyrean-caster-430308-m2/assets/city; update_time=2024-10-08T06:01:06.845098Z; source/licence/reference-year unresolved; one static layer used for all years,projects/sat-io/open-datasets/npp-viirs-ntl band=b1,longntl_annual_native500m_positive_pixel_sum_v1,开封,开封市,156410200,unique_exact_or_prefix,H3C IndexYear paired to same LongNTL calendar year by user instruction
洛阳市,2019,51,66347.6665226623,H3C live AllCityOneInfo API snapshot matched to workbook; workbook_sha256=6C7ABE1A06917FBF9BEEE26C7462ED00557EA038A5374DFC0EDA9BEB240AB753; model-year semantics follow the user's explicit instruction that IndexYear is the DEI year,projects/empyrean-caster-430308-m2/assets/city; update_time=2024-10-08T06:01:06.845098Z; source/licence/reference-year unresolved; one static layer used for all years,projects/sat-io/open-datasets/npp-viirs-ntl band=b1,longntl_annual_native500m_positive_pixel_sum_v1,洛阳,洛阳市,156410300,unique_exact_or_prefix,H3C IndexYear paired to same LongNTL calendar year by user instruction
平顶山市,2019,44.4,34859.1031964246,H3C live AllCityOneInfo API snapshot matched to workbook; workbook_sha256=6C7ABE1A06917FBF9BEEE26C7462ED00557EA038A5374DFC0EDA9BEB240AB753; model-year semantics follow the user's explicit instruction that IndexYear is the DEI year,projects/empyrean-caster-430308-m2/assets/city; update_time=2024-10-08T06:01:06.845098Z; source/licence/reference-year unresolved; one static layer used for all years,projects/sat-io/open-datasets/npp-viirs-ntl band=b1,longntl_annual_native500m_positive_pixel_sum_v1,平顶山,平顶山市,156410400,unique_exact_or_prefix,H3C IndexYear paired to same LongNTL calendar year by user instruction
许昌市,2019,47.7,33134.7473373184,H3C live AllCityOneInfo API snapshot matched to workbook; workbook_sha256=6C7ABE1A06917FBF9BEEE26C7462ED00557EA038A5374DFC0EDA9BEB240AB753; model-year semantics follow the user's explicit instruction that IndexYear is the DEI year,projects/empyrean-caster-430308-m2/assets/city; update_time=2024-10-08T06:01:06.845098Z; source/licence/reference-year unresolved; one static layer used for all years,projects/sat-io/open-datasets/npp-viirs-ntl band=b1,longntl_annual_native500m_positive_pixel_sum_v1,许昌,许昌市,156411000,unique_exact_or_prefix,H3C IndexYear paired to same LongNTL calendar year by user instruction
南阳市,2019,46.8,40548.5106502439,H3C live AllCityOneInfo API snapshot matched to workbook; workbook_sha256=6C7ABE1A06917FBF9BEEE26C7462ED00557EA038A5374DFC0EDA9BEB240AB753; model-year semantics follow the user's explicit instruction that IndexYear is the DEI year,projects/empyrean-caster-430308-m2/assets/city; update_time=2024-10-08T06:01:06.845098Z; source/licence/reference-year unresolved; one static layer used for all years,projects/sat-io/open-datasets/npp-viirs-ntl band=b1,longntl_annual_native500m_positive_pixel_sum_v1,南阳,南阳市,156411300,unique_exact_or_prefix,H3C IndexYear paired to same LongNTL calendar year by user instruction
周口市,2019,48.9,43280.0948848032,H3C live AllCityOneInfo API snapshot matched to workbook; workbook_sha256=6C7ABE1A06917FBF9BEEE26C7462ED00557EA038A5374DFC0EDA9BEB240AB753; model-year semantics follow the user's explicit instruction that IndexYear is the DEI year,projects/empyrean-caster-430308-m2/assets/city; update_time=2024-10-08T06:01:06.845098Z; source/licence/reference-year unresolved; one static layer used for all years,projects/sat-io/open-datasets/npp-viirs-ntl band=b1,longntl_annual_native500m_positive_pixel_sum_v1,周口,周口市,156411600,unique_exact_or_prefix,H3C IndexYear paired to same LongNTL calendar year by user instruction
武汉市,2019,78,191401.20884174,H3C live AllCityOneInfo API snapshot matched to workbook; workbook_sha256=6C7ABE1A06917FBF9BEEE26C7462ED00557EA038A5374DFC0EDA9BEB240AB753; model-year semantics follow the user's explicit instruction that IndexYear is the DEI year,projects/empyrean-caster-430308-m2/assets/city; update_time=2024-10-08T06:01:06.845098Z; source/licence/reference-year unresolved; one static layer used for all years,projects/sat-io/open-datasets/npp-viirs-ntl band=b1,longntl_annual_native500m_positive_pixel_sum_v1,武汉,武汉市,156420100,unique_exact_or_prefix,H3C IndexYear paired to same LongNTL calendar year by user instruction
宜昌市,2019,54.2,29654.7501854756,H3C live AllCityOneInfo API snapshot matched to workbook; workbook_sha256=6C7ABE1A06917FBF9BEEE26C7462ED00557EA038A5374DFC0EDA9BEB240AB753; model-year semantics follow the user's explicit instruction that IndexYear is the DEI year,projects/empyrean-caster-430308-m2/assets/city; update_time=2024-10-08T06:01:06.845098Z; source/licence/reference-year unresolved; one static layer used for all years,projects/sat-io/open-datasets/npp-viirs-ntl band=b1,longntl_annual_native500m_positive_pixel_sum_v1,宜昌,宜昌市,156420500,unique_exact_or_prefix,H3C IndexYear paired to same LongNTL calendar year by user instruction
襄阳市,2019,47.7,28066.2086932374,H3C live AllCityOneInfo API snapshot matched to workbook; workbook_sha256=6C7ABE1A06917FBF9BEEE26C7462ED00557EA038A5374DFC0EDA9BEB240AB753; model-year semantics follow the user's explicit instruction that IndexYear is the DEI year,projects/empyrean-caster-430308-m2/assets/city; update_time=2024-10-08T06:01:06.845098Z; source/licence/reference-year unresolved; one static layer used for all years,projects/sat-io/open-datasets/npp-viirs-ntl band=b1,longntl_annual_native500m_positive_pixel_sum_v1,襄阳,襄阳市,156420600,unique_exact_or_prefix,H3C IndexYear paired to same LongNTL calendar year by user instruction
长沙市,2019,68.1,128169.178588604,H3C live AllCityOneInfo API snapshot matched to workbook; workbook_sha256=6C7ABE1A06917FBF9BEEE26C7462ED00557EA038A5374DFC0EDA9BEB240AB753; model-year semantics follow the user's explicit instruction that IndexYear is the DEI year,projects/empyrean-caster-430308-m2/assets/city; update_time=2024-10-08T06:01:06.845098Z; source/licence/reference-year unresolved; one static layer used for all years,projects/sat-io/open-datasets/npp-viirs-ntl band=b1,longntl_annual_native500m_positive_pixel_sum_v1,长沙,长沙市,156430100,unique_exact_or_prefix,H3C IndexYear paired to same LongNTL calendar year by user instruction
株洲市,2019,44.8,27601.6448622264,H3C live AllCityOneInfo API snapshot matched to workbook; workbook_sha256=6C7ABE1A06917FBF9BEEE26C7462ED00557EA038A5374DFC0EDA9BEB240AB753; model-year semantics follow the user's explicit instruction that IndexYear is the DEI year,projects/empyrean-caster-430308-m2/assets/city; update_time=2024-10-08T06:01:06.845098Z; source/licence/reference-year unresolved; one static layer used for all years,projects/sat-io/open-datasets/npp-viirs-ntl band=b1,longntl_annual_native500m_positive_pixel_sum_v1,株洲,株洲市,156430200,unique_exact_or_prefix,H3C IndexYear paired to same LongNTL calendar year by user instruction
衡阳市,2019,45.9,21057.3481773736,H3C live AllCityOneInfo API snapshot matched to workbook; workbook_sha256=6C7ABE1A06917FBF9BEEE26C7462ED00557EA038A5374DFC0EDA9BEB240AB753; model-year semantics follow the user's explicit instruction that IndexYear is the DEI year,projects/empyrean-caster-430308-m2/assets/city; update_time=2024-10-08T06:01:06.845098Z; source/licence/reference-year unresolved; one static layer used for all years,projects/sat-io/open-datasets/npp-viirs-ntl band=b1,longntl_annual_native500m_positive_pixel_sum_v1,衡阳,衡阳市,156430400,unique_exact_or_prefix,H3C IndexYear paired to same LongNTL calendar year by user instruction
岳阳市,2019,47.6,24881.2353649995,H3C live AllCityOneInfo API snapshot matched to workbook; workbook_sha256=6C7ABE1A06917FBF9BEEE26C7462ED00557EA038A5374DFC0EDA9BEB240AB753; model-year semantics follow the user's explicit instruction that IndexYear is the DEI year,projects/empyrean-caster-430308-m2/assets/city; update_time=2024-10-08T06:01:06.845098Z; source/licence/reference-year unresolved; one static layer used for all years,projects/sat-io/open-datasets/npp-viirs-ntl band=b1,longntl_annual_native500m_positive_pixel_sum_v1,岳阳,岳阳市,156430600,unique_exact_or_prefix,H3C IndexYear paired to same LongNTL calendar year by user instruction
常德市,2019,47.7,27983.3829287258,H3C live AllCityOneInfo API snapshot matched to workbook; workbook_sha256=6C7ABE1A06917FBF9BEEE26C7462ED00557EA038A5374DFC0EDA9BEB240AB753; model-year semantics follow the user's explicit instruction that IndexYear is the DEI year,projects/empyrean-caster-430308-m2/assets/city; update_time=2024-10-08T06:01:06.845098Z; source/licence/reference-year unresolved; one static layer used for all years,projects/sat-io/open-datasets/npp-viirs-ntl band=b1,longntl_annual_native500m_positive_pixel_sum_v1,常德,常德市,156430700,unique_exact_or_prefix,H3C IndexYear paired to same LongNTL calendar year by user instruction
广州市,2019,86.2,233869.552885372,H3C live AllCityOneInfo API snapshot matched to workbook; workbook_sha256=6C7ABE1A06917FBF9BEEE26C7462ED00557EA038A5374DFC0EDA9BEB240AB753; model-year semantics follow the user's explicit instruction that IndexYear is the DEI year,projects/empyrean-caster-430308-m2/assets/city; update_time=2024-10-08T06:01:06.845098Z; source/licence/reference-year unresolved; one static layer used for all years,projects/sat-io/open-datasets/npp-viirs-ntl band=b1,longntl_annual_native500m_positive_pixel_sum_v1,广州,广州市,156440100,unique_exact_or_prefix,H3C IndexYear paired to same LongNTL calendar year by user instruction
深圳市,2019,89.2,166866.421332012,H3C live AllCityOneInfo API snapshot matched to workbook; workbook_sha256=6C7ABE1A06917FBF9BEEE26C7462ED00557EA038A5374DFC0EDA9BEB240AB753; model-year semantics follow the user's explicit instruction that IndexYear is the DEI year,projects/empyrean-caster-430308-m2/assets/city; update_time=2024-10-08T06:01:06.845098Z; source/licence/reference-year unresolved; one static layer used for all years,projects/sat-io/open-datasets/npp-viirs-ntl band=b1,longntl_annual_native500m_positive_pixel_sum_v1,深圳,深圳市,156440300,unique_exact_or_prefix,H3C IndexYear paired to same LongNTL calendar year by user instruction
珠海市,2019,62.5,35155.2337708286,H3C live AllCityOneInfo API snapshot matched to workbook; workbook_sha256=6C7ABE1A06917FBF9BEEE26C7462ED00557EA038A5374DFC0EDA9BEB240AB753; model-year semantics follow the user's explicit instruction that IndexYear is the DEI year,projects/empyrean-caster-430308-m2/assets/city; update_time=2024-10-08T06:01:06.845098Z; source/licence/reference-year unresolved; one static layer used for all years,projects/sat-io/open-datasets/npp-viirs-ntl band=b1,longntl_annual_native500m_positive_pixel_sum_v1,珠海,珠海市,156440400,unique_exact_or_prefix,H3C IndexYear paired to same LongNTL calendar year by user instruction
汕头市,2019,50.8,62610.1031401237,H3C live AllCityOneInfo API snapshot matched to workbook; workbook_sha256=6C7ABE1A06917FBF9BEEE26C7462ED00557EA038A5374DFC0EDA9BEB240AB753; model-year semantics follow the user's explicit instruction that IndexYear is the DEI year,projects/empyrean-caster-430308-m2/assets/city; update_time=2024-10-08T06:01:06.845098Z; source/licence/reference-year unresolved; one static layer used for all years,projects/sat-io/open-datasets/npp-viirs-ntl band=b1,longntl_annual_native500m_positive_pixel_sum_v1,汕头,汕头市,156440500,unique_exact_or_prefix,H3C IndexYear paired to same LongNTL calendar year by user instruction
佛山市,2019,70.3,137433.567939732,H3C live AllCityOneInfo API snapshot matched to workbook; workbook_sha256=6C7ABE1A06917FBF9BEEE26C7462ED00557EA038A5374DFC0EDA9BEB240AB753; model-year semantics follow the user's explicit instruction that IndexYear is the DEI year,projects/empyrean-caster-430308-m2/assets/city; update_time=2024-10-08T06:01:06.845098Z; source/licence/reference-year unresolved; one static layer used for all years,projects/sat-io/open-datasets/npp-viirs-ntl band=b1,longntl_annual_native500m_positive_pixel_sum_v1,佛山,佛山市,156440600,unique_exact_or_prefix,H3C IndexYear paired to same LongNTL calendar year by user instruction
江门市,2019,56.4,70777.8505496946,H3C live AllCityOneInfo API snapshot matched to workbook; workbook_sha256=6C7ABE1A06917FBF9BEEE26C7462ED00557EA038A5374DFC0EDA9BEB240AB753; model-year semantics follow the user's explicit instruction that IndexYear is the DEI year,projects/empyrean-caster-430308-m2/assets/city; update_time=2024-10-08T06:01:06.845098Z; source/licence/reference-year unresolved; one static layer used for all years,projects/sat-io/open-datasets/npp-viirs-ntl band=b1,longntl_annual_native500m_positive_pixel_sum_v1,江门,江门市,156440700,unique_exact_or_prefix,H3C IndexYear paired to same LongNTL calendar year by user instruction
湛江市,2019,51.9,44496.8527252038,H3C live AllCityOneInfo API snapshot matched to workbook; workbook_sha256=6C7ABE1A06917FBF9BEEE26C7462ED00557EA038A5374DFC0EDA9BEB240AB753; model-year semantics follow the user's explicit instruction that IndexYear is the DEI year,projects/empyrean-caster-430308-m2/assets/city; update_time=2024-10-08T06:01:06.845098Z; source/licence/reference-year unresolved; one static layer used for all years,projects/sat-io/open-datasets/npp-viirs-ntl band=b1,longntl_annual_native500m_positive_pixel_sum_v1,湛江,湛江市,156440800,unique_exact_or_prefix,H3C IndexYear paired to same LongNTL calendar year by user instruction
茂名市,2019,45.3,38320.5106190195,H3C live AllCityOneInfo API snapshot matched to workbook; workbook_sha256=6C7ABE1A06917FBF9BEEE26C7462ED00557EA038A5374DFC0EDA9BEB240AB753; model-year semantics follow the user's explicit instruction that IndexYear is the DEI year,projects/empyrean-caster-430308-m2/assets/city; update_time=2024-10-08T06:01:06.845098Z; source/licence/reference-year unresolved; one static layer used for all years,projects/sat-io/open-datasets/npp-viirs-ntl band=b1,longntl_annual_native500m_positive_pixel_sum_v1,茂名,茂名市,156440900,unique_exact_or_prefix,H3C IndexYear paired to same LongNTL calendar year by user instruction
惠州市,2019,58.7,108846.273208649,H3C live AllCityOneInfo API snapshot matched to workbook; workbook_sha256=6C7ABE1A06917FBF9BEEE26C7462ED00557EA038A5374DFC0EDA9BEB240AB753; model-year semantics follow the user's explicit instruction that IndexYear is the DEI year,projects/empyrean-caster-430308-m2/assets/city; update_time=2024-10-08T06:01:06.845098Z; source/licence/reference-year unresolved; one static layer used for all years,projects/sat-io/open-datasets/npp-viirs-ntl band=b1,longntl_annual_native500m_positive_pixel_sum_v1,惠州,惠州市,156441300,unique_exact_or_prefix,H3C IndexYear paired to same LongNTL calendar year by user instruction
东莞市,2019,66.6,168086.062191365,H3C live AllCityOneInfo API snapshot matched to workbook; workbook_sha256=6C7ABE1A06917FBF9BEEE26C7462ED00557EA038A5374DFC0EDA9BEB240AB753; model-year semantics follow the user's explicit instruction that IndexYear is the DEI year,projects/empyrean-caster-430308-m2/assets/city; update_time=2024-10-08T06:01:06.845098Z; source/licence/reference-year unresolved; one static layer used for all years,projects/sat-io/open-datasets/npp-viirs-ntl band=b1,longntl_annual_native500m_positive_pixel_sum_v1,东莞,东莞市,156441900,unique_exact_or_prefix,H3C IndexYear paired to same LongNTL calendar year by user instruction
中山市,2019,57.3,71475.0884476447,H3C live AllCityOneInfo API snapshot matched to workbook; workbook_sha256=6C7ABE1A06917FBF9BEEE26C7462ED00557EA038A5374DFC0EDA9BEB240AB753; model-year semantics follow the user's explicit instruction that IndexYear is the DEI year,projects/empyrean-caster-430308-m2/assets/city; update_time=2024-10-08T06:01:06.845098Z; source/licence/reference-year unresolved; one static layer used for all years,projects/sat-io/open-datasets/npp-viirs-ntl band=b1,longntl_annual_native500m_positive_pixel_sum_v1,中山,中山市,156442000,unique_exact_or_prefix,H3C IndexYear paired to same LongNTL calendar year by user instruction
南宁市,2019,56.1,90576.5852731139,H3C live AllCityOneInfo API snapshot matched to workbook; workbook_sha256=6C7ABE1A06917FBF9BEEE26C7462ED00557EA038A5374DFC0EDA9BEB240AB753; model-year semantics follow the user's explicit instruction that IndexYear is the DEI year,projects/empyrean-caster-430308-m2/assets/city; update_time=2024-10-08T06:01:06.845098Z; source/licence/reference-year unresolved; one static layer used for all years,projects/sat-io/open-datasets/npp-viirs-ntl band=b1,longntl_annual_native500m_positive_pixel_sum_v1,南宁,南宁市,156450100,unique_exact_or_prefix,H3C IndexYear paired to same LongNTL calendar year by user instruction
柳州市,2019,47.8,46494.4067409085,H3C live AllCityOneInfo API snapshot matched to workbook; workbook_sha256=6C7ABE1A06917FBF9BEEE26C7462ED00557EA038A5374DFC0EDA9BEB240AB753; model-year semantics follow the user's explicit instruction that IndexYear is the DEI year,projects/empyrean-caster-430308-m2/assets/city; update_time=2024-10-08T06:01:06.845098Z; source/licence/reference-year unresolved; one static layer used for all years,projects/sat-io/open-datasets/npp-viirs-ntl band=b1,longntl_annual_native500m_positive_pixel_sum_v1,柳州,柳州市,156450200,unique_exact_or_prefix,H3C IndexYear paired to same LongNTL calendar year by user instruction
桂林市,2019,48,28040.7039834775,H3C live AllCityOneInfo API snapshot matched to workbook; workbook_sha256=6C7ABE1A06917FBF9BEEE26C7462ED00557EA038A5374DFC0EDA9BEB240AB753; model-year semantics follow the user's explicit instruction that IndexYear is the DEI year,projects/empyrean-caster-430308-m2/assets/city; update_time=2024-10-08T06:01:06.845098Z; source/licence/reference-year unresolved; one static layer used for all years,projects/sat-io/open-datasets/npp-viirs-ntl band=b1,longntl_annual_native500m_positive_pixel_sum_v1,桂林,桂林市,156450300,unique_exact_or_prefix,H3C IndexYear paired to same LongNTL calendar year by user instruction
海口市,2019,55,33825.7159826606,H3C live AllCityOneInfo API snapshot matched to workbook; workbook_sha256=6C7ABE1A06917FBF9BEEE26C7462ED00557EA038A5374DFC0EDA9BEB240AB753; model-year semantics follow the user's explicit instruction that IndexYear is the DEI year,projects/empyrean-caster-430308-m2/assets/city; update_time=2024-10-08T06:01:06.845098Z; source/licence/reference-year unresolved; one static layer used for all years,projects/sat-io/open-datasets/npp-viirs-ntl band=b1,longntl_annual_native500m_positive_pixel_sum_v1,海口,海口市,156460100,unique_exact_or_prefix,H3C IndexYear paired to same LongNTL calendar year by user instruction
重庆市,2019,75.4,250757.734865446,H3C live AllCityOneInfo API snapshot matched to workbook; workbook_sha256=6C7ABE1A06917FBF9BEEE26C7462ED00557EA038A5374DFC0EDA9BEB240AB753; model-year semantics follow the user's explicit instruction that IndexYear is the DEI year,projects/empyrean-caster-430308-m2/assets/city; update_time=2024-10-08T06:01:06.845098Z; source/licence/reference-year unresolved; one static layer used for all years,projects/sat-io/open-datasets/npp-viirs-ntl band=b1,longntl_annual_native500m_positive_pixel_sum_v1,重庆,重庆市,156500000,unique_exact_or_prefix,H3C IndexYear paired to same LongNTL calendar year by user instruction
成都市,2019,87,297530.541853322,H3C live AllCityOneInfo API snapshot matched to workbook; workbook_sha256=6C7ABE1A06917FBF9BEEE26C7462ED00557EA038A5374DFC0EDA9BEB240AB753; model-year semantics follow the user's explicit instruction that IndexYear is the DEI year,projects/empyrean-caster-430308-m2/assets/city; update_time=2024-10-08T06:01:06.845098Z; source/licence/reference-year unresolved; one static layer used for all years,projects/sat-io/open-datasets/npp-viirs-ntl band=b1,longntl_annual_native500m_positive_pixel_sum_v1,成都,成都市,156510100,unique_exact_or_prefix,H3C IndexYear paired to same LongNTL calendar year by user instruction
绵阳市,2019,62.7,35253.2712408921,H3C live AllCityOneInfo API snapshot matched to workbook; workbook_sha256=6C7ABE1A06917FBF9BEEE26C7462ED00557EA038A5374DFC0EDA9BEB240AB753; model-year semantics follow the user's explicit instruction that IndexYear is the DEI year,projects/empyrean-caster-430308-m2/assets/city; update_time=2024-10-08T06:01:06.845098Z; source/licence/reference-year unresolved; one static layer used for all years,projects/sat-io/open-datasets/npp-viirs-ntl band=b1,longntl_annual_native500m_positive_pixel_sum_v1,绵阳,绵阳市,156510700,unique_exact_or_prefix,H3C IndexYear paired to same LongNTL calendar year by user instruction
贵阳市,2019,73.2,76361.3095053762,H3C live AllCityOneInfo API snapshot matched to workbook; workbook_sha256=6C7ABE1A06917FBF9BEEE26C7462ED00557EA038A5374DFC0EDA9BEB240AB753; model-year semantics follow the user's explicit instruction that IndexYear is the DEI year,projects/empyrean-caster-430308-m2/assets/city; update_time=2024-10-08T06:01:06.845098Z; source/licence/reference-year unresolved; one static layer used for all years,projects/sat-io/open-datasets/npp-viirs-ntl band=b1,longntl_annual_native500m_positive_pixel_sum_v1,贵阳,贵阳市,156520100,unique_exact_or_prefix,H3C IndexYear paired to same LongNTL calendar year by user instruction
遵义市,2019,51.3,50593.5614768739,H3C live AllCityOneInfo API snapshot matched to workbook; workbook_sha256=6C7ABE1A06917FBF9BEEE26C7462ED00557EA038A5374DFC0EDA9BEB240AB753; model-year semantics follow the user's explicit instruction that IndexYear is the DEI year,projects/empyrean-caster-430308-m2/assets/city; update_time=2024-10-08T06:01:06.845098Z; source/licence/reference-year unresolved; one static layer used for all years,projects/sat-io/open-datasets/npp-viirs-ntl band=b1,longntl_annual_native500m_positive_pixel_sum_v1,遵义,遵义市,156520300,unique_exact_or_prefix,H3C IndexYear paired to same LongNTL calendar year by user instruction
昆明市,2019,60.9,138201.491876136,H3C live AllCityOneInfo API snapshot matched to workbook; workbook_sha256=6C7ABE1A06917FBF9BEEE26C7462ED00557EA038A5374DFC0EDA9BEB240AB753; model-year semantics follow the user's explicit instruction that IndexYear is the DEI year,projects/empyrean-caster-430308-m2/assets/city; update_time=2024-10-08T06:01:06.845098Z; source/licence/reference-year unresolved; one static layer used for all years,projects/sat-io/open-datasets/npp-viirs-ntl band=b1,longntl_annual_native500m_positive_pixel_sum_v1,昆明,昆明市,156530100,unique_exact_or_prefix,H3C IndexYear paired to same LongNTL calendar year by user instruction
拉萨市,2019,48.1,21412.5455428755,H3C live AllCityOneInfo API snapshot matched to workbook; workbook_sha256=6C7ABE1A06917FBF9BEEE26C7462ED00557EA038A5374DFC0EDA9BEB240AB753; model-year semantics follow the user's explicit instruction that IndexYear is the DEI year,projects/empyrean-caster-430308-m2/assets/city; update_time=2024-10-08T06:01:06.845098Z; source/licence/reference-year unresolved; one static layer used for all years,projects/sat-io/open-datasets/npp-viirs-ntl band=b1,longntl_annual_native500m_positive_pixel_sum_v1,拉萨,拉萨市,156540100,unique_exact_or_prefix,H3C IndexYear paired to same LongNTL calendar year by user instruction
西安市,2019,62.8,191044.510379311,H3C live AllCityOneInfo API snapshot matched to workbook; workbook_sha256=6C7ABE1A06917FBF9BEEE26C7462ED00557EA038A5374DFC0EDA9BEB240AB753; model-year semantics follow the user's explicit instruction that IndexYear is the DEI year,projects/empyrean-caster-430308-m2/assets/city; update_time=2024-10-08T06:01:06.845098Z; source/licence/reference-year unresolved; one static layer used for all years,projects/sat-io/open-datasets/npp-viirs-ntl band=b1,longntl_annual_native500m_positive_pixel_sum_v1,西安,西安市,156610100,unique_exact_or_prefix,H3C IndexYear paired to same LongNTL calendar year by user instruction
宝鸡市,2019,45.9,27259.2654664559,H3C live AllCityOneInfo API snapshot matched to workbook; workbook_sha256=6C7ABE1A06917FBF9BEEE26C7462ED00557EA038A5374DFC0EDA9BEB240AB753; model-year semantics follow the user's explicit instruction that IndexYear is the DEI year,projects/empyrean-caster-430308-m2/assets/city; update_time=2024-10-08T06:01:06.845098Z; source/licence/reference-year unresolved; one static layer used for all years,projects/sat-io/open-datasets/npp-viirs-ntl band=b1,longntl_annual_native500m_positive_pixel_sum_v1,宝鸡,宝鸡市,156610300,unique_exact_or_prefix,H3C IndexYear paired to same LongNTL calendar year by user instruction
咸阳市,2019,56.7,65715.0555681509,H3C live AllCityOneInfo API snapshot matched to workbook; workbook_sha256=6C7ABE1A06917FBF9BEEE26C7462ED00557EA038A5374DFC0EDA9BEB240AB753; model-year semantics follow the user's explicit instruction that IndexYear is the DEI year,projects/empyrean-caster-430308-m2/assets/city; update_time=2024-10-08T06:01:06.845098Z; source/licence/reference-year unresolved; one static layer used for all years,projects/sat-io/open-datasets/npp-viirs-ntl band=b1,longntl_annual_native500m_positive_pixel_sum_v1,咸阳,咸阳市,156610400,unique_exact_or_prefix,H3C IndexYear paired to same LongNTL calendar year by user instruction
榆林市,2019,48.7,98498.1885028862,H3C live AllCityOneInfo API snapshot matched to workbook; workbook_sha256=6C7ABE1A06917FBF9BEEE26C7462ED00557EA038A5374DFC0EDA9BEB240AB753; model-year semantics follow the user's explicit instruction that IndexYear is the DEI year,projects/empyrean-caster-430308-m2/assets/city; update_time=2024-10-08T06:01:06.845098Z; source/licence/reference-year unresolved; one static layer used for all years,projects/sat-io/open-datasets/npp-viirs-ntl band=b1,longntl_annual_native500m_positive_pixel_sum_v1,榆林,榆林市,156610800,unique_exact_or_prefix,H3C IndexYear paired to same LongNTL calendar year by user instruction
兰州市,2019,59.5,63025.5289781131,H3C live AllCityOneInfo API snapshot matched to workbook; workbook_sha256=6C7ABE1A06917FBF9BEEE26C7462ED00557EA038A5374DFC0EDA9BEB240AB753; model-year semantics follow the user's explicit instruction that IndexYear is the DEI year,projects/empyrean-caster-430308-m2/assets/city; update_time=2024-10-08T06:01:06.845098Z; source/licence/reference-year unresolved; one static layer used for all years,projects/sat-io/open-datasets/npp-viirs-ntl band=b1,longntl_annual_native500m_positive_pixel_sum_v1,兰州,兰州市,156620100,unique_exact_or_prefix,H3C IndexYear paired to same LongNTL calendar year by user instruction
西宁市,2019,54.4,34989.7809377203,H3C live AllCityOneInfo API snapshot matched to workbook; workbook_sha256=6C7ABE1A06917FBF9BEEE26C7462ED00557EA038A5374DFC0EDA9BEB240AB753; model-year semantics follow the user's explicit instruction that IndexYear is the DEI year,projects/empyrean-caster-430308-m2/assets/city; update_time=2024-10-08T06:01:06.845098Z; source/licence/reference-year unresolved; one static layer used for all years,projects/sat-io/open-datasets/npp-viirs-ntl band=b1,longntl_annual_native500m_positive_pixel_sum_v1,西宁,西宁市,156630100,unique_exact_or_prefix,H3C IndexYear paired to same LongNTL calendar year by user instruction
银川市,2019,56.4,83604.8808544617,H3C live AllCityOneInfo API snapshot matched to workbook; workbook_sha256=6C7ABE1A06917FBF9BEEE26C7462ED00557EA038A5374DFC0EDA9BEB240AB753; model-year semantics follow the user's explicit instruction that IndexYear is the DEI year,projects/empyrean-caster-430308-m2/assets/city; update_time=2024-10-08T06:01:06.845098Z; source/licence/reference-year unresolved; one static layer used for all years,projects/sat-io/open-datasets/npp-viirs-ntl band=b1,longntl_annual_native500m_positive_pixel_sum_v1,银川,银川市,156640100,unique_exact_or_prefix,H3C IndexYear paired to same LongNTL calendar year by user instruction
乌鲁木齐市,2019,57,117281.551406771,H3C live AllCityOneInfo API snapshot matched to workbook; workbook_sha256=6C7ABE1A06917FBF9BEEE26C7462ED00557EA038A5374DFC0EDA9BEB240AB753; model-year semantics follow the user's explicit instruction that IndexYear is the DEI year,projects/empyrean-caster-430308-m2/assets/city; update_time=2024-10-08T06:01:06.845098Z; source/licence/reference-year unresolved; one static layer used for all years,projects/sat-io/open-datasets/npp-viirs-ntl band=b1,longntl_annual_native500m_positive_pixel_sum_v1,乌鲁木齐,乌鲁木齐市,156650100,unique_exact_or_prefix,H3C IndexYear paired to same LongNTL calendar year by user instruction
北京市,2020,89.4,435974.274456043,H3C live AllCityOneInfo API snapshot matched to workbook; workbook_sha256=6C7ABE1A06917FBF9BEEE26C7462ED00557EA038A5374DFC0EDA9BEB240AB753; model-year semantics follow the user's explicit instruction that IndexYear is the DEI year,projects/empyrean-caster-430308-m2/assets/city; update_time=2024-10-08T06:01:06.845098Z; source/licence/reference-year unresolved; one static layer used for all years,projects/sat-io/open-datasets/npp-viirs-ntl band=b1,longntl_annual_native500m_positive_pixel_sum_v1,北京,北京市,156110000,unique_exact_or_prefix,H3C IndexYear paired to same LongNTL calendar year by user instruction
天津市,2020,73.5,351091.739113077,H3C live AllCityOneInfo API snapshot matched to workbook; workbook_sha256=6C7ABE1A06917FBF9BEEE26C7462ED00557EA038A5374DFC0EDA9BEB240AB753; model-year semantics follow the user's explicit instruction that IndexYear is the DEI year,projects/empyrean-caster-430308-m2/assets/city; update_time=2024-10-08T06:01:06.845098Z; source/licence/reference-year unresolved; one static layer used for all years,projects/sat-io/open-datasets/npp-viirs-ntl band=b1,longntl_annual_native500m_positive_pixel_sum_v1,天津,天津市,156120000,unique_exact_or_prefix,H3C IndexYear paired to same LongNTL calendar year by user instruction
石家庄市,2020,69.1,110465.790558245,H3C live AllCityOneInfo API snapshot matched to workbook; workbook_sha256=6C7ABE1A06917FBF9BEEE26C7462ED00557EA038A5374DFC0EDA9BEB240AB753; model-year semantics follow the user's explicit instruction that IndexYear is the DEI year,projects/empyrean-caster-430308-m2/assets/city; update_time=2024-10-08T06:01:06.845098Z; source/licence/reference-year unresolved; one static layer used for all years,projects/sat-io/open-datasets/npp-viirs-ntl band=b1,longntl_annual_native500m_positive_pixel_sum_v1,石家庄,石家庄市,156130100,unique_exact_or_prefix,H3C IndexYear paired to same LongNTL calendar year by user instruction
唐山市,2020,56.9,127392.830175175,H3C live AllCityOneInfo API snapshot matched to workbook; workbook_sha256=6C7ABE1A06917FBF9BEEE26C7462ED00557EA038A5374DFC0EDA9BEB240AB753; model-year semantics follow the user's explicit instruction that IndexYear is the DEI year,projects/empyrean-caster-430308-m2/assets/city; update_time=2024-10-08T06:01:06.845098Z; source/licence/reference-year unresolved; one static layer used for all years,projects/sat-io/open-datasets/npp-viirs-ntl band=b1,longntl_annual_native500m_positive_pixel_sum_v1,唐山,唐山市,156130200,unique_exact_or_prefix,H3C IndexYear paired to same LongNTL calendar year by user instruction
秦皇岛市,2020,52.8,38325.03688079,H3C live AllCityOneInfo API snapshot matched to workbook; workbook_sha256=6C7ABE1A06917FBF9BEEE26C7462ED00557EA038A5374DFC0EDA9BEB240AB753; model-year semantics follow the user's explicit instruction that IndexYear is the DEI year,projects/empyrean-caster-430308-m2/assets/city; update_time=2024-10-08T06:01:06.845098Z; source/licence/reference-year unresolved; one static layer used for all years,projects/sat-io/open-datasets/npp-viirs-ntl band=b1,longntl_annual_native500m_positive_pixel_sum_v1,秦皇岛,秦皇岛市,156130300,unique_exact_or_prefix,H3C IndexYear paired to same LongNTL calendar year by user instruction
邯郸市,2020,57.3,67654.0844766603,H3C live AllCityOneInfo API snapshot matched to workbook; workbook_sha256=6C7ABE1A06917FBF9BEEE26C7462ED00557EA038A5374DFC0EDA9BEB240AB753; model-year semantics follow the user's explicit instruction that IndexYear is the DEI year,projects/empyrean-caster-430308-m2/assets/city; update_time=2024-10-08T06:01:06.845098Z; source/licence/reference-year unresolved; one static layer used for all years,projects/sat-io/open-datasets/npp-viirs-ntl band=b1,longntl_annual_native500m_positive_pixel_sum_v1,邯郸,邯郸市,156130400,unique_exact_or_prefix,H3C IndexYear paired to same LongNTL calendar year by user instruction
邢台市,2020,52.5,57040.7107408912,H3C live AllCityOneInfo API snapshot matched to workbook; workbook_sha256=6C7ABE1A06917FBF9BEEE26C7462ED00557EA038A5374DFC0EDA9BEB240AB753; model-year semantics follow the user's explicit instruction that IndexYear is the DEI year,projects/empyrean-caster-430308-m2/assets/city; update_time=2024-10-08T06:01:06.845098Z; source/licence/reference-year unresolved; one static layer used for all years,projects/sat-io/open-datasets/npp-viirs-ntl band=b1,longntl_annual_native500m_positive_pixel_sum_v1,邢台,邢台市,156130500,unique_exact_or_prefix,H3C IndexYear paired to same LongNTL calendar year by user instruction
保定市,2020,48.7,108822.802516504,H3C live AllCityOneInfo API snapshot matched to workbook; workbook_sha256=6C7ABE1A06917FBF9BEEE26C7462ED00557EA038A5374DFC0EDA9BEB240AB753; model-year semantics follow the user's explicit instruction that IndexYear is the DEI year,projects/empyrean-caster-430308-m2/assets/city; update_time=2024-10-08T06:01:06.845098Z; source/licence/reference-year unresolved; one static layer used for all years,projects/sat-io/open-datasets/npp-viirs-ntl band=b1,longntl_annual_native500m_positive_pixel_sum_v1,保定,保定市,156130600,unique_exact_or_prefix,H3C IndexYear paired to same LongNTL calendar year by user instruction
张家口市,2020,48.7,44387.6430180849,H3C live AllCityOneInfo API snapshot matched to workbook; workbook_sha256=6C7ABE1A06917FBF9BEEE26C7462ED00557EA038A5374DFC0EDA9BEB240AB753; model-year semantics follow the user's explicit instruction that IndexYear is the DEI year,projects/empyrean-caster-430308-m2/assets/city; update_time=2024-10-08T06:01:06.845098Z; source/licence/reference-year unresolved; one static layer used for all years,projects/sat-io/open-datasets/npp-viirs-ntl band=b1,longntl_annual_native500m_positive_pixel_sum_v1,张家口,张家口市,156130700,unique_exact_or_prefix,H3C IndexYear paired to same LongNTL calendar year by user instruction
承德市,2020,44.4,27718.2992286799,H3C live AllCityOneInfo API snapshot matched to workbook; workbook_sha256=6C7ABE1A06917FBF9BEEE26C7462ED00557EA038A5374DFC0EDA9BEB240AB753; model-year semantics follow the user's explicit instruction that IndexYear is the DEI year,projects/empyrean-caster-430308-m2/assets/city; update_time=2024-10-08T06:01:06.845098Z; source/licence/reference-year unresolved; one static layer used for all years,projects/sat-io/open-datasets/npp-viirs-ntl band=b1,longntl_annual_native500m_positive_pixel_sum_v1,承德,承德市,156130800,unique_exact_or_prefix,H3C IndexYear paired to same LongNTL calendar year by user instruction
沧州市,2020,55,84314.9024068351,H3C live AllCityOneInfo API snapshot matched to workbook; workbook_sha256=6C7ABE1A06917FBF9BEEE26C7462ED00557EA038A5374DFC0EDA9BEB240AB753; model-year semantics follow the user's explicit instruction that IndexYear is the DEI year,projects/empyrean-caster-430308-m2/assets/city; update_time=2024-10-08T06:01:06.845098Z; source/licence/reference-year unresolved; one static layer used for all years,projects/sat-io/open-datasets/npp-viirs-ntl band=b1,longntl_annual_native500m_positive_pixel_sum_v1,沧州,沧州市,156130900,unique_exact_or_prefix,H3C IndexYear paired to same LongNTL calendar year by user instruction
廊坊市,2020,55.6,105036.13608332,H3C live AllCityOneInfo API snapshot matched to workbook; workbook_sha256=6C7ABE1A06917FBF9BEEE26C7462ED00557EA038A5374DFC0EDA9BEB240AB753; model-year semantics follow the user's explicit instruction that IndexYear is the DEI year,projects/empyrean-caster-430308-m2/assets/city; update_time=2024-10-08T06:01:06.845098Z; source/licence/reference-year unresolved; one static layer used for all years,projects/sat-io/open-datasets/npp-viirs-ntl band=b1,longntl_annual_native500m_positive_pixel_sum_v1,廊坊,廊坊市,156131000,unique_exact_or_prefix,H3C IndexYear paired to same LongNTL calendar year by user instruction
衡水市,2020,49.5,25608.748094972,H3C live AllCityOneInfo API snapshot matched to workbook; workbook_sha256=6C7ABE1A06917FBF9BEEE26C7462ED00557EA038A5374DFC0EDA9BEB240AB753; model-year semantics follow the user's explicit instruction that IndexYear is the DEI year,projects/empyrean-caster-430308-m2/assets/city; update_time=2024-10-08T06:01:06.845098Z; source/licence/reference-year unresolved; one static layer used for all years,projects/sat-io/open-datasets/npp-viirs-ntl band=b1,longntl_annual_native500m_positive_pixel_sum_v1,衡水,衡水市,156131100,unique_exact_or_prefix,H3C IndexYear paired to same LongNTL calendar year by user instruction
太原市,2020,64.5,124296.193363572,H3C live AllCityOneInfo API snapshot matched to workbook; workbook_sha256=6C7ABE1A06917FBF9BEEE26C7462ED00557EA038A5374DFC0EDA9BEB240AB753; model-year semantics follow the user's explicit instruction that IndexYear is the DEI year,projects/empyrean-caster-430308-m2/assets/city; update_time=2024-10-08T06:01:06.845098Z; source/licence/reference-year unresolved; one static layer used for all years,projects/sat-io/open-datasets/npp-viirs-ntl band=b1,longntl_annual_native500m_positive_pixel_sum_v1,太原,太原市,156140100,unique_exact_or_prefix,H3C IndexYear paired to same LongNTL calendar year by user instruction
大同市,2020,40.1,60705.1682570799,H3C live AllCityOneInfo API snapshot matched to workbook; workbook_sha256=6C7ABE1A06917FBF9BEEE26C7462ED00557EA038A5374DFC0EDA9BEB240AB753; model-year semantics follow the user's explicit instruction that IndexYear is the DEI year,projects/empyrean-caster-430308-m2/assets/city; update_time=2024-10-08T06:01:06.845098Z; source/licence/reference-year unresolved; one static layer used for all years,projects/sat-io/open-datasets/npp-viirs-ntl band=b1,longntl_annual_native500m_positive_pixel_sum_v1,大同,大同市,156140200,unique_exact_or_prefix,H3C IndexYear paired to same LongNTL calendar year by user instruction
长治市,2020,42.6,52386.2349776343,H3C live AllCityOneInfo API snapshot matched to workbook; workbook_sha256=6C7ABE1A06917FBF9BEEE26C7462ED00557EA038A5374DFC0EDA9BEB240AB753; model-year semantics follow the user's explicit instruction that IndexYear is the DEI year,projects/empyrean-caster-430308-m2/assets/city; update_time=2024-10-08T06:01:06.845098Z; source/licence/reference-year unresolved; one static layer used for all years,projects/sat-io/open-datasets/npp-viirs-ntl band=b1,longntl_annual_native500m_positive_pixel_sum_v1,长治,长治市,156140400,unique_exact_or_prefix,H3C IndexYear paired to same LongNTL calendar year by user instruction
晋城市,2020,40.5,27274.7308121597,H3C live AllCityOneInfo API snapshot matched to workbook; workbook_sha256=6C7ABE1A06917FBF9BEEE26C7462ED00557EA038A5374DFC0EDA9BEB240AB753; model-year semantics follow the user's explicit instruction that IndexYear is the DEI year,projects/empyrean-caster-430308-m2/assets/city; update_time=2024-10-08T06:01:06.845098Z; source/licence/reference-year unresolved; one static layer used for all years,projects/sat-io/open-datasets/npp-viirs-ntl band=b1,longntl_annual_native500m_positive_pixel_sum_v1,晋城,晋城市,156140500,unique_exact_or_prefix,H3C IndexYear paired to same LongNTL calendar year by user instruction
晋中市,2020,39.4,52016.9719609709,H3C live AllCityOneInfo API snapshot matched to workbook; workbook_sha256=6C7ABE1A06917FBF9BEEE26C7462ED00557EA038A5374DFC0EDA9BEB240AB753; model-year semantics follow the user's explicit instruction that IndexYear is the DEI year,projects/empyrean-caster-430308-m2/assets/city; update_time=2024-10-08T06:01:06.845098Z; source/licence/reference-year unresolved; one static layer used for all years,projects/sat-io/open-datasets/npp-viirs-ntl band=b1,longntl_annual_native500m_positive_pixel_sum_v1,晋中,晋中市,156140700,unique_exact_or_prefix,H3C IndexYear paired to same LongNTL calendar year by user instruction
运城市,2020,38.7,32815.0410095925,H3C live AllCityOneInfo API snapshot matched to workbook; workbook_sha256=6C7ABE1A06917FBF9BEEE26C7462ED00557EA038A5374DFC0EDA9BEB240AB753; model-year semantics follow the user's explicit instruction that IndexYear is the DEI year,projects/empyrean-caster-430308-m2/assets/city; update_time=2024-10-08T06:01:06.845098Z; source/licence/reference-year unresolved; one static layer used for all years,projects/sat-io/open-datasets/npp-viirs-ntl band=b1,longntl_annual_native500m_positive_pixel_sum_v1,运城,运城市,156140800,unique_exact_or_prefix,H3C IndexYear paired to same LongNTL calendar year by user instruction
临汾市,2020,38,34796.2287144437,H3C live AllCityOneInfo API snapshot matched to workbook; workbook_sha256=6C7ABE1A06917FBF9BEEE26C7462ED00557EA038A5374DFC0EDA9BEB240AB753; model-year semantics follow the user's explicit instruction that IndexYear is the DEI year,projects/empyrean-caster-430308-m2/assets/city; update_time=2024-10-08T06:01:06.845098Z; source/licence/reference-year unresolved; one static layer used for all years,projects/sat-io/open-datasets/npp-viirs-ntl band=b1,longntl_annual_native500m_positive_pixel_sum_v1,临汾,临汾市,156141000,unique_exact_or_prefix,H3C IndexYear paired to same LongNTL calendar year by user instruction
吕梁市,2020,38.2,36570.2441434407,H3C live AllCityOneInfo API snapshot matched to workbook; workbook_sha256=6C7ABE1A06917FBF9BEEE26C7462ED00557EA038A5374DFC0EDA9BEB240AB753; model-year semantics follow the user's explicit instruction that IndexYear is the DEI year,projects/empyrean-caster-430308-m2/assets/city; update_time=2024-10-08T06:01:06.845098Z; source/licence/reference-year unresolved; one static layer used for all years,projects/sat-io/open-datasets/npp-viirs-ntl band=b1,longntl_annual_native500m_positive_pixel_sum_v1,吕梁,吕梁市,156141100,unique_exact_or_prefix,H3C IndexYear paired to same LongNTL calendar year by user instruction
呼和浩特市,2020,64.6,73547.926638282,H3C live AllCityOneInfo API snapshot matched to workbook; workbook_sha256=6C7ABE1A06917FBF9BEEE26C7462ED00557EA038A5374DFC0EDA9BEB240AB753; model-year semantics follow the user's explicit instruction that IndexYear is the DEI year,projects/empyrean-caster-430308-m2/assets/city; update_time=2024-10-08T06:01:06.845098Z; source/licence/reference-year unresolved; one static layer used for all years,projects/sat-io/open-datasets/npp-viirs-ntl band=b1,longntl_annual_native500m_positive_pixel_sum_v1,呼和浩特,呼和浩特市,156150100,unique_exact_or_prefix,H3C IndexYear paired to same LongNTL calendar year by user instruction
包头市,2020,58.2,49516.2531820638,H3C live AllCityOneInfo API snapshot matched to workbook; workbook_sha256=6C7ABE1A06917FBF9BEEE26C7462ED00557EA038A5374DFC0EDA9BEB240AB753; model-year semantics follow the user's explicit instruction that IndexYear is the DEI year,projects/empyrean-caster-430308-m2/assets/city; update_time=2024-10-08T06:01:06.845098Z; source/licence/reference-year unresolved; one static layer used for all years,projects/sat-io/open-datasets/npp-viirs-ntl band=b1,longntl_annual_native500m_positive_pixel_sum_v1,包头,包头市,156150200,unique_exact_or_prefix,H3C IndexYear paired to same LongNTL calendar year by user instruction
赤峰市,2020,38.5,46644.0306191673,H3C live AllCityOneInfo API snapshot matched to workbook; workbook_sha256=6C7ABE1A06917FBF9BEEE26C7462ED00557EA038A5374DFC0EDA9BEB240AB753; model-year semantics follow the user's explicit instruction that IndexYear is the DEI year,projects/empyrean-caster-430308-m2/assets/city; update_time=2024-10-08T06:01:06.845098Z; source/licence/reference-year unresolved; one static layer used for all years,projects/sat-io/open-datasets/npp-viirs-ntl band=b1,longntl_annual_native500m_positive_pixel_sum_v1,赤峰,赤峰市,156150400,unique_exact_or_prefix,H3C IndexYear paired to same LongNTL calendar year by user instruction
通辽市,2020,36.8,27053.1537332825,H3C live AllCityOneInfo API snapshot matched to workbook; workbook_sha256=6C7ABE1A06917FBF9BEEE26C7462ED00557EA038A5374DFC0EDA9BEB240AB753; model-year semantics follow the user's explicit instruction that IndexYear is the DEI year,projects/empyrean-caster-430308-m2/assets/city; update_time=2024-10-08T06:01:06.845098Z; source/licence/reference-year unresolved; one static layer used for all years,projects/sat-io/open-datasets/npp-viirs-ntl band=b1,longntl_annual_native500m_positive_pixel_sum_v1,通辽,通辽市,156150500,unique_exact_or_prefix,H3C IndexYear paired to same LongNTL calendar year by user instruction
鄂尔多斯市,2020,50.3,70733.791174077,H3C live AllCityOneInfo API snapshot matched to workbook; workbook_sha256=6C7ABE1A06917FBF9BEEE26C7462ED00557EA038A5374DFC0EDA9BEB240AB753; model-year semantics follow the user's explicit instruction that IndexYear is the DEI year,projects/empyrean-caster-430308-m2/assets/city; update_time=2024-10-08T06:01:06.845098Z; source/licence/reference-year unresolved; one static layer used for all years,projects/sat-io/open-datasets/npp-viirs-ntl band=b1,longntl_annual_native500m_positive_pixel_sum_v1,鄂尔多斯,鄂尔多斯市,156150600,unique_exact_or_prefix,H3C IndexYear paired to same LongNTL calendar year by user instruction
呼伦贝尔市,2020,38.8,19273.5604410835,H3C live AllCityOneInfo API snapshot matched to workbook; workbook_sha256=6C7ABE1A06917FBF9BEEE26C7462ED00557EA038A5374DFC0EDA9BEB240AB753; model-year semantics follow the user's explicit instruction that IndexYear is the DEI year,projects/empyrean-caster-430308-m2/assets/city; update_time=2024-10-08T06:01:06.845098Z; source/licence/reference-year unresolved; one static layer used for all years,projects/sat-io/open-datasets/npp-viirs-ntl band=b1,longntl_annual_native500m_positive_pixel_sum_v1,呼伦贝尔,呼伦贝尔市,156150700,unique_exact_or_prefix,H3C IndexYear paired to same LongNTL calendar year by user instruction
沈阳市,2020,68.4,163667.183672602,H3C live AllCityOneInfo API snapshot matched to workbook; workbook_sha256=6C7ABE1A06917FBF9BEEE26C7462ED00557EA038A5374DFC0EDA9BEB240AB753; model-year semantics follow the user's explicit instruction that IndexYear is the DEI year,projects/empyrean-caster-430308-m2/assets/city; update_time=2024-10-08T06:01:06.845098Z; source/licence/reference-year unresolved; one static layer used for all years,projects/sat-io/open-datasets/npp-viirs-ntl band=b1,longntl_annual_native500m_positive_pixel_sum_v1,沈阳,沈阳市,156210100,unique_exact_or_prefix,H3C IndexYear paired to same LongNTL calendar year by user instruction
大连市,2020,70.3,94232.2364245073,H3C live AllCityOneInfo API snapshot matched to workbook; workbook_sha256=6C7ABE1A06917FBF9BEEE26C7462ED00557EA038A5374DFC0EDA9BEB240AB753; model-year semantics follow the user's explicit instruction that IndexYear is the DEI year,projects/empyrean-caster-430308-m2/assets/city; update_time=2024-10-08T06:01:06.845098Z; source/licence/reference-year unresolved; one static layer used for all years,projects/sat-io/open-datasets/npp-viirs-ntl band=b1,longntl_annual_native500m_positive_pixel_sum_v1,大连,大连市,156210200,unique_exact_or_prefix,H3C IndexYear paired to same LongNTL calendar year by user instruction
鞍山市,2020,48.9,44899.5268716681,H3C live AllCityOneInfo API snapshot matched to workbook; workbook_sha256=6C7ABE1A06917FBF9BEEE26C7462ED00557EA038A5374DFC0EDA9BEB240AB753; model-year semantics follow the user's explicit instruction that IndexYear is the DEI year,projects/empyrean-caster-430308-m2/assets/city; update_time=2024-10-08T06:01:06.845098Z; source/licence/reference-year unresolved; one static layer used for all years,projects/sat-io/open-datasets/npp-viirs-ntl band=b1,longntl_annual_native500m_positive_pixel_sum_v1,鞍山,鞍山市,156210300,unique_exact_or_prefix,H3C IndexYear paired to same LongNTL calendar year by user instruction
抚顺市,2020,36.7,22378.6367292666,H3C live AllCityOneInfo API snapshot matched to workbook; workbook_sha256=6C7ABE1A06917FBF9BEEE26C7462ED00557EA038A5374DFC0EDA9BEB240AB753; model-year semantics follow the user's explicit instruction that IndexYear is the DEI year,projects/empyrean-caster-430308-m2/assets/city; update_time=2024-10-08T06:01:06.845098Z; source/licence/reference-year unresolved; one static layer used for all years,projects/sat-io/open-datasets/npp-viirs-ntl band=b1,longntl_annual_native500m_positive_pixel_sum_v1,抚顺,抚顺市,156210400,unique_exact_or_prefix,H3C IndexYear paired to same LongNTL calendar year by user instruction
长春市,2020,60.3,178216.381468707,H3C live AllCityOneInfo API snapshot matched to workbook; workbook_sha256=6C7ABE1A06917FBF9BEEE26C7462ED00557EA038A5374DFC0EDA9BEB240AB753; model-year semantics follow the user's explicit instruction that IndexYear is the DEI year,projects/empyrean-caster-430308-m2/assets/city; update_time=2024-10-08T06:01:06.845098Z; source/licence/reference-year unresolved; one static layer used for all years,projects/sat-io/open-datasets/npp-viirs-ntl band=b1,longntl_annual_native500m_positive_pixel_sum_v1,长春,长春市,156220100,unique_exact_or_prefix,H3C IndexYear paired to same LongNTL calendar year by user instruction
吉林市,2020,41.1,37211.5758235983,H3C live AllCityOneInfo API snapshot matched to workbook; workbook_sha256=6C7ABE1A06917FBF9BEEE26C7462ED00557EA038A5374DFC0EDA9BEB240AB753; model-year semantics follow the user's explicit instruction that IndexYear is the DEI year,projects/empyrean-caster-430308-m2/assets/city; update_time=2024-10-08T06:01:06.845098Z; source/licence/reference-year unresolved; one static layer used for all years,projects/sat-io/open-datasets/npp-viirs-ntl band=b1,longntl_annual_native500m_positive_pixel_sum_v1,吉林,吉林市,156220200,unique_exact_or_prefix,H3C IndexYear paired to same LongNTL calendar year by user instruction
哈尔滨市,2020,63,115221.461554926,H3C live AllCityOneInfo API snapshot matched to workbook; workbook_sha256=6C7ABE1A06917FBF9BEEE26C7462ED00557EA038A5374DFC0EDA9BEB240AB753; model-year semantics follow the user's explicit instruction that IndexYear is the DEI year,projects/empyrean-caster-430308-m2/assets/city; update_time=2024-10-08T06:01:06.845098Z; source/licence/reference-year unresolved; one static layer used for all years,projects/sat-io/open-datasets/npp-viirs-ntl band=b1,longntl_annual_native500m_positive_pixel_sum_v1,哈尔滨,哈尔滨市,156230100,unique_exact_or_prefix,H3C IndexYear paired to same LongNTL calendar year by user instruction
齐齐哈尔市,2020,51.4,28809.2824679945,H3C live AllCityOneInfo API snapshot matched to workbook; workbook_sha256=6C7ABE1A06917FBF9BEEE26C7462ED00557EA038A5374DFC0EDA9BEB240AB753; model-year semantics follow the user's explicit instruction that IndexYear is the DEI year,projects/empyrean-caster-430308-m2/assets/city; update_time=2024-10-08T06:01:06.845098Z; source/licence/reference-year unresolved; one static layer used for all years,projects/sat-io/open-datasets/npp-viirs-ntl band=b1,longntl_annual_native500m_positive_pixel_sum_v1,齐齐哈尔,齐齐哈尔市,156230200,unique_exact_or_prefix,H3C IndexYear paired to same LongNTL calendar year by user instruction
大庆市,2020,54,70226.5653159791,H3C live AllCityOneInfo API snapshot matched to workbook; workbook_sha256=6C7ABE1A06917FBF9BEEE26C7462ED00557EA038A5374DFC0EDA9BEB240AB753; model-year semantics follow the user's explicit instruction that IndexYear is the DEI year,projects/empyrean-caster-430308-m2/assets/city; update_time=2024-10-08T06:01:06.845098Z; source/licence/reference-year unresolved; one static layer used for all years,projects/sat-io/open-datasets/npp-viirs-ntl band=b1,longntl_annual_native500m_positive_pixel_sum_v1,大庆,大庆市,156230600,unique_exact_or_prefix,H3C IndexYear paired to same LongNTL calendar year by user instruction
牡丹江市,2020,49.5,23025.7213271202,H3C live AllCityOneInfo API snapshot matched to workbook; workbook_sha256=6C7ABE1A06917FBF9BEEE26C7462ED00557EA038A5374DFC0EDA9BEB240AB753; model-year semantics follow the user's explicit instruction that IndexYear is the DEI year,projects/empyrean-caster-430308-m2/assets/city; update_time=2024-10-08T06:01:06.845098Z; source/licence/reference-year unresolved; one static layer used for all years,projects/sat-io/open-datasets/npp-viirs-ntl band=b1,longntl_annual_native500m_positive_pixel_sum_v1,牡丹江,牡丹江市,156231000,unique_exact_or_prefix,H3C IndexYear paired to same LongNTL calendar year by user instruction
上海市,2020,90.5,490023.819112615,H3C live AllCityOneInfo API snapshot matched to workbook; workbook_sha256=6C7ABE1A06917FBF9BEEE26C7462ED00557EA038A5374DFC0EDA9BEB240AB753; model-year semantics follow the user's explicit instruction that IndexYear is the DEI year,projects/empyrean-caster-430308-m2/assets/city; update_time=2024-10-08T06:01:06.845098Z; source/licence/reference-year unresolved; one static layer used for all years,projects/sat-io/open-datasets/npp-viirs-ntl band=b1,longntl_annual_native500m_positive_pixel_sum_v1,上海,上海市,156310000,unique_exact_or_prefix,H3C IndexYear paired to same LongNTL calendar year by user instruction
南京市,2020,76.1,208539.345319515,H3C live AllCityOneInfo API snapshot matched to workbook; workbook_sha256=6C7ABE1A06917FBF9BEEE26C7462ED00557EA038A5374DFC0EDA9BEB240AB753; model-year semantics follow the user's explicit instruction that IndexYear is the DEI year,projects/empyrean-caster-430308-m2/assets/city; update_time=2024-10-08T06:01:06.845098Z; source/licence/reference-year unresolved; one static layer used for all years,projects/sat-io/open-datasets/npp-viirs-ntl band=b1,longntl_annual_native500m_positive_pixel_sum_v1,南京,南京市,156320100,unique_exact_or_prefix,H3C IndexYear paired to same LongNTL calendar year by user instruction
无锡市,2020,80.6,173079.959636245,H3C live AllCityOneInfo API snapshot matched to workbook; workbook_sha256=6C7ABE1A06917FBF9BEEE26C7462ED00557EA038A5374DFC0EDA9BEB240AB753; model-year semantics follow the user's explicit instruction that IndexYear is the DEI year,projects/empyrean-caster-430308-m2/assets/city; update_time=2024-10-08T06:01:06.845098Z; source/licence/reference-year unresolved; one static layer used for all years,projects/sat-io/open-datasets/npp-viirs-ntl band=b1,longntl_annual_native500m_positive_pixel_sum_v1,无锡,无锡市,156320200,unique_exact_or_prefix,H3C IndexYear paired to same LongNTL calendar year by user instruction
徐州市,2020,60,106537.41043103,H3C live AllCityOneInfo API snapshot matched to workbook; workbook_sha256=6C7ABE1A06917FBF9BEEE26C7462ED00557EA038A5374DFC0EDA9BEB240AB753; model-year semantics follow the user's explicit instruction that IndexYear is the DEI year,projects/empyrean-caster-430308-m2/assets/city; update_time=2024-10-08T06:01:06.845098Z; source/licence/reference-year unresolved; one static layer used for all years,projects/sat-io/open-datasets/npp-viirs-ntl band=b1,longntl_annual_native500m_positive_pixel_sum_v1,徐州,徐州市,156320300,unique_exact_or_prefix,H3C IndexYear paired to same LongNTL calendar year by user instruction
常州市,2020,64.9,132201.710645633,H3C live AllCityOneInfo API snapshot matched to workbook; workbook_sha256=6C7ABE1A06917FBF9BEEE26C7462ED00557EA038A5374DFC0EDA9BEB240AB753; model-year semantics follow the user's explicit instruction that IndexYear is the DEI year,projects/empyrean-caster-430308-m2/assets/city; update_time=2024-10-08T06:01:06.845098Z; source/licence/reference-year unresolved; one static layer used for all years,projects/sat-io/open-datasets/npp-viirs-ntl band=b1,longntl_annual_native500m_positive_pixel_sum_v1,常州,常州市,156320400,unique_exact_or_prefix,H3C IndexYear paired to same LongNTL calendar year by user instruction
苏州市,2020,75.2,409714.397780404,H3C live AllCityOneInfo API snapshot matched to workbook; workbook_sha256=6C7ABE1A06917FBF9BEEE26C7462ED00557EA038A5374DFC0EDA9BEB240AB753; model-year semantics follow the user's explicit instruction that IndexYear is the DEI year,projects/empyrean-caster-430308-m2/assets/city; update_time=2024-10-08T06:01:06.845098Z; source/licence/reference-year unresolved; one static layer used for all years,projects/sat-io/open-datasets/npp-viirs-ntl band=b1,longntl_annual_native500m_positive_pixel_sum_v1,苏州,苏州市,156320500,unique_exact_or_prefix,H3C IndexYear paired to same LongNTL calendar year by user instruction
南通市,2020,68.1,151191.003669598,H3C live AllCityOneInfo API snapshot matched to workbook; workbook_sha256=6C7ABE1A06917FBF9BEEE26C7462ED00557EA038A5374DFC0EDA9BEB240AB753; model-year semantics follow the user's explicit instruction that IndexYear is the DEI year,projects/empyrean-caster-430308-m2/assets/city; update_time=2024-10-08T06:01:06.845098Z; source/licence/reference-year unresolved; one static layer used for all years,projects/sat-io/open-datasets/npp-viirs-ntl band=b1,longntl_annual_native500m_positive_pixel_sum_v1,南通,南通市,156320600,unique_exact_or_prefix,H3C IndexYear paired to same LongNTL calendar year by user instruction
连云港市,2020,60.8,56491.3264910497,H3C live AllCityOneInfo API snapshot matched to workbook; workbook_sha256=6C7ABE1A06917FBF9BEEE26C7462ED00557EA038A5374DFC0EDA9BEB240AB753; model-year semantics follow the user's explicit instruction that IndexYear is the DEI year,projects/empyrean-caster-430308-m2/assets/city; update_time=2024-10-08T06:01:06.845098Z; source/licence/reference-year unresolved; one static layer used for all years,projects/sat-io/open-datasets/npp-viirs-ntl band=b1,longntl_annual_native500m_positive_pixel_sum_v1,连云港,连云港市,156320700,unique_exact_or_prefix,H3C IndexYear paired to same LongNTL calendar year by user instruction
淮安市,2020,46.1,71585.3010060801,H3C live AllCityOneInfo API snapshot matched to workbook; workbook_sha256=6C7ABE1A06917FBF9BEEE26C7462ED00557EA038A5374DFC0EDA9BEB240AB753; model-year semantics follow the user's explicit instruction that IndexYear is the DEI year,projects/empyrean-caster-430308-m2/assets/city; update_time=2024-10-08T06:01:06.845098Z; source/licence/reference-year unresolved; one static layer used for all years,projects/sat-io/open-datasets/npp-viirs-ntl band=b1,longntl_annual_native500m_positive_pixel_sum_v1,淮安,淮安市,156320800,unique_exact_or_prefix,H3C IndexYear paired to same LongNTL calendar year by user instruction
盐城市,2020,62,115441.427381745,H3C live AllCityOneInfo API snapshot matched to workbook; workbook_sha256=6C7ABE1A06917FBF9BEEE26C7462ED00557EA038A5374DFC0EDA9BEB240AB753; model-year semantics follow the user's explicit instruction that IndexYear is the DEI year,projects/empyrean-caster-430308-m2/assets/city; update_time=2024-10-08T06:01:06.845098Z; source/licence/reference-year unresolved; one static layer used for all years,projects/sat-io/open-datasets/npp-viirs-ntl band=b1,longntl_annual_native500m_positive_pixel_sum_v1,盐城,盐城市,156320900,unique_exact_or_prefix,H3C IndexYear paired to same LongNTL calendar year by user instruction
扬州市,2020,64.2,86487.9905361372,H3C live AllCityOneInfo API snapshot matched to workbook; workbook_sha256=6C7ABE1A06917FBF9BEEE26C7462ED00557EA038A5374DFC0EDA9BEB240AB753; model-year semantics follow the user's explicit instruction that IndexYear is the DEI year,projects/empyrean-caster-430308-m2/assets/city; update_time=2024-10-08T06:01:06.845098Z; source/licence/reference-year unresolved; one static layer used for all years,projects/sat-io/open-datasets/npp-viirs-ntl band=b1,longntl_annual_native500m_positive_pixel_sum_v1,扬州,扬州市,156321000,unique_exact_or_prefix,H3C IndexYear paired to same LongNTL calendar year by user instruction
镇江市,2020,65.6,81187.8424363917,H3C live AllCityOneInfo API snapshot matched to workbook; workbook_sha256=6C7ABE1A06917FBF9BEEE26C7462ED00557EA038A5374DFC0EDA9BEB240AB753; model-year semantics follow the user's explicit instruction that IndexYear is the DEI year,projects/empyrean-caster-430308-m2/assets/city; update_time=2024-10-08T06:01:06.845098Z; source/licence/reference-year unresolved; one static layer used for all years,projects/sat-io/open-datasets/npp-viirs-ntl band=b1,longntl_annual_native500m_positive_pixel_sum_v1,镇江,镇江市,156321100,unique_exact_or_prefix,H3C IndexYear paired to same LongNTL calendar year by user instruction
泰州市,2020,63.6,97513.1125690035,H3C live AllCityOneInfo API snapshot matched to workbook; workbook_sha256=6C7ABE1A06917FBF9BEEE26C7462ED00557EA038A5374DFC0EDA9BEB240AB753; model-year semantics follow the user's explicit instruction that IndexYear is the DEI year,projects/empyrean-caster-430308-m2/assets/city; update_time=2024-10-08T06:01:06.845098Z; source/licence/reference-year unresolved; one static layer used for all years,projects/sat-io/open-datasets/npp-viirs-ntl band=b1,longntl_annual_native500m_positive_pixel_sum_v1,泰州,泰州市,156321200,unique_exact_or_prefix,H3C IndexYear paired to same LongNTL calendar year by user instruction
宿迁市,2020,56,63056.7226548227,H3C live AllCityOneInfo API snapshot matched to workbook; workbook_sha256=6C7ABE1A06917FBF9BEEE26C7462ED00557EA038A5374DFC0EDA9BEB240AB753; model-year semantics follow the user's explicit instruction that IndexYear is the DEI year,projects/empyrean-caster-430308-m2/assets/city; update_time=2024-10-08T06:01:06.845098Z; source/licence/reference-year unresolved; one static layer used for all years,projects/sat-io/open-datasets/npp-viirs-ntl band=b1,longntl_annual_native500m_positive_pixel_sum_v1,宿迁,宿迁市,156321300,unique_exact_or_prefix,H3C IndexYear paired to same LongNTL calendar year by user instruction
杭州市,2020,89.1,221856.235300355,H3C live AllCityOneInfo API snapshot matched to workbook; workbook_sha256=6C7ABE1A06917FBF9BEEE26C7462ED00557EA038A5374DFC0EDA9BEB240AB753; model-year semantics follow the user's explicit instruction that IndexYear is the DEI year,projects/empyrean-caster-430308-m2/assets/city; update_time=2024-10-08T06:01:06.845098Z; source/licence/reference-year unresolved; one static layer used for all years,projects/sat-io/open-datasets/npp-viirs-ntl band=b1,longntl_annual_native500m_positive_pixel_sum_v1,杭州,杭州市,156330100,unique_exact_or_prefix,H3C IndexYear paired to same LongNTL calendar year by user instruction
宁波市,2020,78.2,229699.896912519,H3C live AllCityOneInfo API snapshot matched to workbook; workbook_sha256=6C7ABE1A06917FBF9BEEE26C7462ED00557EA038A5374DFC0EDA9BEB240AB753; model-year semantics follow the user's explicit instruction that IndexYear is the DEI year,projects/empyrean-caster-430308-m2/assets/city; update_time=2024-10-08T06:01:06.845098Z; source/licence/reference-year unresolved; one static layer used for all years,projects/sat-io/open-datasets/npp-viirs-ntl band=b1,longntl_annual_native500m_positive_pixel_sum_v1,宁波,宁波市,156330200,unique_exact_or_prefix,H3C IndexYear paired to same LongNTL calendar year by user instruction
温州市,2020,66,132437.374135651,H3C live AllCityOneInfo API snapshot matched to workbook; workbook_sha256=6C7ABE1A06917FBF9BEEE26C7462ED00557EA038A5374DFC0EDA9BEB240AB753; model-year semantics follow the user's explicit instruction that IndexYear is the DEI year,projects/empyrean-caster-430308-m2/assets/city; update_time=2024-10-08T06:01:06.845098Z; source/licence/reference-year unresolved; one static layer used for all years,projects/sat-io/open-datasets/npp-viirs-ntl band=b1,longntl_annual_native500m_positive_pixel_sum_v1,温州,温州市,156330300,unique_exact_or_prefix,H3C IndexYear paired to same LongNTL calendar year by user instruction
嘉兴市,2020,64.7,135180.703274112,H3C live AllCityOneInfo API snapshot matched to workbook; workbook_sha256=6C7ABE1A06917FBF9BEEE26C7462ED00557EA038A5374DFC0EDA9BEB240AB753; model-year semantics follow the user's explicit instruction that IndexYear is the DEI year,projects/empyrean-caster-430308-m2/assets/city; update_time=2024-10-08T06:01:06.845098Z; source/licence/reference-year unresolved; one static layer used for all years,projects/sat-io/open-datasets/npp-viirs-ntl band=b1,longntl_annual_native500m_positive_pixel_sum_v1,嘉兴,嘉兴市,156330400,unique_exact_or_prefix,H3C IndexYear paired to same LongNTL calendar year by user instruction
湖州市,2020,58.4,79340.7714082278,H3C live AllCityOneInfo API snapshot matched to workbook; workbook_sha256=6C7ABE1A06917FBF9BEEE26C7462ED00557EA038A5374DFC0EDA9BEB240AB753; model-year semantics follow the user's explicit instruction that IndexYear is the DEI year,projects/empyrean-caster-430308-m2/assets/city; update_time=2024-10-08T06:01:06.845098Z; source/licence/reference-year unresolved; one static layer used for all years,projects/sat-io/open-datasets/npp-viirs-ntl band=b1,longntl_annual_native500m_positive_pixel_sum_v1,湖州,湖州市,156330500,unique_exact_or_prefix,H3C IndexYear paired to same LongNTL calendar year by user instruction
绍兴市,2020,64,97855.9844258724,H3C live AllCityOneInfo API snapshot matched to workbook; workbook_sha256=6C7ABE1A06917FBF9BEEE26C7462ED00557EA038A5374DFC0EDA9BEB240AB753; model-year semantics follow the user's explicit instruction that IndexYear is the DEI year,projects/empyrean-caster-430308-m2/assets/city; update_time=2024-10-08T06:01:06.845098Z; source/licence/reference-year unresolved; one static layer used for all years,projects/sat-io/open-datasets/npp-viirs-ntl band=b1,longntl_annual_native500m_positive_pixel_sum_v1,绍兴,绍兴市,156330600,unique_exact_or_prefix,H3C IndexYear paired to same LongNTL calendar year by user instruction
金华市,2020,67,141238.115090459,H3C live AllCityOneInfo API snapshot matched to workbook; workbook_sha256=6C7ABE1A06917FBF9BEEE26C7462ED00557EA038A5374DFC0EDA9BEB240AB753; model-year semantics follow the user's explicit instruction that IndexYear is the DEI year,projects/empyrean-caster-430308-m2/assets/city; update_time=2024-10-08T06:01:06.845098Z; source/licence/reference-year unresolved; one static layer used for all years,projects/sat-io/open-datasets/npp-viirs-ntl band=b1,longntl_annual_native500m_positive_pixel_sum_v1,金华,金华市,156330700,unique_exact_or_prefix,H3C IndexYear paired to same LongNTL calendar year by user instruction
衢州市,2020,36.5,27440.9420614163,H3C live AllCityOneInfo API snapshot matched to workbook; workbook_sha256=6C7ABE1A06917FBF9BEEE26C7462ED00557EA038A5374DFC0EDA9BEB240AB753; model-year semantics follow the user's explicit instruction that IndexYear is the DEI year,projects/empyrean-caster-430308-m2/assets/city; update_time=2024-10-08T06:01:06.845098Z; source/licence/reference-year unresolved; one static layer used for all years,projects/sat-io/open-datasets/npp-viirs-ntl band=b1,longntl_annual_native500m_positive_pixel_sum_v1,衢州,衢州市,156330800,unique_exact_or_prefix,H3C IndexYear paired to same LongNTL calendar year by user instruction
舟山市,2020,35.8,24837.1060688056,H3C live AllCityOneInfo API snapshot matched to workbook; workbook_sha256=6C7ABE1A06917FBF9BEEE26C7462ED00557EA038A5374DFC0EDA9BEB240AB753; model-year semantics follow the user's explicit instruction that IndexYear is the DEI year,projects/empyrean-caster-430308-m2/assets/city; update_time=2024-10-08T06:01:06.845098Z; source/licence/reference-year unresolved; one static layer used for all years,projects/sat-io/open-datasets/npp-viirs-ntl band=b1,longntl_annual_native500m_positive_pixel_sum_v1,舟山,舟山市,156330900,unique_exact_or_prefix,H3C IndexYear paired to same LongNTL calendar year by user instruction
台州市,2020,63.7,98949.7062261404,H3C live AllCityOneInfo API snapshot matched to workbook; workbook_sha256=6C7ABE1A06917FBF9BEEE26C7462ED00557EA038A5374DFC0EDA9BEB240AB753; model-year semantics follow the user's explicit instruction that IndexYear is the DEI year,projects/empyrean-caster-430308-m2/assets/city; update_time=2024-10-08T06:01:06.845098Z; source/licence/reference-year unresolved; one static layer used for all years,projects/sat-io/open-datasets/npp-viirs-ntl band=b1,longntl_annual_native500m_positive_pixel_sum_v1,台州,台州市,156331000,unique_exact_or_prefix,H3C IndexYear paired to same LongNTL calendar year by user instruction
丽水市,2020,41.6,28486.9777182831,H3C live AllCityOneInfo API snapshot matched to workbook; workbook_sha256=6C7ABE1A06917FBF9BEEE26C7462ED00557EA038A5374DFC0EDA9BEB240AB753; model-year semantics follow the user's explicit instruction that IndexYear is the DEI year,projects/empyrean-caster-430308-m2/assets/city; update_time=2024-10-08T06:01:06.845098Z; source/licence/reference-year unresolved; one static layer used for all years,projects/sat-io/open-datasets/npp-viirs-ntl band=b1,longntl_annual_native500m_positive_pixel_sum_v1,丽水,丽水市,156331100,unique_exact_or_prefix,H3C IndexYear paired to same LongNTL calendar year by user instruction
合肥市,2020,72.1,171103.815159417,H3C live AllCityOneInfo API snapshot matched to workbook; workbook_sha256=6C7ABE1A06917FBF9BEEE26C7462ED00557EA038A5374DFC0EDA9BEB240AB753; model-year semantics follow the user's explicit instruction that IndexYear is the DEI year,projects/empyrean-caster-430308-m2/assets/city; update_time=2024-10-08T06:01:06.845098Z; source/licence/reference-year unresolved; one static layer used for all years,projects/sat-io/open-datasets/npp-viirs-ntl band=b1,longntl_annual_native500m_positive_pixel_sum_v1,合肥,合肥市,156340100,unique_exact_or_prefix,H3C IndexYear paired to same LongNTL calendar year by user instruction
芜湖市,2020,60.7,50735.0657164644,H3C live AllCityOneInfo API snapshot matched to workbook; workbook_sha256=6C7ABE1A06917FBF9BEEE26C7462ED00557EA038A5374DFC0EDA9BEB240AB753; model-year semantics follow the user's explicit instruction that IndexYear is the DEI year,projects/empyrean-caster-430308-m2/assets/city; update_time=2024-10-08T06:01:06.845098Z; source/licence/reference-year unresolved; one static layer used for all years,projects/sat-io/open-datasets/npp-viirs-ntl band=b1,longntl_annual_native500m_positive_pixel_sum_v1,芜湖,芜湖市,156340200,unique_exact_or_prefix,H3C IndexYear paired to same LongNTL calendar year by user instruction
蚌埠市,2020,48.1,36803.1408927212,H3C live AllCityOneInfo API snapshot matched to workbook; workbook_sha256=6C7ABE1A06917FBF9BEEE26C7462ED00557EA038A5374DFC0EDA9BEB240AB753; model-year semantics follow the user's explicit instruction that IndexYear is the DEI year,projects/empyrean-caster-430308-m2/assets/city; update_time=2024-10-08T06:01:06.845098Z; source/licence/reference-year unresolved; one static layer used for all years,projects/sat-io/open-datasets/npp-viirs-ntl band=b1,longntl_annual_native500m_positive_pixel_sum_v1,蚌埠,蚌埠市,156340300,unique_exact_or_prefix,H3C IndexYear paired to same LongNTL calendar year by user instruction
淮南市,2020,39,29333.340739425,H3C live AllCityOneInfo API snapshot matched to workbook; workbook_sha256=6C7ABE1A06917FBF9BEEE26C7462ED00557EA038A5374DFC0EDA9BEB240AB753; model-year semantics follow the user's explicit instruction that IndexYear is the DEI year,projects/empyrean-caster-430308-m2/assets/city; update_time=2024-10-08T06:01:06.845098Z; source/licence/reference-year unresolved; one static layer used for all years,projects/sat-io/open-datasets/npp-viirs-ntl band=b1,longntl_annual_native500m_positive_pixel_sum_v1,淮南,淮南市,156340400,unique_exact_or_prefix,H3C IndexYear paired to same LongNTL calendar year by user instruction
马鞍山市,2020,51.2,37794.0226145235,H3C live AllCityOneInfo API snapshot matched to workbook; workbook_sha256=6C7ABE1A06917FBF9BEEE26C7462ED00557EA038A5374DFC0EDA9BEB240AB753; model-year semantics follow the user's explicit instruction that IndexYear is the DEI year,projects/empyrean-caster-430308-m2/assets/city; update_time=2024-10-08T06:01:06.845098Z; source/licence/reference-year unresolved; one static layer used for all years,projects/sat-io/open-datasets/npp-viirs-ntl band=b1,longntl_annual_native500m_positive_pixel_sum_v1,马鞍山,马鞍山市,156340500,unique_exact_or_prefix,H3C IndexYear paired to same LongNTL calendar year by user instruction
淮北市,2020,38,27259.2287009066,H3C live AllCityOneInfo API snapshot matched to workbook; workbook_sha256=6C7ABE1A06917FBF9BEEE26C7462ED00557EA038A5374DFC0EDA9BEB240AB753; model-year semantics follow the user's explicit instruction that IndexYear is the DEI year,projects/empyrean-caster-430308-m2/assets/city; update_time=2024-10-08T06:01:06.845098Z; source/licence/reference-year unresolved; one static layer used for all years,projects/sat-io/open-datasets/npp-viirs-ntl band=b1,longntl_annual_native500m_positive_pixel_sum_v1,淮北,淮北市,156340600,unique_exact_or_prefix,H3C IndexYear paired to same LongNTL calendar year by user instruction
铜陵市,2020,58.5,14042.6837047367,H3C live AllCityOneInfo API snapshot matched to workbook; workbook_sha256=6C7ABE1A06917FBF9BEEE26C7462ED00557EA038A5374DFC0EDA9BEB240AB753; model-year semantics follow the user's explicit instruction that IndexYear is the DEI year,projects/empyrean-caster-430308-m2/assets/city; update_time=2024-10-08T06:01:06.845098Z; source/licence/reference-year unresolved; one static layer used for all years,projects/sat-io/open-datasets/npp-viirs-ntl band=b1,longntl_annual_native500m_positive_pixel_sum_v1,铜陵,铜陵市,156340700,unique_exact_or_prefix,H3C IndexYear paired to same LongNTL calendar year by user instruction
安庆市,2020,45.3,31574.1873234398,H3C live AllCityOneInfo API snapshot matched to workbook; workbook_sha256=6C7ABE1A06917FBF9BEEE26C7462ED00557EA038A5374DFC0EDA9BEB240AB753; model-year semantics follow the user's explicit instruction that IndexYear is the DEI year,projects/empyrean-caster-430308-m2/assets/city; update_time=2024-10-08T06:01:06.845098Z; source/licence/reference-year unresolved; one static layer used for all years,projects/sat-io/open-datasets/npp-viirs-ntl band=b1,longntl_annual_native500m_positive_pixel_sum_v1,安庆,安庆市,156340800,unique_exact_or_prefix,H3C IndexYear paired to same LongNTL calendar year by user instruction
黄山市,2020,42.9,5018.53000128269,H3C live AllCityOneInfo API snapshot matched to workbook; workbook_sha256=6C7ABE1A06917FBF9BEEE26C7462ED00557EA038A5374DFC0EDA9BEB240AB753; model-year semantics follow the user's explicit instruction that IndexYear is the DEI year,projects/empyrean-caster-430308-m2/assets/city; update_time=2024-10-08T06:01:06.845098Z; source/licence/reference-year unresolved; one static layer used for all years,projects/sat-io/open-datasets/npp-viirs-ntl band=b1,longntl_annual_native500m_positive_pixel_sum_v1,黄山,黄山市,156341000,unique_exact_or_prefix,H3C IndexYear paired to same LongNTL calendar year by user instruction
滁州市,2020,48.2,69206.97308262,H3C live AllCityOneInfo API snapshot matched to workbook; workbook_sha256=6C7ABE1A06917FBF9BEEE26C7462ED00557EA038A5374DFC0EDA9BEB240AB753; model-year semantics follow the user's explicit instruction that IndexYear is the DEI year,projects/empyrean-caster-430308-m2/assets/city; update_time=2024-10-08T06:01:06.845098Z; source/licence/reference-year unresolved; one static layer used for all years,projects/sat-io/open-datasets/npp-viirs-ntl band=b1,longntl_annual_native500m_positive_pixel_sum_v1,滁州,滁州市,156341100,unique_exact_or_prefix,H3C IndexYear paired to same LongNTL calendar year by user instruction
阜阳市,2020,47.4,77742.2878633083,H3C live AllCityOneInfo API snapshot matched to workbook; workbook_sha256=6C7ABE1A06917FBF9BEEE26C7462ED00557EA038A5374DFC0EDA9BEB240AB753; model-year semantics follow the user's explicit instruction that IndexYear is the DEI year,projects/empyrean-caster-430308-m2/assets/city; update_time=2024-10-08T06:01:06.845098Z; source/licence/reference-year unresolved; one static layer used for all years,projects/sat-io/open-datasets/npp-viirs-ntl band=b1,longntl_annual_native500m_positive_pixel_sum_v1,阜阳,阜阳市,156341200,unique_exact_or_prefix,H3C IndexYear paired to same LongNTL calendar year by user instruction
宿州市,2020,42.9,41183.179084372,H3C live AllCityOneInfo API snapshot matched to workbook; workbook_sha256=6C7ABE1A06917FBF9BEEE26C7462ED00557EA038A5374DFC0EDA9BEB240AB753; model-year semantics follow the user's explicit instruction that IndexYear is the DEI year,projects/empyrean-caster-430308-m2/assets/city; update_time=2024-10-08T06:01:06.845098Z; source/licence/reference-year unresolved; one static layer used for all years,projects/sat-io/open-datasets/npp-viirs-ntl band=b1,longntl_annual_native500m_positive_pixel_sum_v1,宿州,宿州市,156341300,unique_exact_or_prefix,H3C IndexYear paired to same LongNTL calendar year by user instruction
六安市,2020,39.8,45117.7594572357,H3C live AllCityOneInfo API snapshot matched to workbook; workbook_sha256=6C7ABE1A06917FBF9BEEE26C7462ED00557EA038A5374DFC0EDA9BEB240AB753; model-year semantics follow the user's explicit instruction that IndexYear is the DEI year,projects/empyrean-caster-430308-m2/assets/city; update_time=2024-10-08T06:01:06.845098Z; source/licence/reference-year unresolved; one static layer used for all years,projects/sat-io/open-datasets/npp-viirs-ntl band=b1,longntl_annual_native500m_positive_pixel_sum_v1,六安,六安市,156341500,unique_exact_or_prefix,H3C IndexYear paired to same LongNTL calendar year by user instruction
亳州市,2020,39.7,41746.5060618349,H3C live AllCityOneInfo API snapshot matched to workbook; workbook_sha256=6C7ABE1A06917FBF9BEEE26C7462ED00557EA038A5374DFC0EDA9BEB240AB753; model-year semantics follow the user's explicit instruction that IndexYear is the DEI year,projects/empyrean-caster-430308-m2/assets/city; update_time=2024-10-08T06:01:06.845098Z; source/licence/reference-year unresolved; one static layer used for all years,projects/sat-io/open-datasets/npp-viirs-ntl band=b1,longntl_annual_native500m_positive_pixel_sum_v1,亳州,亳州市,156341600,unique_exact_or_prefix,H3C IndexYear paired to same LongNTL calendar year by user instruction
池州市,2020,38.5,9213.72098191766,H3C live AllCityOneInfo API snapshot matched to workbook; workbook_sha256=6C7ABE1A06917FBF9BEEE26C7462ED00557EA038A5374DFC0EDA9BEB240AB753; model-year semantics follow the user's explicit instruction that IndexYear is the DEI year,projects/empyrean-caster-430308-m2/assets/city; update_time=2024-10-08T06:01:06.845098Z; source/licence/reference-year unresolved; one static layer used for all years,projects/sat-io/open-datasets/npp-viirs-ntl band=b1,longntl_annual_native500m_positive_pixel_sum_v1,池州,池州市,156341700,unique_exact_or_prefix,H3C IndexYear paired to same LongNTL calendar year by user instruction
宣城市,2020,39.3,24255.0035002129,H3C live AllCityOneInfo API snapshot matched to workbook; workbook_sha256=6C7ABE1A06917FBF9BEEE26C7462ED00557EA038A5374DFC0EDA9BEB240AB753; model-year semantics follow the user's explicit instruction that IndexYear is the DEI year,projects/empyrean-caster-430308-m2/assets/city; update_time=2024-10-08T06:01:06.845098Z; source/licence/reference-year unresolved; one static layer used for all years,projects/sat-io/open-datasets/npp-viirs-ntl band=b1,longntl_annual_native500m_positive_pixel_sum_v1,宣城,宣城市,156341800,unique_exact_or_prefix,H3C IndexYear paired to same LongNTL calendar year by user instruction
福州市,2020,72,121915.368691939,H3C live AllCityOneInfo API snapshot matched to workbook; workbook_sha256=6C7ABE1A06917FBF9BEEE26C7462ED00557EA038A5374DFC0EDA9BEB240AB753; model-year semantics follow the user's explicit instruction that IndexYear is the DEI year,projects/empyrean-caster-430308-m2/assets/city; update_time=2024-10-08T06:01:06.845098Z; source/licence/reference-year unresolved; one static layer used for all years,projects/sat-io/open-datasets/npp-viirs-ntl band=b1,longntl_annual_native500m_positive_pixel_sum_v1,福州,福州市,156350100,unique_exact_or_prefix,H3C IndexYear paired to same LongNTL calendar year by user instruction
厦门市,2020,70.8,87006.9500034057,H3C live AllCityOneInfo API snapshot matched to workbook; workbook_sha256=6C7ABE1A06917FBF9BEEE26C7462ED00557EA038A5374DFC0EDA9BEB240AB753; model-year semantics follow the user's explicit instruction that IndexYear is the DEI year,projects/empyrean-caster-430308-m2/assets/city; update_time=2024-10-08T06:01:06.845098Z; source/licence/reference-year unresolved; one static layer used for all years,projects/sat-io/open-datasets/npp-viirs-ntl band=b1,longntl_annual_native500m_positive_pixel_sum_v1,厦门,厦门市,156350200,unique_exact_or_prefix,H3C IndexYear paired to same LongNTL calendar year by user instruction
泉州市,2020,66,152482.357002202,H3C live AllCityOneInfo API snapshot matched to workbook; workbook_sha256=6C7ABE1A06917FBF9BEEE26C7462ED00557EA038A5374DFC0EDA9BEB240AB753; model-year semantics follow the user's explicit instruction that IndexYear is the DEI year,projects/empyrean-caster-430308-m2/assets/city; update_time=2024-10-08T06:01:06.845098Z; source/licence/reference-year unresolved; one static layer used for all years,projects/sat-io/open-datasets/npp-viirs-ntl band=b1,longntl_annual_native500m_positive_pixel_sum_v1,泉州,泉州市,156350500,unique_exact_or_prefix,H3C IndexYear paired to same LongNTL calendar year by user instruction
漳州市,2020,60.7,95862.5916941895,H3C live AllCityOneInfo API snapshot matched to workbook; workbook_sha256=6C7ABE1A06917FBF9BEEE26C7462ED00557EA038A5374DFC0EDA9BEB240AB753; model-year semantics follow the user's explicit instruction that IndexYear is the DEI year,projects/empyrean-caster-430308-m2/assets/city; update_time=2024-10-08T06:01:06.845098Z; source/licence/reference-year unresolved; one static layer used for all years,projects/sat-io/open-datasets/npp-viirs-ntl band=b1,longntl_annual_native500m_positive_pixel_sum_v1,漳州,漳州市,156350600,unique_exact_or_prefix,H3C IndexYear paired to same LongNTL calendar year by user instruction
南昌市,2020,64.4,76293.0226113997,H3C live AllCityOneInfo API snapshot matched to workbook; workbook_sha256=6C7ABE1A06917FBF9BEEE26C7462ED00557EA038A5374DFC0EDA9BEB240AB753; model-year semantics follow the user's explicit instruction that IndexYear is the DEI year,projects/empyrean-caster-430308-m2/assets/city; update_time=2024-10-08T06:01:06.845098Z; source/licence/reference-year unresolved; one static layer used for all years,projects/sat-io/open-datasets/npp-viirs-ntl band=b1,longntl_annual_native500m_positive_pixel_sum_v1,南昌,南昌市,156360100,unique_exact_or_prefix,H3C IndexYear paired to same LongNTL calendar year by user instruction
九江市,2020,49.8,33770.8440530679,H3C live AllCityOneInfo API snapshot matched to workbook; workbook_sha256=6C7ABE1A06917FBF9BEEE26C7462ED00557EA038A5374DFC0EDA9BEB240AB753; model-year semantics follow the user's explicit instruction that IndexYear is the DEI year,projects/empyrean-caster-430308-m2/assets/city; update_time=2024-10-08T06:01:06.845098Z; source/licence/reference-year unresolved; one static layer used for all years,projects/sat-io/open-datasets/npp-viirs-ntl band=b1,longntl_annual_native500m_positive_pixel_sum_v1,九江,九江市,156360400,unique_exact_or_prefix,H3C IndexYear paired to same LongNTL calendar year by user instruction
赣州市,2020,52,50350.6517039224,H3C live AllCityOneInfo API snapshot matched to workbook; workbook_sha256=6C7ABE1A06917FBF9BEEE26C7462ED00557EA038A5374DFC0EDA9BEB240AB753; model-year semantics follow the user's explicit instruction that IndexYear is the DEI year,projects/empyrean-caster-430308-m2/assets/city; update_time=2024-10-08T06:01:06.845098Z; source/licence/reference-year unresolved; one static layer used for all years,projects/sat-io/open-datasets/npp-viirs-ntl band=b1,longntl_annual_native500m_positive_pixel_sum_v1,赣州,赣州市,156360700,unique_exact_or_prefix,H3C IndexYear paired to same LongNTL calendar year by user instruction
吉安市,2020,43.1,18006.6879040769,H3C live AllCityOneInfo API snapshot matched to workbook; workbook_sha256=6C7ABE1A06917FBF9BEEE26C7462ED00557EA038A5374DFC0EDA9BEB240AB753; model-year semantics follow the user's explicit instruction that IndexYear is the DEI year,projects/empyrean-caster-430308-m2/assets/city; update_time=2024-10-08T06:01:06.845098Z; source/licence/reference-year unresolved; one static layer used for all years,projects/sat-io/open-datasets/npp-viirs-ntl band=b1,longntl_annual_native500m_positive_pixel_sum_v1,吉安,吉安市,156360800,unique_exact_or_prefix,H3C IndexYear paired to same LongNTL calendar year by user instruction
宜春市,2020,44.6,28645.3574787505,H3C live AllCityOneInfo API snapshot matched to workbook; workbook_sha256=6C7ABE1A06917FBF9BEEE26C7462ED00557EA038A5374DFC0EDA9BEB240AB753; model-year semantics follow the user's explicit instruction that IndexYear is the DEI year,projects/empyrean-caster-430308-m2/assets/city; update_time=2024-10-08T06:01:06.845098Z; source/licence/reference-year unresolved; one static layer used for all years,projects/sat-io/open-datasets/npp-viirs-ntl band=b1,longntl_annual_native500m_positive_pixel_sum_v1,宜春,宜春市,156360900,unique_exact_or_prefix,H3C IndexYear paired to same LongNTL calendar year by user instruction
抚州市,2020,38.1,18371.9368686311,H3C live AllCityOneInfo API snapshot matched to workbook; workbook_sha256=6C7ABE1A06917FBF9BEEE26C7462ED00557EA038A5374DFC0EDA9BEB240AB753; model-year semantics follow the user's explicit instruction that IndexYear is the DEI year,projects/empyrean-caster-430308-m2/assets/city; update_time=2024-10-08T06:01:06.845098Z; source/licence/reference-year unresolved; one static layer used for all years,projects/sat-io/open-datasets/npp-viirs-ntl band=b1,longntl_annual_native500m_positive_pixel_sum_v1,抚州,抚州市,156361000,unique_exact_or_prefix,H3C IndexYear paired to same LongNTL calendar year by user instruction
上饶市,2020,43.1,26278.2346103603,H3C live AllCityOneInfo API snapshot matched to workbook; workbook_sha256=6C7ABE1A06917FBF9BEEE26C7462ED00557EA038A5374DFC0EDA9BEB240AB753; model-year semantics follow the user's explicit instruction that IndexYear is the DEI year,projects/empyrean-caster-430308-m2/assets/city; update_time=2024-10-08T06:01:06.845098Z; source/licence/reference-year unresolved; one static layer used for all years,projects/sat-io/open-datasets/npp-viirs-ntl band=b1,longntl_annual_native500m_positive_pixel_sum_v1,上饶,上饶市,156361100,unique_exact_or_prefix,H3C IndexYear paired to same LongNTL calendar year by user instruction
济南市,2020,68.3,137593.321555297,H3C live AllCityOneInfo API snapshot matched to workbook; workbook_sha256=6C7ABE1A06917FBF9BEEE26C7462ED00557EA038A5374DFC0EDA9BEB240AB753; model-year semantics follow the user's explicit instruction that IndexYear is the DEI year,projects/empyrean-caster-430308-m2/assets/city; update_time=2024-10-08T06:01:06.845098Z; source/licence/reference-year unresolved; one static layer used for all years,projects/sat-io/open-datasets/npp-viirs-ntl band=b1,longntl_annual_native500m_positive_pixel_sum_v1,济南,济南市,156370100,unique_exact_or_prefix,H3C IndexYear paired to same LongNTL calendar year by user instruction
青岛市,2020,71.6,170046.514411418,H3C live AllCityOneInfo API snapshot matched to workbook; workbook_sha256=6C7ABE1A06917FBF9BEEE26C7462ED00557EA038A5374DFC0EDA9BEB240AB753; model-year semantics follow the user's explicit instruction that IndexYear is the DEI year,projects/empyrean-caster-430308-m2/assets/city; update_time=2024-10-08T06:01:06.845098Z; source/licence/reference-year unresolved; one static layer used for all years,projects/sat-io/open-datasets/npp-viirs-ntl band=b1,longntl_annual_native500m_positive_pixel_sum_v1,青岛,青岛市,156370200,unique_exact_or_prefix,H3C IndexYear paired to same LongNTL calendar year by user instruction
淄博市,2020,60.9,72180.8219979843,H3C live AllCityOneInfo API snapshot matched to workbook; workbook_sha256=6C7ABE1A06917FBF9BEEE26C7462ED00557EA038A5374DFC0EDA9BEB240AB753; model-year semantics follow the user's explicit instruction that IndexYear is the DEI year,projects/empyrean-caster-430308-m2/assets/city; update_time=2024-10-08T06:01:06.845098Z; source/licence/reference-year unresolved; one static layer used for all years,projects/sat-io/open-datasets/npp-viirs-ntl band=b1,longntl_annual_native500m_positive_pixel_sum_v1,淄博,淄博市,156370300,unique_exact_or_prefix,H3C IndexYear paired to same LongNTL calendar year by user instruction
东营市,2020,58.7,65186.035751562,H3C live AllCityOneInfo API snapshot matched to workbook; workbook_sha256=6C7ABE1A06917FBF9BEEE26C7462ED00557EA038A5374DFC0EDA9BEB240AB753; model-year semantics follow the user's explicit instruction that IndexYear is the DEI year,projects/empyrean-caster-430308-m2/assets/city; update_time=2024-10-08T06:01:06.845098Z; source/licence/reference-year unresolved; one static layer used for all years,projects/sat-io/open-datasets/npp-viirs-ntl band=b1,longntl_annual_native500m_positive_pixel_sum_v1,东营,东营市,156370500,unique_exact_or_prefix,H3C IndexYear paired to same LongNTL calendar year by user instruction
烟台市,2020,66.4,97118.3035418758,H3C live AllCityOneInfo API snapshot matched to workbook; workbook_sha256=6C7ABE1A06917FBF9BEEE26C7462ED00557EA038A5374DFC0EDA9BEB240AB753; model-year semantics follow the user's explicit instruction that IndexYear is the DEI year,projects/empyrean-caster-430308-m2/assets/city; update_time=2024-10-08T06:01:06.845098Z; source/licence/reference-year unresolved; one static layer used for all years,projects/sat-io/open-datasets/npp-viirs-ntl band=b1,longntl_annual_native500m_positive_pixel_sum_v1,烟台,烟台市,156370600,unique_exact_or_prefix,H3C IndexYear paired to same LongNTL calendar year by user instruction
潍坊市,2020,63.2,135733.609662048,H3C live AllCityOneInfo API snapshot matched to workbook; workbook_sha256=6C7ABE1A06917FBF9BEEE26C7462ED00557EA038A5374DFC0EDA9BEB240AB753; model-year semantics follow the user's explicit instruction that IndexYear is the DEI year,projects/empyrean-caster-430308-m2/assets/city; update_time=2024-10-08T06:01:06.845098Z; source/licence/reference-year unresolved; one static layer used for all years,projects/sat-io/open-datasets/npp-viirs-ntl band=b1,longntl_annual_native500m_positive_pixel_sum_v1,潍坊,潍坊市,156370700,unique_exact_or_prefix,H3C IndexYear paired to same LongNTL calendar year by user instruction
济宁市,2020,55.2,76616.8801477783,H3C live AllCityOneInfo API snapshot matched to workbook; workbook_sha256=6C7ABE1A06917FBF9BEEE26C7462ED00557EA038A5374DFC0EDA9BEB240AB753; model-year semantics follow the user's explicit instruction that IndexYear is the DEI year,projects/empyrean-caster-430308-m2/assets/city; update_time=2024-10-08T06:01:06.845098Z; source/licence/reference-year unresolved; one static layer used for all years,projects/sat-io/open-datasets/npp-viirs-ntl band=b1,longntl_annual_native500m_positive_pixel_sum_v1,济宁,济宁市,156370800,unique_exact_or_prefix,H3C IndexYear paired to same LongNTL calendar year by user instruction
泰安市,2020,49.9,63427.7349861393,H3C live AllCityOneInfo API snapshot matched to workbook; workbook_sha256=6C7ABE1A06917FBF9BEEE26C7462ED00557EA038A5374DFC0EDA9BEB240AB753; model-year semantics follow the user's explicit instruction that IndexYear is the DEI year,projects/empyrean-caster-430308-m2/assets/city; update_time=2024-10-08T06:01:06.845098Z; source/licence/reference-year unresolved; one static layer used for all years,projects/sat-io/open-datasets/npp-viirs-ntl band=b1,longntl_annual_native500m_positive_pixel_sum_v1,泰安,泰安市,156370900,unique_exact_or_prefix,H3C IndexYear paired to same LongNTL calendar year by user instruction
威海市,2020,57.8,53299.4940356315,H3C live AllCityOneInfo API snapshot matched to workbook; workbook_sha256=6C7ABE1A06917FBF9BEEE26C7462ED00557EA038A5374DFC0EDA9BEB240AB753; model-year semantics follow the user's explicit instruction that IndexYear is the DEI year,projects/empyrean-caster-430308-m2/assets/city; update_time=2024-10-08T06:01:06.845098Z; source/licence/reference-year unresolved; one static layer used for all years,projects/sat-io/open-datasets/npp-viirs-ntl band=b1,longntl_annual_native500m_positive_pixel_sum_v1,威海,威海市,156371000,unique_exact_or_prefix,H3C IndexYear paired to same LongNTL calendar year by user instruction
临沂市,2020,57.2,114182.366618184,H3C live AllCityOneInfo API snapshot matched to workbook; workbook_sha256=6C7ABE1A06917FBF9BEEE26C7462ED00557EA038A5374DFC0EDA9BEB240AB753; model-year semantics follow the user's explicit instruction that IndexYear is the DEI year,projects/empyrean-caster-430308-m2/assets/city; update_time=2024-10-08T06:01:06.845098Z; source/licence/reference-year unresolved; one static layer used for all years,projects/sat-io/open-datasets/npp-viirs-ntl band=b1,longntl_annual_native500m_positive_pixel_sum_v1,临沂,临沂市,156371300,unique_exact_or_prefix,H3C IndexYear paired to same LongNTL calendar year by user instruction
德州市,2020,52.3,53346.6873229027,H3C live AllCityOneInfo API snapshot matched to workbook; workbook_sha256=6C7ABE1A06917FBF9BEEE26C7462ED00557EA038A5374DFC0EDA9BEB240AB753; model-year semantics follow the user's explicit instruction that IndexYear is the DEI year,projects/empyrean-caster-430308-m2/assets/city; update_time=2024-10-08T06:01:06.845098Z; source/licence/reference-year unresolved; one static layer used for all years,projects/sat-io/open-datasets/npp-viirs-ntl band=b1,longntl_annual_native500m_positive_pixel_sum_v1,德州,德州市,156371400,unique_exact_or_prefix,H3C IndexYear paired to same LongNTL calendar year by user instruction
聊城市,2020,38.2,52377.1014454617,H3C live AllCityOneInfo API snapshot matched to workbook; workbook_sha256=6C7ABE1A06917FBF9BEEE26C7462ED00557EA038A5374DFC0EDA9BEB240AB753; model-year semantics follow the user's explicit instruction that IndexYear is the DEI year,projects/empyrean-caster-430308-m2/assets/city; update_time=2024-10-08T06:01:06.845098Z; source/licence/reference-year unresolved; one static layer used for all years,projects/sat-io/open-datasets/npp-viirs-ntl band=b1,longntl_annual_native500m_positive_pixel_sum_v1,聊城,聊城市,156371500,unique_exact_or_prefix,H3C IndexYear paired to same LongNTL calendar year by user instruction
滨州市,2020,60.2,64846.214414072,H3C live AllCityOneInfo API snapshot matched to workbook; workbook_sha256=6C7ABE1A06917FBF9BEEE26C7462ED00557EA038A5374DFC0EDA9BEB240AB753; model-year semantics follow the user's explicit instruction that IndexYear is the DEI year,projects/empyrean-caster-430308-m2/assets/city; update_time=2024-10-08T06:01:06.845098Z; source/licence/reference-year unresolved; one static layer used for all years,projects/sat-io/open-datasets/npp-viirs-ntl band=b1,longntl_annual_native500m_positive_pixel_sum_v1,滨州,滨州市,156371600,unique_exact_or_prefix,H3C IndexYear paired to same LongNTL calendar year by user instruction
菏泽市,2020,54.9,72220.3624515043,H3C live AllCityOneInfo API snapshot matched to workbook; workbook_sha256=6C7ABE1A06917FBF9BEEE26C7462ED00557EA038A5374DFC0EDA9BEB240AB753; model-year semantics follow the user's explicit instruction that IndexYear is the DEI year,projects/empyrean-caster-430308-m2/assets/city; update_time=2024-10-08T06:01:06.845098Z; source/licence/reference-year unresolved; one static layer used for all years,projects/sat-io/open-datasets/npp-viirs-ntl band=b1,longntl_annual_native500m_positive_pixel_sum_v1,菏泽,菏泽市,156371700,unique_exact_or_prefix,H3C IndexYear paired to same LongNTL calendar year by user instruction
郑州市,2020,73.1,184419.754865543,H3C live AllCityOneInfo API snapshot matched to workbook; workbook_sha256=6C7ABE1A06917FBF9BEEE26C7462ED00557EA038A5374DFC0EDA9BEB240AB753; model-year semantics follow the user's explicit instruction that IndexYear is the DEI year,projects/empyrean-caster-430308-m2/assets/city; update_time=2024-10-08T06:01:06.845098Z; source/licence/reference-year unresolved; one static layer used for all years,projects/sat-io/open-datasets/npp-viirs-ntl band=b1,longntl_annual_native500m_positive_pixel_sum_v1,郑州,郑州市,156410100,unique_exact_or_prefix,H3C IndexYear paired to same LongNTL calendar year by user instruction
开封市,2020,57.1,41562.5771190475,H3C live AllCityOneInfo API snapshot matched to workbook; workbook_sha256=6C7ABE1A06917FBF9BEEE26C7462ED00557EA038A5374DFC0EDA9BEB240AB753; model-year semantics follow the user's explicit instruction that IndexYear is the DEI year,projects/empyrean-caster-430308-m2/assets/city; update_time=2024-10-08T06:01:06.845098Z; source/licence/reference-year unresolved; one static layer used for all years,projects/sat-io/open-datasets/npp-viirs-ntl band=b1,longntl_annual_native500m_positive_pixel_sum_v1,开封,开封市,156410200,unique_exact_or_prefix,H3C IndexYear paired to same LongNTL calendar year by user instruction
洛阳市,2020,57.2,75068.5037429627,H3C live AllCityOneInfo API snapshot matched to workbook; workbook_sha256=6C7ABE1A06917FBF9BEEE26C7462ED00557EA038A5374DFC0EDA9BEB240AB753; model-year semantics follow the user's explicit instruction that IndexYear is the DEI year,projects/empyrean-caster-430308-m2/assets/city; update_time=2024-10-08T06:01:06.845098Z; source/licence/reference-year unresolved; one static layer used for all years,projects/sat-io/open-datasets/npp-viirs-ntl band=b1,longntl_annual_native500m_positive_pixel_sum_v1,洛阳,洛阳市,156410300,unique_exact_or_prefix,H3C IndexYear paired to same LongNTL calendar year by user instruction
平顶山市,2020,49,36561.3798765309,H3C live AllCityOneInfo API snapshot matched to workbook; workbook_sha256=6C7ABE1A06917FBF9BEEE26C7462ED00557EA038A5374DFC0EDA9BEB240AB753; model-year semantics follow the user's explicit instruction that IndexYear is the DEI year,projects/empyrean-caster-430308-m2/assets/city; update_time=2024-10-08T06:01:06.845098Z; source/licence/reference-year unresolved; one static layer used for all years,projects/sat-io/open-datasets/npp-viirs-ntl band=b1,longntl_annual_native500m_positive_pixel_sum_v1,平顶山,平顶山市,156410400,unique_exact_or_prefix,H3C IndexYear paired to same LongNTL calendar year by user instruction
安阳市,2020,44.4,51639.813873658,H3C live AllCityOneInfo API snapshot matched to workbook; workbook_sha256=6C7ABE1A06917FBF9BEEE26C7462ED00557EA038A5374DFC0EDA9BEB240AB753; model-year semantics follow the user's explicit instruction that IndexYear is the DEI year,projects/empyrean-caster-430308-m2/assets/city; update_time=2024-10-08T06:01:06.845098Z; source/licence/reference-year unresolved; one static layer used for all years,projects/sat-io/open-datasets/npp-viirs-ntl band=b1,longntl_annual_native500m_positive_pixel_sum_v1,安阳,安阳市,156410500,unique_exact_or_prefix,H3C IndexYear paired to same LongNTL calendar year by user instruction
鹤壁市,2020,40,18134.6267980954,H3C live AllCityOneInfo API snapshot matched to workbook; workbook_sha256=6C7ABE1A06917FBF9BEEE26C7462ED00557EA038A5374DFC0EDA9BEB240AB753; model-year semantics follow the user's explicit instruction that IndexYear is the DEI year,projects/empyrean-caster-430308-m2/assets/city; update_time=2024-10-08T06:01:06.845098Z; source/licence/reference-year unresolved; one static layer used for all years,projects/sat-io/open-datasets/npp-viirs-ntl band=b1,longntl_annual_native500m_positive_pixel_sum_v1,鹤壁,鹤壁市,156410600,unique_exact_or_prefix,H3C IndexYear paired to same LongNTL calendar year by user instruction
新乡市,2020,47.1,57665.8541255166,H3C live AllCityOneInfo API snapshot matched to workbook; workbook_sha256=6C7ABE1A06917FBF9BEEE26C7462ED00557EA038A5374DFC0EDA9BEB240AB753; model-year semantics follow the user's explicit instruction that IndexYear is the DEI year,projects/empyrean-caster-430308-m2/assets/city; update_time=2024-10-08T06:01:06.845098Z; source/licence/reference-year unresolved; one static layer used for all years,projects/sat-io/open-datasets/npp-viirs-ntl band=b1,longntl_annual_native500m_positive_pixel_sum_v1,新乡,新乡市,156410700,unique_exact_or_prefix,H3C IndexYear paired to same LongNTL calendar year by user instruction
焦作市,2020,52.5,34522.7387231439,H3C live AllCityOneInfo API snapshot matched to workbook; workbook_sha256=6C7ABE1A06917FBF9BEEE26C7462ED00557EA038A5374DFC0EDA9BEB240AB753; model-year semantics follow the user's explicit instruction that IndexYear is the DEI year,projects/empyrean-caster-430308-m2/assets/city; update_time=2024-10-08T06:01:06.845098Z; source/licence/reference-year unresolved; one static layer used for all years,projects/sat-io/open-datasets/npp-viirs-ntl band=b1,longntl_annual_native500m_positive_pixel_sum_v1,焦作,焦作市,156410800,unique_exact_or_prefix,H3C IndexYear paired to same LongNTL calendar year by user instruction
濮阳市,2020,39.5,40669.3818380599,H3C live AllCityOneInfo API snapshot matched to workbook; workbook_sha256=6C7ABE1A06917FBF9BEEE26C7462ED00557EA038A5374DFC0EDA9BEB240AB753; model-year semantics follow the user's explicit instruction that IndexYear is the DEI year,projects/empyrean-caster-430308-m2/assets/city; update_time=2024-10-08T06:01:06.845098Z; source/licence/reference-year unresolved; one static layer used for all years,projects/sat-io/open-datasets/npp-viirs-ntl band=b1,longntl_annual_native500m_positive_pixel_sum_v1,濮阳,濮阳市,156410900,unique_exact_or_prefix,H3C IndexYear paired to same LongNTL calendar year by user instruction
许昌市,2020,52.6,32844.3387671237,H3C live AllCityOneInfo API snapshot matched to workbook; workbook_sha256=6C7ABE1A06917FBF9BEEE26C7462ED00557EA038A5374DFC0EDA9BEB240AB753; model-year semantics follow the user's explicit instruction that IndexYear is the DEI year,projects/empyrean-caster-430308-m2/assets/city; update_time=2024-10-08T06:01:06.845098Z; source/licence/reference-year unresolved; one static layer used for all years,projects/sat-io/open-datasets/npp-viirs-ntl band=b1,longntl_annual_native500m_positive_pixel_sum_v1,许昌,许昌市,156411000,unique_exact_or_prefix,H3C IndexYear paired to same LongNTL calendar year by user instruction
漯河市,2020,39.9,26210.0071937304,H3C live AllCityOneInfo API snapshot matched to workbook; workbook_sha256=6C7ABE1A06917FBF9BEEE26C7462ED00557EA038A5374DFC0EDA9BEB240AB753; model-year semantics follow the user's explicit instruction that IndexYear is the DEI year,projects/empyrean-caster-430308-m2/assets/city; update_time=2024-10-08T06:01:06.845098Z; source/licence/reference-year unresolved; one static layer used for all years,projects/sat-io/open-datasets/npp-viirs-ntl band=b1,longntl_annual_native500m_positive_pixel_sum_v1,漯河,漯河市,156411100,unique_exact_or_prefix,H3C IndexYear paired to same LongNTL calendar year by user instruction
三门峡市,2020,39.8,16932.711121094,H3C live AllCityOneInfo API snapshot matched to workbook; workbook_sha256=6C7ABE1A06917FBF9BEEE26C7462ED00557EA038A5374DFC0EDA9BEB240AB753; model-year semantics follow the user's explicit instruction that IndexYear is the DEI year,projects/empyrean-caster-430308-m2/assets/city; update_time=2024-10-08T06:01:06.845098Z; source/licence/reference-year unresolved; one static layer used for all years,projects/sat-io/open-datasets/npp-viirs-ntl band=b1,longntl_annual_native500m_positive_pixel_sum_v1,三门峡,三门峡市,156411200,unique_exact_or_prefix,H3C IndexYear paired to same LongNTL calendar year by user instruction
南阳市,2020,51.7,47282.9651715545,H3C live AllCityOneInfo API snapshot matched to workbook; workbook_sha256=6C7ABE1A06917FBF9BEEE26C7462ED00557EA038A5374DFC0EDA9BEB240AB753; model-year semantics follow the user's explicit instruction that IndexYear is the DEI year,projects/empyrean-caster-430308-m2/assets/city; update_time=2024-10-08T06:01:06.845098Z; source/licence/reference-year unresolved; one static layer used for all years,projects/sat-io/open-datasets/npp-viirs-ntl band=b1,longntl_annual_native500m_positive_pixel_sum_v1,南阳,南阳市,156411300,unique_exact_or_prefix,H3C IndexYear paired to same LongNTL calendar year by user instruction
商丘市,2020,45.3,55095.3211862873,H3C live AllCityOneInfo API snapshot matched to workbook; workbook_sha256=6C7ABE1A06917FBF9BEEE26C7462ED00557EA038A5374DFC0EDA9BEB240AB753; model-year semantics follow the user's explicit instruction that IndexYear is the DEI year,projects/empyrean-caster-430308-m2/assets/city; update_time=2024-10-08T06:01:06.845098Z; source/licence/reference-year unresolved; one static layer used for all years,projects/sat-io/open-datasets/npp-viirs-ntl band=b1,longntl_annual_native500m_positive_pixel_sum_v1,商丘,商丘市,156411400,unique_exact_or_prefix,H3C IndexYear paired to same LongNTL calendar year by user instruction
信阳市,2020,45.3,26255.2990390759,H3C live AllCityOneInfo API snapshot matched to workbook; workbook_sha256=6C7ABE1A06917FBF9BEEE26C7462ED00557EA038A5374DFC0EDA9BEB240AB753; model-year semantics follow the user's explicit instruction that IndexYear is the DEI year,projects/empyrean-caster-430308-m2/assets/city; update_time=2024-10-08T06:01:06.845098Z; source/licence/reference-year unresolved; one static layer used for all years,projects/sat-io/open-datasets/npp-viirs-ntl band=b1,longntl_annual_native500m_positive_pixel_sum_v1,信阳,信阳市,156411500,unique_exact_or_prefix,H3C IndexYear paired to same LongNTL calendar year by user instruction
周口市,2020,54.1,47815.9068557141,H3C live AllCityOneInfo API snapshot matched to workbook; workbook_sha256=6C7ABE1A06917FBF9BEEE26C7462ED00557EA038A5374DFC0EDA9BEB240AB753; model-year semantics follow the user's explicit instruction that IndexYear is the DEI year,projects/empyrean-caster-430308-m2/assets/city; update_time=2024-10-08T06:01:06.845098Z; source/licence/reference-year unresolved; one static layer used for all years,projects/sat-io/open-datasets/npp-viirs-ntl band=b1,longntl_annual_native500m_positive_pixel_sum_v1,周口,周口市,156411600,unique_exact_or_prefix,H3C IndexYear paired to same LongNTL calendar year by user instruction
驻马店市,2020,43.8,58532.2333238546,H3C live AllCityOneInfo API snapshot matched to workbook; workbook_sha256=6C7ABE1A06917FBF9BEEE26C7462ED00557EA038A5374DFC0EDA9BEB240AB753; model-year semantics follow the user's explicit instruction that IndexYear is the DEI year,projects/empyrean-caster-430308-m2/assets/city; update_time=2024-10-08T06:01:06.845098Z; source/licence/reference-year unresolved; one static layer used for all years,projects/sat-io/open-datasets/npp-viirs-ntl band=b1,longntl_annual_native500m_positive_pixel_sum_v1,驻马店,驻马店市,156411700,unique_exact_or_prefix,H3C IndexYear paired to same LongNTL calendar year by user instruction
武汉市,2020,77,205593.11299157,H3C live AllCityOneInfo API snapshot matched to workbook; workbook_sha256=6C7ABE1A06917FBF9BEEE26C7462ED00557EA038A5374DFC0EDA9BEB240AB753; model-year semantics follow the user's explicit instruction that IndexYear is the DEI year,projects/empyrean-caster-430308-m2/assets/city; update_time=2024-10-08T06:01:06.845098Z; source/licence/reference-year unresolved; one static layer used for all years,projects/sat-io/open-datasets/npp-viirs-ntl band=b1,longntl_annual_native500m_positive_pixel_sum_v1,武汉,武汉市,156420100,unique_exact_or_prefix,H3C IndexYear paired to same LongNTL calendar year by user instruction
黄石市,2020,42.8,18653.4634293524,H3C live AllCityOneInfo API snapshot matched to workbook; workbook_sha256=6C7ABE1A06917FBF9BEEE26C7462ED00557EA038A5374DFC0EDA9BEB240AB753; model-year semantics follow the user's explicit instruction that IndexYear is the DEI year,projects/empyrean-caster-430308-m2/assets/city; update_time=2024-10-08T06:01:06.845098Z; source/licence/reference-year unresolved; one static layer used for all years,projects/sat-io/open-datasets/npp-viirs-ntl band=b1,longntl_annual_native500m_positive_pixel_sum_v1,黄石,黄石市,156420200,unique_exact_or_prefix,H3C IndexYear paired to same LongNTL calendar year by user instruction
十堰市,2020,43.3,15412.8056330606,H3C live AllCityOneInfo API snapshot matched to workbook; workbook_sha256=6C7ABE1A06917FBF9BEEE26C7462ED00557EA038A5374DFC0EDA9BEB240AB753; model-year semantics follow the user's explicit instruction that IndexYear is the DEI year,projects/empyrean-caster-430308-m2/assets/city; update_time=2024-10-08T06:01:06.845098Z; source/licence/reference-year unresolved; one static layer used for all years,projects/sat-io/open-datasets/npp-viirs-ntl band=b1,longntl_annual_native500m_positive_pixel_sum_v1,十堰,十堰市,156420300,unique_exact_or_prefix,H3C IndexYear paired to same LongNTL calendar year by user instruction
宜昌市,2020,58.8,30322.8514297527,H3C live AllCityOneInfo API snapshot matched to workbook; workbook_sha256=6C7ABE1A06917FBF9BEEE26C7462ED00557EA038A5374DFC0EDA9BEB240AB753; model-year semantics follow the user's explicit instruction that IndexYear is the DEI year,projects/empyrean-caster-430308-m2/assets/city; update_time=2024-10-08T06:01:06.845098Z; source/licence/reference-year unresolved; one static layer used for all years,projects/sat-io/open-datasets/npp-viirs-ntl band=b1,longntl_annual_native500m_positive_pixel_sum_v1,宜昌,宜昌市,156420500,unique_exact_or_prefix,H3C IndexYear paired to same LongNTL calendar year by user instruction
襄阳市,2020,52.5,32585.8393368889,H3C live AllCityOneInfo API snapshot matched to workbook; workbook_sha256=6C7ABE1A06917FBF9BEEE26C7462ED00557EA038A5374DFC0EDA9BEB240AB753; model-year semantics follow the user's explicit instruction that IndexYear is the DEI year,projects/empyrean-caster-430308-m2/assets/city; update_time=2024-10-08T06:01:06.845098Z; source/licence/reference-year unresolved; one static layer used for all years,projects/sat-io/open-datasets/npp-viirs-ntl band=b1,longntl_annual_native500m_positive_pixel_sum_v1,襄阳,襄阳市,156420600,unique_exact_or_prefix,H3C IndexYear paired to same LongNTL calendar year by user instruction
荆门市,2020,45.1,13199.6100067045,H3C live AllCityOneInfo API snapshot matched to workbook; workbook_sha256=6C7ABE1A06917FBF9BEEE26C7462ED00557EA038A5374DFC0EDA9BEB240AB753; model-year semantics follow the user's explicit instruction that IndexYear is the DEI year,projects/empyrean-caster-430308-m2/assets/city; update_time=2024-10-08T06:01:06.845098Z; source/licence/reference-year unresolved; one static layer used for all years,projects/sat-io/open-datasets/npp-viirs-ntl band=b1,longntl_annual_native500m_positive_pixel_sum_v1,荆门,荆门市,156420800,unique_exact_or_prefix,H3C IndexYear paired to same LongNTL calendar year by user instruction
孝感市,2020,44.3,22248.7829008827,H3C live AllCityOneInfo API snapshot matched to workbook; workbook_sha256=6C7ABE1A06917FBF9BEEE26C7462ED00557EA038A5374DFC0EDA9BEB240AB753; model-year semantics follow the user's explicit instruction that IndexYear is the DEI year,projects/empyrean-caster-430308-m2/assets/city; update_time=2024-10-08T06:01:06.845098Z; source/licence/reference-year unresolved; one static layer used for all years,projects/sat-io/open-datasets/npp-viirs-ntl band=b1,longntl_annual_native500m_positive_pixel_sum_v1,孝感,孝感市,156420900,unique_exact_or_prefix,H3C IndexYear paired to same LongNTL calendar year by user instruction
荆州市,2020,43.1,26611.4506157071,H3C live AllCityOneInfo API snapshot matched to workbook; workbook_sha256=6C7ABE1A06917FBF9BEEE26C7462ED00557EA038A5374DFC0EDA9BEB240AB753; model-year semantics follow the user's explicit instruction that IndexYear is the DEI year,projects/empyrean-caster-430308-m2/assets/city; update_time=2024-10-08T06:01:06.845098Z; source/licence/reference-year unresolved; one static layer used for all years,projects/sat-io/open-datasets/npp-viirs-ntl band=b1,longntl_annual_native500m_positive_pixel_sum_v1,荆州,荆州市,156421000,unique_exact_or_prefix,H3C IndexYear paired to same LongNTL calendar year by user instruction
黄冈市,2020,42.1,24949.2662792589,H3C live AllCityOneInfo API snapshot matched to workbook; workbook_sha256=6C7ABE1A06917FBF9BEEE26C7462ED00557EA038A5374DFC0EDA9BEB240AB753; model-year semantics follow the user's explicit instruction that IndexYear is the DEI year,projects/empyrean-caster-430308-m2/assets/city; update_time=2024-10-08T06:01:06.845098Z; source/licence/reference-year unresolved; one static layer used for all years,projects/sat-io/open-datasets/npp-viirs-ntl band=b1,longntl_annual_native500m_positive_pixel_sum_v1,黄冈,黄冈市,156421100,unique_exact_or_prefix,H3C IndexYear paired to same LongNTL calendar year by user instruction
咸宁市,2020,40,13721.6579015816,H3C live AllCityOneInfo API snapshot matched to workbook; workbook_sha256=6C7ABE1A06917FBF9BEEE26C7462ED00557EA038A5374DFC0EDA9BEB240AB753; model-year semantics follow the user's explicit instruction that IndexYear is the DEI year,projects/empyrean-caster-430308-m2/assets/city; update_time=2024-10-08T06:01:06.845098Z; source/licence/reference-year unresolved; one static layer used for all years,projects/sat-io/open-datasets/npp-viirs-ntl band=b1,longntl_annual_native500m_positive_pixel_sum_v1,咸宁,咸宁市,156421200,unique_exact_or_prefix,H3C IndexYear paired to same LongNTL calendar year by user instruction
长沙市,2020,69.6,125572.131357193,H3C live AllCityOneInfo API snapshot matched to workbook; workbook_sha256=6C7ABE1A06917FBF9BEEE26C7462ED00557EA038A5374DFC0EDA9BEB240AB753; model-year semantics follow the user's explicit instruction that IndexYear is the DEI year,projects/empyrean-caster-430308-m2/assets/city; update_time=2024-10-08T06:01:06.845098Z; source/licence/reference-year unresolved; one static layer used for all years,projects/sat-io/open-datasets/npp-viirs-ntl band=b1,longntl_annual_native500m_positive_pixel_sum_v1,长沙,长沙市,156430100,unique_exact_or_prefix,H3C IndexYear paired to same LongNTL calendar year by user instruction
株洲市,2020,49.5,26073.0680379185,H3C live AllCityOneInfo API snapshot matched to workbook; workbook_sha256=6C7ABE1A06917FBF9BEEE26C7462ED00557EA038A5374DFC0EDA9BEB240AB753; model-year semantics follow the user's explicit instruction that IndexYear is the DEI year,projects/empyrean-caster-430308-m2/assets/city; update_time=2024-10-08T06:01:06.845098Z; source/licence/reference-year unresolved; one static layer used for all years,projects/sat-io/open-datasets/npp-viirs-ntl band=b1,longntl_annual_native500m_positive_pixel_sum_v1,株洲,株洲市,156430200,unique_exact_or_prefix,H3C IndexYear paired to same LongNTL calendar year by user instruction
湘潭市,2020,47.1,22387.6543652773,H3C live AllCityOneInfo API snapshot matched to workbook; workbook_sha256=6C7ABE1A06917FBF9BEEE26C7462ED00557EA038A5374DFC0EDA9BEB240AB753; model-year semantics follow the user's explicit instruction that IndexYear is the DEI year,projects/empyrean-caster-430308-m2/assets/city; update_time=2024-10-08T06:01:06.845098Z; source/licence/reference-year unresolved; one static layer used for all years,projects/sat-io/open-datasets/npp-viirs-ntl band=b1,longntl_annual_native500m_positive_pixel_sum_v1,湘潭,湘潭市,156430300,unique_exact_or_prefix,H3C IndexYear paired to same LongNTL calendar year by user instruction
衡阳市,2020,50.7,21561.1966099029,H3C live AllCityOneInfo API snapshot matched to workbook; workbook_sha256=6C7ABE1A06917FBF9BEEE26C7462ED00557EA038A5374DFC0EDA9BEB240AB753; model-year semantics follow the user's explicit instruction that IndexYear is the DEI year,projects/empyrean-caster-430308-m2/assets/city; update_time=2024-10-08T06:01:06.845098Z; source/licence/reference-year unresolved; one static layer used for all years,projects/sat-io/open-datasets/npp-viirs-ntl band=b1,longntl_annual_native500m_positive_pixel_sum_v1,衡阳,衡阳市,156430400,unique_exact_or_prefix,H3C IndexYear paired to same LongNTL calendar year by user instruction
邵阳市,2020,42.1,16278.0599446203,H3C live AllCityOneInfo API snapshot matched to workbook; workbook_sha256=6C7ABE1A06917FBF9BEEE26C7462ED00557EA038A5374DFC0EDA9BEB240AB753; model-year semantics follow the user's explicit instruction that IndexYear is the DEI year,projects/empyrean-caster-430308-m2/assets/city; update_time=2024-10-08T06:01:06.845098Z; source/licence/reference-year unresolved; one static layer used for all years,projects/sat-io/open-datasets/npp-viirs-ntl band=b1,longntl_annual_native500m_positive_pixel_sum_v1,邵阳,邵阳市,156430500,unique_exact_or_prefix,H3C IndexYear paired to same LongNTL calendar year by user instruction
岳阳市,2020,52.3,23673.3496702858,H3C live AllCityOneInfo API snapshot matched to workbook; workbook_sha256=6C7ABE1A06917FBF9BEEE26C7462ED00557EA038A5374DFC0EDA9BEB240AB753; model-year semantics follow the user's explicit instruction that IndexYear is the DEI year,projects/empyrean-caster-430308-m2/assets/city; update_time=2024-10-08T06:01:06.845098Z; source/licence/reference-year unresolved; one static layer used for all years,projects/sat-io/open-datasets/npp-viirs-ntl band=b1,longntl_annual_native500m_positive_pixel_sum_v1,岳阳,岳阳市,156430600,unique_exact_or_prefix,H3C IndexYear paired to same LongNTL calendar year by user instruction
常德市,2020,52.6,27795.7389402128,H3C live AllCityOneInfo API snapshot matched to workbook; workbook_sha256=6C7ABE1A06917FBF9BEEE26C7462ED00557EA038A5374DFC0EDA9BEB240AB753; model-year semantics follow the user's explicit instruction that IndexYear is the DEI year,projects/empyrean-caster-430308-m2/assets/city; update_time=2024-10-08T06:01:06.845098Z; source/licence/reference-year unresolved; one static layer used for all years,projects/sat-io/open-datasets/npp-viirs-ntl band=b1,longntl_annual_native500m_positive_pixel_sum_v1,常德,常德市,156430700,unique_exact_or_prefix,H3C IndexYear paired to same LongNTL calendar year by user instruction
益阳市,2020,41,11093.8183664883,H3C live AllCityOneInfo API snapshot matched to workbook; workbook_sha256=6C7ABE1A06917FBF9BEEE26C7462ED00557EA038A5374DFC0EDA9BEB240AB753; model-year semantics follow the user's explicit instruction that IndexYear is the DEI year,projects/empyrean-caster-430308-m2/assets/city; update_time=2024-10-08T06:01:06.845098Z; source/licence/reference-year unresolved; one static layer used for all years,projects/sat-io/open-datasets/npp-viirs-ntl band=b1,longntl_annual_native500m_positive_pixel_sum_v1,益阳,益阳市,156430900,unique_exact_or_prefix,H3C IndexYear paired to same LongNTL calendar year by user instruction
郴州市,2020,44.5,14578.228721571,H3C live AllCityOneInfo API snapshot matched to workbook; workbook_sha256=6C7ABE1A06917FBF9BEEE26C7462ED00557EA038A5374DFC0EDA9BEB240AB753; model-year semantics follow the user's explicit instruction that IndexYear is the DEI year,projects/empyrean-caster-430308-m2/assets/city; update_time=2024-10-08T06:01:06.845098Z; source/licence/reference-year unresolved; one static layer used for all years,projects/sat-io/open-datasets/npp-viirs-ntl band=b1,longntl_annual_native500m_positive_pixel_sum_v1,郴州,郴州市,156431000,unique_exact_or_prefix,H3C IndexYear paired to same LongNTL calendar year by user instruction
永州市,2020,41.1,19530.727741917,H3C live AllCityOneInfo API snapshot matched to workbook; workbook_sha256=6C7ABE1A06917FBF9BEEE26C7462ED00557EA038A5374DFC0EDA9BEB240AB753; model-year semantics follow the user's explicit instruction that IndexYear is the DEI year,projects/empyrean-caster-430308-m2/assets/city; update_time=2024-10-08T06:01:06.845098Z; source/licence/reference-year unresolved; one static layer used for all years,projects/sat-io/open-datasets/npp-viirs-ntl band=b1,longntl_annual_native500m_positive_pixel_sum_v1,永州,永州市,156431100,unique_exact_or_prefix,H3C IndexYear paired to same LongNTL calendar year by user instruction
怀化市,2020,39,14635.419807938,H3C live AllCityOneInfo API snapshot matched to workbook; workbook_sha256=6C7ABE1A06917FBF9BEEE26C7462ED00557EA038A5374DFC0EDA9BEB240AB753; model-year semantics follow the user's explicit instruction that IndexYear is the DEI year,projects/empyrean-caster-430308-m2/assets/city; update_time=2024-10-08T06:01:06.845098Z; source/licence/reference-year unresolved; one static layer used for all years,projects/sat-io/open-datasets/npp-viirs-ntl band=b1,longntl_annual_native500m_positive_pixel_sum_v1,怀化,怀化市,156431200,unique_exact_or_prefix,H3C IndexYear paired to same LongNTL calendar year by user instruction
娄底市,2020,40.3,14971.9592903946,H3C live AllCityOneInfo API snapshot matched to workbook; workbook_sha256=6C7ABE1A06917FBF9BEEE26C7462ED00557EA038A5374DFC0EDA9BEB240AB753; model-year semantics follow the user's explicit instruction that IndexYear is the DEI year,projects/empyrean-caster-430308-m2/assets/city; update_time=2024-10-08T06:01:06.845098Z; source/licence/reference-year unresolved; one static layer used for all years,projects/sat-io/open-datasets/npp-viirs-ntl band=b1,longntl_annual_native500m_positive_pixel_sum_v1,娄底,娄底市,156431300,unique_exact_or_prefix,H3C IndexYear paired to same LongNTL calendar year by user instruction
广州市,2020,86.6,249183.910844798,H3C live AllCityOneInfo API snapshot matched to workbook; workbook_sha256=6C7ABE1A06917FBF9BEEE26C7462ED00557EA038A5374DFC0EDA9BEB240AB753; model-year semantics follow the user's explicit instruction that IndexYear is the DEI year,projects/empyrean-caster-430308-m2/assets/city; update_time=2024-10-08T06:01:06.845098Z; source/licence/reference-year unresolved; one static layer used for all years,projects/sat-io/open-datasets/npp-viirs-ntl band=b1,longntl_annual_native500m_positive_pixel_sum_v1,广州,广州市,156440100,unique_exact_or_prefix,H3C IndexYear paired to same LongNTL calendar year by user instruction
深圳市,2020,90.2,177517.079709842,H3C live AllCityOneInfo API snapshot matched to workbook; workbook_sha256=6C7ABE1A06917FBF9BEEE26C7462ED00557EA038A5374DFC0EDA9BEB240AB753; model-year semantics follow the user's explicit instruction that IndexYear is the DEI year,projects/empyrean-caster-430308-m2/assets/city; update_time=2024-10-08T06:01:06.845098Z; source/licence/reference-year unresolved; one static layer used for all years,projects/sat-io/open-datasets/npp-viirs-ntl band=b1,longntl_annual_native500m_positive_pixel_sum_v1,深圳,深圳市,156440300,unique_exact_or_prefix,H3C IndexYear paired to same LongNTL calendar year by user instruction
珠海市,2020,66.7,39328.2111982434,H3C live AllCityOneInfo API snapshot matched to workbook; workbook_sha256=6C7ABE1A06917FBF9BEEE26C7462ED00557EA038A5374DFC0EDA9BEB240AB753; model-year semantics follow the user's explicit instruction that IndexYear is the DEI year,projects/empyrean-caster-430308-m2/assets/city; update_time=2024-10-08T06:01:06.845098Z; source/licence/reference-year unresolved; one static layer used for all years,projects/sat-io/open-datasets/npp-viirs-ntl band=b1,longntl_annual_native500m_positive_pixel_sum_v1,珠海,珠海市,156440400,unique_exact_or_prefix,H3C IndexYear paired to same LongNTL calendar year by user instruction
汕头市,2020,55.5,67684.8787578335,H3C live AllCityOneInfo API snapshot matched to workbook; workbook_sha256=6C7ABE1A06917FBF9BEEE26C7462ED00557EA038A5374DFC0EDA9BEB240AB753; model-year semantics follow the user's explicit instruction that IndexYear is the DEI year,projects/empyrean-caster-430308-m2/assets/city; update_time=2024-10-08T06:01:06.845098Z; source/licence/reference-year unresolved; one static layer used for all years,projects/sat-io/open-datasets/npp-viirs-ntl band=b1,longntl_annual_native500m_positive_pixel_sum_v1,汕头,汕头市,156440500,unique_exact_or_prefix,H3C IndexYear paired to same LongNTL calendar year by user instruction
佛山市,2020,72.4,144262.244276538,H3C live AllCityOneInfo API snapshot matched to workbook; workbook_sha256=6C7ABE1A06917FBF9BEEE26C7462ED00557EA038A5374DFC0EDA9BEB240AB753; model-year semantics follow the user's explicit instruction that IndexYear is the DEI year,projects/empyrean-caster-430308-m2/assets/city; update_time=2024-10-08T06:01:06.845098Z; source/licence/reference-year unresolved; one static layer used for all years,projects/sat-io/open-datasets/npp-viirs-ntl band=b1,longntl_annual_native500m_positive_pixel_sum_v1,佛山,佛山市,156440600,unique_exact_or_prefix,H3C IndexYear paired to same LongNTL calendar year by user instruction
江门市,2020,61,79923.9948746709,H3C live AllCityOneInfo API snapshot matched to workbook; workbook_sha256=6C7ABE1A06917FBF9BEEE26C7462ED00557EA038A5374DFC0EDA9BEB240AB753; model-year semantics follow the user's explicit instruction that IndexYear is the DEI year,projects/empyrean-caster-430308-m2/assets/city; update_time=2024-10-08T06:01:06.845098Z; source/licence/reference-year unresolved; one static layer used for all years,projects/sat-io/open-datasets/npp-viirs-ntl band=b1,longntl_annual_native500m_positive_pixel_sum_v1,江门,江门市,156440700,unique_exact_or_prefix,H3C IndexYear paired to same LongNTL calendar year by user instruction
湛江市,2020,56.3,57227.4356055246,H3C live AllCityOneInfo API snapshot matched to workbook; workbook_sha256=6C7ABE1A06917FBF9BEEE26C7462ED00557EA038A5374DFC0EDA9BEB240AB753; model-year semantics follow the user's explicit instruction that IndexYear is the DEI year,projects/empyrean-caster-430308-m2/assets/city; update_time=2024-10-08T06:01:06.845098Z; source/licence/reference-year unresolved; one static layer used for all years,projects/sat-io/open-datasets/npp-viirs-ntl band=b1,longntl_annual_native500m_positive_pixel_sum_v1,湛江,湛江市,156440800,unique_exact_or_prefix,H3C IndexYear paired to same LongNTL calendar year by user instruction
茂名市,2020,49.6,42494.3718216625,H3C live AllCityOneInfo API snapshot matched to workbook; workbook_sha256=6C7ABE1A06917FBF9BEEE26C7462ED00557EA038A5374DFC0EDA9BEB240AB753; model-year semantics follow the user's explicit instruction that IndexYear is the DEI year,projects/empyrean-caster-430308-m2/assets/city; update_time=2024-10-08T06:01:06.845098Z; source/licence/reference-year unresolved; one static layer used for all years,projects/sat-io/open-datasets/npp-viirs-ntl band=b1,longntl_annual_native500m_positive_pixel_sum_v1,茂名,茂名市,156440900,unique_exact_or_prefix,H3C IndexYear paired to same LongNTL calendar year by user instruction
肇庆市,2020,49.3,43144.4706572939,H3C live AllCityOneInfo API snapshot matched to workbook; workbook_sha256=6C7ABE1A06917FBF9BEEE26C7462ED00557EA038A5374DFC0EDA9BEB240AB753; model-year semantics follow the user's explicit instruction that IndexYear is the DEI year,projects/empyrean-caster-430308-m2/assets/city; update_time=2024-10-08T06:01:06.845098Z; source/licence/reference-year unresolved; one static layer used for all years,projects/sat-io/open-datasets/npp-viirs-ntl band=b1,longntl_annual_native500m_positive_pixel_sum_v1,肇庆,肇庆市,156441200,unique_exact_or_prefix,H3C IndexYear paired to same LongNTL calendar year by user instruction
惠州市,2020,63.7,120694.801715413,H3C live AllCityOneInfo API snapshot matched to workbook; workbook_sha256=6C7ABE1A06917FBF9BEEE26C7462ED00557EA038A5374DFC0EDA9BEB240AB753; model-year semantics follow the user's explicit instruction that IndexYear is the DEI year,projects/empyrean-caster-430308-m2/assets/city; update_time=2024-10-08T06:01:06.845098Z; source/licence/reference-year unresolved; one static layer used for all years,projects/sat-io/open-datasets/npp-viirs-ntl band=b1,longntl_annual_native500m_positive_pixel_sum_v1,惠州,惠州市,156441300,unique_exact_or_prefix,H3C IndexYear paired to same LongNTL calendar year by user instruction
东莞市,2020,71.1,187291.992401957,H3C live AllCityOneInfo API snapshot matched to workbook; workbook_sha256=6C7ABE1A06917FBF9BEEE26C7462ED00557EA038A5374DFC0EDA9BEB240AB753; model-year semantics follow the user's explicit instruction that IndexYear is the DEI year,projects/empyrean-caster-430308-m2/assets/city; update_time=2024-10-08T06:01:06.845098Z; source/licence/reference-year unresolved; one static layer used for all years,projects/sat-io/open-datasets/npp-viirs-ntl band=b1,longntl_annual_native500m_positive_pixel_sum_v1,东莞,东莞市,156441900,unique_exact_or_prefix,H3C IndexYear paired to same LongNTL calendar year by user instruction
中山市,2020,62,73405.3767046718,H3C live AllCityOneInfo API snapshot matched to workbook; workbook_sha256=6C7ABE1A06917FBF9BEEE26C7462ED00557EA038A5374DFC0EDA9BEB240AB753; model-year semantics follow the user's explicit instruction that IndexYear is the DEI year,projects/empyrean-caster-430308-m2/assets/city; update_time=2024-10-08T06:01:06.845098Z; source/licence/reference-year unresolved; one static layer used for all years,projects/sat-io/open-datasets/npp-viirs-ntl band=b1,longntl_annual_native500m_positive_pixel_sum_v1,中山,中山市,156442000,unique_exact_or_prefix,H3C IndexYear paired to same LongNTL calendar year by user instruction
南宁市,2020,61.5,91717.7077858784,H3C live AllCityOneInfo API snapshot matched to workbook; workbook_sha256=6C7ABE1A06917FBF9BEEE26C7462ED00557EA038A5374DFC0EDA9BEB240AB753; model-year semantics follow the user's explicit instruction that IndexYear is the DEI year,projects/empyrean-caster-430308-m2/assets/city; update_time=2024-10-08T06:01:06.845098Z; source/licence/reference-year unresolved; one static layer used for all years,projects/sat-io/open-datasets/npp-viirs-ntl band=b1,longntl_annual_native500m_positive_pixel_sum_v1,南宁,南宁市,156450100,unique_exact_or_prefix,H3C IndexYear paired to same LongNTL calendar year by user instruction
柳州市,2020,53.6,52910.8978287706,H3C live AllCityOneInfo API snapshot matched to workbook; workbook_sha256=6C7ABE1A06917FBF9BEEE26C7462ED00557EA038A5374DFC0EDA9BEB240AB753; model-year semantics follow the user's explicit instruction that IndexYear is the DEI year,projects/empyrean-caster-430308-m2/assets/city; update_time=2024-10-08T06:01:06.845098Z; source/licence/reference-year unresolved; one static layer used for all years,projects/sat-io/open-datasets/npp-viirs-ntl band=b1,longntl_annual_native500m_positive_pixel_sum_v1,柳州,柳州市,156450200,unique_exact_or_prefix,H3C IndexYear paired to same LongNTL calendar year by user instruction
桂林市,2020,52.8,28001.6355603181,H3C live AllCityOneInfo API snapshot matched to workbook; workbook_sha256=6C7ABE1A06917FBF9BEEE26C7462ED00557EA038A5374DFC0EDA9BEB240AB753; model-year semantics follow the user's explicit instruction that IndexYear is the DEI year,projects/empyrean-caster-430308-m2/assets/city; update_time=2024-10-08T06:01:06.845098Z; source/licence/reference-year unresolved; one static layer used for all years,projects/sat-io/open-datasets/npp-viirs-ntl band=b1,longntl_annual_native500m_positive_pixel_sum_v1,桂林,桂林市,156450300,unique_exact_or_prefix,H3C IndexYear paired to same LongNTL calendar year by user instruction
北海市,2020,50.7,18322.5495135653,H3C live AllCityOneInfo API snapshot matched to workbook; workbook_sha256=6C7ABE1A06917FBF9BEEE26C7462ED00557EA038A5374DFC0EDA9BEB240AB753; model-year semantics follow the user's explicit instruction that IndexYear is the DEI year,projects/empyrean-caster-430308-m2/assets/city; update_time=2024-10-08T06:01:06.845098Z; source/licence/reference-year unresolved; one static layer used for all years,projects/sat-io/open-datasets/npp-viirs-ntl band=b1,longntl_annual_native500m_positive_pixel_sum_v1,北海,北海市,156450500,unique_exact_or_prefix,H3C IndexYear paired to same LongNTL calendar year by user instruction
钦州市,2020,38.7,17691.4947805428,H3C live AllCityOneInfo API snapshot matched to workbook; workbook_sha256=6C7ABE1A06917FBF9BEEE26C7462ED00557EA038A5374DFC0EDA9BEB240AB753; model-year semantics follow the user's explicit instruction that IndexYear is the DEI year,projects/empyrean-caster-430308-m2/assets/city; update_time=2024-10-08T06:01:06.845098Z; source/licence/reference-year unresolved; one static layer used for all years,projects/sat-io/open-datasets/npp-viirs-ntl band=b1,longntl_annual_native500m_positive_pixel_sum_v1,钦州,钦州市,156450700,unique_exact_or_prefix,H3C IndexYear paired to same LongNTL calendar year by user instruction
贵港市,2020,34.8,17718.7294125262,H3C live AllCityOneInfo API snapshot matched to workbook; workbook_sha256=6C7ABE1A06917FBF9BEEE26C7462ED00557EA038A5374DFC0EDA9BEB240AB753; model-year semantics follow the user's explicit instruction that IndexYear is the DEI year,projects/empyrean-caster-430308-m2/assets/city; update_time=2024-10-08T06:01:06.845098Z; source/licence/reference-year unresolved; one static layer used for all years,projects/sat-io/open-datasets/npp-viirs-ntl band=b1,longntl_annual_native500m_positive_pixel_sum_v1,贵港,贵港市,156450800,unique_exact_or_prefix,H3C IndexYear paired to same LongNTL calendar year by user instruction
玉林市,2020,37.4,24782.5897762219,H3C live AllCityOneInfo API snapshot matched to workbook; workbook_sha256=6C7ABE1A06917FBF9BEEE26C7462ED00557EA038A5374DFC0EDA9BEB240AB753; model-year semantics follow the user's explicit instruction that IndexYear is the DEI year,projects/empyrean-caster-430308-m2/assets/city; update_time=2024-10-08T06:01:06.845098Z; source/licence/reference-year unresolved; one static layer used for all years,projects/sat-io/open-datasets/npp-viirs-ntl band=b1,longntl_annual_native500m_positive_pixel_sum_v1,玉林,玉林市,156450900,unique_exact_or_prefix,H3C IndexYear paired to same LongNTL calendar year by user instruction
百色市,2020,35.3,20819.2360293907,H3C live AllCityOneInfo API snapshot matched to workbook; workbook_sha256=6C7ABE1A06917FBF9BEEE26C7462ED00557EA038A5374DFC0EDA9BEB240AB753; model-year semantics follow the user's explicit instruction that IndexYear is the DEI year,projects/empyrean-caster-430308-m2/assets/city; update_time=2024-10-08T06:01:06.845098Z; source/licence/reference-year unresolved; one static layer used for all years,projects/sat-io/open-datasets/npp-viirs-ntl band=b1,longntl_annual_native500m_positive_pixel_sum_v1,百色,百色市,156451000,unique_exact_or_prefix,H3C IndexYear paired to same LongNTL calendar year by user instruction
海口市,2020,60.5,33308.2580535875,H3C live AllCityOneInfo API snapshot matched to workbook; workbook_sha256=6C7ABE1A06917FBF9BEEE26C7462ED00557EA038A5374DFC0EDA9BEB240AB753; model-year semantics follow the user's explicit instruction that IndexYear is the DEI year,projects/empyrean-caster-430308-m2/assets/city; update_time=2024-10-08T06:01:06.845098Z; source/licence/reference-year unresolved; one static layer used for all years,projects/sat-io/open-datasets/npp-viirs-ntl band=b1,longntl_annual_native500m_positive_pixel_sum_v1,海口,海口市,156460100,unique_exact_or_prefix,H3C IndexYear paired to same LongNTL calendar year by user instruction
重庆市,2020,77.3,268206.888761034,H3C live AllCityOneInfo API snapshot matched to workbook; workbook_sha256=6C7ABE1A06917FBF9BEEE26C7462ED00557EA038A5374DFC0EDA9BEB240AB753; model-year semantics follow the user's explicit instruction that IndexYear is the DEI year,projects/empyrean-caster-430308-m2/assets/city; update_time=2024-10-08T06:01:06.845098Z; source/licence/reference-year unresolved; one static layer used for all years,projects/sat-io/open-datasets/npp-viirs-ntl band=b1,longntl_annual_native500m_positive_pixel_sum_v1,重庆,重庆市,156500000,unique_exact_or_prefix,H3C IndexYear paired to same LongNTL calendar year by user instruction
成都市,2020,89.2,297117.078853437,H3C live AllCityOneInfo API snapshot matched to workbook; workbook_sha256=6C7ABE1A06917FBF9BEEE26C7462ED00557EA038A5374DFC0EDA9BEB240AB753; model-year semantics follow the user's explicit instruction that IndexYear is the DEI year,projects/empyrean-caster-430308-m2/assets/city; update_time=2024-10-08T06:01:06.845098Z; source/licence/reference-year unresolved; one static layer used for all years,projects/sat-io/open-datasets/npp-viirs-ntl band=b1,longntl_annual_native500m_positive_pixel_sum_v1,成都,成都市,156510100,unique_exact_or_prefix,H3C IndexYear paired to same LongNTL calendar year by user instruction
自贡市,2020,37.1,15255.486801621,H3C live AllCityOneInfo API snapshot matched to workbook; workbook_sha256=6C7ABE1A06917FBF9BEEE26C7462ED00557EA038A5374DFC0EDA9BEB240AB753; model-year semantics follow the user's explicit instruction that IndexYear is the DEI year,projects/empyrean-caster-430308-m2/assets/city; update_time=2024-10-08T06:01:06.845098Z; source/licence/reference-year unresolved; one static layer used for all years,projects/sat-io/open-datasets/npp-viirs-ntl band=b1,longntl_annual_native500m_positive_pixel_sum_v1,自贡,自贡市,156510300,unique_exact_or_prefix,H3C IndexYear paired to same LongNTL calendar year by user instruction
攀枝花市,2020,40.5,11494.9125688258,H3C live AllCityOneInfo API snapshot matched to workbook; workbook_sha256=6C7ABE1A06917FBF9BEEE26C7462ED00557EA038A5374DFC0EDA9BEB240AB753; model-year semantics follow the user's explicit instruction that IndexYear is the DEI year,projects/empyrean-caster-430308-m2/assets/city; update_time=2024-10-08T06:01:06.845098Z; source/licence/reference-year unresolved; one static layer used for all years,projects/sat-io/open-datasets/npp-viirs-ntl band=b1,longntl_annual_native500m_positive_pixel_sum_v1,攀枝花,攀枝花市,156510400,unique_exact_or_prefix,H3C IndexYear paired to same LongNTL calendar year by user instruction
泸州市,2020,43.4,20144.0165073914,H3C live AllCityOneInfo API snapshot matched to workbook; workbook_sha256=6C7ABE1A06917FBF9BEEE26C7462ED00557EA038A5374DFC0EDA9BEB240AB753; model-year semantics follow the user's explicit instruction that IndexYear is the DEI year,projects/empyrean-caster-430308-m2/assets/city; update_time=2024-10-08T06:01:06.845098Z; source/licence/reference-year unresolved; one static layer used for all years,projects/sat-io/open-datasets/npp-viirs-ntl band=b1,longntl_annual_native500m_positive_pixel_sum_v1,泸州,泸州市,156510500,unique_exact_or_prefix,H3C IndexYear paired to same LongNTL calendar year by user instruction
德阳市,2020,48.4,38976.6559967621,H3C live AllCityOneInfo API snapshot matched to workbook; workbook_sha256=6C7ABE1A06917FBF9BEEE26C7462ED00557EA038A5374DFC0EDA9BEB240AB753; model-year semantics follow the user's explicit instruction that IndexYear is the DEI year,projects/empyrean-caster-430308-m2/assets/city; update_time=2024-10-08T06:01:06.845098Z; source/licence/reference-year unresolved; one static layer used for all years,projects/sat-io/open-datasets/npp-viirs-ntl band=b1,longntl_annual_native500m_positive_pixel_sum_v1,德阳,德阳市,156510600,unique_exact_or_prefix,H3C IndexYear paired to same LongNTL calendar year by user instruction
绵阳市,2020,67.1,39439.8725722,H3C live AllCityOneInfo API snapshot matched to workbook; workbook_sha256=6C7ABE1A06917FBF9BEEE26C7462ED00557EA038A5374DFC0EDA9BEB240AB753; model-year semantics follow the user's explicit instruction that IndexYear is the DEI year,projects/empyrean-caster-430308-m2/assets/city; update_time=2024-10-08T06:01:06.845098Z; source/licence/reference-year unresolved; one static layer used for all years,projects/sat-io/open-datasets/npp-viirs-ntl band=b1,longntl_annual_native500m_positive_pixel_sum_v1,绵阳,绵阳市,156510700,unique_exact_or_prefix,H3C IndexYear paired to same LongNTL calendar year by user instruction
广元市,2020,34.8,11654.1741649053,H3C live AllCityOneInfo API snapshot matched to workbook; workbook_sha256=6C7ABE1A06917FBF9BEEE26C7462ED00557EA038A5374DFC0EDA9BEB240AB753; model-year semantics follow the user's explicit instruction that IndexYear is the DEI year,projects/empyrean-caster-430308-m2/assets/city; update_time=2024-10-08T06:01:06.845098Z; source/licence/reference-year unresolved; one static layer used for all years,projects/sat-io/open-datasets/npp-viirs-ntl band=b1,longntl_annual_native500m_positive_pixel_sum_v1,广元,广元市,156510800,unique_exact_or_prefix,H3C IndexYear paired to same LongNTL calendar year by user instruction
遂宁市,2020,36.1,22655.2400168966,H3C live AllCityOneInfo API snapshot matched to workbook; workbook_sha256=6C7ABE1A06917FBF9BEEE26C7462ED00557EA038A5374DFC0EDA9BEB240AB753; model-year semantics follow the user's explicit instruction that IndexYear is the DEI year,projects/empyrean-caster-430308-m2/assets/city; update_time=2024-10-08T06:01:06.845098Z; source/licence/reference-year unresolved; one static layer used for all years,projects/sat-io/open-datasets/npp-viirs-ntl band=b1,longntl_annual_native500m_positive_pixel_sum_v1,遂宁,遂宁市,156510900,unique_exact_or_prefix,H3C IndexYear paired to same LongNTL calendar year by user instruction
内江市,2020,37.1,20816.1137753865,H3C live AllCityOneInfo API snapshot matched to workbook; workbook_sha256=6C7ABE1A06917FBF9BEEE26C7462ED00557EA038A5374DFC0EDA9BEB240AB753; model-year semantics follow the user's explicit instruction that IndexYear is the DEI year,projects/empyrean-caster-430308-m2/assets/city; update_time=2024-10-08T06:01:06.845098Z; source/licence/reference-year unresolved; one static layer used for all years,projects/sat-io/open-datasets/npp-viirs-ntl band=b1,longntl_annual_native500m_positive_pixel_sum_v1,内江,内江市,156511000,unique_exact_or_prefix,H3C IndexYear paired to same LongNTL calendar year by user instruction
乐山市,2020,40.6,21034.5029442352,H3C live AllCityOneInfo API snapshot matched to workbook; workbook_sha256=6C7ABE1A06917FBF9BEEE26C7462ED00557EA038A5374DFC0EDA9BEB240AB753; model-year semantics follow the user's explicit instruction that IndexYear is the DEI year,projects/empyrean-caster-430308-m2/assets/city; update_time=2024-10-08T06:01:06.845098Z; source/licence/reference-year unresolved; one static layer used for all years,projects/sat-io/open-datasets/npp-viirs-ntl band=b1,longntl_annual_native500m_positive_pixel_sum_v1,乐山,乐山市,156511100,unique_exact_or_prefix,H3C IndexYear paired to same LongNTL calendar year by user instruction
南充市,2020,44.7,48904.0054384765,H3C live AllCityOneInfo API snapshot matched to workbook; workbook_sha256=6C7ABE1A06917FBF9BEEE26C7462ED00557EA038A5374DFC0EDA9BEB240AB753; model-year semantics follow the user's explicit instruction that IndexYear is the DEI year,projects/empyrean-caster-430308-m2/assets/city; update_time=2024-10-08T06:01:06.845098Z; source/licence/reference-year unresolved; one static layer used for all years,projects/sat-io/open-datasets/npp-viirs-ntl band=b1,longntl_annual_native500m_positive_pixel_sum_v1,南充,南充市,156511300,unique_exact_or_prefix,H3C IndexYear paired to same LongNTL calendar year by user instruction
眉山市,2020,36.7,24570.0712578685,H3C live AllCityOneInfo API snapshot matched to workbook; workbook_sha256=6C7ABE1A06917FBF9BEEE26C7462ED00557EA038A5374DFC0EDA9BEB240AB753; model-year semantics follow the user's explicit instruction that IndexYear is the DEI year,projects/empyrean-caster-430308-m2/assets/city; update_time=2024-10-08T06:01:06.845098Z; source/licence/reference-year unresolved; one static layer used for all years,projects/sat-io/open-datasets/npp-viirs-ntl band=b1,longntl_annual_native500m_positive_pixel_sum_v1,眉山,眉山市,156511400,unique_exact_or_prefix,H3C IndexYear paired to same LongNTL calendar year by user instruction
宜宾市,2020,45.8,29609.6756724021,H3C live AllCityOneInfo API snapshot matched to workbook; workbook_sha256=6C7ABE1A06917FBF9BEEE26C7462ED00557EA038A5374DFC0EDA9BEB240AB753; model-year semantics follow the user's explicit instruction that IndexYear is the DEI year,projects/empyrean-caster-430308-m2/assets/city; update_time=2024-10-08T06:01:06.845098Z; source/licence/reference-year unresolved; one static layer used for all years,projects/sat-io/open-datasets/npp-viirs-ntl band=b1,longntl_annual_native500m_positive_pixel_sum_v1,宜宾,宜宾市,156511500,unique_exact_or_prefix,H3C IndexYear paired to same LongNTL calendar year by user instruction
广安市,2020,36.3,19768.2116678654,H3C live AllCityOneInfo API snapshot matched to workbook; workbook_sha256=6C7ABE1A06917FBF9BEEE26C7462ED00557EA038A5374DFC0EDA9BEB240AB753; model-year semantics follow the user's explicit instruction that IndexYear is the DEI year,projects/empyrean-caster-430308-m2/assets/city; update_time=2024-10-08T06:01:06.845098Z; source/licence/reference-year unresolved; one static layer used for all years,projects/sat-io/open-datasets/npp-viirs-ntl band=b1,longntl_annual_native500m_positive_pixel_sum_v1,广安,广安市,156511600,unique_exact_or_prefix,H3C IndexYear paired to same LongNTL calendar year by user instruction
达州市,2020,39.1,24089.827889966,H3C live AllCityOneInfo API snapshot matched to workbook; workbook_sha256=6C7ABE1A06917FBF9BEEE26C7462ED00557EA038A5374DFC0EDA9BEB240AB753; model-year semantics follow the user's explicit instruction that IndexYear is the DEI year,projects/empyrean-caster-430308-m2/assets/city; update_time=2024-10-08T06:01:06.845098Z; source/licence/reference-year unresolved; one static layer used for all years,projects/sat-io/open-datasets/npp-viirs-ntl band=b1,longntl_annual_native500m_positive_pixel_sum_v1,达州,达州市,156511700,unique_exact_or_prefix,H3C IndexYear paired to same LongNTL calendar year by user instruction
雅安市,2020,35.7,9048.01069810157,H3C live AllCityOneInfo API snapshot matched to workbook; workbook_sha256=6C7ABE1A06917FBF9BEEE26C7462ED00557EA038A5374DFC0EDA9BEB240AB753; model-year semantics follow the user's explicit instruction that IndexYear is the DEI year,projects/empyrean-caster-430308-m2/assets/city; update_time=2024-10-08T06:01:06.845098Z; source/licence/reference-year unresolved; one static layer used for all years,projects/sat-io/open-datasets/npp-viirs-ntl band=b1,longntl_annual_native500m_positive_pixel_sum_v1,雅安,雅安市,156511800,unique_exact_or_prefix,H3C IndexYear paired to same LongNTL calendar year by user instruction
资阳市,2020,35.9,12840.9159337834,H3C live AllCityOneInfo API snapshot matched to workbook; workbook_sha256=6C7ABE1A06917FBF9BEEE26C7462ED00557EA038A5374DFC0EDA9BEB240AB753; model-year semantics follow the user's explicit instruction that IndexYear is the DEI year,projects/empyrean-caster-430308-m2/assets/city; update_time=2024-10-08T06:01:06.845098Z; source/licence/reference-year unresolved; one static layer used for all years,projects/sat-io/open-datasets/npp-viirs-ntl band=b1,longntl_annual_native500m_positive_pixel_sum_v1,资阳,资阳市,156512000,unique_exact_or_prefix,H3C IndexYear paired to same LongNTL calendar year by user instruction
凉山彝族自治州,2020,36.3,19131.8144061079,H3C live AllCityOneInfo API snapshot matched to workbook; workbook_sha256=6C7ABE1A06917FBF9BEEE26C7462ED00557EA038A5374DFC0EDA9BEB240AB753; model-year semantics follow the user's explicit instruction that IndexYear is the DEI year,projects/empyrean-caster-430308-m2/assets/city; update_time=2024-10-08T06:01:06.845098Z; source/licence/reference-year unresolved; one static layer used for all years,projects/sat-io/open-datasets/npp-viirs-ntl band=b1,longntl_annual_native500m_positive_pixel_sum_v1,凉山,凉山彝族自治州,156513400,unique_exact_or_prefix,H3C IndexYear paired to same LongNTL calendar year by user instruction
贵阳市,2020,70.4,74671.1917218583,H3C live AllCityOneInfo API snapshot matched to workbook; workbook_sha256=6C7ABE1A06917FBF9BEEE26C7462ED00557EA038A5374DFC0EDA9BEB240AB753; model-year semantics follow the user's explicit instruction that IndexYear is the DEI year,projects/empyrean-caster-430308-m2/assets/city; update_time=2024-10-08T06:01:06.845098Z; source/licence/reference-year unresolved; one static layer used for all years,projects/sat-io/open-datasets/npp-viirs-ntl band=b1,longntl_annual_native500m_positive_pixel_sum_v1,贵阳,贵阳市,156520100,unique_exact_or_prefix,H3C IndexYear paired to same LongNTL calendar year by user instruction
六盘水市,2020,36.8,18944.6127127788,H3C live AllCityOneInfo API snapshot matched to workbook; workbook_sha256=6C7ABE1A06917FBF9BEEE26C7462ED00557EA038A5374DFC0EDA9BEB240AB753; model-year semantics follow the user's explicit instruction that IndexYear is the DEI year,projects/empyrean-caster-430308-m2/assets/city; update_time=2024-10-08T06:01:06.845098Z; source/licence/reference-year unresolved; one static layer used for all years,projects/sat-io/open-datasets/npp-viirs-ntl band=b1,longntl_annual_native500m_positive_pixel_sum_v1,六盘水,六盘水市,156520200,unique_exact_or_prefix,H3C IndexYear paired to same LongNTL calendar year by user instruction
遵义市,2020,55.7,45121.2487991272,H3C live AllCityOneInfo API snapshot matched to workbook; workbook_sha256=6C7ABE1A06917FBF9BEEE26C7462ED00557EA038A5374DFC0EDA9BEB240AB753; model-year semantics follow the user's explicit instruction that IndexYear is the DEI year,projects/empyrean-caster-430308-m2/assets/city; update_time=2024-10-08T06:01:06.845098Z; source/licence/reference-year unresolved; one static layer used for all years,projects/sat-io/open-datasets/npp-viirs-ntl band=b1,longntl_annual_native500m_positive_pixel_sum_v1,遵义,遵义市,156520300,unique_exact_or_prefix,H3C IndexYear paired to same LongNTL calendar year by user instruction
毕节市,2020,37.7,25527.4209212411,H3C live AllCityOneInfo API snapshot matched to workbook; workbook_sha256=6C7ABE1A06917FBF9BEEE26C7462ED00557EA038A5374DFC0EDA9BEB240AB753; model-year semantics follow the user's explicit instruction that IndexYear is the DEI year,projects/empyrean-caster-430308-m2/assets/city; update_time=2024-10-08T06:01:06.845098Z; source/licence/reference-year unresolved; one static layer used for all years,projects/sat-io/open-datasets/npp-viirs-ntl band=b1,longntl_annual_native500m_positive_pixel_sum_v1,毕节,毕节市,156520500,unique_exact_or_prefix,H3C IndexYear paired to same LongNTL calendar year by user instruction
铜仁市,2020,36.8,18818.5825300254,H3C live AllCityOneInfo API snapshot matched to workbook; workbook_sha256=6C7ABE1A06917FBF9BEEE26C7462ED00557EA038A5374DFC0EDA9BEB240AB753; model-year semantics follow the user's explicit instruction that IndexYear is the DEI year,projects/empyrean-caster-430308-m2/assets/city; update_time=2024-10-08T06:01:06.845098Z; source/licence/reference-year unresolved; one static layer used for all years,projects/sat-io/open-datasets/npp-viirs-ntl band=b1,longntl_annual_native500m_positive_pixel_sum_v1,铜仁,铜仁市,156520600,unique_exact_or_prefix,H3C IndexYear paired to same LongNTL calendar year by user instruction
黔西南布依族苗族自治州,2020,37.6,20670.9050837634,H3C live AllCityOneInfo API snapshot matched to workbook; workbook_sha256=6C7ABE1A06917FBF9BEEE26C7462ED00557EA038A5374DFC0EDA9BEB240AB753; model-year semantics follow the user's explicit instruction that IndexYear is the DEI year,projects/empyrean-caster-430308-m2/assets/city; update_time=2024-10-08T06:01:06.845098Z; source/licence/reference-year unresolved; one static layer used for all years,projects/sat-io/open-datasets/npp-viirs-ntl band=b1,longntl_annual_native500m_positive_pixel_sum_v1,黔西南州,黔西南布依族苗族自治州,156522300,explicit_alias,H3C IndexYear paired to same LongNTL calendar year by user instruction
黔东南苗族侗族自治州,2020,34.4,18433.7685534697,H3C live AllCityOneInfo API snapshot matched to workbook; workbook_sha256=6C7ABE1A06917FBF9BEEE26C7462ED00557EA038A5374DFC0EDA9BEB240AB753; model-year semantics follow the user's explicit instruction that IndexYear is the DEI year,projects/empyrean-caster-430308-m2/assets/city; update_time=2024-10-08T06:01:06.845098Z; source/licence/reference-year unresolved; one static layer used for all years,projects/sat-io/open-datasets/npp-viirs-ntl band=b1,longntl_annual_native500m_positive_pixel_sum_v1,黔东南,黔东南苗族侗族自治州,156522600,unique_exact_or_prefix,H3C IndexYear paired to same LongNTL calendar year by user instruction
黔南布依族苗族自治州,2020,40.2,25095.9639071754,H3C live AllCityOneInfo API snapshot matched to workbook; workbook_sha256=6C7ABE1A06917FBF9BEEE26C7462ED00557EA038A5374DFC0EDA9BEB240AB753; model-year semantics follow the user's explicit instruction that IndexYear is the DEI year,projects/empyrean-caster-430308-m2/assets/city; update_time=2024-10-08T06:01:06.845098Z; source/licence/reference-year unresolved; one static layer used for all years,projects/sat-io/open-datasets/npp-viirs-ntl band=b1,longntl_annual_native500m_positive_pixel_sum_v1,黔南,黔南布依族苗族自治州,156522700,unique_exact_or_prefix,H3C IndexYear paired to same LongNTL calendar year by user instruction
昆明市,2020,64.5,134489.815197201,H3C live AllCityOneInfo API snapshot matched to workbook; workbook_sha256=6C7ABE1A06917FBF9BEEE26C7462ED00557EA038A5374DFC0EDA9BEB240AB753; model-year semantics follow the user's explicit instruction that IndexYear is the DEI year,projects/empyrean-caster-430308-m2/assets/city; update_time=2024-10-08T06:01:06.845098Z; source/licence/reference-year unresolved; one static layer used for all years,projects/sat-io/open-datasets/npp-viirs-ntl band=b1,longntl_annual_native500m_positive_pixel_sum_v1,昆明,昆明市,156530100,unique_exact_or_prefix,H3C IndexYear paired to same LongNTL calendar year by user instruction
曲靖市,2020,45.2,44905.4847518991,H3C live AllCityOneInfo API snapshot matched to workbook; workbook_sha256=6C7ABE1A06917FBF9BEEE26C7462ED00557EA038A5374DFC0EDA9BEB240AB753; model-year semantics follow the user's explicit instruction that IndexYear is the DEI year,projects/empyrean-caster-430308-m2/assets/city; update_time=2024-10-08T06:01:06.845098Z; source/licence/reference-year unresolved; one static layer used for all years,projects/sat-io/open-datasets/npp-viirs-ntl band=b1,longntl_annual_native500m_positive_pixel_sum_v1,曲靖,曲靖市,156530300,unique_exact_or_prefix,H3C IndexYear paired to same LongNTL calendar year by user instruction
玉溪市,2020,48.1,23233.354602277,H3C live AllCityOneInfo API snapshot matched to workbook; workbook_sha256=6C7ABE1A06917FBF9BEEE26C7462ED00557EA038A5374DFC0EDA9BEB240AB753; model-year semantics follow the user's explicit instruction that IndexYear is the DEI year,projects/empyrean-caster-430308-m2/assets/city; update_time=2024-10-08T06:01:06.845098Z; source/licence/reference-year unresolved; one static layer used for all years,projects/sat-io/open-datasets/npp-viirs-ntl band=b1,longntl_annual_native500m_positive_pixel_sum_v1,玉溪,玉溪市,156530400,unique_exact_or_prefix,H3C IndexYear paired to same LongNTL calendar year by user instruction
昭通市,2020,33.6,21667.320587974,H3C live AllCityOneInfo API snapshot matched to workbook; workbook_sha256=6C7ABE1A06917FBF9BEEE26C7462ED00557EA038A5374DFC0EDA9BEB240AB753; model-year semantics follow the user's explicit instruction that IndexYear is the DEI year,projects/empyrean-caster-430308-m2/assets/city; update_time=2024-10-08T06:01:06.845098Z; source/licence/reference-year unresolved; one static layer used for all years,projects/sat-io/open-datasets/npp-viirs-ntl band=b1,longntl_annual_native500m_positive_pixel_sum_v1,昭通,昭通市,156530600,unique_exact_or_prefix,H3C IndexYear paired to same LongNTL calendar year by user instruction
红河哈尼族彝族自治州,2020,43.3,29337.7536289341,H3C live AllCityOneInfo API snapshot matched to workbook; workbook_sha256=6C7ABE1A06917FBF9BEEE26C7462ED00557EA038A5374DFC0EDA9BEB240AB753; model-year semantics follow the user's explicit instruction that IndexYear is the DEI year,projects/empyrean-caster-430308-m2/assets/city; update_time=2024-10-08T06:01:06.845098Z; source/licence/reference-year unresolved; one static layer used for all years,projects/sat-io/open-datasets/npp-viirs-ntl band=b1,longntl_annual_native500m_positive_pixel_sum_v1,红河,红河哈尼族彝族自治州,156532500,unique_exact_or_prefix,H3C IndexYear paired to same LongNTL calendar year by user instruction
大理白族自治州,2020,37.8,24115.6776583237,H3C live AllCityOneInfo API snapshot matched to workbook; workbook_sha256=6C7ABE1A06917FBF9BEEE26C7462ED00557EA038A5374DFC0EDA9BEB240AB753; model-year semantics follow the user's explicit instruction that IndexYear is the DEI year,projects/empyrean-caster-430308-m2/assets/city; update_time=2024-10-08T06:01:06.845098Z; source/licence/reference-year unresolved; one static layer used for all years,projects/sat-io/open-datasets/npp-viirs-ntl band=b1,longntl_annual_native500m_positive_pixel_sum_v1,大理,大理白族自治州,156532900,unique_exact_or_prefix,H3C IndexYear paired to same LongNTL calendar year by user instruction
拉萨市,2020,53.7,23931.6775921162,H3C live AllCityOneInfo API snapshot matched to workbook; workbook_sha256=6C7ABE1A06917FBF9BEEE26C7462ED00557EA038A5374DFC0EDA9BEB240AB753; model-year semantics follow the user's explicit instruction that IndexYear is the DEI year,projects/empyrean-caster-430308-m2/assets/city; update_time=2024-10-08T06:01:06.845098Z; source/licence/reference-year unresolved; one static layer used for all years,projects/sat-io/open-datasets/npp-viirs-ntl band=b1,longntl_annual_native500m_positive_pixel_sum_v1,拉萨,拉萨市,156540100,unique_exact_or_prefix,H3C IndexYear paired to same LongNTL calendar year by user instruction
西安市,2020,68.6,187454.120676983,H3C live AllCityOneInfo API snapshot matched to workbook; workbook_sha256=6C7ABE1A06917FBF9BEEE26C7462ED00557EA038A5374DFC0EDA9BEB240AB753; model-year semantics follow the user's explicit instruction that IndexYear is the DEI year,projects/empyrean-caster-430308-m2/assets/city; update_time=2024-10-08T06:01:06.845098Z; source/licence/reference-year unresolved; one static layer used for all years,projects/sat-io/open-datasets/npp-viirs-ntl band=b1,longntl_annual_native500m_positive_pixel_sum_v1,西安,西安市,156610100,unique_exact_or_prefix,H3C IndexYear paired to same LongNTL calendar year by user instruction
宝鸡市,2020,50.3,26394.6926069199,H3C live AllCityOneInfo API snapshot matched to workbook; workbook_sha256=6C7ABE1A06917FBF9BEEE26C7462ED00557EA038A5374DFC0EDA9BEB240AB753; model-year semantics follow the user's explicit instruction that IndexYear is the DEI year,projects/empyrean-caster-430308-m2/assets/city; update_time=2024-10-08T06:01:06.845098Z; source/licence/reference-year unresolved; one static layer used for all years,projects/sat-io/open-datasets/npp-viirs-ntl band=b1,longntl_annual_native500m_positive_pixel_sum_v1,宝鸡,宝鸡市,156610300,unique_exact_or_prefix,H3C IndexYear paired to same LongNTL calendar year by user instruction
咸阳市,2020,61.5,67983.1727088143,H3C live AllCityOneInfo API snapshot matched to workbook; workbook_sha256=6C7ABE1A06917FBF9BEEE26C7462ED00557EA038A5374DFC0EDA9BEB240AB753; model-year semantics follow the user's explicit instruction that IndexYear is the DEI year,projects/empyrean-caster-430308-m2/assets/city; update_time=2024-10-08T06:01:06.845098Z; source/licence/reference-year unresolved; one static layer used for all years,projects/sat-io/open-datasets/npp-viirs-ntl band=b1,longntl_annual_native500m_positive_pixel_sum_v1,咸阳,咸阳市,156610400,unique_exact_or_prefix,H3C IndexYear paired to same LongNTL calendar year by user instruction
渭南市,2020,38.1,36217.3729893385,H3C live AllCityOneInfo API snapshot matched to workbook; workbook_sha256=6C7ABE1A06917FBF9BEEE26C7462ED00557EA038A5374DFC0EDA9BEB240AB753; model-year semantics follow the user's explicit instruction that IndexYear is the DEI year,projects/empyrean-caster-430308-m2/assets/city; update_time=2024-10-08T06:01:06.845098Z; source/licence/reference-year unresolved; one static layer used for all years,projects/sat-io/open-datasets/npp-viirs-ntl band=b1,longntl_annual_native500m_positive_pixel_sum_v1,渭南,渭南市,156610500,unique_exact_or_prefix,H3C IndexYear paired to same LongNTL calendar year by user instruction
延安市,2020,43.2,47545.82302456,H3C live AllCityOneInfo API snapshot matched to workbook; workbook_sha256=6C7ABE1A06917FBF9BEEE26C7462ED00557EA038A5374DFC0EDA9BEB240AB753; model-year semantics follow the user's explicit instruction that IndexYear is the DEI year,projects/empyrean-caster-430308-m2/assets/city; update_time=2024-10-08T06:01:06.845098Z; source/licence/reference-year unresolved; one static layer used for all years,projects/sat-io/open-datasets/npp-viirs-ntl band=b1,longntl_annual_native500m_positive_pixel_sum_v1,延安,延安市,156610600,unique_exact_or_prefix,H3C IndexYear paired to same LongNTL calendar year by user instruction
汉中市,2020,41.1,23250.3816218175,H3C live AllCityOneInfo API snapshot matched to workbook; workbook_sha256=6C7ABE1A06917FBF9BEEE26C7462ED00557EA038A5374DFC0EDA9BEB240AB753; model-year semantics follow the user's explicit instruction that IndexYear is the DEI year,projects/empyrean-caster-430308-m2/assets/city; update_time=2024-10-08T06:01:06.845098Z; source/licence/reference-year unresolved; one static layer used for all years,projects/sat-io/open-datasets/npp-viirs-ntl band=b1,longntl_annual_native500m_positive_pixel_sum_v1,汉中,汉中市,156610700,unique_exact_or_prefix,H3C IndexYear paired to same LongNTL calendar year by user instruction
榆林市,2020,54,104806.34174962,H3C live AllCityOneInfo API snapshot matched to workbook; workbook_sha256=6C7ABE1A06917FBF9BEEE26C7462ED00557EA038A5374DFC0EDA9BEB240AB753; model-year semantics follow the user's explicit instruction that IndexYear is the DEI year,projects/empyrean-caster-430308-m2/assets/city; update_time=2024-10-08T06:01:06.845098Z; source/licence/reference-year unresolved; one static layer used for all years,projects/sat-io/open-datasets/npp-viirs-ntl band=b1,longntl_annual_native500m_positive_pixel_sum_v1,榆林,榆林市,156610800,unique_exact_or_prefix,H3C IndexYear paired to same LongNTL calendar year by user instruction
安康市,2020,35.2,11203.5402269017,H3C live AllCityOneInfo API snapshot matched to workbook; workbook_sha256=6C7ABE1A06917FBF9BEEE26C7462ED00557EA038A5374DFC0EDA9BEB240AB753; model-year semantics follow the user's explicit instruction that IndexYear is the DEI year,projects/empyrean-caster-430308-m2/assets/city; update_time=2024-10-08T06:01:06.845098Z; source/licence/reference-year unresolved; one static layer used for all years,projects/sat-io/open-datasets/npp-viirs-ntl band=b1,longntl_annual_native500m_positive_pixel_sum_v1,安康,安康市,156610900,unique_exact_or_prefix,H3C IndexYear paired to same LongNTL calendar year by user instruction
兰州市,2020,64.4,57530.5502055449,H3C live AllCityOneInfo API snapshot matched to workbook; workbook_sha256=6C7ABE1A06917FBF9BEEE26C7462ED00557EA038A5374DFC0EDA9BEB240AB753; model-year semantics follow the user's explicit instruction that IndexYear is the DEI year,projects/empyrean-caster-430308-m2/assets/city; update_time=2024-10-08T06:01:06.845098Z; source/licence/reference-year unresolved; one static layer used for all years,projects/sat-io/open-datasets/npp-viirs-ntl band=b1,longntl_annual_native500m_positive_pixel_sum_v1,兰州,兰州市,156620100,unique_exact_or_prefix,H3C IndexYear paired to same LongNTL calendar year by user instruction
金昌市,2020,34.2,7830.9051601106,H3C live AllCityOneInfo API snapshot matched to workbook; workbook_sha256=6C7ABE1A06917FBF9BEEE26C7462ED00557EA038A5374DFC0EDA9BEB240AB753; model-year semantics follow the user's explicit instruction that IndexYear is the DEI year,projects/empyrean-caster-430308-m2/assets/city; update_time=2024-10-08T06:01:06.845098Z; source/licence/reference-year unresolved; one static layer used for all years,projects/sat-io/open-datasets/npp-viirs-ntl band=b1,longntl_annual_native500m_positive_pixel_sum_v1,金昌,金昌市,156620300,unique_exact_or_prefix,H3C IndexYear paired to same LongNTL calendar year by user instruction
天水市,2020,32.3,12764.9164240229,H3C live AllCityOneInfo API snapshot matched to workbook; workbook_sha256=6C7ABE1A06917FBF9BEEE26C7462ED00557EA038A5374DFC0EDA9BEB240AB753; model-year semantics follow the user's explicit instruction that IndexYear is the DEI year,projects/empyrean-caster-430308-m2/assets/city; update_time=2024-10-08T06:01:06.845098Z; source/licence/reference-year unresolved; one static layer used for all years,projects/sat-io/open-datasets/npp-viirs-ntl band=b1,longntl_annual_native500m_positive_pixel_sum_v1,天水,天水市,156620500,unique_exact_or_prefix,H3C IndexYear paired to same LongNTL calendar year by user instruction
酒泉市,2020,39.1,22795.3581859579,H3C live AllCityOneInfo API snapshot matched to workbook; workbook_sha256=6C7ABE1A06917FBF9BEEE26C7462ED00557EA038A5374DFC0EDA9BEB240AB753; model-year semantics follow the user's explicit instruction that IndexYear is the DEI year,projects/empyrean-caster-430308-m2/assets/city; update_time=2024-10-08T06:01:06.845098Z; source/licence/reference-year unresolved; one static layer used for all years,projects/sat-io/open-datasets/npp-viirs-ntl band=b1,longntl_annual_native500m_positive_pixel_sum_v1,酒泉,酒泉市,156620900,unique_exact_or_prefix,H3C IndexYear paired to same LongNTL calendar year by user instruction
甘南藏族自治州,2020,32.7,3878.39383311879,H3C live AllCityOneInfo API snapshot matched to workbook; workbook_sha256=6C7ABE1A06917FBF9BEEE26C7462ED00557EA038A5374DFC0EDA9BEB240AB753; model-year semantics follow the user's explicit instruction that IndexYear is the DEI year,projects/empyrean-caster-430308-m2/assets/city; update_time=2024-10-08T06:01:06.845098Z; source/licence/reference-year unresolved; one static layer used for all years,projects/sat-io/open-datasets/npp-viirs-ntl band=b1,longntl_annual_native500m_positive_pixel_sum_v1,甘南,甘南藏族自治州,156623000,unique_exact_or_prefix,H3C IndexYear paired to same LongNTL calendar year by user instruction
西宁市,2020,59.1,36814.5725314187,H3C live AllCityOneInfo API snapshot matched to workbook; workbook_sha256=6C7ABE1A06917FBF9BEEE26C7462ED00557EA038A5374DFC0EDA9BEB240AB753; model-year semantics follow the user's explicit instruction that IndexYear is the DEI year,projects/empyrean-caster-430308-m2/assets/city; update_time=2024-10-08T06:01:06.845098Z; source/licence/reference-year unresolved; one static layer used for all years,projects/sat-io/open-datasets/npp-viirs-ntl band=b1,longntl_annual_native500m_positive_pixel_sum_v1,西宁,西宁市,156630100,unique_exact_or_prefix,H3C IndexYear paired to same LongNTL calendar year by user instruction
海东市,2020,33.9,18359.5472036539,H3C live AllCityOneInfo API snapshot matched to workbook; workbook_sha256=6C7ABE1A06917FBF9BEEE26C7462ED00557EA038A5374DFC0EDA9BEB240AB753; model-year semantics follow the user's explicit instruction that IndexYear is the DEI year,projects/empyrean-caster-430308-m2/assets/city; update_time=2024-10-08T06:01:06.845098Z; source/licence/reference-year unresolved; one static layer used for all years,projects/sat-io/open-datasets/npp-viirs-ntl band=b1,longntl_annual_native500m_positive_pixel_sum_v1,海东,海东市,156630200,unique_exact_or_prefix,H3C IndexYear paired to same LongNTL calendar year by user instruction
银川市,2020,61.1,85558.9009351454,H3C live AllCityOneInfo API snapshot matched to workbook; workbook_sha256=6C7ABE1A06917FBF9BEEE26C7462ED00557EA038A5374DFC0EDA9BEB240AB753; model-year semantics follow the user's explicit instruction that IndexYear is the DEI year,projects/empyrean-caster-430308-m2/assets/city; update_time=2024-10-08T06:01:06.845098Z; source/licence/reference-year unresolved; one static layer used for all years,projects/sat-io/open-datasets/npp-viirs-ntl band=b1,longntl_annual_native500m_positive_pixel_sum_v1,银川,银川市,156640100,unique_exact_or_prefix,H3C IndexYear paired to same LongNTL calendar year by user instruction
石嘴山市,2020,39.2,13685.9421968072,H3C live AllCityOneInfo API snapshot matched to workbook; workbook_sha256=6C7ABE1A06917FBF9BEEE26C7462ED00557EA038A5374DFC0EDA9BEB240AB753; model-year semantics follow the user's explicit instruction that IndexYear is the DEI year,projects/empyrean-caster-430308-m2/assets/city; update_time=2024-10-08T06:01:06.845098Z; source/licence/reference-year unresolved; one static layer used for all years,projects/sat-io/open-datasets/npp-viirs-ntl band=b1,longntl_annual_native500m_positive_pixel_sum_v1,石嘴山,石嘴山市,156640200,unique_exact_or_prefix,H3C IndexYear paired to same LongNTL calendar year by user instruction
乌鲁木齐市,2020,61.8,106753.274633892,H3C live AllCityOneInfo API snapshot matched to workbook; workbook_sha256=6C7ABE1A06917FBF9BEEE26C7462ED00557EA038A5374DFC0EDA9BEB240AB753; model-year semantics follow the user's explicit instruction that IndexYear is the DEI year,projects/empyrean-caster-430308-m2/assets/city; update_time=2024-10-08T06:01:06.845098Z; source/licence/reference-year unresolved; one static layer used for all years,projects/sat-io/open-datasets/npp-viirs-ntl band=b1,longntl_annual_native500m_positive_pixel_sum_v1,乌鲁木齐,乌鲁木齐市,156650100,unique_exact_or_prefix,H3C IndexYear paired to same LongNTL calendar year by user instruction
克拉玛依市,2020,45.2,48052.9992735358,H3C live AllCityOneInfo API snapshot matched to workbook; workbook_sha256=6C7ABE1A06917FBF9BEEE26C7462ED00557EA038A5374DFC0EDA9BEB240AB753; model-year semantics follow the user's explicit instruction that IndexYear is the DEI year,projects/empyrean-caster-430308-m2/assets/city; update_time=2024-10-08T06:01:06.845098Z; source/licence/reference-year unresolved; one static layer used for all years,projects/sat-io/open-datasets/npp-viirs-ntl band=b1,longntl_annual_native500m_positive_pixel_sum_v1,克拉玛依,克拉玛依市,156650200,unique_exact_or_prefix,H3C IndexYear paired to same LongNTL calendar year by user instruction
昌吉回族自治州,2020,42.9,55153.3557620567,H3C live AllCityOneInfo API snapshot matched to workbook; workbook_sha256=6C7ABE1A06917FBF9BEEE26C7462ED00557EA038A5374DFC0EDA9BEB240AB753; model-year semantics follow the user's explicit instruction that IndexYear is the DEI year,projects/empyrean-caster-430308-m2/assets/city; update_time=2024-10-08T06:01:06.845098Z; source/licence/reference-year unresolved; one static layer used for all years,projects/sat-io/open-datasets/npp-viirs-ntl band=b1,longntl_annual_native500m_positive_pixel_sum_v1,昌吉,昌吉回族自治州,156652300,unique_exact_or_prefix,H3C IndexYear paired to same LongNTL calendar year by user instruction
阿克苏地区,2020,36.2,101188.343176528,H3C live AllCityOneInfo API snapshot matched to workbook; workbook_sha256=6C7ABE1A06917FBF9BEEE26C7462ED00557EA038A5374DFC0EDA9BEB240AB753; model-year semantics follow the user's explicit instruction that IndexYear is the DEI year,projects/empyrean-caster-430308-m2/assets/city; update_time=2024-10-08T06:01:06.845098Z; source/licence/reference-year unresolved; one static layer used for all years,projects/sat-io/open-datasets/npp-viirs-ntl band=b1,longntl_annual_native500m_positive_pixel_sum_v1,阿克苏,阿克苏地区,156652900,unique_exact_or_prefix,H3C IndexYear paired to same LongNTL calendar year by user instruction
喀什地区,2020,36.3,38122.9644024297,H3C live AllCityOneInfo API snapshot matched to workbook; workbook_sha256=6C7ABE1A06917FBF9BEEE26C7462ED00557EA038A5374DFC0EDA9BEB240AB753; model-year semantics follow the user's explicit instruction that IndexYear is the DEI year,projects/empyrean-caster-430308-m2/assets/city; update_time=2024-10-08T06:01:06.845098Z; source/licence/reference-year unresolved; one static layer used for all years,projects/sat-io/open-datasets/npp-viirs-ntl band=b1,longntl_annual_native500m_positive_pixel_sum_v1,喀什,喀什地区,156653100,unique_exact_or_prefix,H3C IndexYear paired to same LongNTL calendar year by user instruction
伊犁哈萨克自治州,2020,32.5,41307.8960715299,H3C live AllCityOneInfo API snapshot matched to workbook; workbook_sha256=6C7ABE1A06917FBF9BEEE26C7462ED00557EA038A5374DFC0EDA9BEB240AB753; model-year semantics follow the user's explicit instruction that IndexYear is the DEI year,projects/empyrean-caster-430308-m2/assets/city; update_time=2024-10-08T06:01:06.845098Z; source/licence/reference-year unresolved; one static layer used for all years,projects/sat-io/open-datasets/npp-viirs-ntl band=b1,longntl_annual_native500m_positive_pixel_sum_v1,伊犁,伊犁哈萨克自治州,156654000,unique_exact_or_prefix,H3C IndexYear paired to same LongNTL calendar year by user instruction
北京市,2021,90.5,460811.300503693,H3C live AllCityOneInfo API snapshot matched to workbook; workbook_sha256=6C7ABE1A06917FBF9BEEE26C7462ED00557EA038A5374DFC0EDA9BEB240AB753; model-year semantics follow the user's explicit instruction that IndexYear is the DEI year,projects/empyrean-caster-430308-m2/assets/city; update_time=2024-10-08T06:01:06.845098Z; source/licence/reference-year unresolved; one static layer used for all years,projects/sat-io/open-datasets/npp-viirs-ntl band=b1,longntl_annual_native500m_positive_pixel_sum_v1,北京,北京市,156110000,unique_exact_or_prefix,H3C IndexYear paired to same LongNTL calendar year by user instruction
天津市,2021,78.5,367482.249700179,H3C live AllCityOneInfo API snapshot matched to workbook; workbook_sha256=6C7ABE1A06917FBF9BEEE26C7462ED00557EA038A5374DFC0EDA9BEB240AB753; model-year semantics follow the user's explicit instruction that IndexYear is the DEI year,projects/empyrean-caster-430308-m2/assets/city; update_time=2024-10-08T06:01:06.845098Z; source/licence/reference-year unresolved; one static layer used for all years,projects/sat-io/open-datasets/npp-viirs-ntl band=b1,longntl_annual_native500m_positive_pixel_sum_v1,天津,天津市,156120000,unique_exact_or_prefix,H3C IndexYear paired to same LongNTL calendar year by user instruction
石家庄市,2021,66.4,114318.968974888,H3C live AllCityOneInfo API snapshot matched to workbook; workbook_sha256=6C7ABE1A06917FBF9BEEE26C7462ED00557EA038A5374DFC0EDA9BEB240AB753; model-year semantics follow the user's explicit instruction that IndexYear is the DEI year,projects/empyrean-caster-430308-m2/assets/city; update_time=2024-10-08T06:01:06.845098Z; source/licence/reference-year unresolved; one static layer used for all years,projects/sat-io/open-datasets/npp-viirs-ntl band=b1,longntl_annual_native500m_positive_pixel_sum_v1,石家庄,石家庄市,156130100,unique_exact_or_prefix,H3C IndexYear paired to same LongNTL calendar year by user instruction
唐山市,2021,59.3,142318.511586182,H3C live AllCityOneInfo API snapshot matched to workbook; workbook_sha256=6C7ABE1A06917FBF9BEEE26C7462ED00557EA038A5374DFC0EDA9BEB240AB753; model-year semantics follow the user's explicit instruction that IndexYear is the DEI year,projects/empyrean-caster-430308-m2/assets/city; update_time=2024-10-08T06:01:06.845098Z; source/licence/reference-year unresolved; one static layer used for all years,projects/sat-io/open-datasets/npp-viirs-ntl band=b1,longntl_annual_native500m_positive_pixel_sum_v1,唐山,唐山市,156130200,unique_exact_or_prefix,H3C IndexYear paired to same LongNTL calendar year by user instruction
秦皇岛市,2021,55.8,44015.6016956689,H3C live AllCityOneInfo API snapshot matched to workbook; workbook_sha256=6C7ABE1A06917FBF9BEEE26C7462ED00557EA038A5374DFC0EDA9BEB240AB753; model-year semantics follow the user's explicit instruction that IndexYear is the DEI year,projects/empyrean-caster-430308-m2/assets/city; update_time=2024-10-08T06:01:06.845098Z; source/licence/reference-year unresolved; one static layer used for all years,projects/sat-io/open-datasets/npp-viirs-ntl band=b1,longntl_annual_native500m_positive_pixel_sum_v1,秦皇岛,秦皇岛市,156130300,unique_exact_or_prefix,H3C IndexYear paired to same LongNTL calendar year by user instruction
邯郸市,2021,59.8,72641.0637650322,H3C live AllCityOneInfo API snapshot matched to workbook; workbook_sha256=6C7ABE1A06917FBF9BEEE26C7462ED00557EA038A5374DFC0EDA9BEB240AB753; model-year semantics follow the user's explicit instruction that IndexYear is the DEI year,projects/empyrean-caster-430308-m2/assets/city; update_time=2024-10-08T06:01:06.845098Z; source/licence/reference-year unresolved; one static layer used for all years,projects/sat-io/open-datasets/npp-viirs-ntl band=b1,longntl_annual_native500m_positive_pixel_sum_v1,邯郸,邯郸市,156130400,unique_exact_or_prefix,H3C IndexYear paired to same LongNTL calendar year by user instruction
邢台市,2021,49.7,63217.1574165138,H3C live AllCityOneInfo API snapshot matched to workbook; workbook_sha256=6C7ABE1A06917FBF9BEEE26C7462ED00557EA038A5374DFC0EDA9BEB240AB753; model-year semantics follow the user's explicit instruction that IndexYear is the DEI year,projects/empyrean-caster-430308-m2/assets/city; update_time=2024-10-08T06:01:06.845098Z; source/licence/reference-year unresolved; one static layer used for all years,projects/sat-io/open-datasets/npp-viirs-ntl band=b1,longntl_annual_native500m_positive_pixel_sum_v1,邢台,邢台市,156130500,unique_exact_or_prefix,H3C IndexYear paired to same LongNTL calendar year by user instruction
保定市,2021,51.1,134498.688490594,H3C live AllCityOneInfo API snapshot matched to workbook; workbook_sha256=6C7ABE1A06917FBF9BEEE26C7462ED00557EA038A5374DFC0EDA9BEB240AB753; model-year semantics follow the user's explicit instruction that IndexYear is the DEI year,projects/empyrean-caster-430308-m2/assets/city; update_time=2024-10-08T06:01:06.845098Z; source/licence/reference-year unresolved; one static layer used for all years,projects/sat-io/open-datasets/npp-viirs-ntl band=b1,longntl_annual_native500m_positive_pixel_sum_v1,保定,保定市,156130600,unique_exact_or_prefix,H3C IndexYear paired to same LongNTL calendar year by user instruction
张家口市,2021,50.9,43141.1070018235,H3C live AllCityOneInfo API snapshot matched to workbook; workbook_sha256=6C7ABE1A06917FBF9BEEE26C7462ED00557EA038A5374DFC0EDA9BEB240AB753; model-year semantics follow the user's explicit instruction that IndexYear is the DEI year,projects/empyrean-caster-430308-m2/assets/city; update_time=2024-10-08T06:01:06.845098Z; source/licence/reference-year unresolved; one static layer used for all years,projects/sat-io/open-datasets/npp-viirs-ntl band=b1,longntl_annual_native500m_positive_pixel_sum_v1,张家口,张家口市,156130700,unique_exact_or_prefix,H3C IndexYear paired to same LongNTL calendar year by user instruction
承德市,2021,46.8,28848.0604768169,H3C live AllCityOneInfo API snapshot matched to workbook; workbook_sha256=6C7ABE1A06917FBF9BEEE26C7462ED00557EA038A5374DFC0EDA9BEB240AB753; model-year semantics follow the user's explicit instruction that IndexYear is the DEI year,projects/empyrean-caster-430308-m2/assets/city; update_time=2024-10-08T06:01:06.845098Z; source/licence/reference-year unresolved; one static layer used for all years,projects/sat-io/open-datasets/npp-viirs-ntl band=b1,longntl_annual_native500m_positive_pixel_sum_v1,承德,承德市,156130800,unique_exact_or_prefix,H3C IndexYear paired to same LongNTL calendar year by user instruction
沧州市,2021,57.5,92335.5276562999,H3C live AllCityOneInfo API snapshot matched to workbook; workbook_sha256=6C7ABE1A06917FBF9BEEE26C7462ED00557EA038A5374DFC0EDA9BEB240AB753; model-year semantics follow the user's explicit instruction that IndexYear is the DEI year,projects/empyrean-caster-430308-m2/assets/city; update_time=2024-10-08T06:01:06.845098Z; source/licence/reference-year unresolved; one static layer used for all years,projects/sat-io/open-datasets/npp-viirs-ntl band=b1,longntl_annual_native500m_positive_pixel_sum_v1,沧州,沧州市,156130900,unique_exact_or_prefix,H3C IndexYear paired to same LongNTL calendar year by user instruction
廊坊市,2021,58,108501.530646423,H3C live AllCityOneInfo API snapshot matched to workbook; workbook_sha256=6C7ABE1A06917FBF9BEEE26C7462ED00557EA038A5374DFC0EDA9BEB240AB753; model-year semantics follow the user's explicit instruction that IndexYear is the DEI year,projects/empyrean-caster-430308-m2/assets/city; update_time=2024-10-08T06:01:06.845098Z; source/licence/reference-year unresolved; one static layer used for all years,projects/sat-io/open-datasets/npp-viirs-ntl band=b1,longntl_annual_native500m_positive_pixel_sum_v1,廊坊,廊坊市,156131000,unique_exact_or_prefix,H3C IndexYear paired to same LongNTL calendar year by user instruction
衡水市,2021,52,28006.8308504582,H3C live AllCityOneInfo API snapshot matched to workbook; workbook_sha256=6C7ABE1A06917FBF9BEEE26C7462ED00557EA038A5374DFC0EDA9BEB240AB753; model-year semantics follow the user's explicit instruction that IndexYear is the DEI year,projects/empyrean-caster-430308-m2/assets/city; update_time=2024-10-08T06:01:06.845098Z; source/licence/reference-year unresolved; one static layer used for all years,projects/sat-io/open-datasets/npp-viirs-ntl band=b1,longntl_annual_native500m_positive_pixel_sum_v1,衡水,衡水市,156131100,unique_exact_or_prefix,H3C IndexYear paired to same LongNTL calendar year by user instruction
太原市,2021,66.6,140145.514993431,H3C live AllCityOneInfo API snapshot matched to workbook; workbook_sha256=6C7ABE1A06917FBF9BEEE26C7462ED00557EA038A5374DFC0EDA9BEB240AB753; model-year semantics follow the user's explicit instruction that IndexYear is the DEI year,projects/empyrean-caster-430308-m2/assets/city; update_time=2024-10-08T06:01:06.845098Z; source/licence/reference-year unresolved; one static layer used for all years,projects/sat-io/open-datasets/npp-viirs-ntl band=b1,longntl_annual_native500m_positive_pixel_sum_v1,太原,太原市,156140100,unique_exact_or_prefix,H3C IndexYear paired to same LongNTL calendar year by user instruction
大同市,2021,42.2,59320.5849982243,H3C live AllCityOneInfo API snapshot matched to workbook; workbook_sha256=6C7ABE1A06917FBF9BEEE26C7462ED00557EA038A5374DFC0EDA9BEB240AB753; model-year semantics follow the user's explicit instruction that IndexYear is the DEI year,projects/empyrean-caster-430308-m2/assets/city; update_time=2024-10-08T06:01:06.845098Z; source/licence/reference-year unresolved; one static layer used for all years,projects/sat-io/open-datasets/npp-viirs-ntl band=b1,longntl_annual_native500m_positive_pixel_sum_v1,大同,大同市,156140200,unique_exact_or_prefix,H3C IndexYear paired to same LongNTL calendar year by user instruction
长治市,2021,44.8,53986.5271332605,H3C live AllCityOneInfo API snapshot matched to workbook; workbook_sha256=6C7ABE1A06917FBF9BEEE26C7462ED00557EA038A5374DFC0EDA9BEB240AB753; model-year semantics follow the user's explicit instruction that IndexYear is the DEI year,projects/empyrean-caster-430308-m2/assets/city; update_time=2024-10-08T06:01:06.845098Z; source/licence/reference-year unresolved; one static layer used for all years,projects/sat-io/open-datasets/npp-viirs-ntl band=b1,longntl_annual_native500m_positive_pixel_sum_v1,长治,长治市,156140400,unique_exact_or_prefix,H3C IndexYear paired to same LongNTL calendar year by user instruction
晋城市,2021,43.1,32992.2748315054,H3C live AllCityOneInfo API snapshot matched to workbook; workbook_sha256=6C7ABE1A06917FBF9BEEE26C7462ED00557EA038A5374DFC0EDA9BEB240AB753; model-year semantics follow the user's explicit instruction that IndexYear is the DEI year,projects/empyrean-caster-430308-m2/assets/city; update_time=2024-10-08T06:01:06.845098Z; source/licence/reference-year unresolved; one static layer used for all years,projects/sat-io/open-datasets/npp-viirs-ntl band=b1,longntl_annual_native500m_positive_pixel_sum_v1,晋城,晋城市,156140500,unique_exact_or_prefix,H3C IndexYear paired to same LongNTL calendar year by user instruction
朔州市,2021,38.9,36076.6774471634,H3C live AllCityOneInfo API snapshot matched to workbook; workbook_sha256=6C7ABE1A06917FBF9BEEE26C7462ED00557EA038A5374DFC0EDA9BEB240AB753; model-year semantics follow the user's explicit instruction that IndexYear is the DEI year,projects/empyrean-caster-430308-m2/assets/city; update_time=2024-10-08T06:01:06.845098Z; source/licence/reference-year unresolved; one static layer used for all years,projects/sat-io/open-datasets/npp-viirs-ntl band=b1,longntl_annual_native500m_positive_pixel_sum_v1,朔州,朔州市,156140600,unique_exact_or_prefix,H3C IndexYear paired to same LongNTL calendar year by user instruction
晋中市,2021,41.8,57036.3861522759,H3C live AllCityOneInfo API snapshot matched to workbook; workbook_sha256=6C7ABE1A06917FBF9BEEE26C7462ED00557EA038A5374DFC0EDA9BEB240AB753; model-year semantics follow the user's explicit instruction that IndexYear is the DEI year,projects/empyrean-caster-430308-m2/assets/city; update_time=2024-10-08T06:01:06.845098Z; source/licence/reference-year unresolved; one static layer used for all years,projects/sat-io/open-datasets/npp-viirs-ntl band=b1,longntl_annual_native500m_positive_pixel_sum_v1,晋中,晋中市,156140700,unique_exact_or_prefix,H3C IndexYear paired to same LongNTL calendar year by user instruction
运城市,2021,41.4,40191.9701401823,H3C live AllCityOneInfo API snapshot matched to workbook; workbook_sha256=6C7ABE1A06917FBF9BEEE26C7462ED00557EA038A5374DFC0EDA9BEB240AB753; model-year semantics follow the user's explicit instruction that IndexYear is the DEI year,projects/empyrean-caster-430308-m2/assets/city; update_time=2024-10-08T06:01:06.845098Z; source/licence/reference-year unresolved; one static layer used for all years,projects/sat-io/open-datasets/npp-viirs-ntl band=b1,longntl_annual_native500m_positive_pixel_sum_v1,运城,运城市,156140800,unique_exact_or_prefix,H3C IndexYear paired to same LongNTL calendar year by user instruction
临汾市,2021,41,38151.4541190269,H3C live AllCityOneInfo API snapshot matched to workbook; workbook_sha256=6C7ABE1A06917FBF9BEEE26C7462ED00557EA038A5374DFC0EDA9BEB240AB753; model-year semantics follow the user's explicit instruction that IndexYear is the DEI year,projects/empyrean-caster-430308-m2/assets/city; update_time=2024-10-08T06:01:06.845098Z; source/licence/reference-year unresolved; one static layer used for all years,projects/sat-io/open-datasets/npp-viirs-ntl band=b1,longntl_annual_native500m_positive_pixel_sum_v1,临汾,临汾市,156141000,unique_exact_or_prefix,H3C IndexYear paired to same LongNTL calendar year by user instruction
吕梁市,2021,40.5,38548.651405392,H3C live AllCityOneInfo API snapshot matched to workbook; workbook_sha256=6C7ABE1A06917FBF9BEEE26C7462ED00557EA038A5374DFC0EDA9BEB240AB753; model-year semantics follow the user's explicit instruction that IndexYear is the DEI year,projects/empyrean-caster-430308-m2/assets/city; update_time=2024-10-08T06:01:06.845098Z; source/licence/reference-year unresolved; one static layer used for all years,projects/sat-io/open-datasets/npp-viirs-ntl band=b1,longntl_annual_native500m_positive_pixel_sum_v1,吕梁,吕梁市,156141100,unique_exact_or_prefix,H3C IndexYear paired to same LongNTL calendar year by user instruction
呼和浩特市,2021,69.9,75565.8515267138,H3C live AllCityOneInfo API snapshot matched to workbook; workbook_sha256=6C7ABE1A06917FBF9BEEE26C7462ED00557EA038A5374DFC0EDA9BEB240AB753; model-year semantics follow the user's explicit instruction that IndexYear is the DEI year,projects/empyrean-caster-430308-m2/assets/city; update_time=2024-10-08T06:01:06.845098Z; source/licence/reference-year unresolved; one static layer used for all years,projects/sat-io/open-datasets/npp-viirs-ntl band=b1,longntl_annual_native500m_positive_pixel_sum_v1,呼和浩特,呼和浩特市,156150100,unique_exact_or_prefix,H3C IndexYear paired to same LongNTL calendar year by user instruction
包头市,2021,60.6,51724.4423306788,H3C live AllCityOneInfo API snapshot matched to workbook; workbook_sha256=6C7ABE1A06917FBF9BEEE26C7462ED00557EA038A5374DFC0EDA9BEB240AB753; model-year semantics follow the user's explicit instruction that IndexYear is the DEI year,projects/empyrean-caster-430308-m2/assets/city; update_time=2024-10-08T06:01:06.845098Z; source/licence/reference-year unresolved; one static layer used for all years,projects/sat-io/open-datasets/npp-viirs-ntl band=b1,longntl_annual_native500m_positive_pixel_sum_v1,包头,包头市,156150200,unique_exact_or_prefix,H3C IndexYear paired to same LongNTL calendar year by user instruction
赤峰市,2021,40.6,43253.8968649602,H3C live AllCityOneInfo API snapshot matched to workbook; workbook_sha256=6C7ABE1A06917FBF9BEEE26C7462ED00557EA038A5374DFC0EDA9BEB240AB753; model-year semantics follow the user's explicit instruction that IndexYear is the DEI year,projects/empyrean-caster-430308-m2/assets/city; update_time=2024-10-08T06:01:06.845098Z; source/licence/reference-year unresolved; one static layer used for all years,projects/sat-io/open-datasets/npp-viirs-ntl band=b1,longntl_annual_native500m_positive_pixel_sum_v1,赤峰,赤峰市,156150400,unique_exact_or_prefix,H3C IndexYear paired to same LongNTL calendar year by user instruction
通辽市,2021,39,28381.2071379853,H3C live AllCityOneInfo API snapshot matched to workbook; workbook_sha256=6C7ABE1A06917FBF9BEEE26C7462ED00557EA038A5374DFC0EDA9BEB240AB753; model-year semantics follow the user's explicit instruction that IndexYear is the DEI year,projects/empyrean-caster-430308-m2/assets/city; update_time=2024-10-08T06:01:06.845098Z; source/licence/reference-year unresolved; one static layer used for all years,projects/sat-io/open-datasets/npp-viirs-ntl band=b1,longntl_annual_native500m_positive_pixel_sum_v1,通辽,通辽市,156150500,unique_exact_or_prefix,H3C IndexYear paired to same LongNTL calendar year by user instruction
鄂尔多斯市,2021,53,70708.7288924068,H3C live AllCityOneInfo API snapshot matched to workbook; workbook_sha256=6C7ABE1A06917FBF9BEEE26C7462ED00557EA038A5374DFC0EDA9BEB240AB753; model-year semantics follow the user's explicit instruction that IndexYear is the DEI year,projects/empyrean-caster-430308-m2/assets/city; update_time=2024-10-08T06:01:06.845098Z; source/licence/reference-year unresolved; one static layer used for all years,projects/sat-io/open-datasets/npp-viirs-ntl band=b1,longntl_annual_native500m_positive_pixel_sum_v1,鄂尔多斯,鄂尔多斯市,156150600,unique_exact_or_prefix,H3C IndexYear paired to same LongNTL calendar year by user instruction
呼伦贝尔市,2021,41.3,18167.879503942,H3C live AllCityOneInfo API snapshot matched to workbook; workbook_sha256=6C7ABE1A06917FBF9BEEE26C7462ED00557EA038A5374DFC0EDA9BEB240AB753; model-year semantics follow the user's explicit instruction that IndexYear is the DEI year,projects/empyrean-caster-430308-m2/assets/city; update_time=2024-10-08T06:01:06.845098Z; source/licence/reference-year unresolved; one static layer used for all years,projects/sat-io/open-datasets/npp-viirs-ntl band=b1,longntl_annual_native500m_positive_pixel_sum_v1,呼伦贝尔,呼伦贝尔市,156150700,unique_exact_or_prefix,H3C IndexYear paired to same LongNTL calendar year by user instruction
乌兰察布市,2021,46.5,22262.4196147634,H3C live AllCityOneInfo API snapshot matched to workbook; workbook_sha256=6C7ABE1A06917FBF9BEEE26C7462ED00557EA038A5374DFC0EDA9BEB240AB753; model-year semantics follow the user's explicit instruction that IndexYear is the DEI year,projects/empyrean-caster-430308-m2/assets/city; update_time=2024-10-08T06:01:06.845098Z; source/licence/reference-year unresolved; one static layer used for all years,projects/sat-io/open-datasets/npp-viirs-ntl band=b1,longntl_annual_native500m_positive_pixel_sum_v1,乌兰察布,乌兰察布市,156150900,unique_exact_or_prefix,H3C IndexYear paired to same LongNTL calendar year by user instruction
沈阳市,2021,67.1,174458.410424431,H3C live AllCityOneInfo API snapshot matched to workbook; workbook_sha256=6C7ABE1A06917FBF9BEEE26C7462ED00557EA038A5374DFC0EDA9BEB240AB753; model-year semantics follow the user's explicit instruction that IndexYear is the DEI year,projects/empyrean-caster-430308-m2/assets/city; update_time=2024-10-08T06:01:06.845098Z; source/licence/reference-year unresolved; one static layer used for all years,projects/sat-io/open-datasets/npp-viirs-ntl band=b1,longntl_annual_native500m_positive_pixel_sum_v1,沈阳,沈阳市,156210100,unique_exact_or_prefix,H3C IndexYear paired to same LongNTL calendar year by user instruction
大连市,2021,67,105987.069219449,H3C live AllCityOneInfo API snapshot matched to workbook; workbook_sha256=6C7ABE1A06917FBF9BEEE26C7462ED00557EA038A5374DFC0EDA9BEB240AB753; model-year semantics follow the user's explicit instruction that IndexYear is the DEI year,projects/empyrean-caster-430308-m2/assets/city; update_time=2024-10-08T06:01:06.845098Z; source/licence/reference-year unresolved; one static layer used for all years,projects/sat-io/open-datasets/npp-viirs-ntl band=b1,longntl_annual_native500m_positive_pixel_sum_v1,大连,大连市,156210200,unique_exact_or_prefix,H3C IndexYear paired to same LongNTL calendar year by user instruction
鞍山市,2021,51.2,46425.0677752303,H3C live AllCityOneInfo API snapshot matched to workbook; workbook_sha256=6C7ABE1A06917FBF9BEEE26C7462ED00557EA038A5374DFC0EDA9BEB240AB753; model-year semantics follow the user's explicit instruction that IndexYear is the DEI year,projects/empyrean-caster-430308-m2/assets/city; update_time=2024-10-08T06:01:06.845098Z; source/licence/reference-year unresolved; one static layer used for all years,projects/sat-io/open-datasets/npp-viirs-ntl band=b1,longntl_annual_native500m_positive_pixel_sum_v1,鞍山,鞍山市,156210300,unique_exact_or_prefix,H3C IndexYear paired to same LongNTL calendar year by user instruction
抚顺市,2021,38.8,24275.7564622318,H3C live AllCityOneInfo API snapshot matched to workbook; workbook_sha256=6C7ABE1A06917FBF9BEEE26C7462ED00557EA038A5374DFC0EDA9BEB240AB753; model-year semantics follow the user's explicit instruction that IndexYear is the DEI year,projects/empyrean-caster-430308-m2/assets/city; update_time=2024-10-08T06:01:06.845098Z; source/licence/reference-year unresolved; one static layer used for all years,projects/sat-io/open-datasets/npp-viirs-ntl band=b1,longntl_annual_native500m_positive_pixel_sum_v1,抚顺,抚顺市,156210400,unique_exact_or_prefix,H3C IndexYear paired to same LongNTL calendar year by user instruction
营口市,2021,40.5,43830.5526809407,H3C live AllCityOneInfo API snapshot matched to workbook; workbook_sha256=6C7ABE1A06917FBF9BEEE26C7462ED00557EA038A5374DFC0EDA9BEB240AB753; model-year semantics follow the user's explicit instruction that IndexYear is the DEI year,projects/empyrean-caster-430308-m2/assets/city; update_time=2024-10-08T06:01:06.845098Z; source/licence/reference-year unresolved; one static layer used for all years,projects/sat-io/open-datasets/npp-viirs-ntl band=b1,longntl_annual_native500m_positive_pixel_sum_v1,营口,营口市,156210800,unique_exact_or_prefix,H3C IndexYear paired to same LongNTL calendar year by user instruction
盘锦市,2021,41,38816.4336147486,H3C live AllCityOneInfo API snapshot matched to workbook; workbook_sha256=6C7ABE1A06917FBF9BEEE26C7462ED00557EA038A5374DFC0EDA9BEB240AB753; model-year semantics follow the user's explicit instruction that IndexYear is the DEI year,projects/empyrean-caster-430308-m2/assets/city; update_time=2024-10-08T06:01:06.845098Z; source/licence/reference-year unresolved; one static layer used for all years,projects/sat-io/open-datasets/npp-viirs-ntl band=b1,longntl_annual_native500m_positive_pixel_sum_v1,盘锦,盘锦市,156211100,unique_exact_or_prefix,H3C IndexYear paired to same LongNTL calendar year by user instruction
长春市,2021,62.7,228807.963013369,H3C live AllCityOneInfo API snapshot matched to workbook; workbook_sha256=6C7ABE1A06917FBF9BEEE26C7462ED00557EA038A5374DFC0EDA9BEB240AB753; model-year semantics follow the user's explicit instruction that IndexYear is the DEI year,projects/empyrean-caster-430308-m2/assets/city; update_time=2024-10-08T06:01:06.845098Z; source/licence/reference-year unresolved; one static layer used for all years,projects/sat-io/open-datasets/npp-viirs-ntl band=b1,longntl_annual_native500m_positive_pixel_sum_v1,长春,长春市,156220100,unique_exact_or_prefix,H3C IndexYear paired to same LongNTL calendar year by user instruction
吉林市,2021,43.4,41663.5700281512,H3C live AllCityOneInfo API snapshot matched to workbook; workbook_sha256=6C7ABE1A06917FBF9BEEE26C7462ED00557EA038A5374DFC0EDA9BEB240AB753; model-year semantics follow the user's explicit instruction that IndexYear is the DEI year,projects/empyrean-caster-430308-m2/assets/city; update_time=2024-10-08T06:01:06.845098Z; source/licence/reference-year unresolved; one static layer used for all years,projects/sat-io/open-datasets/npp-viirs-ntl band=b1,longntl_annual_native500m_positive_pixel_sum_v1,吉林,吉林市,156220200,unique_exact_or_prefix,H3C IndexYear paired to same LongNTL calendar year by user instruction
哈尔滨市,2021,65.1,116344.377586766,H3C live AllCityOneInfo API snapshot matched to workbook; workbook_sha256=6C7ABE1A06917FBF9BEEE26C7462ED00557EA038A5374DFC0EDA9BEB240AB753; model-year semantics follow the user's explicit instruction that IndexYear is the DEI year,projects/empyrean-caster-430308-m2/assets/city; update_time=2024-10-08T06:01:06.845098Z; source/licence/reference-year unresolved; one static layer used for all years,projects/sat-io/open-datasets/npp-viirs-ntl band=b1,longntl_annual_native500m_positive_pixel_sum_v1,哈尔滨,哈尔滨市,156230100,unique_exact_or_prefix,H3C IndexYear paired to same LongNTL calendar year by user instruction
齐齐哈尔市,2021,53.6,35220.1098061912,H3C live AllCityOneInfo API snapshot matched to workbook; workbook_sha256=6C7ABE1A06917FBF9BEEE26C7462ED00557EA038A5374DFC0EDA9BEB240AB753; model-year semantics follow the user's explicit instruction that IndexYear is the DEI year,projects/empyrean-caster-430308-m2/assets/city; update_time=2024-10-08T06:01:06.845098Z; source/licence/reference-year unresolved; one static layer used for all years,projects/sat-io/open-datasets/npp-viirs-ntl band=b1,longntl_annual_native500m_positive_pixel_sum_v1,齐齐哈尔,齐齐哈尔市,156230200,unique_exact_or_prefix,H3C IndexYear paired to same LongNTL calendar year by user instruction
大庆市,2021,56.6,72939.1264758699,H3C live AllCityOneInfo API snapshot matched to workbook; workbook_sha256=6C7ABE1A06917FBF9BEEE26C7462ED00557EA038A5374DFC0EDA9BEB240AB753; model-year semantics follow the user's explicit instruction that IndexYear is the DEI year,projects/empyrean-caster-430308-m2/assets/city; update_time=2024-10-08T06:01:06.845098Z; source/licence/reference-year unresolved; one static layer used for all years,projects/sat-io/open-datasets/npp-viirs-ntl band=b1,longntl_annual_native500m_positive_pixel_sum_v1,大庆,大庆市,156230600,unique_exact_or_prefix,H3C IndexYear paired to same LongNTL calendar year by user instruction
牡丹江市,2021,52,20518.7676544858,H3C live AllCityOneInfo API snapshot matched to workbook; workbook_sha256=6C7ABE1A06917FBF9BEEE26C7462ED00557EA038A5374DFC0EDA9BEB240AB753; model-year semantics follow the user's explicit instruction that IndexYear is the DEI year,projects/empyrean-caster-430308-m2/assets/city; update_time=2024-10-08T06:01:06.845098Z; source/licence/reference-year unresolved; one static layer used for all years,projects/sat-io/open-datasets/npp-viirs-ntl band=b1,longntl_annual_native500m_positive_pixel_sum_v1,牡丹江,牡丹江市,156231000,unique_exact_or_prefix,H3C IndexYear paired to same LongNTL calendar year by user instruction
上海市,2021,91.6,505224.515250535,H3C live AllCityOneInfo API snapshot matched to workbook; workbook_sha256=6C7ABE1A06917FBF9BEEE26C7462ED00557EA038A5374DFC0EDA9BEB240AB753; model-year semantics follow the user's explicit instruction that IndexYear is the DEI year,projects/empyrean-caster-430308-m2/assets/city; update_time=2024-10-08T06:01:06.845098Z; source/licence/reference-year unresolved; one static layer used for all years,projects/sat-io/open-datasets/npp-viirs-ntl band=b1,longntl_annual_native500m_positive_pixel_sum_v1,上海,上海市,156310000,unique_exact_or_prefix,H3C IndexYear paired to same LongNTL calendar year by user instruction
南京市,2021,80.6,225631.933287926,H3C live AllCityOneInfo API snapshot matched to workbook; workbook_sha256=6C7ABE1A06917FBF9BEEE26C7462ED00557EA038A5374DFC0EDA9BEB240AB753; model-year semantics follow the user's explicit instruction that IndexYear is the DEI year,projects/empyrean-caster-430308-m2/assets/city; update_time=2024-10-08T06:01:06.845098Z; source/licence/reference-year unresolved; one static layer used for all years,projects/sat-io/open-datasets/npp-viirs-ntl band=b1,longntl_annual_native500m_positive_pixel_sum_v1,南京,南京市,156320100,unique_exact_or_prefix,H3C IndexYear paired to same LongNTL calendar year by user instruction
无锡市,2021,82.2,190726.610315695,H3C live AllCityOneInfo API snapshot matched to workbook; workbook_sha256=6C7ABE1A06917FBF9BEEE26C7462ED00557EA038A5374DFC0EDA9BEB240AB753; model-year semantics follow the user's explicit instruction that IndexYear is the DEI year,projects/empyrean-caster-430308-m2/assets/city; update_time=2024-10-08T06:01:06.845098Z; source/licence/reference-year unresolved; one static layer used for all years,projects/sat-io/open-datasets/npp-viirs-ntl band=b1,longntl_annual_native500m_positive_pixel_sum_v1,无锡,无锡市,156320200,unique_exact_or_prefix,H3C IndexYear paired to same LongNTL calendar year by user instruction
徐州市,2021,62.1,120840.66630659,H3C live AllCityOneInfo API snapshot matched to workbook; workbook_sha256=6C7ABE1A06917FBF9BEEE26C7462ED00557EA038A5374DFC0EDA9BEB240AB753; model-year semantics follow the user's explicit instruction that IndexYear is the DEI year,projects/empyrean-caster-430308-m2/assets/city; update_time=2024-10-08T06:01:06.845098Z; source/licence/reference-year unresolved; one static layer used for all years,projects/sat-io/open-datasets/npp-viirs-ntl band=b1,longntl_annual_native500m_positive_pixel_sum_v1,徐州,徐州市,156320300,unique_exact_or_prefix,H3C IndexYear paired to same LongNTL calendar year by user instruction
常州市,2021,67.8,140056.974820616,H3C live AllCityOneInfo API snapshot matched to workbook; workbook_sha256=6C7ABE1A06917FBF9BEEE26C7462ED00557EA038A5374DFC0EDA9BEB240AB753; model-year semantics follow the user's explicit instruction that IndexYear is the DEI year,projects/empyrean-caster-430308-m2/assets/city; update_time=2024-10-08T06:01:06.845098Z; source/licence/reference-year unresolved; one static layer used for all years,projects/sat-io/open-datasets/npp-viirs-ntl band=b1,longntl_annual_native500m_positive_pixel_sum_v1,常州,常州市,156320400,unique_exact_or_prefix,H3C IndexYear paired to same LongNTL calendar year by user instruction
苏州市,2021,78.8,434791.243233855,H3C live AllCityOneInfo API snapshot matched to workbook; workbook_sha256=6C7ABE1A06917FBF9BEEE26C7462ED00557EA038A5374DFC0EDA9BEB240AB753; model-year semantics follow the user's explicit instruction that IndexYear is the DEI year,projects/empyrean-caster-430308-m2/assets/city; update_time=2024-10-08T06:01:06.845098Z; source/licence/reference-year unresolved; one static layer used for all years,projects/sat-io/open-datasets/npp-viirs-ntl band=b1,longntl_annual_native500m_positive_pixel_sum_v1,苏州,苏州市,156320500,unique_exact_or_prefix,H3C IndexYear paired to same LongNTL calendar year by user instruction
南通市,2021,70.2,165700.314469186,H3C live AllCityOneInfo API snapshot matched to workbook; workbook_sha256=6C7ABE1A06917FBF9BEEE26C7462ED00557EA038A5374DFC0EDA9BEB240AB753; model-year semantics follow the user's explicit instruction that IndexYear is the DEI year,projects/empyrean-caster-430308-m2/assets/city; update_time=2024-10-08T06:01:06.845098Z; source/licence/reference-year unresolved; one static layer used for all years,projects/sat-io/open-datasets/npp-viirs-ntl band=b1,longntl_annual_native500m_positive_pixel_sum_v1,南通,南通市,156320600,unique_exact_or_prefix,H3C IndexYear paired to same LongNTL calendar year by user instruction
连云港市,2021,67.3,61189.4197532514,H3C live AllCityOneInfo API snapshot matched to workbook; workbook_sha256=6C7ABE1A06917FBF9BEEE26C7462ED00557EA038A5374DFC0EDA9BEB240AB753; model-year semantics follow the user's explicit instruction that IndexYear is the DEI year,projects/empyrean-caster-430308-m2/assets/city; update_time=2024-10-08T06:01:06.845098Z; source/licence/reference-year unresolved; one static layer used for all years,projects/sat-io/open-datasets/npp-viirs-ntl band=b1,longntl_annual_native500m_positive_pixel_sum_v1,连云港,连云港市,156320700,unique_exact_or_prefix,H3C IndexYear paired to same LongNTL calendar year by user instruction
淮安市,2021,48.9,77411.1795567812,H3C live AllCityOneInfo API snapshot matched to workbook; workbook_sha256=6C7ABE1A06917FBF9BEEE26C7462ED00557EA038A5374DFC0EDA9BEB240AB753; model-year semantics follow the user's explicit instruction that IndexYear is the DEI year,projects/empyrean-caster-430308-m2/assets/city; update_time=2024-10-08T06:01:06.845098Z; source/licence/reference-year unresolved; one static layer used for all years,projects/sat-io/open-datasets/npp-viirs-ntl band=b1,longntl_annual_native500m_positive_pixel_sum_v1,淮安,淮安市,156320800,unique_exact_or_prefix,H3C IndexYear paired to same LongNTL calendar year by user instruction
盐城市,2021,64.7,125931.564161061,H3C live AllCityOneInfo API snapshot matched to workbook; workbook_sha256=6C7ABE1A06917FBF9BEEE26C7462ED00557EA038A5374DFC0EDA9BEB240AB753; model-year semantics follow the user's explicit instruction that IndexYear is the DEI year,projects/empyrean-caster-430308-m2/assets/city; update_time=2024-10-08T06:01:06.845098Z; source/licence/reference-year unresolved; one static layer used for all years,projects/sat-io/open-datasets/npp-viirs-ntl band=b1,longntl_annual_native500m_positive_pixel_sum_v1,盐城,盐城市,156320900,unique_exact_or_prefix,H3C IndexYear paired to same LongNTL calendar year by user instruction
扬州市,2021,66.6,100532.203003142,H3C live AllCityOneInfo API snapshot matched to workbook; workbook_sha256=6C7ABE1A06917FBF9BEEE26C7462ED00557EA038A5374DFC0EDA9BEB240AB753; model-year semantics follow the user's explicit instruction that IndexYear is the DEI year,projects/empyrean-caster-430308-m2/assets/city; update_time=2024-10-08T06:01:06.845098Z; source/licence/reference-year unresolved; one static layer used for all years,projects/sat-io/open-datasets/npp-viirs-ntl band=b1,longntl_annual_native500m_positive_pixel_sum_v1,扬州,扬州市,156321000,unique_exact_or_prefix,H3C IndexYear paired to same LongNTL calendar year by user instruction
镇江市,2021,67.2,83916.5831998536,H3C live AllCityOneInfo API snapshot matched to workbook; workbook_sha256=6C7ABE1A06917FBF9BEEE26C7462ED00557EA038A5374DFC0EDA9BEB240AB753; model-year semantics follow the user's explicit instruction that IndexYear is the DEI year,projects/empyrean-caster-430308-m2/assets/city; update_time=2024-10-08T06:01:06.845098Z; source/licence/reference-year unresolved; one static layer used for all years,projects/sat-io/open-datasets/npp-viirs-ntl band=b1,longntl_annual_native500m_positive_pixel_sum_v1,镇江,镇江市,156321100,unique_exact_or_prefix,H3C IndexYear paired to same LongNTL calendar year by user instruction
泰州市,2021,65.4,103494.167253102,H3C live AllCityOneInfo API snapshot matched to workbook; workbook_sha256=6C7ABE1A06917FBF9BEEE26C7462ED00557EA038A5374DFC0EDA9BEB240AB753; model-year semantics follow the user's explicit instruction that IndexYear is the DEI year,projects/empyrean-caster-430308-m2/assets/city; update_time=2024-10-08T06:01:06.845098Z; source/licence/reference-year unresolved; one static layer used for all years,projects/sat-io/open-datasets/npp-viirs-ntl band=b1,longntl_annual_native500m_positive_pixel_sum_v1,泰州,泰州市,156321200,unique_exact_or_prefix,H3C IndexYear paired to same LongNTL calendar year by user instruction
宿迁市,2021,58.3,68598.8936836892,H3C live AllCityOneInfo API snapshot matched to workbook; workbook_sha256=6C7ABE1A06917FBF9BEEE26C7462ED00557EA038A5374DFC0EDA9BEB240AB753; model-year semantics follow the user's explicit instruction that IndexYear is the DEI year,projects/empyrean-caster-430308-m2/assets/city; update_time=2024-10-08T06:01:06.845098Z; source/licence/reference-year unresolved; one static layer used for all years,projects/sat-io/open-datasets/npp-viirs-ntl band=b1,longntl_annual_native500m_positive_pixel_sum_v1,宿迁,宿迁市,156321300,unique_exact_or_prefix,H3C IndexYear paired to same LongNTL calendar year by user instruction
杭州市,2021,90,246909.065421824,H3C live AllCityOneInfo API snapshot matched to workbook; workbook_sha256=6C7ABE1A06917FBF9BEEE26C7462ED00557EA038A5374DFC0EDA9BEB240AB753; model-year semantics follow the user's explicit instruction that IndexYear is the DEI year,projects/empyrean-caster-430308-m2/assets/city; update_time=2024-10-08T06:01:06.845098Z; source/licence/reference-year unresolved; one static layer used for all years,projects/sat-io/open-datasets/npp-viirs-ntl band=b1,longntl_annual_native500m_positive_pixel_sum_v1,杭州,杭州市,156330100,unique_exact_or_prefix,H3C IndexYear paired to same LongNTL calendar year by user instruction
宁波市,2021,78.3,251525.643340662,H3C live AllCityOneInfo API snapshot matched to workbook; workbook_sha256=6C7ABE1A06917FBF9BEEE26C7462ED00557EA038A5374DFC0EDA9BEB240AB753; model-year semantics follow the user's explicit instruction that IndexYear is the DEI year,projects/empyrean-caster-430308-m2/assets/city; update_time=2024-10-08T06:01:06.845098Z; source/licence/reference-year unresolved; one static layer used for all years,projects/sat-io/open-datasets/npp-viirs-ntl band=b1,longntl_annual_native500m_positive_pixel_sum_v1,宁波,宁波市,156330200,unique_exact_or_prefix,H3C IndexYear paired to same LongNTL calendar year by user instruction
温州市,2021,68.6,156453.861736968,H3C live AllCityOneInfo API snapshot matched to workbook; workbook_sha256=6C7ABE1A06917FBF9BEEE26C7462ED00557EA038A5374DFC0EDA9BEB240AB753; model-year semantics follow the user's explicit instruction that IndexYear is the DEI year,projects/empyrean-caster-430308-m2/assets/city; update_time=2024-10-08T06:01:06.845098Z; source/licence/reference-year unresolved; one static layer used for all years,projects/sat-io/open-datasets/npp-viirs-ntl band=b1,longntl_annual_native500m_positive_pixel_sum_v1,温州,温州市,156330300,unique_exact_or_prefix,H3C IndexYear paired to same LongNTL calendar year by user instruction
嘉兴市,2021,67.4,156366.065431241,H3C live AllCityOneInfo API snapshot matched to workbook; workbook_sha256=6C7ABE1A06917FBF9BEEE26C7462ED00557EA038A5374DFC0EDA9BEB240AB753; model-year semantics follow the user's explicit instruction that IndexYear is the DEI year,projects/empyrean-caster-430308-m2/assets/city; update_time=2024-10-08T06:01:06.845098Z; source/licence/reference-year unresolved; one static layer used for all years,projects/sat-io/open-datasets/npp-viirs-ntl band=b1,longntl_annual_native500m_positive_pixel_sum_v1,嘉兴,嘉兴市,156330400,unique_exact_or_prefix,H3C IndexYear paired to same LongNTL calendar year by user instruction
湖州市,2021,60.7,94709.3398862235,H3C live AllCityOneInfo API snapshot matched to workbook; workbook_sha256=6C7ABE1A06917FBF9BEEE26C7462ED00557EA038A5374DFC0EDA9BEB240AB753; model-year semantics follow the user's explicit instruction that IndexYear is the DEI year,projects/empyrean-caster-430308-m2/assets/city; update_time=2024-10-08T06:01:06.845098Z; source/licence/reference-year unresolved; one static layer used for all years,projects/sat-io/open-datasets/npp-viirs-ntl band=b1,longntl_annual_native500m_positive_pixel_sum_v1,湖州,湖州市,156330500,unique_exact_or_prefix,H3C IndexYear paired to same LongNTL calendar year by user instruction
绍兴市,2021,65.7,108762.664152279,H3C live AllCityOneInfo API snapshot matched to workbook; workbook_sha256=6C7ABE1A06917FBF9BEEE26C7462ED00557EA038A5374DFC0EDA9BEB240AB753; model-year semantics follow the user's explicit instruction that IndexYear is the DEI year,projects/empyrean-caster-430308-m2/assets/city; update_time=2024-10-08T06:01:06.845098Z; source/licence/reference-year unresolved; one static layer used for all years,projects/sat-io/open-datasets/npp-viirs-ntl band=b1,longntl_annual_native500m_positive_pixel_sum_v1,绍兴,绍兴市,156330600,unique_exact_or_prefix,H3C IndexYear paired to same LongNTL calendar year by user instruction
金华市,2021,69.3,157666.448848597,H3C live AllCityOneInfo API snapshot matched to workbook; workbook_sha256=6C7ABE1A06917FBF9BEEE26C7462ED00557EA038A5374DFC0EDA9BEB240AB753; model-year semantics follow the user's explicit instruction that IndexYear is the DEI year,projects/empyrean-caster-430308-m2/assets/city; update_time=2024-10-08T06:01:06.845098Z; source/licence/reference-year unresolved; one static layer used for all years,projects/sat-io/open-datasets/npp-viirs-ntl band=b1,longntl_annual_native500m_positive_pixel_sum_v1,金华,金华市,156330700,unique_exact_or_prefix,H3C IndexYear paired to same LongNTL calendar year by user instruction
衢州市,2021,38.8,34850.9240048722,H3C live AllCityOneInfo API snapshot matched to workbook; workbook_sha256=6C7ABE1A06917FBF9BEEE26C7462ED00557EA038A5374DFC0EDA9BEB240AB753; model-year semantics follow the user's explicit instruction that IndexYear is the DEI year,projects/empyrean-caster-430308-m2/assets/city; update_time=2024-10-08T06:01:06.845098Z; source/licence/reference-year unresolved; one static layer used for all years,projects/sat-io/open-datasets/npp-viirs-ntl band=b1,longntl_annual_native500m_positive_pixel_sum_v1,衢州,衢州市,156330800,unique_exact_or_prefix,H3C IndexYear paired to same LongNTL calendar year by user instruction
舟山市,2021,38.1,26737.0632616179,H3C live AllCityOneInfo API snapshot matched to workbook; workbook_sha256=6C7ABE1A06917FBF9BEEE26C7462ED00557EA038A5374DFC0EDA9BEB240AB753; model-year semantics follow the user's explicit instruction that IndexYear is the DEI year,projects/empyrean-caster-430308-m2/assets/city; update_time=2024-10-08T06:01:06.845098Z; source/licence/reference-year unresolved; one static layer used for all years,projects/sat-io/open-datasets/npp-viirs-ntl band=b1,longntl_annual_native500m_positive_pixel_sum_v1,舟山,舟山市,156330900,unique_exact_or_prefix,H3C IndexYear paired to same LongNTL calendar year by user instruction
台州市,2021,66.4,113521.258339061,H3C live AllCityOneInfo API snapshot matched to workbook; workbook_sha256=6C7ABE1A06917FBF9BEEE26C7462ED00557EA038A5374DFC0EDA9BEB240AB753; model-year semantics follow the user's explicit instruction that IndexYear is the DEI year,projects/empyrean-caster-430308-m2/assets/city; update_time=2024-10-08T06:01:06.845098Z; source/licence/reference-year unresolved; one static layer used for all years,projects/sat-io/open-datasets/npp-viirs-ntl band=b1,longntl_annual_native500m_positive_pixel_sum_v1,台州,台州市,156331000,unique_exact_or_prefix,H3C IndexYear paired to same LongNTL calendar year by user instruction
丽水市,2021,44,35358.141913213,H3C live AllCityOneInfo API snapshot matched to workbook; workbook_sha256=6C7ABE1A06917FBF9BEEE26C7462ED00557EA038A5374DFC0EDA9BEB240AB753; model-year semantics follow the user's explicit instruction that IndexYear is the DEI year,projects/empyrean-caster-430308-m2/assets/city; update_time=2024-10-08T06:01:06.845098Z; source/licence/reference-year unresolved; one static layer used for all years,projects/sat-io/open-datasets/npp-viirs-ntl band=b1,longntl_annual_native500m_positive_pixel_sum_v1,丽水,丽水市,156331100,unique_exact_or_prefix,H3C IndexYear paired to same LongNTL calendar year by user instruction
合肥市,2021,74.7,190199.288004783,H3C live AllCityOneInfo API snapshot matched to workbook; workbook_sha256=6C7ABE1A06917FBF9BEEE26C7462ED00557EA038A5374DFC0EDA9BEB240AB753; model-year semantics follow the user's explicit instruction that IndexYear is the DEI year,projects/empyrean-caster-430308-m2/assets/city; update_time=2024-10-08T06:01:06.845098Z; source/licence/reference-year unresolved; one static layer used for all years,projects/sat-io/open-datasets/npp-viirs-ntl band=b1,longntl_annual_native500m_positive_pixel_sum_v1,合肥,合肥市,156340100,unique_exact_or_prefix,H3C IndexYear paired to same LongNTL calendar year by user instruction
芜湖市,2021,63.5,57007.2483506782,H3C live AllCityOneInfo API snapshot matched to workbook; workbook_sha256=6C7ABE1A06917FBF9BEEE26C7462ED00557EA038A5374DFC0EDA9BEB240AB753; model-year semantics follow the user's explicit instruction that IndexYear is the DEI year,projects/empyrean-caster-430308-m2/assets/city; update_time=2024-10-08T06:01:06.845098Z; source/licence/reference-year unresolved; one static layer used for all years,projects/sat-io/open-datasets/npp-viirs-ntl band=b1,longntl_annual_native500m_positive_pixel_sum_v1,芜湖,芜湖市,156340200,unique_exact_or_prefix,H3C IndexYear paired to same LongNTL calendar year by user instruction
蚌埠市,2021,50.5,39819.9198284444,H3C live AllCityOneInfo API snapshot matched to workbook; workbook_sha256=6C7ABE1A06917FBF9BEEE26C7462ED00557EA038A5374DFC0EDA9BEB240AB753; model-year semantics follow the user's explicit instruction that IndexYear is the DEI year,projects/empyrean-caster-430308-m2/assets/city; update_time=2024-10-08T06:01:06.845098Z; source/licence/reference-year unresolved; one static layer used for all years,projects/sat-io/open-datasets/npp-viirs-ntl band=b1,longntl_annual_native500m_positive_pixel_sum_v1,蚌埠,蚌埠市,156340300,unique_exact_or_prefix,H3C IndexYear paired to same LongNTL calendar year by user instruction
淮南市,2021,41.7,30954.8512721838,H3C live AllCityOneInfo API snapshot matched to workbook; workbook_sha256=6C7ABE1A06917FBF9BEEE26C7462ED00557EA038A5374DFC0EDA9BEB240AB753; model-year semantics follow the user's explicit instruction that IndexYear is the DEI year,projects/empyrean-caster-430308-m2/assets/city; update_time=2024-10-08T06:01:06.845098Z; source/licence/reference-year unresolved; one static layer used for all years,projects/sat-io/open-datasets/npp-viirs-ntl band=b1,longntl_annual_native500m_positive_pixel_sum_v1,淮南,淮南市,156340400,unique_exact_or_prefix,H3C IndexYear paired to same LongNTL calendar year by user instruction
马鞍山市,2021,53.7,38291.9151727906,H3C live AllCityOneInfo API snapshot matched to workbook; workbook_sha256=6C7ABE1A06917FBF9BEEE26C7462ED00557EA038A5374DFC0EDA9BEB240AB753; model-year semantics follow the user's explicit instruction that IndexYear is the DEI year,projects/empyrean-caster-430308-m2/assets/city; update_time=2024-10-08T06:01:06.845098Z; source/licence/reference-year unresolved; one static layer used for all years,projects/sat-io/open-datasets/npp-viirs-ntl band=b1,longntl_annual_native500m_positive_pixel_sum_v1,马鞍山,马鞍山市,156340500,unique_exact_or_prefix,H3C IndexYear paired to same LongNTL calendar year by user instruction
淮北市,2021,40.3,32258.5236034604,H3C live AllCityOneInfo API snapshot matched to workbook; workbook_sha256=6C7ABE1A06917FBF9BEEE26C7462ED00557EA038A5374DFC0EDA9BEB240AB753; model-year semantics follow the user's explicit instruction that IndexYear is the DEI year,projects/empyrean-caster-430308-m2/assets/city; update_time=2024-10-08T06:01:06.845098Z; source/licence/reference-year unresolved; one static layer used for all years,projects/sat-io/open-datasets/npp-viirs-ntl band=b1,longntl_annual_native500m_positive_pixel_sum_v1,淮北,淮北市,156340600,unique_exact_or_prefix,H3C IndexYear paired to same LongNTL calendar year by user instruction
铜陵市,2021,61,16088.4879536937,H3C live AllCityOneInfo API snapshot matched to workbook; workbook_sha256=6C7ABE1A06917FBF9BEEE26C7462ED00557EA038A5374DFC0EDA9BEB240AB753; model-year semantics follow the user's explicit instruction that IndexYear is the DEI year,projects/empyrean-caster-430308-m2/assets/city; update_time=2024-10-08T06:01:06.845098Z; source/licence/reference-year unresolved; one static layer used for all years,projects/sat-io/open-datasets/npp-viirs-ntl band=b1,longntl_annual_native500m_positive_pixel_sum_v1,铜陵,铜陵市,156340700,unique_exact_or_prefix,H3C IndexYear paired to same LongNTL calendar year by user instruction
安庆市,2021,47.7,38741.5838335374,H3C live AllCityOneInfo API snapshot matched to workbook; workbook_sha256=6C7ABE1A06917FBF9BEEE26C7462ED00557EA038A5374DFC0EDA9BEB240AB753; model-year semantics follow the user's explicit instruction that IndexYear is the DEI year,projects/empyrean-caster-430308-m2/assets/city; update_time=2024-10-08T06:01:06.845098Z; source/licence/reference-year unresolved; one static layer used for all years,projects/sat-io/open-datasets/npp-viirs-ntl band=b1,longntl_annual_native500m_positive_pixel_sum_v1,安庆,安庆市,156340800,unique_exact_or_prefix,H3C IndexYear paired to same LongNTL calendar year by user instruction
黄山市,2021,45.1,6220.12188270653,H3C live AllCityOneInfo API snapshot matched to workbook; workbook_sha256=6C7ABE1A06917FBF9BEEE26C7462ED00557EA038A5374DFC0EDA9BEB240AB753; model-year semantics follow the user's explicit instruction that IndexYear is the DEI year,projects/empyrean-caster-430308-m2/assets/city; update_time=2024-10-08T06:01:06.845098Z; source/licence/reference-year unresolved; one static layer used for all years,projects/sat-io/open-datasets/npp-viirs-ntl band=b1,longntl_annual_native500m_positive_pixel_sum_v1,黄山,黄山市,156341000,unique_exact_or_prefix,H3C IndexYear paired to same LongNTL calendar year by user instruction
滁州市,2021,50.7,77026.3769013396,H3C live AllCityOneInfo API snapshot matched to workbook; workbook_sha256=6C7ABE1A06917FBF9BEEE26C7462ED00557EA038A5374DFC0EDA9BEB240AB753; model-year semantics follow the user's explicit instruction that IndexYear is the DEI year,projects/empyrean-caster-430308-m2/assets/city; update_time=2024-10-08T06:01:06.845098Z; source/licence/reference-year unresolved; one static layer used for all years,projects/sat-io/open-datasets/npp-viirs-ntl band=b1,longntl_annual_native500m_positive_pixel_sum_v1,滁州,滁州市,156341100,unique_exact_or_prefix,H3C IndexYear paired to same LongNTL calendar year by user instruction
阜阳市,2021,49.8,85003.1177143041,H3C live AllCityOneInfo API snapshot matched to workbook; workbook_sha256=6C7ABE1A06917FBF9BEEE26C7462ED00557EA038A5374DFC0EDA9BEB240AB753; model-year semantics follow the user's explicit instruction that IndexYear is the DEI year,projects/empyrean-caster-430308-m2/assets/city; update_time=2024-10-08T06:01:06.845098Z; source/licence/reference-year unresolved; one static layer used for all years,projects/sat-io/open-datasets/npp-viirs-ntl band=b1,longntl_annual_native500m_positive_pixel_sum_v1,阜阳,阜阳市,156341200,unique_exact_or_prefix,H3C IndexYear paired to same LongNTL calendar year by user instruction
宿州市,2021,44.9,47911.8976849299,H3C live AllCityOneInfo API snapshot matched to workbook; workbook_sha256=6C7ABE1A06917FBF9BEEE26C7462ED00557EA038A5374DFC0EDA9BEB240AB753; model-year semantics follow the user's explicit instruction that IndexYear is the DEI year,projects/empyrean-caster-430308-m2/assets/city; update_time=2024-10-08T06:01:06.845098Z; source/licence/reference-year unresolved; one static layer used for all years,projects/sat-io/open-datasets/npp-viirs-ntl band=b1,longntl_annual_native500m_positive_pixel_sum_v1,宿州,宿州市,156341300,unique_exact_or_prefix,H3C IndexYear paired to same LongNTL calendar year by user instruction
六安市,2021,42.2,50347.0026015721,H3C live AllCityOneInfo API snapshot matched to workbook; workbook_sha256=6C7ABE1A06917FBF9BEEE26C7462ED00557EA038A5374DFC0EDA9BEB240AB753; model-year semantics follow the user's explicit instruction that IndexYear is the DEI year,projects/empyrean-caster-430308-m2/assets/city; update_time=2024-10-08T06:01:06.845098Z; source/licence/reference-year unresolved; one static layer used for all years,projects/sat-io/open-datasets/npp-viirs-ntl band=b1,longntl_annual_native500m_positive_pixel_sum_v1,六安,六安市,156341500,unique_exact_or_prefix,H3C IndexYear paired to same LongNTL calendar year by user instruction
亳州市,2021,41.9,44828.1431205394,H3C live AllCityOneInfo API snapshot matched to workbook; workbook_sha256=6C7ABE1A06917FBF9BEEE26C7462ED00557EA038A5374DFC0EDA9BEB240AB753; model-year semantics follow the user's explicit instruction that IndexYear is the DEI year,projects/empyrean-caster-430308-m2/assets/city; update_time=2024-10-08T06:01:06.845098Z; source/licence/reference-year unresolved; one static layer used for all years,projects/sat-io/open-datasets/npp-viirs-ntl band=b1,longntl_annual_native500m_positive_pixel_sum_v1,亳州,亳州市,156341600,unique_exact_or_prefix,H3C IndexYear paired to same LongNTL calendar year by user instruction
池州市,2021,41.1,11478.9933565271,H3C live AllCityOneInfo API snapshot matched to workbook; workbook_sha256=6C7ABE1A06917FBF9BEEE26C7462ED00557EA038A5374DFC0EDA9BEB240AB753; model-year semantics follow the user's explicit instruction that IndexYear is the DEI year,projects/empyrean-caster-430308-m2/assets/city; update_time=2024-10-08T06:01:06.845098Z; source/licence/reference-year unresolved; one static layer used for all years,projects/sat-io/open-datasets/npp-viirs-ntl band=b1,longntl_annual_native500m_positive_pixel_sum_v1,池州,池州市,156341700,unique_exact_or_prefix,H3C IndexYear paired to same LongNTL calendar year by user instruction
宣城市,2021,41.8,28243.1813126798,H3C live AllCityOneInfo API snapshot matched to workbook; workbook_sha256=6C7ABE1A06917FBF9BEEE26C7462ED00557EA038A5374DFC0EDA9BEB240AB753; model-year semantics follow the user's explicit instruction that IndexYear is the DEI year,projects/empyrean-caster-430308-m2/assets/city; update_time=2024-10-08T06:01:06.845098Z; source/licence/reference-year unresolved; one static layer used for all years,projects/sat-io/open-datasets/npp-viirs-ntl band=b1,longntl_annual_native500m_positive_pixel_sum_v1,宣城,宣城市,156341800,unique_exact_or_prefix,H3C IndexYear paired to same LongNTL calendar year by user instruction
福州市,2021,73.6,141980.699546867,H3C live AllCityOneInfo API snapshot matched to workbook; workbook_sha256=6C7ABE1A06917FBF9BEEE26C7462ED00557EA038A5374DFC0EDA9BEB240AB753; model-year semantics follow the user's explicit instruction that IndexYear is the DEI year,projects/empyrean-caster-430308-m2/assets/city; update_time=2024-10-08T06:01:06.845098Z; source/licence/reference-year unresolved; one static layer used for all years,projects/sat-io/open-datasets/npp-viirs-ntl band=b1,longntl_annual_native500m_positive_pixel_sum_v1,福州,福州市,156350100,unique_exact_or_prefix,H3C IndexYear paired to same LongNTL calendar year by user instruction
厦门市,2021,72.6,98015.342922422,H3C live AllCityOneInfo API snapshot matched to workbook; workbook_sha256=6C7ABE1A06917FBF9BEEE26C7462ED00557EA038A5374DFC0EDA9BEB240AB753; model-year semantics follow the user's explicit instruction that IndexYear is the DEI year,projects/empyrean-caster-430308-m2/assets/city; update_time=2024-10-08T06:01:06.845098Z; source/licence/reference-year unresolved; one static layer used for all years,projects/sat-io/open-datasets/npp-viirs-ntl band=b1,longntl_annual_native500m_positive_pixel_sum_v1,厦门,厦门市,156350200,unique_exact_or_prefix,H3C IndexYear paired to same LongNTL calendar year by user instruction
莆田市,2021,50.8,53042.6527371818,H3C live AllCityOneInfo API snapshot matched to workbook; workbook_sha256=6C7ABE1A06917FBF9BEEE26C7462ED00557EA038A5374DFC0EDA9BEB240AB753; model-year semantics follow the user's explicit instruction that IndexYear is the DEI year,projects/empyrean-caster-430308-m2/assets/city; update_time=2024-10-08T06:01:06.845098Z; source/licence/reference-year unresolved; one static layer used for all years,projects/sat-io/open-datasets/npp-viirs-ntl band=b1,longntl_annual_native500m_positive_pixel_sum_v1,莆田,莆田市,156350300,unique_exact_or_prefix,H3C IndexYear paired to same LongNTL calendar year by user instruction
三明市,2021,51,25613.2932004961,H3C live AllCityOneInfo API snapshot matched to workbook; workbook_sha256=6C7ABE1A06917FBF9BEEE26C7462ED00557EA038A5374DFC0EDA9BEB240AB753; model-year semantics follow the user's explicit instruction that IndexYear is the DEI year,projects/empyrean-caster-430308-m2/assets/city; update_time=2024-10-08T06:01:06.845098Z; source/licence/reference-year unresolved; one static layer used for all years,projects/sat-io/open-datasets/npp-viirs-ntl band=b1,longntl_annual_native500m_positive_pixel_sum_v1,三明,三明市,156350400,unique_exact_or_prefix,H3C IndexYear paired to same LongNTL calendar year by user instruction
泉州市,2021,68.2,175367.083734523,H3C live AllCityOneInfo API snapshot matched to workbook; workbook_sha256=6C7ABE1A06917FBF9BEEE26C7462ED00557EA038A5374DFC0EDA9BEB240AB753; model-year semantics follow the user's explicit instruction that IndexYear is the DEI year,projects/empyrean-caster-430308-m2/assets/city; update_time=2024-10-08T06:01:06.845098Z; source/licence/reference-year unresolved; one static layer used for all years,projects/sat-io/open-datasets/npp-viirs-ntl band=b1,longntl_annual_native500m_positive_pixel_sum_v1,泉州,泉州市,156350500,unique_exact_or_prefix,H3C IndexYear paired to same LongNTL calendar year by user instruction
漳州市,2021,62.9,113507.377310642,H3C live AllCityOneInfo API snapshot matched to workbook; workbook_sha256=6C7ABE1A06917FBF9BEEE26C7462ED00557EA038A5374DFC0EDA9BEB240AB753; model-year semantics follow the user's explicit instruction that IndexYear is the DEI year,projects/empyrean-caster-430308-m2/assets/city; update_time=2024-10-08T06:01:06.845098Z; source/licence/reference-year unresolved; one static layer used for all years,projects/sat-io/open-datasets/npp-viirs-ntl band=b1,longntl_annual_native500m_positive_pixel_sum_v1,漳州,漳州市,156350600,unique_exact_or_prefix,H3C IndexYear paired to same LongNTL calendar year by user instruction
南平市,2021,49.1,32485.9192285561,H3C live AllCityOneInfo API snapshot matched to workbook; workbook_sha256=6C7ABE1A06917FBF9BEEE26C7462ED00557EA038A5374DFC0EDA9BEB240AB753; model-year semantics follow the user's explicit instruction that IndexYear is the DEI year,projects/empyrean-caster-430308-m2/assets/city; update_time=2024-10-08T06:01:06.845098Z; source/licence/reference-year unresolved; one static layer used for all years,projects/sat-io/open-datasets/npp-viirs-ntl band=b1,longntl_annual_native500m_positive_pixel_sum_v1,南平,南平市,156350700,unique_exact_or_prefix,H3C IndexYear paired to same LongNTL calendar year by user instruction
龙岩市,2021,51.6,35616.4943107315,H3C live AllCityOneInfo API snapshot matched to workbook; workbook_sha256=6C7ABE1A06917FBF9BEEE26C7462ED00557EA038A5374DFC0EDA9BEB240AB753; model-year semantics follow the user's explicit instruction that IndexYear is the DEI year,projects/empyrean-caster-430308-m2/assets/city; update_time=2024-10-08T06:01:06.845098Z; source/licence/reference-year unresolved; one static layer used for all years,projects/sat-io/open-datasets/npp-viirs-ntl band=b1,longntl_annual_native500m_positive_pixel_sum_v1,龙岩,龙岩市,156350800,unique_exact_or_prefix,H3C IndexYear paired to same LongNTL calendar year by user instruction
宁德市,2021,49.9,43040.6899274541,H3C live AllCityOneInfo API snapshot matched to workbook; workbook_sha256=6C7ABE1A06917FBF9BEEE26C7462ED00557EA038A5374DFC0EDA9BEB240AB753; model-year semantics follow the user's explicit instruction that IndexYear is the DEI year,projects/empyrean-caster-430308-m2/assets/city; update_time=2024-10-08T06:01:06.845098Z; source/licence/reference-year unresolved; one static layer used for all years,projects/sat-io/open-datasets/npp-viirs-ntl band=b1,longntl_annual_native500m_positive_pixel_sum_v1,宁德,宁德市,156350900,unique_exact_or_prefix,H3C IndexYear paired to same LongNTL calendar year by user instruction
南昌市,2021,69.7,92388.4632570276,H3C live AllCityOneInfo API snapshot matched to workbook; workbook_sha256=6C7ABE1A06917FBF9BEEE26C7462ED00557EA038A5374DFC0EDA9BEB240AB753; model-year semantics follow the user's explicit instruction that IndexYear is the DEI year,projects/empyrean-caster-430308-m2/assets/city; update_time=2024-10-08T06:01:06.845098Z; source/licence/reference-year unresolved; one static layer used for all years,projects/sat-io/open-datasets/npp-viirs-ntl band=b1,longntl_annual_native500m_positive_pixel_sum_v1,南昌,南昌市,156360100,unique_exact_or_prefix,H3C IndexYear paired to same LongNTL calendar year by user instruction
九江市,2021,52.3,40692.7044555921,H3C live AllCityOneInfo API snapshot matched to workbook; workbook_sha256=6C7ABE1A06917FBF9BEEE26C7462ED00557EA038A5374DFC0EDA9BEB240AB753; model-year semantics follow the user's explicit instruction that IndexYear is the DEI year,projects/empyrean-caster-430308-m2/assets/city; update_time=2024-10-08T06:01:06.845098Z; source/licence/reference-year unresolved; one static layer used for all years,projects/sat-io/open-datasets/npp-viirs-ntl band=b1,longntl_annual_native500m_positive_pixel_sum_v1,九江,九江市,156360400,unique_exact_or_prefix,H3C IndexYear paired to same LongNTL calendar year by user instruction
赣州市,2021,54.5,64203.3141939196,H3C live AllCityOneInfo API snapshot matched to workbook; workbook_sha256=6C7ABE1A06917FBF9BEEE26C7462ED00557EA038A5374DFC0EDA9BEB240AB753; model-year semantics follow the user's explicit instruction that IndexYear is the DEI year,projects/empyrean-caster-430308-m2/assets/city; update_time=2024-10-08T06:01:06.845098Z; source/licence/reference-year unresolved; one static layer used for all years,projects/sat-io/open-datasets/npp-viirs-ntl band=b1,longntl_annual_native500m_positive_pixel_sum_v1,赣州,赣州市,156360700,unique_exact_or_prefix,H3C IndexYear paired to same LongNTL calendar year by user instruction
吉安市,2021,45.4,20691.0093231678,H3C live AllCityOneInfo API snapshot matched to workbook; workbook_sha256=6C7ABE1A06917FBF9BEEE26C7462ED00557EA038A5374DFC0EDA9BEB240AB753; model-year semantics follow the user's explicit instruction that IndexYear is the DEI year,projects/empyrean-caster-430308-m2/assets/city; update_time=2024-10-08T06:01:06.845098Z; source/licence/reference-year unresolved; one static layer used for all years,projects/sat-io/open-datasets/npp-viirs-ntl band=b1,longntl_annual_native500m_positive_pixel_sum_v1,吉安,吉安市,156360800,unique_exact_or_prefix,H3C IndexYear paired to same LongNTL calendar year by user instruction
宜春市,2021,46.8,37295.4069756508,H3C live AllCityOneInfo API snapshot matched to workbook; workbook_sha256=6C7ABE1A06917FBF9BEEE26C7462ED00557EA038A5374DFC0EDA9BEB240AB753; model-year semantics follow the user's explicit instruction that IndexYear is the DEI year,projects/empyrean-caster-430308-m2/assets/city; update_time=2024-10-08T06:01:06.845098Z; source/licence/reference-year unresolved; one static layer used for all years,projects/sat-io/open-datasets/npp-viirs-ntl band=b1,longntl_annual_native500m_positive_pixel_sum_v1,宜春,宜春市,156360900,unique_exact_or_prefix,H3C IndexYear paired to same LongNTL calendar year by user instruction
抚州市,2021,40.4,23487.3325959304,H3C live AllCityOneInfo API snapshot matched to workbook; workbook_sha256=6C7ABE1A06917FBF9BEEE26C7462ED00557EA038A5374DFC0EDA9BEB240AB753; model-year semantics follow the user's explicit instruction that IndexYear is the DEI year,projects/empyrean-caster-430308-m2/assets/city; update_time=2024-10-08T06:01:06.845098Z; source/licence/reference-year unresolved; one static layer used for all years,projects/sat-io/open-datasets/npp-viirs-ntl band=b1,longntl_annual_native500m_positive_pixel_sum_v1,抚州,抚州市,156361000,unique_exact_or_prefix,H3C IndexYear paired to same LongNTL calendar year by user instruction
上饶市,2021,45.8,32424.9968166248,H3C live AllCityOneInfo API snapshot matched to workbook; workbook_sha256=6C7ABE1A06917FBF9BEEE26C7462ED00557EA038A5374DFC0EDA9BEB240AB753; model-year semantics follow the user's explicit instruction that IndexYear is the DEI year,projects/empyrean-caster-430308-m2/assets/city; update_time=2024-10-08T06:01:06.845098Z; source/licence/reference-year unresolved; one static layer used for all years,projects/sat-io/open-datasets/npp-viirs-ntl band=b1,longntl_annual_native500m_positive_pixel_sum_v1,上饶,上饶市,156361100,unique_exact_or_prefix,H3C IndexYear paired to same LongNTL calendar year by user instruction
济南市,2021,74.5,157215.566874388,H3C live AllCityOneInfo API snapshot matched to workbook; workbook_sha256=6C7ABE1A06917FBF9BEEE26C7462ED00557EA038A5374DFC0EDA9BEB240AB753; model-year semantics follow the user's explicit instruction that IndexYear is the DEI year,projects/empyrean-caster-430308-m2/assets/city; update_time=2024-10-08T06:01:06.845098Z; source/licence/reference-year unresolved; one static layer used for all years,projects/sat-io/open-datasets/npp-viirs-ntl band=b1,longntl_annual_native500m_positive_pixel_sum_v1,济南,济南市,156370100,unique_exact_or_prefix,H3C IndexYear paired to same LongNTL calendar year by user instruction
青岛市,2021,73.9,191322.750958033,H3C live AllCityOneInfo API snapshot matched to workbook; workbook_sha256=6C7ABE1A06917FBF9BEEE26C7462ED00557EA038A5374DFC0EDA9BEB240AB753; model-year semantics follow the user's explicit instruction that IndexYear is the DEI year,projects/empyrean-caster-430308-m2/assets/city; update_time=2024-10-08T06:01:06.845098Z; source/licence/reference-year unresolved; one static layer used for all years,projects/sat-io/open-datasets/npp-viirs-ntl band=b1,longntl_annual_native500m_positive_pixel_sum_v1,青岛,青岛市,156370200,unique_exact_or_prefix,H3C IndexYear paired to same LongNTL calendar year by user instruction
淄博市,2021,65.8,79238.146029241,H3C live AllCityOneInfo API snapshot matched to workbook; workbook_sha256=6C7ABE1A06917FBF9BEEE26C7462ED00557EA038A5374DFC0EDA9BEB240AB753; model-year semantics follow the user's explicit instruction that IndexYear is the DEI year,projects/empyrean-caster-430308-m2/assets/city; update_time=2024-10-08T06:01:06.845098Z; source/licence/reference-year unresolved; one static layer used for all years,projects/sat-io/open-datasets/npp-viirs-ntl band=b1,longntl_annual_native500m_positive_pixel_sum_v1,淄博,淄博市,156370300,unique_exact_or_prefix,H3C IndexYear paired to same LongNTL calendar year by user instruction
枣庄市,2021,48.7,39022.9265246821,H3C live AllCityOneInfo API snapshot matched to workbook; workbook_sha256=6C7ABE1A06917FBF9BEEE26C7462ED00557EA038A5374DFC0EDA9BEB240AB753; model-year semantics follow the user's explicit instruction that IndexYear is the DEI year,projects/empyrean-caster-430308-m2/assets/city; update_time=2024-10-08T06:01:06.845098Z; source/licence/reference-year unresolved; one static layer used for all years,projects/sat-io/open-datasets/npp-viirs-ntl band=b1,longntl_annual_native500m_positive_pixel_sum_v1,枣庄,枣庄市,156370400,unique_exact_or_prefix,H3C IndexYear paired to same LongNTL calendar year by user instruction
东营市,2021,61.4,73092.4316511206,H3C live AllCityOneInfo API snapshot matched to workbook; workbook_sha256=6C7ABE1A06917FBF9BEEE26C7462ED00557EA038A5374DFC0EDA9BEB240AB753; model-year semantics follow the user's explicit instruction that IndexYear is the DEI year,projects/empyrean-caster-430308-m2/assets/city; update_time=2024-10-08T06:01:06.845098Z; source/licence/reference-year unresolved; one static layer used for all years,projects/sat-io/open-datasets/npp-viirs-ntl band=b1,longntl_annual_native500m_positive_pixel_sum_v1,东营,东营市,156370500,unique_exact_or_prefix,H3C IndexYear paired to same LongNTL calendar year by user instruction
烟台市,2021,72.9,107936.086643823,H3C live AllCityOneInfo API snapshot matched to workbook; workbook_sha256=6C7ABE1A06917FBF9BEEE26C7462ED00557EA038A5374DFC0EDA9BEB240AB753; model-year semantics follow the user's explicit instruction that IndexYear is the DEI year,projects/empyrean-caster-430308-m2/assets/city; update_time=2024-10-08T06:01:06.845098Z; source/licence/reference-year unresolved; one static layer used for all years,projects/sat-io/open-datasets/npp-viirs-ntl band=b1,longntl_annual_native500m_positive_pixel_sum_v1,烟台,烟台市,156370600,unique_exact_or_prefix,H3C IndexYear paired to same LongNTL calendar year by user instruction
潍坊市,2021,69.5,145814.38571389,H3C live AllCityOneInfo API snapshot matched to workbook; workbook_sha256=6C7ABE1A06917FBF9BEEE26C7462ED00557EA038A5374DFC0EDA9BEB240AB753; model-year semantics follow the user's explicit instruction that IndexYear is the DEI year,projects/empyrean-caster-430308-m2/assets/city; update_time=2024-10-08T06:01:06.845098Z; source/licence/reference-year unresolved; one static layer used for all years,projects/sat-io/open-datasets/npp-viirs-ntl band=b1,longntl_annual_native500m_positive_pixel_sum_v1,潍坊,潍坊市,156370700,unique_exact_or_prefix,H3C IndexYear paired to same LongNTL calendar year by user instruction
济宁市,2021,57.6,90536.1240118672,H3C live AllCityOneInfo API snapshot matched to workbook; workbook_sha256=6C7ABE1A06917FBF9BEEE26C7462ED00557EA038A5374DFC0EDA9BEB240AB753; model-year semantics follow the user's explicit instruction that IndexYear is the DEI year,projects/empyrean-caster-430308-m2/assets/city; update_time=2024-10-08T06:01:06.845098Z; source/licence/reference-year unresolved; one static layer used for all years,projects/sat-io/open-datasets/npp-viirs-ntl band=b1,longntl_annual_native500m_positive_pixel_sum_v1,济宁,济宁市,156370800,unique_exact_or_prefix,H3C IndexYear paired to same LongNTL calendar year by user instruction
泰安市,2021,52.2,58734.5991292131,H3C live AllCityOneInfo API snapshot matched to workbook; workbook_sha256=6C7ABE1A06917FBF9BEEE26C7462ED00557EA038A5374DFC0EDA9BEB240AB753; model-year semantics follow the user's explicit instruction that IndexYear is the DEI year,projects/empyrean-caster-430308-m2/assets/city; update_time=2024-10-08T06:01:06.845098Z; source/licence/reference-year unresolved; one static layer used for all years,projects/sat-io/open-datasets/npp-viirs-ntl band=b1,longntl_annual_native500m_positive_pixel_sum_v1,泰安,泰安市,156370900,unique_exact_or_prefix,H3C IndexYear paired to same LongNTL calendar year by user instruction
威海市,2021,66.1,50504.5361539074,H3C live AllCityOneInfo API snapshot matched to workbook; workbook_sha256=6C7ABE1A06917FBF9BEEE26C7462ED00557EA038A5374DFC0EDA9BEB240AB753; model-year semantics follow the user's explicit instruction that IndexYear is the DEI year,projects/empyrean-caster-430308-m2/assets/city; update_time=2024-10-08T06:01:06.845098Z; source/licence/reference-year unresolved; one static layer used for all years,projects/sat-io/open-datasets/npp-viirs-ntl band=b1,longntl_annual_native500m_positive_pixel_sum_v1,威海,威海市,156371000,unique_exact_or_prefix,H3C IndexYear paired to same LongNTL calendar year by user instruction
日照市,2021,49.5,36028.8034235047,H3C live AllCityOneInfo API snapshot matched to workbook; workbook_sha256=6C7ABE1A06917FBF9BEEE26C7462ED00557EA038A5374DFC0EDA9BEB240AB753; model-year semantics follow the user's explicit instruction that IndexYear is the DEI year,projects/empyrean-caster-430308-m2/assets/city; update_time=2024-10-08T06:01:06.845098Z; source/licence/reference-year unresolved; one static layer used for all years,projects/sat-io/open-datasets/npp-viirs-ntl band=b1,longntl_annual_native500m_positive_pixel_sum_v1,日照,日照市,156371100,unique_exact_or_prefix,H3C IndexYear paired to same LongNTL calendar year by user instruction
临沂市,2021,63.7,136758.247350294,H3C live AllCityOneInfo API snapshot matched to workbook; workbook_sha256=6C7ABE1A06917FBF9BEEE26C7462ED00557EA038A5374DFC0EDA9BEB240AB753; model-year semantics follow the user's explicit instruction that IndexYear is the DEI year,projects/empyrean-caster-430308-m2/assets/city; update_time=2024-10-08T06:01:06.845098Z; source/licence/reference-year unresolved; one static layer used for all years,projects/sat-io/open-datasets/npp-viirs-ntl band=b1,longntl_annual_native500m_positive_pixel_sum_v1,临沂,临沂市,156371300,unique_exact_or_prefix,H3C IndexYear paired to same LongNTL calendar year by user instruction
德州市,2021,59.7,58339.1104881609,H3C live AllCityOneInfo API snapshot matched to workbook; workbook_sha256=6C7ABE1A06917FBF9BEEE26C7462ED00557EA038A5374DFC0EDA9BEB240AB753; model-year semantics follow the user's explicit instruction that IndexYear is the DEI year,projects/empyrean-caster-430308-m2/assets/city; update_time=2024-10-08T06:01:06.845098Z; source/licence/reference-year unresolved; one static layer used for all years,projects/sat-io/open-datasets/npp-viirs-ntl band=b1,longntl_annual_native500m_positive_pixel_sum_v1,德州,德州市,156371400,unique_exact_or_prefix,H3C IndexYear paired to same LongNTL calendar year by user instruction
聊城市,2021,40.4,59097.0109469386,H3C live AllCityOneInfo API snapshot matched to workbook; workbook_sha256=6C7ABE1A06917FBF9BEEE26C7462ED00557EA038A5374DFC0EDA9BEB240AB753; model-year semantics follow the user's explicit instruction that IndexYear is the DEI year,projects/empyrean-caster-430308-m2/assets/city; update_time=2024-10-08T06:01:06.845098Z; source/licence/reference-year unresolved; one static layer used for all years,projects/sat-io/open-datasets/npp-viirs-ntl band=b1,longntl_annual_native500m_positive_pixel_sum_v1,聊城,聊城市,156371500,unique_exact_or_prefix,H3C IndexYear paired to same LongNTL calendar year by user instruction
滨州市,2021,62.3,70100.4275888307,H3C live AllCityOneInfo API snapshot matched to workbook; workbook_sha256=6C7ABE1A06917FBF9BEEE26C7462ED00557EA038A5374DFC0EDA9BEB240AB753; model-year semantics follow the user's explicit instruction that IndexYear is the DEI year,projects/empyrean-caster-430308-m2/assets/city; update_time=2024-10-08T06:01:06.845098Z; source/licence/reference-year unresolved; one static layer used for all years,projects/sat-io/open-datasets/npp-viirs-ntl band=b1,longntl_annual_native500m_positive_pixel_sum_v1,滨州,滨州市,156371600,unique_exact_or_prefix,H3C IndexYear paired to same LongNTL calendar year by user instruction
菏泽市,2021,57.4,83920.5610297348,H3C live AllCityOneInfo API snapshot matched to workbook; workbook_sha256=6C7ABE1A06917FBF9BEEE26C7462ED00557EA038A5374DFC0EDA9BEB240AB753; model-year semantics follow the user's explicit instruction that IndexYear is the DEI year,projects/empyrean-caster-430308-m2/assets/city; update_time=2024-10-08T06:01:06.845098Z; source/licence/reference-year unresolved; one static layer used for all years,projects/sat-io/open-datasets/npp-viirs-ntl band=b1,longntl_annual_native500m_positive_pixel_sum_v1,菏泽,菏泽市,156371700,unique_exact_or_prefix,H3C IndexYear paired to same LongNTL calendar year by user instruction
郑州市,2021,75.7,201904.733204541,H3C live AllCityOneInfo API snapshot matched to workbook; workbook_sha256=6C7ABE1A06917FBF9BEEE26C7462ED00557EA038A5374DFC0EDA9BEB240AB753; model-year semantics follow the user's explicit instruction that IndexYear is the DEI year,projects/empyrean-caster-430308-m2/assets/city; update_time=2024-10-08T06:01:06.845098Z; source/licence/reference-year unresolved; one static layer used for all years,projects/sat-io/open-datasets/npp-viirs-ntl band=b1,longntl_annual_native500m_positive_pixel_sum_v1,郑州,郑州市,156410100,unique_exact_or_prefix,H3C IndexYear paired to same LongNTL calendar year by user instruction
开封市,2021,59.5,47161.5715738577,H3C live AllCityOneInfo API snapshot matched to workbook; workbook_sha256=6C7ABE1A06917FBF9BEEE26C7462ED00557EA038A5374DFC0EDA9BEB240AB753; model-year semantics follow the user's explicit instruction that IndexYear is the DEI year,projects/empyrean-caster-430308-m2/assets/city; update_time=2024-10-08T06:01:06.845098Z; source/licence/reference-year unresolved; one static layer used for all years,projects/sat-io/open-datasets/npp-viirs-ntl band=b1,longntl_annual_native500m_positive_pixel_sum_v1,开封,开封市,156410200,unique_exact_or_prefix,H3C IndexYear paired to same LongNTL calendar year by user instruction
洛阳市,2021,60.3,89952.9361864983,H3C live AllCityOneInfo API snapshot matched to workbook; workbook_sha256=6C7ABE1A06917FBF9BEEE26C7462ED00557EA038A5374DFC0EDA9BEB240AB753; model-year semantics follow the user's explicit instruction that IndexYear is the DEI year,projects/empyrean-caster-430308-m2/assets/city; update_time=2024-10-08T06:01:06.845098Z; source/licence/reference-year unresolved; one static layer used for all years,projects/sat-io/open-datasets/npp-viirs-ntl band=b1,longntl_annual_native500m_positive_pixel_sum_v1,洛阳,洛阳市,156410300,unique_exact_or_prefix,H3C IndexYear paired to same LongNTL calendar year by user instruction
平顶山市,2021,51.6,41907.9612679631,H3C live AllCityOneInfo API snapshot matched to workbook; workbook_sha256=6C7ABE1A06917FBF9BEEE26C7462ED00557EA038A5374DFC0EDA9BEB240AB753; model-year semantics follow the user's explicit instruction that IndexYear is the DEI year,projects/empyrean-caster-430308-m2/assets/city; update_time=2024-10-08T06:01:06.845098Z; source/licence/reference-year unresolved; one static layer used for all years,projects/sat-io/open-datasets/npp-viirs-ntl band=b1,longntl_annual_native500m_positive_pixel_sum_v1,平顶山,平顶山市,156410400,unique_exact_or_prefix,H3C IndexYear paired to same LongNTL calendar year by user instruction
安阳市,2021,46.7,53910.1084069495,H3C live AllCityOneInfo API snapshot matched to workbook; workbook_sha256=6C7ABE1A06917FBF9BEEE26C7462ED00557EA038A5374DFC0EDA9BEB240AB753; model-year semantics follow the user's explicit instruction that IndexYear is the DEI year,projects/empyrean-caster-430308-m2/assets/city; update_time=2024-10-08T06:01:06.845098Z; source/licence/reference-year unresolved; one static layer used for all years,projects/sat-io/open-datasets/npp-viirs-ntl band=b1,longntl_annual_native500m_positive_pixel_sum_v1,安阳,安阳市,156410500,unique_exact_or_prefix,H3C IndexYear paired to same LongNTL calendar year by user instruction
鹤壁市,2021,42.1,18969.2618448159,H3C live AllCityOneInfo API snapshot matched to workbook; workbook_sha256=6C7ABE1A06917FBF9BEEE26C7462ED00557EA038A5374DFC0EDA9BEB240AB753; model-year semantics follow the user's explicit instruction that IndexYear is the DEI year,projects/empyrean-caster-430308-m2/assets/city; update_time=2024-10-08T06:01:06.845098Z; source/licence/reference-year unresolved; one static layer used for all years,projects/sat-io/open-datasets/npp-viirs-ntl band=b1,longntl_annual_native500m_positive_pixel_sum_v1,鹤壁,鹤壁市,156410600,unique_exact_or_prefix,H3C IndexYear paired to same LongNTL calendar year by user instruction
新乡市,2021,49.3,65206.9677547894,H3C live AllCityOneInfo API snapshot matched to workbook; workbook_sha256=6C7ABE1A06917FBF9BEEE26C7462ED00557EA038A5374DFC0EDA9BEB240AB753; model-year semantics follow the user's explicit instruction that IndexYear is the DEI year,projects/empyrean-caster-430308-m2/assets/city; update_time=2024-10-08T06:01:06.845098Z; source/licence/reference-year unresolved; one static layer used for all years,projects/sat-io/open-datasets/npp-viirs-ntl band=b1,longntl_annual_native500m_positive_pixel_sum_v1,新乡,新乡市,156410700,unique_exact_or_prefix,H3C IndexYear paired to same LongNTL calendar year by user instruction
焦作市,2021,54.7,39176.2938134165,H3C live AllCityOneInfo API snapshot matched to workbook; workbook_sha256=6C7ABE1A06917FBF9BEEE26C7462ED00557EA038A5374DFC0EDA9BEB240AB753; model-year semantics follow the user's explicit instruction that IndexYear is the DEI year,projects/empyrean-caster-430308-m2/assets/city; update_time=2024-10-08T06:01:06.845098Z; source/licence/reference-year unresolved; one static layer used for all years,projects/sat-io/open-datasets/npp-viirs-ntl band=b1,longntl_annual_native500m_positive_pixel_sum_v1,焦作,焦作市,156410800,unique_exact_or_prefix,H3C IndexYear paired to same LongNTL calendar year by user instruction
濮阳市,2021,41.9,44736.9042564369,H3C live AllCityOneInfo API snapshot matched to workbook; workbook_sha256=6C7ABE1A06917FBF9BEEE26C7462ED00557EA038A5374DFC0EDA9BEB240AB753; model-year semantics follow the user's explicit instruction that IndexYear is the DEI year,projects/empyrean-caster-430308-m2/assets/city; update_time=2024-10-08T06:01:06.845098Z; source/licence/reference-year unresolved; one static layer used for all years,projects/sat-io/open-datasets/npp-viirs-ntl band=b1,longntl_annual_native500m_positive_pixel_sum_v1,濮阳,濮阳市,156410900,unique_exact_or_prefix,H3C IndexYear paired to same LongNTL calendar year by user instruction
许昌市,2021,54.9,37915.3247426346,H3C live AllCityOneInfo API snapshot matched to workbook; workbook_sha256=6C7ABE1A06917FBF9BEEE26C7462ED00557EA038A5374DFC0EDA9BEB240AB753; model-year semantics follow the user's explicit instruction that IndexYear is the DEI year,projects/empyrean-caster-430308-m2/assets/city; update_time=2024-10-08T06:01:06.845098Z; source/licence/reference-year unresolved; one static layer used for all years,projects/sat-io/open-datasets/npp-viirs-ntl band=b1,longntl_annual_native500m_positive_pixel_sum_v1,许昌,许昌市,156411000,unique_exact_or_prefix,H3C IndexYear paired to same LongNTL calendar year by user instruction
漯河市,2021,42.4,28886.4432547382,H3C live AllCityOneInfo API snapshot matched to workbook; workbook_sha256=6C7ABE1A06917FBF9BEEE26C7462ED00557EA038A5374DFC0EDA9BEB240AB753; model-year semantics follow the user's explicit instruction that IndexYear is the DEI year,projects/empyrean-caster-430308-m2/assets/city; update_time=2024-10-08T06:01:06.845098Z; source/licence/reference-year unresolved; one static layer used for all years,projects/sat-io/open-datasets/npp-viirs-ntl band=b1,longntl_annual_native500m_positive_pixel_sum_v1,漯河,漯河市,156411100,unique_exact_or_prefix,H3C IndexYear paired to same LongNTL calendar year by user instruction
三门峡市,2021,42.4,19049.8288486574,H3C live AllCityOneInfo API snapshot matched to workbook; workbook_sha256=6C7ABE1A06917FBF9BEEE26C7462ED00557EA038A5374DFC0EDA9BEB240AB753; model-year semantics follow the user's explicit instruction that IndexYear is the DEI year,projects/empyrean-caster-430308-m2/assets/city; update_time=2024-10-08T06:01:06.845098Z; source/licence/reference-year unresolved; one static layer used for all years,projects/sat-io/open-datasets/npp-viirs-ntl band=b1,longntl_annual_native500m_positive_pixel_sum_v1,三门峡,三门峡市,156411200,unique_exact_or_prefix,H3C IndexYear paired to same LongNTL calendar year by user instruction
南阳市,2021,53.8,55440.2161490627,H3C live AllCityOneInfo API snapshot matched to workbook; workbook_sha256=6C7ABE1A06917FBF9BEEE26C7462ED00557EA038A5374DFC0EDA9BEB240AB753; model-year semantics follow the user's explicit instruction that IndexYear is the DEI year,projects/empyrean-caster-430308-m2/assets/city; update_time=2024-10-08T06:01:06.845098Z; source/licence/reference-year unresolved; one static layer used for all years,projects/sat-io/open-datasets/npp-viirs-ntl band=b1,longntl_annual_native500m_positive_pixel_sum_v1,南阳,南阳市,156411300,unique_exact_or_prefix,H3C IndexYear paired to same LongNTL calendar year by user instruction
商丘市,2021,47.4,68189.3662327832,H3C live AllCityOneInfo API snapshot matched to workbook; workbook_sha256=6C7ABE1A06917FBF9BEEE26C7462ED00557EA038A5374DFC0EDA9BEB240AB753; model-year semantics follow the user's explicit instruction that IndexYear is the DEI year,projects/empyrean-caster-430308-m2/assets/city; update_time=2024-10-08T06:01:06.845098Z; source/licence/reference-year unresolved; one static layer used for all years,projects/sat-io/open-datasets/npp-viirs-ntl band=b1,longntl_annual_native500m_positive_pixel_sum_v1,商丘,商丘市,156411400,unique_exact_or_prefix,H3C IndexYear paired to same LongNTL calendar year by user instruction
信阳市,2021,47.8,31966.0107964324,H3C live AllCityOneInfo API snapshot matched to workbook; workbook_sha256=6C7ABE1A06917FBF9BEEE26C7462ED00557EA038A5374DFC0EDA9BEB240AB753; model-year semantics follow the user's explicit instruction that IndexYear is the DEI year,projects/empyrean-caster-430308-m2/assets/city; update_time=2024-10-08T06:01:06.845098Z; source/licence/reference-year unresolved; one static layer used for all years,projects/sat-io/open-datasets/npp-viirs-ntl band=b1,longntl_annual_native500m_positive_pixel_sum_v1,信阳,信阳市,156411500,unique_exact_or_prefix,H3C IndexYear paired to same LongNTL calendar year by user instruction
周口市,2021,56.7,60038.8322970722,H3C live AllCityOneInfo API snapshot matched to workbook; workbook_sha256=6C7ABE1A06917FBF9BEEE26C7462ED00557EA038A5374DFC0EDA9BEB240AB753; model-year semantics follow the user's explicit instruction that IndexYear is the DEI year,projects/empyrean-caster-430308-m2/assets/city; update_time=2024-10-08T06:01:06.845098Z; source/licence/reference-year unresolved; one static layer used for all years,projects/sat-io/open-datasets/npp-viirs-ntl band=b1,longntl_annual_native500m_positive_pixel_sum_v1,周口,周口市,156411600,unique_exact_or_prefix,H3C IndexYear paired to same LongNTL calendar year by user instruction
驻马店市,2021,46.4,69095.7478463075,H3C live AllCityOneInfo API snapshot matched to workbook; workbook_sha256=6C7ABE1A06917FBF9BEEE26C7462ED00557EA038A5374DFC0EDA9BEB240AB753; model-year semantics follow the user's explicit instruction that IndexYear is the DEI year,projects/empyrean-caster-430308-m2/assets/city; update_time=2024-10-08T06:01:06.845098Z; source/licence/reference-year unresolved; one static layer used for all years,projects/sat-io/open-datasets/npp-viirs-ntl band=b1,longntl_annual_native500m_positive_pixel_sum_v1,驻马店,驻马店市,156411700,unique_exact_or_prefix,H3C IndexYear paired to same LongNTL calendar year by user instruction
武汉市,2021,74.3,232857.83227679,H3C live AllCityOneInfo API snapshot matched to workbook; workbook_sha256=6C7ABE1A06917FBF9BEEE26C7462ED00557EA038A5374DFC0EDA9BEB240AB753; model-year semantics follow the user's explicit instruction that IndexYear is the DEI year,projects/empyrean-caster-430308-m2/assets/city; update_time=2024-10-08T06:01:06.845098Z; source/licence/reference-year unresolved; one static layer used for all years,projects/sat-io/open-datasets/npp-viirs-ntl band=b1,longntl_annual_native500m_positive_pixel_sum_v1,武汉,武汉市,156420100,unique_exact_or_prefix,H3C IndexYear paired to same LongNTL calendar year by user instruction
黄石市,2021,45,21979.910363597,H3C live AllCityOneInfo API snapshot matched to workbook; workbook_sha256=6C7ABE1A06917FBF9BEEE26C7462ED00557EA038A5374DFC0EDA9BEB240AB753; model-year semantics follow the user's explicit instruction that IndexYear is the DEI year,projects/empyrean-caster-430308-m2/assets/city; update_time=2024-10-08T06:01:06.845098Z; source/licence/reference-year unresolved; one static layer used for all years,projects/sat-io/open-datasets/npp-viirs-ntl band=b1,longntl_annual_native500m_positive_pixel_sum_v1,黄石,黄石市,156420200,unique_exact_or_prefix,H3C IndexYear paired to same LongNTL calendar year by user instruction
十堰市,2021,46,17371.0147286583,H3C live AllCityOneInfo API snapshot matched to workbook; workbook_sha256=6C7ABE1A06917FBF9BEEE26C7462ED00557EA038A5374DFC0EDA9BEB240AB753; model-year semantics follow the user's explicit instruction that IndexYear is the DEI year,projects/empyrean-caster-430308-m2/assets/city; update_time=2024-10-08T06:01:06.845098Z; source/licence/reference-year unresolved; one static layer used for all years,projects/sat-io/open-datasets/npp-viirs-ntl band=b1,longntl_annual_native500m_positive_pixel_sum_v1,十堰,十堰市,156420300,unique_exact_or_prefix,H3C IndexYear paired to same LongNTL calendar year by user instruction
宜昌市,2021,61.5,33224.0498619253,H3C live AllCityOneInfo API snapshot matched to workbook; workbook_sha256=6C7ABE1A06917FBF9BEEE26C7462ED00557EA038A5374DFC0EDA9BEB240AB753; model-year semantics follow the user's explicit instruction that IndexYear is the DEI year,projects/empyrean-caster-430308-m2/assets/city; update_time=2024-10-08T06:01:06.845098Z; source/licence/reference-year unresolved; one static layer used for all years,projects/sat-io/open-datasets/npp-viirs-ntl band=b1,longntl_annual_native500m_positive_pixel_sum_v1,宜昌,宜昌市,156420500,unique_exact_or_prefix,H3C IndexYear paired to same LongNTL calendar year by user instruction
襄阳市,2021,59,40427.8045600017,H3C live AllCityOneInfo API snapshot matched to workbook; workbook_sha256=6C7ABE1A06917FBF9BEEE26C7462ED00557EA038A5374DFC0EDA9BEB240AB753; model-year semantics follow the user's explicit instruction that IndexYear is the DEI year,projects/empyrean-caster-430308-m2/assets/city; update_time=2024-10-08T06:01:06.845098Z; source/licence/reference-year unresolved; one static layer used for all years,projects/sat-io/open-datasets/npp-viirs-ntl band=b1,longntl_annual_native500m_positive_pixel_sum_v1,襄阳,襄阳市,156420600,unique_exact_or_prefix,H3C IndexYear paired to same LongNTL calendar year by user instruction
鄂州市,2021,40.9,18985.6164624083,H3C live AllCityOneInfo API snapshot matched to workbook; workbook_sha256=6C7ABE1A06917FBF9BEEE26C7462ED00557EA038A5374DFC0EDA9BEB240AB753; model-year semantics follow the user's explicit instruction that IndexYear is the DEI year,projects/empyrean-caster-430308-m2/assets/city; update_time=2024-10-08T06:01:06.845098Z; source/licence/reference-year unresolved; one static layer used for all years,projects/sat-io/open-datasets/npp-viirs-ntl band=b1,longntl_annual_native500m_positive_pixel_sum_v1,鄂州,鄂州市,156420700,unique_exact_or_prefix,H3C IndexYear paired to same LongNTL calendar year by user instruction
荆门市,2021,47.6,14481.0248497996,H3C live AllCityOneInfo API snapshot matched to workbook; workbook_sha256=6C7ABE1A06917FBF9BEEE26C7462ED00557EA038A5374DFC0EDA9BEB240AB753; model-year semantics follow the user's explicit instruction that IndexYear is the DEI year,projects/empyrean-caster-430308-m2/assets/city; update_time=2024-10-08T06:01:06.845098Z; source/licence/reference-year unresolved; one static layer used for all years,projects/sat-io/open-datasets/npp-viirs-ntl band=b1,longntl_annual_native500m_positive_pixel_sum_v1,荆门,荆门市,156420800,unique_exact_or_prefix,H3C IndexYear paired to same LongNTL calendar year by user instruction
孝感市,2021,47.1,25982.5323278189,H3C live AllCityOneInfo API snapshot matched to workbook; workbook_sha256=6C7ABE1A06917FBF9BEEE26C7462ED00557EA038A5374DFC0EDA9BEB240AB753; model-year semantics follow the user's explicit instruction that IndexYear is the DEI year,projects/empyrean-caster-430308-m2/assets/city; update_time=2024-10-08T06:01:06.845098Z; source/licence/reference-year unresolved; one static layer used for all years,projects/sat-io/open-datasets/npp-viirs-ntl band=b1,longntl_annual_native500m_positive_pixel_sum_v1,孝感,孝感市,156420900,unique_exact_or_prefix,H3C IndexYear paired to same LongNTL calendar year by user instruction
荆州市,2021,45.3,33051.2714147769,H3C live AllCityOneInfo API snapshot matched to workbook; workbook_sha256=6C7ABE1A06917FBF9BEEE26C7462ED00557EA038A5374DFC0EDA9BEB240AB753; model-year semantics follow the user's explicit instruction that IndexYear is the DEI year,projects/empyrean-caster-430308-m2/assets/city; update_time=2024-10-08T06:01:06.845098Z; source/licence/reference-year unresolved; one static layer used for all years,projects/sat-io/open-datasets/npp-viirs-ntl band=b1,longntl_annual_native500m_positive_pixel_sum_v1,荆州,荆州市,156421000,unique_exact_or_prefix,H3C IndexYear paired to same LongNTL calendar year by user instruction
黄冈市,2021,44.3,32924.2457547763,H3C live AllCityOneInfo API snapshot matched to workbook; workbook_sha256=6C7ABE1A06917FBF9BEEE26C7462ED00557EA038A5374DFC0EDA9BEB240AB753; model-year semantics follow the user's explicit instruction that IndexYear is the DEI year,projects/empyrean-caster-430308-m2/assets/city; update_time=2024-10-08T06:01:06.845098Z; source/licence/reference-year unresolved; one static layer used for all years,projects/sat-io/open-datasets/npp-viirs-ntl band=b1,longntl_annual_native500m_positive_pixel_sum_v1,黄冈,黄冈市,156421100,unique_exact_or_prefix,H3C IndexYear paired to same LongNTL calendar year by user instruction
咸宁市,2021,42.3,16695.7163944791,H3C live AllCityOneInfo API snapshot matched to workbook; workbook_sha256=6C7ABE1A06917FBF9BEEE26C7462ED00557EA038A5374DFC0EDA9BEB240AB753; model-year semantics follow the user's explicit instruction that IndexYear is the DEI year,projects/empyrean-caster-430308-m2/assets/city; update_time=2024-10-08T06:01:06.845098Z; source/licence/reference-year unresolved; one static layer used for all years,projects/sat-io/open-datasets/npp-viirs-ntl band=b1,longntl_annual_native500m_positive_pixel_sum_v1,咸宁,咸宁市,156421200,unique_exact_or_prefix,H3C IndexYear paired to same LongNTL calendar year by user instruction
随州市,2021,40.1,8997.19135443697,H3C live AllCityOneInfo API snapshot matched to workbook; workbook_sha256=6C7ABE1A06917FBF9BEEE26C7462ED00557EA038A5374DFC0EDA9BEB240AB753; model-year semantics follow the user's explicit instruction that IndexYear is the DEI year,projects/empyrean-caster-430308-m2/assets/city; update_time=2024-10-08T06:01:06.845098Z; source/licence/reference-year unresolved; one static layer used for all years,projects/sat-io/open-datasets/npp-viirs-ntl band=b1,longntl_annual_native500m_positive_pixel_sum_v1,随州,随州市,156421300,unique_exact_or_prefix,H3C IndexYear paired to same LongNTL calendar year by user instruction
长沙市,2021,72.4,143580.112367746,H3C live AllCityOneInfo API snapshot matched to workbook; workbook_sha256=6C7ABE1A06917FBF9BEEE26C7462ED00557EA038A5374DFC0EDA9BEB240AB753; model-year semantics follow the user's explicit instruction that IndexYear is the DEI year,projects/empyrean-caster-430308-m2/assets/city; update_time=2024-10-08T06:01:06.845098Z; source/licence/reference-year unresolved; one static layer used for all years,projects/sat-io/open-datasets/npp-viirs-ntl band=b1,longntl_annual_native500m_positive_pixel_sum_v1,长沙,长沙市,156430100,unique_exact_or_prefix,H3C IndexYear paired to same LongNTL calendar year by user instruction
株洲市,2021,51.7,26912.1624555293,H3C live AllCityOneInfo API snapshot matched to workbook; workbook_sha256=6C7ABE1A06917FBF9BEEE26C7462ED00557EA038A5374DFC0EDA9BEB240AB753; model-year semantics follow the user's explicit instruction that IndexYear is the DEI year,projects/empyrean-caster-430308-m2/assets/city; update_time=2024-10-08T06:01:06.845098Z; source/licence/reference-year unresolved; one static layer used for all years,projects/sat-io/open-datasets/npp-viirs-ntl band=b1,longntl_annual_native500m_positive_pixel_sum_v1,株洲,株洲市,156430200,unique_exact_or_prefix,H3C IndexYear paired to same LongNTL calendar year by user instruction
湘潭市,2021,49.4,23172.0075021604,H3C live AllCityOneInfo API snapshot matched to workbook; workbook_sha256=6C7ABE1A06917FBF9BEEE26C7462ED00557EA038A5374DFC0EDA9BEB240AB753; model-year semantics follow the user's explicit instruction that IndexYear is the DEI year,projects/empyrean-caster-430308-m2/assets/city; update_time=2024-10-08T06:01:06.845098Z; source/licence/reference-year unresolved; one static layer used for all years,projects/sat-io/open-datasets/npp-viirs-ntl band=b1,longntl_annual_native500m_positive_pixel_sum_v1,湘潭,湘潭市,156430300,unique_exact_or_prefix,H3C IndexYear paired to same LongNTL calendar year by user instruction
衡阳市,2021,52.9,20156.4038721786,H3C live AllCityOneInfo API snapshot matched to workbook; workbook_sha256=6C7ABE1A06917FBF9BEEE26C7462ED00557EA038A5374DFC0EDA9BEB240AB753; model-year semantics follow the user's explicit instruction that IndexYear is the DEI year,projects/empyrean-caster-430308-m2/assets/city; update_time=2024-10-08T06:01:06.845098Z; source/licence/reference-year unresolved; one static layer used for all years,projects/sat-io/open-datasets/npp-viirs-ntl band=b1,longntl_annual_native500m_positive_pixel_sum_v1,衡阳,衡阳市,156430400,unique_exact_or_prefix,H3C IndexYear paired to same LongNTL calendar year by user instruction
邵阳市,2021,44.2,18387.3714014138,H3C live AllCityOneInfo API snapshot matched to workbook; workbook_sha256=6C7ABE1A06917FBF9BEEE26C7462ED00557EA038A5374DFC0EDA9BEB240AB753; model-year semantics follow the user's explicit instruction that IndexYear is the DEI year,projects/empyrean-caster-430308-m2/assets/city; update_time=2024-10-08T06:01:06.845098Z; source/licence/reference-year unresolved; one static layer used for all years,projects/sat-io/open-datasets/npp-viirs-ntl band=b1,longntl_annual_native500m_positive_pixel_sum_v1,邵阳,邵阳市,156430500,unique_exact_or_prefix,H3C IndexYear paired to same LongNTL calendar year by user instruction
岳阳市,2021,54.6,26969.5728938009,H3C live AllCityOneInfo API snapshot matched to workbook; workbook_sha256=6C7ABE1A06917FBF9BEEE26C7462ED00557EA038A5374DFC0EDA9BEB240AB753; model-year semantics follow the user's explicit instruction that IndexYear is the DEI year,projects/empyrean-caster-430308-m2/assets/city; update_time=2024-10-08T06:01:06.845098Z; source/licence/reference-year unresolved; one static layer used for all years,projects/sat-io/open-datasets/npp-viirs-ntl band=b1,longntl_annual_native500m_positive_pixel_sum_v1,岳阳,岳阳市,156430600,unique_exact_or_prefix,H3C IndexYear paired to same LongNTL calendar year by user instruction
常德市,2021,55.3,30135.2709402631,H3C live AllCityOneInfo API snapshot matched to workbook; workbook_sha256=6C7ABE1A06917FBF9BEEE26C7462ED00557EA038A5374DFC0EDA9BEB240AB753; model-year semantics follow the user's explicit instruction that IndexYear is the DEI year,projects/empyrean-caster-430308-m2/assets/city; update_time=2024-10-08T06:01:06.845098Z; source/licence/reference-year unresolved; one static layer used for all years,projects/sat-io/open-datasets/npp-viirs-ntl band=b1,longntl_annual_native500m_positive_pixel_sum_v1,常德,常德市,156430700,unique_exact_or_prefix,H3C IndexYear paired to same LongNTL calendar year by user instruction
益阳市,2021,43.5,12036.611710066,H3C live AllCityOneInfo API snapshot matched to workbook; workbook_sha256=6C7ABE1A06917FBF9BEEE26C7462ED00557EA038A5374DFC0EDA9BEB240AB753; model-year semantics follow the user's explicit instruction that IndexYear is the DEI year,projects/empyrean-caster-430308-m2/assets/city; update_time=2024-10-08T06:01:06.845098Z; source/licence/reference-year unresolved; one static layer used for all years,projects/sat-io/open-datasets/npp-viirs-ntl band=b1,longntl_annual_native500m_positive_pixel_sum_v1,益阳,益阳市,156430900,unique_exact_or_prefix,H3C IndexYear paired to same LongNTL calendar year by user instruction
郴州市,2021,46.6,15512.5870474259,H3C live AllCityOneInfo API snapshot matched to workbook; workbook_sha256=6C7ABE1A06917FBF9BEEE26C7462ED00557EA038A5374DFC0EDA9BEB240AB753; model-year semantics follow the user's explicit instruction that IndexYear is the DEI year,projects/empyrean-caster-430308-m2/assets/city; update_time=2024-10-08T06:01:06.845098Z; source/licence/reference-year unresolved; one static layer used for all years,projects/sat-io/open-datasets/npp-viirs-ntl band=b1,longntl_annual_native500m_positive_pixel_sum_v1,郴州,郴州市,156431000,unique_exact_or_prefix,H3C IndexYear paired to same LongNTL calendar year by user instruction
永州市,2021,43.7,20369.2799265282,H3C live AllCityOneInfo API snapshot matched to workbook; workbook_sha256=6C7ABE1A06917FBF9BEEE26C7462ED00557EA038A5374DFC0EDA9BEB240AB753; model-year semantics follow the user's explicit instruction that IndexYear is the DEI year,projects/empyrean-caster-430308-m2/assets/city; update_time=2024-10-08T06:01:06.845098Z; source/licence/reference-year unresolved; one static layer used for all years,projects/sat-io/open-datasets/npp-viirs-ntl band=b1,longntl_annual_native500m_positive_pixel_sum_v1,永州,永州市,156431100,unique_exact_or_prefix,H3C IndexYear paired to same LongNTL calendar year by user instruction
怀化市,2021,41.7,16731.0479357523,H3C live AllCityOneInfo API snapshot matched to workbook; workbook_sha256=6C7ABE1A06917FBF9BEEE26C7462ED00557EA038A5374DFC0EDA9BEB240AB753; model-year semantics follow the user's explicit instruction that IndexYear is the DEI year,projects/empyrean-caster-430308-m2/assets/city; update_time=2024-10-08T06:01:06.845098Z; source/licence/reference-year unresolved; one static layer used for all years,projects/sat-io/open-datasets/npp-viirs-ntl band=b1,longntl_annual_native500m_positive_pixel_sum_v1,怀化,怀化市,156431200,unique_exact_or_prefix,H3C IndexYear paired to same LongNTL calendar year by user instruction
娄底市,2021,42.8,15956.5969324916,H3C live AllCityOneInfo API snapshot matched to workbook; workbook_sha256=6C7ABE1A06917FBF9BEEE26C7462ED00557EA038A5374DFC0EDA9BEB240AB753; model-year semantics follow the user's explicit instruction that IndexYear is the DEI year,projects/empyrean-caster-430308-m2/assets/city; update_time=2024-10-08T06:01:06.845098Z; source/licence/reference-year unresolved; one static layer used for all years,projects/sat-io/open-datasets/npp-viirs-ntl band=b1,longntl_annual_native500m_positive_pixel_sum_v1,娄底,娄底市,156431300,unique_exact_or_prefix,H3C IndexYear paired to same LongNTL calendar year by user instruction
广州市,2021,88.6,296602.037270081,H3C live AllCityOneInfo API snapshot matched to workbook; workbook_sha256=6C7ABE1A06917FBF9BEEE26C7462ED00557EA038A5374DFC0EDA9BEB240AB753; model-year semantics follow the user's explicit instruction that IndexYear is the DEI year,projects/empyrean-caster-430308-m2/assets/city; update_time=2024-10-08T06:01:06.845098Z; source/licence/reference-year unresolved; one static layer used for all years,projects/sat-io/open-datasets/npp-viirs-ntl band=b1,longntl_annual_native500m_positive_pixel_sum_v1,广州,广州市,156440100,unique_exact_or_prefix,H3C IndexYear paired to same LongNTL calendar year by user instruction
韶关市,2021,42.4,35021.4722761594,H3C live AllCityOneInfo API snapshot matched to workbook; workbook_sha256=6C7ABE1A06917FBF9BEEE26C7462ED00557EA038A5374DFC0EDA9BEB240AB753; model-year semantics follow the user's explicit instruction that IndexYear is the DEI year,projects/empyrean-caster-430308-m2/assets/city; update_time=2024-10-08T06:01:06.845098Z; source/licence/reference-year unresolved; one static layer used for all years,projects/sat-io/open-datasets/npp-viirs-ntl band=b1,longntl_annual_native500m_positive_pixel_sum_v1,韶关,韶关市,156440200,unique_exact_or_prefix,H3C IndexYear paired to same LongNTL calendar year by user instruction
深圳市,2021,91.2,207423.284934376,H3C live AllCityOneInfo API snapshot matched to workbook; workbook_sha256=6C7ABE1A06917FBF9BEEE26C7462ED00557EA038A5374DFC0EDA9BEB240AB753; model-year semantics follow the user's explicit instruction that IndexYear is the DEI year,projects/empyrean-caster-430308-m2/assets/city; update_time=2024-10-08T06:01:06.845098Z; source/licence/reference-year unresolved; one static layer used for all years,projects/sat-io/open-datasets/npp-viirs-ntl band=b1,longntl_annual_native500m_positive_pixel_sum_v1,深圳,深圳市,156440300,unique_exact_or_prefix,H3C IndexYear paired to same LongNTL calendar year by user instruction
珠海市,2021,69.4,50361.5124055615,H3C live AllCityOneInfo API snapshot matched to workbook; workbook_sha256=6C7ABE1A06917FBF9BEEE26C7462ED00557EA038A5374DFC0EDA9BEB240AB753; model-year semantics follow the user's explicit instruction that IndexYear is the DEI year,projects/empyrean-caster-430308-m2/assets/city; update_time=2024-10-08T06:01:06.845098Z; source/licence/reference-year unresolved; one static layer used for all years,projects/sat-io/open-datasets/npp-viirs-ntl band=b1,longntl_annual_native500m_positive_pixel_sum_v1,珠海,珠海市,156440400,unique_exact_or_prefix,H3C IndexYear paired to same LongNTL calendar year by user instruction
汕头市,2021,58.2,78837.4724590633,H3C live AllCityOneInfo API snapshot matched to workbook; workbook_sha256=6C7ABE1A06917FBF9BEEE26C7462ED00557EA038A5374DFC0EDA9BEB240AB753; model-year semantics follow the user's explicit instruction that IndexYear is the DEI year,projects/empyrean-caster-430308-m2/assets/city; update_time=2024-10-08T06:01:06.845098Z; source/licence/reference-year unresolved; one static layer used for all years,projects/sat-io/open-datasets/npp-viirs-ntl band=b1,longntl_annual_native500m_positive_pixel_sum_v1,汕头,汕头市,156440500,unique_exact_or_prefix,H3C IndexYear paired to same LongNTL calendar year by user instruction
佛山市,2021,72.7,182210.036989855,H3C live AllCityOneInfo API snapshot matched to workbook; workbook_sha256=6C7ABE1A06917FBF9BEEE26C7462ED00557EA038A5374DFC0EDA9BEB240AB753; model-year semantics follow the user's explicit instruction that IndexYear is the DEI year,projects/empyrean-caster-430308-m2/assets/city; update_time=2024-10-08T06:01:06.845098Z; source/licence/reference-year unresolved; one static layer used for all years,projects/sat-io/open-datasets/npp-viirs-ntl band=b1,longntl_annual_native500m_positive_pixel_sum_v1,佛山,佛山市,156440600,unique_exact_or_prefix,H3C IndexYear paired to same LongNTL calendar year by user instruction
江门市,2021,63.4,100827.650236602,H3C live AllCityOneInfo API snapshot matched to workbook; workbook_sha256=6C7ABE1A06917FBF9BEEE26C7462ED00557EA038A5374DFC0EDA9BEB240AB753; model-year semantics follow the user's explicit instruction that IndexYear is the DEI year,projects/empyrean-caster-430308-m2/assets/city; update_time=2024-10-08T06:01:06.845098Z; source/licence/reference-year unresolved; one static layer used for all years,projects/sat-io/open-datasets/npp-viirs-ntl band=b1,longntl_annual_native500m_positive_pixel_sum_v1,江门,江门市,156440700,unique_exact_or_prefix,H3C IndexYear paired to same LongNTL calendar year by user instruction
湛江市,2021,58.6,82481.3150210409,H3C live AllCityOneInfo API snapshot matched to workbook; workbook_sha256=6C7ABE1A06917FBF9BEEE26C7462ED00557EA038A5374DFC0EDA9BEB240AB753; model-year semantics follow the user's explicit instruction that IndexYear is the DEI year,projects/empyrean-caster-430308-m2/assets/city; update_time=2024-10-08T06:01:06.845098Z; source/licence/reference-year unresolved; one static layer used for all years,projects/sat-io/open-datasets/npp-viirs-ntl band=b1,longntl_annual_native500m_positive_pixel_sum_v1,湛江,湛江市,156440800,unique_exact_or_prefix,H3C IndexYear paired to same LongNTL calendar year by user instruction
茂名市,2021,52.1,54208.2094896845,H3C live AllCityOneInfo API snapshot matched to workbook; workbook_sha256=6C7ABE1A06917FBF9BEEE26C7462ED00557EA038A5374DFC0EDA9BEB240AB753; model-year semantics follow the user's explicit instruction that IndexYear is the DEI year,projects/empyrean-caster-430308-m2/assets/city; update_time=2024-10-08T06:01:06.845098Z; source/licence/reference-year unresolved; one static layer used for all years,projects/sat-io/open-datasets/npp-viirs-ntl band=b1,longntl_annual_native500m_positive_pixel_sum_v1,茂名,茂名市,156440900,unique_exact_or_prefix,H3C IndexYear paired to same LongNTL calendar year by user instruction
肇庆市,2021,51.9,55541.4893989282,H3C live AllCityOneInfo API snapshot matched to workbook; workbook_sha256=6C7ABE1A06917FBF9BEEE26C7462ED00557EA038A5374DFC0EDA9BEB240AB753; model-year semantics follow the user's explicit instruction that IndexYear is the DEI year,projects/empyrean-caster-430308-m2/assets/city; update_time=2024-10-08T06:01:06.845098Z; source/licence/reference-year unresolved; one static layer used for all years,projects/sat-io/open-datasets/npp-viirs-ntl band=b1,longntl_annual_native500m_positive_pixel_sum_v1,肇庆,肇庆市,156441200,unique_exact_or_prefix,H3C IndexYear paired to same LongNTL calendar year by user instruction
惠州市,2021,66.3,145904.415328565,H3C live AllCityOneInfo API snapshot matched to workbook; workbook_sha256=6C7ABE1A06917FBF9BEEE26C7462ED00557EA038A5374DFC0EDA9BEB240AB753; model-year semantics follow the user's explicit instruction that IndexYear is the DEI year,projects/empyrean-caster-430308-m2/assets/city; update_time=2024-10-08T06:01:06.845098Z; source/licence/reference-year unresolved; one static layer used for all years,projects/sat-io/open-datasets/npp-viirs-ntl band=b1,longntl_annual_native500m_positive_pixel_sum_v1,惠州,惠州市,156441300,unique_exact_or_prefix,H3C IndexYear paired to same LongNTL calendar year by user instruction
阳江市,2021,41.8,33221.2605232842,H3C live AllCityOneInfo API snapshot matched to workbook; workbook_sha256=6C7ABE1A06917FBF9BEEE26C7462ED00557EA038A5374DFC0EDA9BEB240AB753; model-year semantics follow the user's explicit instruction that IndexYear is the DEI year,projects/empyrean-caster-430308-m2/assets/city; update_time=2024-10-08T06:01:06.845098Z; source/licence/reference-year unresolved; one static layer used for all years,projects/sat-io/open-datasets/npp-viirs-ntl band=b1,longntl_annual_native500m_positive_pixel_sum_v1,阳江,阳江市,156441700,unique_exact_or_prefix,H3C IndexYear paired to same LongNTL calendar year by user instruction
清远市,2021,47,54042.2403907037,H3C live AllCityOneInfo API snapshot matched to workbook; workbook_sha256=6C7ABE1A06917FBF9BEEE26C7462ED00557EA038A5374DFC0EDA9BEB240AB753; model-year semantics follow the user's explicit instruction that IndexYear is the DEI year,projects/empyrean-caster-430308-m2/assets/city; update_time=2024-10-08T06:01:06.845098Z; source/licence/reference-year unresolved; one static layer used for all years,projects/sat-io/open-datasets/npp-viirs-ntl band=b1,longntl_annual_native500m_positive_pixel_sum_v1,清远,清远市,156441800,unique_exact_or_prefix,H3C IndexYear paired to same LongNTL calendar year by user instruction
东莞市,2021,73.1,217292.684196888,H3C live AllCityOneInfo API snapshot matched to workbook; workbook_sha256=6C7ABE1A06917FBF9BEEE26C7462ED00557EA038A5374DFC0EDA9BEB240AB753; model-year semantics follow the user's explicit instruction that IndexYear is the DEI year,projects/empyrean-caster-430308-m2/assets/city; update_time=2024-10-08T06:01:06.845098Z; source/licence/reference-year unresolved; one static layer used for all years,projects/sat-io/open-datasets/npp-viirs-ntl band=b1,longntl_annual_native500m_positive_pixel_sum_v1,东莞,东莞市,156441900,unique_exact_or_prefix,H3C IndexYear paired to same LongNTL calendar year by user instruction
中山市,2021,64.5,89958.8421744421,H3C live AllCityOneInfo API snapshot matched to workbook; workbook_sha256=6C7ABE1A06917FBF9BEEE26C7462ED00557EA038A5374DFC0EDA9BEB240AB753; model-year semantics follow the user's explicit instruction that IndexYear is the DEI year,projects/empyrean-caster-430308-m2/assets/city; update_time=2024-10-08T06:01:06.845098Z; source/licence/reference-year unresolved; one static layer used for all years,projects/sat-io/open-datasets/npp-viirs-ntl band=b1,longntl_annual_native500m_positive_pixel_sum_v1,中山,中山市,156442000,unique_exact_or_prefix,H3C IndexYear paired to same LongNTL calendar year by user instruction
潮州市,2021,40.2,41509.8246970775,H3C live AllCityOneInfo API snapshot matched to workbook; workbook_sha256=6C7ABE1A06917FBF9BEEE26C7462ED00557EA038A5374DFC0EDA9BEB240AB753; model-year semantics follow the user's explicit instruction that IndexYear is the DEI year,projects/empyrean-caster-430308-m2/assets/city; update_time=2024-10-08T06:01:06.845098Z; source/licence/reference-year unresolved; one static layer used for all years,projects/sat-io/open-datasets/npp-viirs-ntl band=b1,longntl_annual_native500m_positive_pixel_sum_v1,潮州,潮州市,156445100,unique_exact_or_prefix,H3C IndexYear paired to same LongNTL calendar year by user instruction
揭阳市,2021,52.6,79893.5973808686,H3C live AllCityOneInfo API snapshot matched to workbook; workbook_sha256=6C7ABE1A06917FBF9BEEE26C7462ED00557EA038A5374DFC0EDA9BEB240AB753; model-year semantics follow the user's explicit instruction that IndexYear is the DEI year,projects/empyrean-caster-430308-m2/assets/city; update_time=2024-10-08T06:01:06.845098Z; source/licence/reference-year unresolved; one static layer used for all years,projects/sat-io/open-datasets/npp-viirs-ntl band=b1,longntl_annual_native500m_positive_pixel_sum_v1,揭阳,揭阳市,156445200,unique_exact_or_prefix,H3C IndexYear paired to same LongNTL calendar year by user instruction
南宁市,2021,66,107568.099434576,H3C live AllCityOneInfo API snapshot matched to workbook; workbook_sha256=6C7ABE1A06917FBF9BEEE26C7462ED00557EA038A5374DFC0EDA9BEB240AB753; model-year semantics follow the user's explicit instruction that IndexYear is the DEI year,projects/empyrean-caster-430308-m2/assets/city; update_time=2024-10-08T06:01:06.845098Z; source/licence/reference-year unresolved; one static layer used for all years,projects/sat-io/open-datasets/npp-viirs-ntl band=b1,longntl_annual_native500m_positive_pixel_sum_v1,南宁,南宁市,156450100,unique_exact_or_prefix,H3C IndexYear paired to same LongNTL calendar year by user instruction
柳州市,2021,61.2,56018.222910077,H3C live AllCityOneInfo API snapshot matched to workbook; workbook_sha256=6C7ABE1A06917FBF9BEEE26C7462ED00557EA038A5374DFC0EDA9BEB240AB753; model-year semantics follow the user's explicit instruction that IndexYear is the DEI year,projects/empyrean-caster-430308-m2/assets/city; update_time=2024-10-08T06:01:06.845098Z; source/licence/reference-year unresolved; one static layer used for all years,projects/sat-io/open-datasets/npp-viirs-ntl band=b1,longntl_annual_native500m_positive_pixel_sum_v1,柳州,柳州市,156450200,unique_exact_or_prefix,H3C IndexYear paired to same LongNTL calendar year by user instruction
桂林市,2021,55.6,30806.3314221303,H3C live AllCityOneInfo API snapshot matched to workbook; workbook_sha256=6C7ABE1A06917FBF9BEEE26C7462ED00557EA038A5374DFC0EDA9BEB240AB753; model-year semantics follow the user's explicit instruction that IndexYear is the DEI year,projects/empyrean-caster-430308-m2/assets/city; update_time=2024-10-08T06:01:06.845098Z; source/licence/reference-year unresolved; one static layer used for all years,projects/sat-io/open-datasets/npp-viirs-ntl band=b1,longntl_annual_native500m_positive_pixel_sum_v1,桂林,桂林市,156450300,unique_exact_or_prefix,H3C IndexYear paired to same LongNTL calendar year by user instruction
北海市,2021,53.2,24280.5917584134,H3C live AllCityOneInfo API snapshot matched to workbook; workbook_sha256=6C7ABE1A06917FBF9BEEE26C7462ED00557EA038A5374DFC0EDA9BEB240AB753; model-year semantics follow the user's explicit instruction that IndexYear is the DEI year,projects/empyrean-caster-430308-m2/assets/city; update_time=2024-10-08T06:01:06.845098Z; source/licence/reference-year unresolved; one static layer used for all years,projects/sat-io/open-datasets/npp-viirs-ntl band=b1,longntl_annual_native500m_positive_pixel_sum_v1,北海,北海市,156450500,unique_exact_or_prefix,H3C IndexYear paired to same LongNTL calendar year by user instruction
钦州市,2021,41.2,20589.8575966615,H3C live AllCityOneInfo API snapshot matched to workbook; workbook_sha256=6C7ABE1A06917FBF9BEEE26C7462ED00557EA038A5374DFC0EDA9BEB240AB753; model-year semantics follow the user's explicit instruction that IndexYear is the DEI year,projects/empyrean-caster-430308-m2/assets/city; update_time=2024-10-08T06:01:06.845098Z; source/licence/reference-year unresolved; one static layer used for all years,projects/sat-io/open-datasets/npp-viirs-ntl band=b1,longntl_annual_native500m_positive_pixel_sum_v1,钦州,钦州市,156450700,unique_exact_or_prefix,H3C IndexYear paired to same LongNTL calendar year by user instruction
贵港市,2021,37.6,22021.7693184988,H3C live AllCityOneInfo API snapshot matched to workbook; workbook_sha256=6C7ABE1A06917FBF9BEEE26C7462ED00557EA038A5374DFC0EDA9BEB240AB753; model-year semantics follow the user's explicit instruction that IndexYear is the DEI year,projects/empyrean-caster-430308-m2/assets/city; update_time=2024-10-08T06:01:06.845098Z; source/licence/reference-year unresolved; one static layer used for all years,projects/sat-io/open-datasets/npp-viirs-ntl band=b1,longntl_annual_native500m_positive_pixel_sum_v1,贵港,贵港市,156450800,unique_exact_or_prefix,H3C IndexYear paired to same LongNTL calendar year by user instruction
玉林市,2021,40,31839.8511719559,H3C live AllCityOneInfo API snapshot matched to workbook; workbook_sha256=6C7ABE1A06917FBF9BEEE26C7462ED00557EA038A5374DFC0EDA9BEB240AB753; model-year semantics follow the user's explicit instruction that IndexYear is the DEI year,projects/empyrean-caster-430308-m2/assets/city; update_time=2024-10-08T06:01:06.845098Z; source/licence/reference-year unresolved; one static layer used for all years,projects/sat-io/open-datasets/npp-viirs-ntl band=b1,longntl_annual_native500m_positive_pixel_sum_v1,玉林,玉林市,156450900,unique_exact_or_prefix,H3C IndexYear paired to same LongNTL calendar year by user instruction
百色市,2021,37.4,25383.014147686,H3C live AllCityOneInfo API snapshot matched to workbook; workbook_sha256=6C7ABE1A06917FBF9BEEE26C7462ED00557EA038A5374DFC0EDA9BEB240AB753; model-year semantics follow the user's explicit instruction that IndexYear is the DEI year,projects/empyrean-caster-430308-m2/assets/city; update_time=2024-10-08T06:01:06.845098Z; source/licence/reference-year unresolved; one static layer used for all years,projects/sat-io/open-datasets/npp-viirs-ntl band=b1,longntl_annual_native500m_positive_pixel_sum_v1,百色,百色市,156451000,unique_exact_or_prefix,H3C IndexYear paired to same LongNTL calendar year by user instruction
海口市,2021,62.8,42569.079708356,H3C live AllCityOneInfo API snapshot matched to workbook; workbook_sha256=6C7ABE1A06917FBF9BEEE26C7462ED00557EA038A5374DFC0EDA9BEB240AB753; model-year semantics follow the user's explicit instruction that IndexYear is the DEI year,projects/empyrean-caster-430308-m2/assets/city; update_time=2024-10-08T06:01:06.845098Z; source/licence/reference-year unresolved; one static layer used for all years,projects/sat-io/open-datasets/npp-viirs-ntl band=b1,longntl_annual_native500m_positive_pixel_sum_v1,海口,海口市,156460100,unique_exact_or_prefix,H3C IndexYear paired to same LongNTL calendar year by user instruction
三亚市,2021,42.6,22170.8279831405,H3C live AllCityOneInfo API snapshot matched to workbook; workbook_sha256=6C7ABE1A06917FBF9BEEE26C7462ED00557EA038A5374DFC0EDA9BEB240AB753; model-year semantics follow the user's explicit instruction that IndexYear is the DEI year,projects/empyrean-caster-430308-m2/assets/city; update_time=2024-10-08T06:01:06.845098Z; source/licence/reference-year unresolved; one static layer used for all years,projects/sat-io/open-datasets/npp-viirs-ntl band=b1,longntl_annual_native500m_positive_pixel_sum_v1,三亚,三亚市,156460200,unique_exact_or_prefix,H3C IndexYear paired to same LongNTL calendar year by user instruction
重庆市,2021,79.5,300372.931918329,H3C live AllCityOneInfo API snapshot matched to workbook; workbook_sha256=6C7ABE1A06917FBF9BEEE26C7462ED00557EA038A5374DFC0EDA9BEB240AB753; model-year semantics follow the user's explicit instruction that IndexYear is the DEI year,projects/empyrean-caster-430308-m2/assets/city; update_time=2024-10-08T06:01:06.845098Z; source/licence/reference-year unresolved; one static layer used for all years,projects/sat-io/open-datasets/npp-viirs-ntl band=b1,longntl_annual_native500m_positive_pixel_sum_v1,重庆,重庆市,156500000,unique_exact_or_prefix,H3C IndexYear paired to same LongNTL calendar year by user instruction
成都市,2021,90.1,323427.301711069,H3C live AllCityOneInfo API snapshot matched to workbook; workbook_sha256=6C7ABE1A06917FBF9BEEE26C7462ED00557EA038A5374DFC0EDA9BEB240AB753; model-year semantics follow the user's explicit instruction that IndexYear is the DEI year,projects/empyrean-caster-430308-m2/assets/city; update_time=2024-10-08T06:01:06.845098Z; source/licence/reference-year unresolved; one static layer used for all years,projects/sat-io/open-datasets/npp-viirs-ntl band=b1,longntl_annual_native500m_positive_pixel_sum_v1,成都,成都市,156510100,unique_exact_or_prefix,H3C IndexYear paired to same LongNTL calendar year by user instruction
自贡市,2021,39.6,13927.3716168231,H3C live AllCityOneInfo API snapshot matched to workbook; workbook_sha256=6C7ABE1A06917FBF9BEEE26C7462ED00557EA038A5374DFC0EDA9BEB240AB753; model-year semantics follow the user's explicit instruction that IndexYear is the DEI year,projects/empyrean-caster-430308-m2/assets/city; update_time=2024-10-08T06:01:06.845098Z; source/licence/reference-year unresolved; one static layer used for all years,projects/sat-io/open-datasets/npp-viirs-ntl band=b1,longntl_annual_native500m_positive_pixel_sum_v1,自贡,自贡市,156510300,unique_exact_or_prefix,H3C IndexYear paired to same LongNTL calendar year by user instruction
攀枝花市,2021,43,14062.8337661173,H3C live AllCityOneInfo API snapshot matched to workbook; workbook_sha256=6C7ABE1A06917FBF9BEEE26C7462ED00557EA038A5374DFC0EDA9BEB240AB753; model-year semantics follow the user's explicit instruction that IndexYear is the DEI year,projects/empyrean-caster-430308-m2/assets/city; update_time=2024-10-08T06:01:06.845098Z; source/licence/reference-year unresolved; one static layer used for all years,projects/sat-io/open-datasets/npp-viirs-ntl band=b1,longntl_annual_native500m_positive_pixel_sum_v1,攀枝花,攀枝花市,156510400,unique_exact_or_prefix,H3C IndexYear paired to same LongNTL calendar year by user instruction
泸州市,2021,46.2,21120.8248247165,H3C live AllCityOneInfo API snapshot matched to workbook; workbook_sha256=6C7ABE1A06917FBF9BEEE26C7462ED00557EA038A5374DFC0EDA9BEB240AB753; model-year semantics follow the user's explicit instruction that IndexYear is the DEI year,projects/empyrean-caster-430308-m2/assets/city; update_time=2024-10-08T06:01:06.845098Z; source/licence/reference-year unresolved; one static layer used for all years,projects/sat-io/open-datasets/npp-viirs-ntl band=b1,longntl_annual_native500m_positive_pixel_sum_v1,泸州,泸州市,156510500,unique_exact_or_prefix,H3C IndexYear paired to same LongNTL calendar year by user instruction
德阳市,2021,50.7,41144.2813547111,H3C live AllCityOneInfo API snapshot matched to workbook; workbook_sha256=6C7ABE1A06917FBF9BEEE26C7462ED00557EA038A5374DFC0EDA9BEB240AB753; model-year semantics follow the user's explicit instruction that IndexYear is the DEI year,projects/empyrean-caster-430308-m2/assets/city; update_time=2024-10-08T06:01:06.845098Z; source/licence/reference-year unresolved; one static layer used for all years,projects/sat-io/open-datasets/npp-viirs-ntl band=b1,longntl_annual_native500m_positive_pixel_sum_v1,德阳,德阳市,156510600,unique_exact_or_prefix,H3C IndexYear paired to same LongNTL calendar year by user instruction
绵阳市,2021,69.2,44666.2048223266,H3C live AllCityOneInfo API snapshot matched to workbook; workbook_sha256=6C7ABE1A06917FBF9BEEE26C7462ED00557EA038A5374DFC0EDA9BEB240AB753; model-year semantics follow the user's explicit instruction that IndexYear is the DEI year,projects/empyrean-caster-430308-m2/assets/city; update_time=2024-10-08T06:01:06.845098Z; source/licence/reference-year unresolved; one static layer used for all years,projects/sat-io/open-datasets/npp-viirs-ntl band=b1,longntl_annual_native500m_positive_pixel_sum_v1,绵阳,绵阳市,156510700,unique_exact_or_prefix,H3C IndexYear paired to same LongNTL calendar year by user instruction
广元市,2021,39.3,12026.4364575662,H3C live AllCityOneInfo API snapshot matched to workbook; workbook_sha256=6C7ABE1A06917FBF9BEEE26C7462ED00557EA038A5374DFC0EDA9BEB240AB753; model-year semantics follow the user's explicit instruction that IndexYear is the DEI year,projects/empyrean-caster-430308-m2/assets/city; update_time=2024-10-08T06:01:06.845098Z; source/licence/reference-year unresolved; one static layer used for all years,projects/sat-io/open-datasets/npp-viirs-ntl band=b1,longntl_annual_native500m_positive_pixel_sum_v1,广元,广元市,156510800,unique_exact_or_prefix,H3C IndexYear paired to same LongNTL calendar year by user instruction
遂宁市,2021,38.8,23651.7928737795,H3C live AllCityOneInfo API snapshot matched to workbook; workbook_sha256=6C7ABE1A06917FBF9BEEE26C7462ED00557EA038A5374DFC0EDA9BEB240AB753; model-year semantics follow the user's explicit instruction that IndexYear is the DEI year,projects/empyrean-caster-430308-m2/assets/city; update_time=2024-10-08T06:01:06.845098Z; source/licence/reference-year unresolved; one static layer used for all years,projects/sat-io/open-datasets/npp-viirs-ntl band=b1,longntl_annual_native500m_positive_pixel_sum_v1,遂宁,遂宁市,156510900,unique_exact_or_prefix,H3C IndexYear paired to same LongNTL calendar year by user instruction
内江市,2021,39.5,20329.26615696,H3C live AllCityOneInfo API snapshot matched to workbook; workbook_sha256=6C7ABE1A06917FBF9BEEE26C7462ED00557EA038A5374DFC0EDA9BEB240AB753; model-year semantics follow the user's explicit instruction that IndexYear is the DEI year,projects/empyrean-caster-430308-m2/assets/city; update_time=2024-10-08T06:01:06.845098Z; source/licence/reference-year unresolved; one static layer used for all years,projects/sat-io/open-datasets/npp-viirs-ntl band=b1,longntl_annual_native500m_positive_pixel_sum_v1,内江,内江市,156511000,unique_exact_or_prefix,H3C IndexYear paired to same LongNTL calendar year by user instruction
乐山市,2021,42.9,20757.0616470145,H3C live AllCityOneInfo API snapshot matched to workbook; workbook_sha256=6C7ABE1A06917FBF9BEEE26C7462ED00557EA038A5374DFC0EDA9BEB240AB753; model-year semantics follow the user's explicit instruction that IndexYear is the DEI year,projects/empyrean-caster-430308-m2/assets/city; update_time=2024-10-08T06:01:06.845098Z; source/licence/reference-year unresolved; one static layer used for all years,projects/sat-io/open-datasets/npp-viirs-ntl band=b1,longntl_annual_native500m_positive_pixel_sum_v1,乐山,乐山市,156511100,unique_exact_or_prefix,H3C IndexYear paired to same LongNTL calendar year by user instruction
南充市,2021,46.9,51610.1736780947,H3C live AllCityOneInfo API snapshot matched to workbook; workbook_sha256=6C7ABE1A06917FBF9BEEE26C7462ED00557EA038A5374DFC0EDA9BEB240AB753; model-year semantics follow the user's explicit instruction that IndexYear is the DEI year,projects/empyrean-caster-430308-m2/assets/city; update_time=2024-10-08T06:01:06.845098Z; source/licence/reference-year unresolved; one static layer used for all years,projects/sat-io/open-datasets/npp-viirs-ntl band=b1,longntl_annual_native500m_positive_pixel_sum_v1,南充,南充市,156511300,unique_exact_or_prefix,H3C IndexYear paired to same LongNTL calendar year by user instruction
眉山市,2021,39.4,31630.7606597788,H3C live AllCityOneInfo API snapshot matched to workbook; workbook_sha256=6C7ABE1A06917FBF9BEEE26C7462ED00557EA038A5374DFC0EDA9BEB240AB753; model-year semantics follow the user's explicit instruction that IndexYear is the DEI year,projects/empyrean-caster-430308-m2/assets/city; update_time=2024-10-08T06:01:06.845098Z; source/licence/reference-year unresolved; one static layer used for all years,projects/sat-io/open-datasets/npp-viirs-ntl band=b1,longntl_annual_native500m_positive_pixel_sum_v1,眉山,眉山市,156511400,unique_exact_or_prefix,H3C IndexYear paired to same LongNTL calendar year by user instruction
宜宾市,2021,48.2,32410.1468172877,H3C live AllCityOneInfo API snapshot matched to workbook; workbook_sha256=6C7ABE1A06917FBF9BEEE26C7462ED00557EA038A5374DFC0EDA9BEB240AB753; model-year semantics follow the user's explicit instruction that IndexYear is the DEI year,projects/empyrean-caster-430308-m2/assets/city; update_time=2024-10-08T06:01:06.845098Z; source/licence/reference-year unresolved; one static layer used for all years,projects/sat-io/open-datasets/npp-viirs-ntl band=b1,longntl_annual_native500m_positive_pixel_sum_v1,宜宾,宜宾市,156511500,unique_exact_or_prefix,H3C IndexYear paired to same LongNTL calendar year by user instruction
广安市,2021,39.2,19831.694555119,H3C live AllCityOneInfo API snapshot matched to workbook; workbook_sha256=6C7ABE1A06917FBF9BEEE26C7462ED00557EA038A5374DFC0EDA9BEB240AB753; model-year semantics follow the user's explicit instruction that IndexYear is the DEI year,projects/empyrean-caster-430308-m2/assets/city; update_time=2024-10-08T06:01:06.845098Z; source/licence/reference-year unresolved; one static layer used for all years,projects/sat-io/open-datasets/npp-viirs-ntl band=b1,longntl_annual_native500m_positive_pixel_sum_v1,广安,广安市,156511600,unique_exact_or_prefix,H3C IndexYear paired to same LongNTL calendar year by user instruction
达州市,2021,41.7,26734.274004156,H3C live AllCityOneInfo API snapshot matched to workbook; workbook_sha256=6C7ABE1A06917FBF9BEEE26C7462ED00557EA038A5374DFC0EDA9BEB240AB753; model-year semantics follow the user's explicit instruction that IndexYear is the DEI year,projects/empyrean-caster-430308-m2/assets/city; update_time=2024-10-08T06:01:06.845098Z; source/licence/reference-year unresolved; one static layer used for all years,projects/sat-io/open-datasets/npp-viirs-ntl band=b1,longntl_annual_native500m_positive_pixel_sum_v1,达州,达州市,156511700,unique_exact_or_prefix,H3C IndexYear paired to same LongNTL calendar year by user instruction
雅安市,2021,38,8852.62939248132,H3C live AllCityOneInfo API snapshot matched to workbook; workbook_sha256=6C7ABE1A06917FBF9BEEE26C7462ED00557EA038A5374DFC0EDA9BEB240AB753; model-year semantics follow the user's explicit instruction that IndexYear is the DEI year,projects/empyrean-caster-430308-m2/assets/city; update_time=2024-10-08T06:01:06.845098Z; source/licence/reference-year unresolved; one static layer used for all years,projects/sat-io/open-datasets/npp-viirs-ntl band=b1,longntl_annual_native500m_positive_pixel_sum_v1,雅安,雅安市,156511800,unique_exact_or_prefix,H3C IndexYear paired to same LongNTL calendar year by user instruction
资阳市,2021,38.2,13943.4626485208,H3C live AllCityOneInfo API snapshot matched to workbook; workbook_sha256=6C7ABE1A06917FBF9BEEE26C7462ED00557EA038A5374DFC0EDA9BEB240AB753; model-year semantics follow the user's explicit instruction that IndexYear is the DEI year,projects/empyrean-caster-430308-m2/assets/city; update_time=2024-10-08T06:01:06.845098Z; source/licence/reference-year unresolved; one static layer used for all years,projects/sat-io/open-datasets/npp-viirs-ntl band=b1,longntl_annual_native500m_positive_pixel_sum_v1,资阳,资阳市,156512000,unique_exact_or_prefix,H3C IndexYear paired to same LongNTL calendar year by user instruction
凉山彝族自治州,2021,39,24826.726297976,H3C live AllCityOneInfo API snapshot matched to workbook; workbook_sha256=6C7ABE1A06917FBF9BEEE26C7462ED00557EA038A5374DFC0EDA9BEB240AB753; model-year semantics follow the user's explicit instruction that IndexYear is the DEI year,projects/empyrean-caster-430308-m2/assets/city; update_time=2024-10-08T06:01:06.845098Z; source/licence/reference-year unresolved; one static layer used for all years,projects/sat-io/open-datasets/npp-viirs-ntl band=b1,longntl_annual_native500m_positive_pixel_sum_v1,凉山,凉山彝族自治州,156513400,unique_exact_or_prefix,H3C IndexYear paired to same LongNTL calendar year by user instruction
贵阳市,2021,71,82282.5847673996,H3C live AllCityOneInfo API snapshot matched to workbook; workbook_sha256=6C7ABE1A06917FBF9BEEE26C7462ED00557EA038A5374DFC0EDA9BEB240AB753; model-year semantics follow the user's explicit instruction that IndexYear is the DEI year,projects/empyrean-caster-430308-m2/assets/city; update_time=2024-10-08T06:01:06.845098Z; source/licence/reference-year unresolved; one static layer used for all years,projects/sat-io/open-datasets/npp-viirs-ntl band=b1,longntl_annual_native500m_positive_pixel_sum_v1,贵阳,贵阳市,156520100,unique_exact_or_prefix,H3C IndexYear paired to same LongNTL calendar year by user instruction
六盘水市,2021,39.5,16423.4846594483,H3C live AllCityOneInfo API snapshot matched to workbook; workbook_sha256=6C7ABE1A06917FBF9BEEE26C7462ED00557EA038A5374DFC0EDA9BEB240AB753; model-year semantics follow the user's explicit instruction that IndexYear is the DEI year,projects/empyrean-caster-430308-m2/assets/city; update_time=2024-10-08T06:01:06.845098Z; source/licence/reference-year unresolved; one static layer used for all years,projects/sat-io/open-datasets/npp-viirs-ntl band=b1,longntl_annual_native500m_positive_pixel_sum_v1,六盘水,六盘水市,156520200,unique_exact_or_prefix,H3C IndexYear paired to same LongNTL calendar year by user instruction
遵义市,2021,58.1,45234.0715664723,H3C live AllCityOneInfo API snapshot matched to workbook; workbook_sha256=6C7ABE1A06917FBF9BEEE26C7462ED00557EA038A5374DFC0EDA9BEB240AB753; model-year semantics follow the user's explicit instruction that IndexYear is the DEI year,projects/empyrean-caster-430308-m2/assets/city; update_time=2024-10-08T06:01:06.845098Z; source/licence/reference-year unresolved; one static layer used for all years,projects/sat-io/open-datasets/npp-viirs-ntl band=b1,longntl_annual_native500m_positive_pixel_sum_v1,遵义,遵义市,156520300,unique_exact_or_prefix,H3C IndexYear paired to same LongNTL calendar year by user instruction
毕节市,2021,40.5,26046.7118124892,H3C live AllCityOneInfo API snapshot matched to workbook; workbook_sha256=6C7ABE1A06917FBF9BEEE26C7462ED00557EA038A5374DFC0EDA9BEB240AB753; model-year semantics follow the user's explicit instruction that IndexYear is the DEI year,projects/empyrean-caster-430308-m2/assets/city; update_time=2024-10-08T06:01:06.845098Z; source/licence/reference-year unresolved; one static layer used for all years,projects/sat-io/open-datasets/npp-viirs-ntl band=b1,longntl_annual_native500m_positive_pixel_sum_v1,毕节,毕节市,156520500,unique_exact_or_prefix,H3C IndexYear paired to same LongNTL calendar year by user instruction
铜仁市,2021,39.1,20228.1986516139,H3C live AllCityOneInfo API snapshot matched to workbook; workbook_sha256=6C7ABE1A06917FBF9BEEE26C7462ED00557EA038A5374DFC0EDA9BEB240AB753; model-year semantics follow the user's explicit instruction that IndexYear is the DEI year,projects/empyrean-caster-430308-m2/assets/city; update_time=2024-10-08T06:01:06.845098Z; source/licence/reference-year unresolved; one static layer used for all years,projects/sat-io/open-datasets/npp-viirs-ntl band=b1,longntl_annual_native500m_positive_pixel_sum_v1,铜仁,铜仁市,156520600,unique_exact_or_prefix,H3C IndexYear paired to same LongNTL calendar year by user instruction
黔西南布依族苗族自治州,2021,39.8,21855.3509366311,H3C live AllCityOneInfo API snapshot matched to workbook; workbook_sha256=6C7ABE1A06917FBF9BEEE26C7462ED00557EA038A5374DFC0EDA9BEB240AB753; model-year semantics follow the user's explicit instruction that IndexYear is the DEI year,projects/empyrean-caster-430308-m2/assets/city; update_time=2024-10-08T06:01:06.845098Z; source/licence/reference-year unresolved; one static layer used for all years,projects/sat-io/open-datasets/npp-viirs-ntl band=b1,longntl_annual_native500m_positive_pixel_sum_v1,黔西南州,黔西南布依族苗族自治州,156522300,explicit_alias,H3C IndexYear paired to same LongNTL calendar year by user instruction
黔东南苗族侗族自治州,2021,37.2,24119.6862037336,H3C live AllCityOneInfo API snapshot matched to workbook; workbook_sha256=6C7ABE1A06917FBF9BEEE26C7462ED00557EA038A5374DFC0EDA9BEB240AB753; model-year semantics follow the user's explicit instruction that IndexYear is the DEI year,projects/empyrean-caster-430308-m2/assets/city; update_time=2024-10-08T06:01:06.845098Z; source/licence/reference-year unresolved; one static layer used for all years,projects/sat-io/open-datasets/npp-viirs-ntl band=b1,longntl_annual_native500m_positive_pixel_sum_v1,黔东南,黔东南苗族侗族自治州,156522600,unique_exact_or_prefix,H3C IndexYear paired to same LongNTL calendar year by user instruction
黔南布依族苗族自治州,2021,42.5,29668.891066217,H3C live AllCityOneInfo API snapshot matched to workbook; workbook_sha256=6C7ABE1A06917FBF9BEEE26C7462ED00557EA038A5374DFC0EDA9BEB240AB753; model-year semantics follow the user's explicit instruction that IndexYear is the DEI year,projects/empyrean-caster-430308-m2/assets/city; update_time=2024-10-08T06:01:06.845098Z; source/licence/reference-year unresolved; one static layer used for all years,projects/sat-io/open-datasets/npp-viirs-ntl band=b1,longntl_annual_native500m_positive_pixel_sum_v1,黔南,黔南布依族苗族自治州,156522700,unique_exact_or_prefix,H3C IndexYear paired to same LongNTL calendar year by user instruction
昆明市,2021,66.7,138855.43707203,H3C live AllCityOneInfo API snapshot matched to workbook; workbook_sha256=6C7ABE1A06917FBF9BEEE26C7462ED00557EA038A5374DFC0EDA9BEB240AB753; model-year semantics follow the user's explicit instruction that IndexYear is the DEI year,projects/empyrean-caster-430308-m2/assets/city; update_time=2024-10-08T06:01:06.845098Z; source/licence/reference-year unresolved; one static layer used for all years,projects/sat-io/open-datasets/npp-viirs-ntl band=b1,longntl_annual_native500m_positive_pixel_sum_v1,昆明,昆明市,156530100,unique_exact_or_prefix,H3C IndexYear paired to same LongNTL calendar year by user instruction
曲靖市,2021,47.5,47999.5034094455,H3C live AllCityOneInfo API snapshot matched to workbook; workbook_sha256=6C7ABE1A06917FBF9BEEE26C7462ED00557EA038A5374DFC0EDA9BEB240AB753; model-year semantics follow the user's explicit instruction that IndexYear is the DEI year,projects/empyrean-caster-430308-m2/assets/city; update_time=2024-10-08T06:01:06.845098Z; source/licence/reference-year unresolved; one static layer used for all years,projects/sat-io/open-datasets/npp-viirs-ntl band=b1,longntl_annual_native500m_positive_pixel_sum_v1,曲靖,曲靖市,156530300,unique_exact_or_prefix,H3C IndexYear paired to same LongNTL calendar year by user instruction
玉溪市,2021,50.2,24569.0439456173,H3C live AllCityOneInfo API snapshot matched to workbook; workbook_sha256=6C7ABE1A06917FBF9BEEE26C7462ED00557EA038A5374DFC0EDA9BEB240AB753; model-year semantics follow the user's explicit instruction that IndexYear is the DEI year,projects/empyrean-caster-430308-m2/assets/city; update_time=2024-10-08T06:01:06.845098Z; source/licence/reference-year unresolved; one static layer used for all years,projects/sat-io/open-datasets/npp-viirs-ntl band=b1,longntl_annual_native500m_positive_pixel_sum_v1,玉溪,玉溪市,156530400,unique_exact_or_prefix,H3C IndexYear paired to same LongNTL calendar year by user instruction
昭通市,2021,36.4,24330.5528188841,H3C live AllCityOneInfo API snapshot matched to workbook; workbook_sha256=6C7ABE1A06917FBF9BEEE26C7462ED00557EA038A5374DFC0EDA9BEB240AB753; model-year semantics follow the user's explicit instruction that IndexYear is the DEI year,projects/empyrean-caster-430308-m2/assets/city; update_time=2024-10-08T06:01:06.845098Z; source/licence/reference-year unresolved; one static layer used for all years,projects/sat-io/open-datasets/npp-viirs-ntl band=b1,longntl_annual_native500m_positive_pixel_sum_v1,昭通,昭通市,156530600,unique_exact_or_prefix,H3C IndexYear paired to same LongNTL calendar year by user instruction
楚雄彝族自治州,2021,38.6,21528.3102781974,H3C live AllCityOneInfo API snapshot matched to workbook; workbook_sha256=6C7ABE1A06917FBF9BEEE26C7462ED00557EA038A5374DFC0EDA9BEB240AB753; model-year semantics follow the user's explicit instruction that IndexYear is the DEI year,projects/empyrean-caster-430308-m2/assets/city; update_time=2024-10-08T06:01:06.845098Z; source/licence/reference-year unresolved; one static layer used for all years,projects/sat-io/open-datasets/npp-viirs-ntl band=b1,longntl_annual_native500m_positive_pixel_sum_v1,楚雄,楚雄彝族自治州,156532300,unique_exact_or_prefix,H3C IndexYear paired to same LongNTL calendar year by user instruction
红河哈尼族彝族自治州,2021,45.6,36029.4630479186,H3C live AllCityOneInfo API snapshot matched to workbook; workbook_sha256=6C7ABE1A06917FBF9BEEE26C7462ED00557EA038A5374DFC0EDA9BEB240AB753; model-year semantics follow the user's explicit instruction that IndexYear is the DEI year,projects/empyrean-caster-430308-m2/assets/city; update_time=2024-10-08T06:01:06.845098Z; source/licence/reference-year unresolved; one static layer used for all years,projects/sat-io/open-datasets/npp-viirs-ntl band=b1,longntl_annual_native500m_positive_pixel_sum_v1,红河,红河哈尼族彝族自治州,156532500,unique_exact_or_prefix,H3C IndexYear paired to same LongNTL calendar year by user instruction
大理白族自治州,2021,40.4,28902.9835025582,H3C live AllCityOneInfo API snapshot matched to workbook; workbook_sha256=6C7ABE1A06917FBF9BEEE26C7462ED00557EA038A5374DFC0EDA9BEB240AB753; model-year semantics follow the user's explicit instruction that IndexYear is the DEI year,projects/empyrean-caster-430308-m2/assets/city; update_time=2024-10-08T06:01:06.845098Z; source/licence/reference-year unresolved; one static layer used for all years,projects/sat-io/open-datasets/npp-viirs-ntl band=b1,longntl_annual_native500m_positive_pixel_sum_v1,大理,大理白族自治州,156532900,unique_exact_or_prefix,H3C IndexYear paired to same LongNTL calendar year by user instruction
拉萨市,2021,56.2,27530.8061298922,H3C live AllCityOneInfo API snapshot matched to workbook; workbook_sha256=6C7ABE1A06917FBF9BEEE26C7462ED00557EA038A5374DFC0EDA9BEB240AB753; model-year semantics follow the user's explicit instruction that IndexYear is the DEI year,projects/empyrean-caster-430308-m2/assets/city; update_time=2024-10-08T06:01:06.845098Z; source/licence/reference-year unresolved; one static layer used for all years,projects/sat-io/open-datasets/npp-viirs-ntl band=b1,longntl_annual_native500m_positive_pixel_sum_v1,拉萨,拉萨市,156540100,unique_exact_or_prefix,H3C IndexYear paired to same LongNTL calendar year by user instruction
西安市,2021,71.8,220271.417076785,H3C live AllCityOneInfo API snapshot matched to workbook; workbook_sha256=6C7ABE1A06917FBF9BEEE26C7462ED00557EA038A5374DFC0EDA9BEB240AB753; model-year semantics follow the user's explicit instruction that IndexYear is the DEI year,projects/empyrean-caster-430308-m2/assets/city; update_time=2024-10-08T06:01:06.845098Z; source/licence/reference-year unresolved; one static layer used for all years,projects/sat-io/open-datasets/npp-viirs-ntl band=b1,longntl_annual_native500m_positive_pixel_sum_v1,西安,西安市,156610100,unique_exact_or_prefix,H3C IndexYear paired to same LongNTL calendar year by user instruction
宝鸡市,2021,52.7,31472.8091733601,H3C live AllCityOneInfo API snapshot matched to workbook; workbook_sha256=6C7ABE1A06917FBF9BEEE26C7462ED00557EA038A5374DFC0EDA9BEB240AB753; model-year semantics follow the user's explicit instruction that IndexYear is the DEI year,projects/empyrean-caster-430308-m2/assets/city; update_time=2024-10-08T06:01:06.845098Z; source/licence/reference-year unresolved; one static layer used for all years,projects/sat-io/open-datasets/npp-viirs-ntl band=b1,longntl_annual_native500m_positive_pixel_sum_v1,宝鸡,宝鸡市,156610300,unique_exact_or_prefix,H3C IndexYear paired to same LongNTL calendar year by user instruction
咸阳市,2021,63.8,84896.9483820658,H3C live AllCityOneInfo API snapshot matched to workbook; workbook_sha256=6C7ABE1A06917FBF9BEEE26C7462ED00557EA038A5374DFC0EDA9BEB240AB753; model-year semantics follow the user's explicit instruction that IndexYear is the DEI year,projects/empyrean-caster-430308-m2/assets/city; update_time=2024-10-08T06:01:06.845098Z; source/licence/reference-year unresolved; one static layer used for all years,projects/sat-io/open-datasets/npp-viirs-ntl band=b1,longntl_annual_native500m_positive_pixel_sum_v1,咸阳,咸阳市,156610400,unique_exact_or_prefix,H3C IndexYear paired to same LongNTL calendar year by user instruction
渭南市,2021,40.8,40960.703026204,H3C live AllCityOneInfo API snapshot matched to workbook; workbook_sha256=6C7ABE1A06917FBF9BEEE26C7462ED00557EA038A5374DFC0EDA9BEB240AB753; model-year semantics follow the user's explicit instruction that IndexYear is the DEI year,projects/empyrean-caster-430308-m2/assets/city; update_time=2024-10-08T06:01:06.845098Z; source/licence/reference-year unresolved; one static layer used for all years,projects/sat-io/open-datasets/npp-viirs-ntl band=b1,longntl_annual_native500m_positive_pixel_sum_v1,渭南,渭南市,156610500,unique_exact_or_prefix,H3C IndexYear paired to same LongNTL calendar year by user instruction
延安市,2021,45.7,43781.6890343199,H3C live AllCityOneInfo API snapshot matched to workbook; workbook_sha256=6C7ABE1A06917FBF9BEEE26C7462ED00557EA038A5374DFC0EDA9BEB240AB753; model-year semantics follow the user's explicit instruction that IndexYear is the DEI year,projects/empyrean-caster-430308-m2/assets/city; update_time=2024-10-08T06:01:06.845098Z; source/licence/reference-year unresolved; one static layer used for all years,projects/sat-io/open-datasets/npp-viirs-ntl band=b1,longntl_annual_native500m_positive_pixel_sum_v1,延安,延安市,156610600,unique_exact_or_prefix,H3C IndexYear paired to same LongNTL calendar year by user instruction
汉中市,2021,43.6,28855.1683376102,H3C live AllCityOneInfo API snapshot matched to workbook; workbook_sha256=6C7ABE1A06917FBF9BEEE26C7462ED00557EA038A5374DFC0EDA9BEB240AB753; model-year semantics follow the user's explicit instruction that IndexYear is the DEI year,projects/empyrean-caster-430308-m2/assets/city; update_time=2024-10-08T06:01:06.845098Z; source/licence/reference-year unresolved; one static layer used for all years,projects/sat-io/open-datasets/npp-viirs-ntl band=b1,longntl_annual_native500m_positive_pixel_sum_v1,汉中,汉中市,156610700,unique_exact_or_prefix,H3C IndexYear paired to same LongNTL calendar year by user instruction
榆林市,2021,56.5,116871.556388834,H3C live AllCityOneInfo API snapshot matched to workbook; workbook_sha256=6C7ABE1A06917FBF9BEEE26C7462ED00557EA038A5374DFC0EDA9BEB240AB753; model-year semantics follow the user's explicit instruction that IndexYear is the DEI year,projects/empyrean-caster-430308-m2/assets/city; update_time=2024-10-08T06:01:06.845098Z; source/licence/reference-year unresolved; one static layer used for all years,projects/sat-io/open-datasets/npp-viirs-ntl band=b1,longntl_annual_native500m_positive_pixel_sum_v1,榆林,榆林市,156610800,unique_exact_or_prefix,H3C IndexYear paired to same LongNTL calendar year by user instruction
安康市,2021,37.5,13720.6175958928,H3C live AllCityOneInfo API snapshot matched to workbook; workbook_sha256=6C7ABE1A06917FBF9BEEE26C7462ED00557EA038A5374DFC0EDA9BEB240AB753; model-year semantics follow the user's explicit instruction that IndexYear is the DEI year,projects/empyrean-caster-430308-m2/assets/city; update_time=2024-10-08T06:01:06.845098Z; source/licence/reference-year unresolved; one static layer used for all years,projects/sat-io/open-datasets/npp-viirs-ntl band=b1,longntl_annual_native500m_positive_pixel_sum_v1,安康,安康市,156610900,unique_exact_or_prefix,H3C IndexYear paired to same LongNTL calendar year by user instruction
兰州市,2021,66.5,65275.2821088898,H3C live AllCityOneInfo API snapshot matched to workbook; workbook_sha256=6C7ABE1A06917FBF9BEEE26C7462ED00557EA038A5374DFC0EDA9BEB240AB753; model-year semantics follow the user's explicit instruction that IndexYear is the DEI year,projects/empyrean-caster-430308-m2/assets/city; update_time=2024-10-08T06:01:06.845098Z; source/licence/reference-year unresolved; one static layer used for all years,projects/sat-io/open-datasets/npp-viirs-ntl band=b1,longntl_annual_native500m_positive_pixel_sum_v1,兰州,兰州市,156620100,unique_exact_or_prefix,H3C IndexYear paired to same LongNTL calendar year by user instruction
金昌市,2021,37.1,10888.0137876455,H3C live AllCityOneInfo API snapshot matched to workbook; workbook_sha256=6C7ABE1A06917FBF9BEEE26C7462ED00557EA038A5374DFC0EDA9BEB240AB753; model-year semantics follow the user's explicit instruction that IndexYear is the DEI year,projects/empyrean-caster-430308-m2/assets/city; update_time=2024-10-08T06:01:06.845098Z; source/licence/reference-year unresolved; one static layer used for all years,projects/sat-io/open-datasets/npp-viirs-ntl band=b1,longntl_annual_native500m_positive_pixel_sum_v1,金昌,金昌市,156620300,unique_exact_or_prefix,H3C IndexYear paired to same LongNTL calendar year by user instruction
天水市,2021,40.7,16398.3193026,H3C live AllCityOneInfo API snapshot matched to workbook; workbook_sha256=6C7ABE1A06917FBF9BEEE26C7462ED00557EA038A5374DFC0EDA9BEB240AB753; model-year semantics follow the user's explicit instruction that IndexYear is the DEI year,projects/empyrean-caster-430308-m2/assets/city; update_time=2024-10-08T06:01:06.845098Z; source/licence/reference-year unresolved; one static layer used for all years,projects/sat-io/open-datasets/npp-viirs-ntl band=b1,longntl_annual_native500m_positive_pixel_sum_v1,天水,天水市,156620500,unique_exact_or_prefix,H3C IndexYear paired to same LongNTL calendar year by user instruction
酒泉市,2021,42,24948.3214021276,H3C live AllCityOneInfo API snapshot matched to workbook; workbook_sha256=6C7ABE1A06917FBF9BEEE26C7462ED00557EA038A5374DFC0EDA9BEB240AB753; model-year semantics follow the user's explicit instruction that IndexYear is the DEI year,projects/empyrean-caster-430308-m2/assets/city; update_time=2024-10-08T06:01:06.845098Z; source/licence/reference-year unresolved; one static layer used for all years,projects/sat-io/open-datasets/npp-viirs-ntl band=b1,longntl_annual_native500m_positive_pixel_sum_v1,酒泉,酒泉市,156620900,unique_exact_or_prefix,H3C IndexYear paired to same LongNTL calendar year by user instruction
甘南藏族自治州,2021,35.1,5519.34936001441,H3C live AllCityOneInfo API snapshot matched to workbook; workbook_sha256=6C7ABE1A06917FBF9BEEE26C7462ED00557EA038A5374DFC0EDA9BEB240AB753; model-year semantics follow the user's explicit instruction that IndexYear is the DEI year,projects/empyrean-caster-430308-m2/assets/city; update_time=2024-10-08T06:01:06.845098Z; source/licence/reference-year unresolved; one static layer used for all years,projects/sat-io/open-datasets/npp-viirs-ntl band=b1,longntl_annual_native500m_positive_pixel_sum_v1,甘南,甘南藏族自治州,156623000,unique_exact_or_prefix,H3C IndexYear paired to same LongNTL calendar year by user instruction
西宁市,2021,61.8,42369.4232189132,H3C live AllCityOneInfo API snapshot matched to workbook; workbook_sha256=6C7ABE1A06917FBF9BEEE26C7462ED00557EA038A5374DFC0EDA9BEB240AB753; model-year semantics follow the user's explicit instruction that IndexYear is the DEI year,projects/empyrean-caster-430308-m2/assets/city; update_time=2024-10-08T06:01:06.845098Z; source/licence/reference-year unresolved; one static layer used for all years,projects/sat-io/open-datasets/npp-viirs-ntl band=b1,longntl_annual_native500m_positive_pixel_sum_v1,西宁,西宁市,156630100,unique_exact_or_prefix,H3C IndexYear paired to same LongNTL calendar year by user instruction
海东市,2021,36.5,26151.360779572,H3C live AllCityOneInfo API snapshot matched to workbook; workbook_sha256=6C7ABE1A06917FBF9BEEE26C7462ED00557EA038A5374DFC0EDA9BEB240AB753; model-year semantics follow the user's explicit instruction that IndexYear is the DEI year,projects/empyrean-caster-430308-m2/assets/city; update_time=2024-10-08T06:01:06.845098Z; source/licence/reference-year unresolved; one static layer used for all years,projects/sat-io/open-datasets/npp-viirs-ntl band=b1,longntl_annual_native500m_positive_pixel_sum_v1,海东,海东市,156630200,unique_exact_or_prefix,H3C IndexYear paired to same LongNTL calendar year by user instruction
海西蒙古族藏族自治州,2021,37.8,26751.3044295073,H3C live AllCityOneInfo API snapshot matched to workbook; workbook_sha256=6C7ABE1A06917FBF9BEEE26C7462ED00557EA038A5374DFC0EDA9BEB240AB753; model-year semantics follow the user's explicit instruction that IndexYear is the DEI year,projects/empyrean-caster-430308-m2/assets/city; update_time=2024-10-08T06:01:06.845098Z; source/licence/reference-year unresolved; one static layer used for all years,projects/sat-io/open-datasets/npp-viirs-ntl band=b1,longntl_annual_native500m_positive_pixel_sum_v1,海西,海西蒙古族藏族自治州,156632800,unique_exact_or_prefix,H3C IndexYear paired to same LongNTL calendar year by user instruction
银川市,2021,63.3,94042.0001750469,H3C live AllCityOneInfo API snapshot matched to workbook; workbook_sha256=6C7ABE1A06917FBF9BEEE26C7462ED00557EA038A5374DFC0EDA9BEB240AB753; model-year semantics follow the user's explicit instruction that IndexYear is the DEI year,projects/empyrean-caster-430308-m2/assets/city; update_time=2024-10-08T06:01:06.845098Z; source/licence/reference-year unresolved; one static layer used for all years,projects/sat-io/open-datasets/npp-viirs-ntl band=b1,longntl_annual_native500m_positive_pixel_sum_v1,银川,银川市,156640100,unique_exact_or_prefix,H3C IndexYear paired to same LongNTL calendar year by user instruction
石嘴山市,2021,41.6,17741.1396608825,H3C live AllCityOneInfo API snapshot matched to workbook; workbook_sha256=6C7ABE1A06917FBF9BEEE26C7462ED00557EA038A5374DFC0EDA9BEB240AB753; model-year semantics follow the user's explicit instruction that IndexYear is the DEI year,projects/empyrean-caster-430308-m2/assets/city; update_time=2024-10-08T06:01:06.845098Z; source/licence/reference-year unresolved; one static layer used for all years,projects/sat-io/open-datasets/npp-viirs-ntl band=b1,longntl_annual_native500m_positive_pixel_sum_v1,石嘴山,石嘴山市,156640200,unique_exact_or_prefix,H3C IndexYear paired to same LongNTL calendar year by user instruction
乌鲁木齐市,2021,64,125351.728972933,H3C live AllCityOneInfo API snapshot matched to workbook; workbook_sha256=6C7ABE1A06917FBF9BEEE26C7462ED00557EA038A5374DFC0EDA9BEB240AB753; model-year semantics follow the user's explicit instruction that IndexYear is the DEI year,projects/empyrean-caster-430308-m2/assets/city; update_time=2024-10-08T06:01:06.845098Z; source/licence/reference-year unresolved; one static layer used for all years,projects/sat-io/open-datasets/npp-viirs-ntl band=b1,longntl_annual_native500m_positive_pixel_sum_v1,乌鲁木齐,乌鲁木齐市,156650100,unique_exact_or_prefix,H3C IndexYear paired to same LongNTL calendar year by user instruction
克拉玛依市,2021,47.9,42847.6998598959,H3C live AllCityOneInfo API snapshot matched to workbook; workbook_sha256=6C7ABE1A06917FBF9BEEE26C7462ED00557EA038A5374DFC0EDA9BEB240AB753; model-year semantics follow the user's explicit instruction that IndexYear is the DEI year,projects/empyrean-caster-430308-m2/assets/city; update_time=2024-10-08T06:01:06.845098Z; source/licence/reference-year unresolved; one static layer used for all years,projects/sat-io/open-datasets/npp-viirs-ntl band=b1,longntl_annual_native500m_positive_pixel_sum_v1,克拉玛依,克拉玛依市,156650200,unique_exact_or_prefix,H3C IndexYear paired to same LongNTL calendar year by user instruction
昌吉回族自治州,2021,45.2,59033.4916164618,H3C live AllCityOneInfo API snapshot matched to workbook; workbook_sha256=6C7ABE1A06917FBF9BEEE26C7462ED00557EA038A5374DFC0EDA9BEB240AB753; model-year semantics follow the user's explicit instruction that IndexYear is the DEI year,projects/empyrean-caster-430308-m2/assets/city; update_time=2024-10-08T06:01:06.845098Z; source/licence/reference-year unresolved; one static layer used for all years,projects/sat-io/open-datasets/npp-viirs-ntl band=b1,longntl_annual_native500m_positive_pixel_sum_v1,昌吉,昌吉回族自治州,156652300,unique_exact_or_prefix,H3C IndexYear paired to same LongNTL calendar year by user instruction
巴音郭楞蒙古自治州,2021,39.6,52995.3247220792,H3C live AllCityOneInfo API snapshot matched to workbook; workbook_sha256=6C7ABE1A06917FBF9BEEE26C7462ED00557EA038A5374DFC0EDA9BEB240AB753; model-year semantics follow the user's explicit instruction that IndexYear is the DEI year,projects/empyrean-caster-430308-m2/assets/city; update_time=2024-10-08T06:01:06.845098Z; source/licence/reference-year unresolved; one static layer used for all years,projects/sat-io/open-datasets/npp-viirs-ntl band=b1,longntl_annual_native500m_positive_pixel_sum_v1,巴音郭楞,巴音郭楞蒙古自治州,156652800,unique_exact_or_prefix,H3C IndexYear paired to same LongNTL calendar year by user instruction
阿克苏地区,2021,38.7,90388.2141928271,H3C live AllCityOneInfo API snapshot matched to workbook; workbook_sha256=6C7ABE1A06917FBF9BEEE26C7462ED00557EA038A5374DFC0EDA9BEB240AB753; model-year semantics follow the user's explicit instruction that IndexYear is the DEI year,projects/empyrean-caster-430308-m2/assets/city; update_time=2024-10-08T06:01:06.845098Z; source/licence/reference-year unresolved; one static layer used for all years,projects/sat-io/open-datasets/npp-viirs-ntl band=b1,longntl_annual_native500m_positive_pixel_sum_v1,阿克苏,阿克苏地区,156652900,unique_exact_or_prefix,H3C IndexYear paired to same LongNTL calendar year by user instruction
喀什地区,2021,38.5,40771.9890435018,H3C live AllCityOneInfo API snapshot matched to workbook; workbook_sha256=6C7ABE1A06917FBF9BEEE26C7462ED00557EA038A5374DFC0EDA9BEB240AB753; model-year semantics follow the user's explicit instruction that IndexYear is the DEI year,projects/empyrean-caster-430308-m2/assets/city; update_time=2024-10-08T06:01:06.845098Z; source/licence/reference-year unresolved; one static layer used for all years,projects/sat-io/open-datasets/npp-viirs-ntl band=b1,longntl_annual_native500m_positive_pixel_sum_v1,喀什,喀什地区,156653100,unique_exact_or_prefix,H3C IndexYear paired to same LongNTL calendar year by user instruction
伊犁哈萨克自治州,2021,49.6,44134.5609253378,H3C live AllCityOneInfo API snapshot matched to workbook; workbook_sha256=6C7ABE1A06917FBF9BEEE26C7462ED00557EA038A5374DFC0EDA9BEB240AB753; model-year semantics follow the user's explicit instruction that IndexYear is the DEI year,projects/empyrean-caster-430308-m2/assets/city; update_time=2024-10-08T06:01:06.845098Z; source/licence/reference-year unresolved; one static layer used for all years,projects/sat-io/open-datasets/npp-viirs-ntl band=b1,longntl_annual_native500m_positive_pixel_sum_v1,伊犁,伊犁哈萨克自治州,156654000,unique_exact_or_prefix,H3C IndexYear paired to same LongNTL calendar year by user instruction
北京市,2022,92.5,487285.178967352,H3C live AllCityOneInfo API snapshot matched to workbook; workbook_sha256=6C7ABE1A06917FBF9BEEE26C7462ED00557EA038A5374DFC0EDA9BEB240AB753; model-year semantics follow the user's explicit instruction that IndexYear is the DEI year,projects/empyrean-caster-430308-m2/assets/city; update_time=2024-10-08T06:01:06.845098Z; source/licence/reference-year unresolved; one static layer used for all years,projects/sat-io/open-datasets/npp-viirs-ntl band=b1,longntl_annual_native500m_positive_pixel_sum_v1,北京,北京市,156110000,unique_exact_or_prefix,H3C IndexYear paired to same LongNTL calendar year by user instruction
天津市,2022,75.4,384847.730432587,H3C live AllCityOneInfo API snapshot matched to workbook; workbook_sha256=6C7ABE1A06917FBF9BEEE26C7462ED00557EA038A5374DFC0EDA9BEB240AB753; model-year semantics follow the user's explicit instruction that IndexYear is the DEI year,projects/empyrean-caster-430308-m2/assets/city; update_time=2024-10-08T06:01:06.845098Z; source/licence/reference-year unresolved; one static layer used for all years,projects/sat-io/open-datasets/npp-viirs-ntl band=b1,longntl_annual_native500m_positive_pixel_sum_v1,天津,天津市,156120000,unique_exact_or_prefix,H3C IndexYear paired to same LongNTL calendar year by user instruction
石家庄市,2022,65.3,132737.713107333,H3C live AllCityOneInfo API snapshot matched to workbook; workbook_sha256=6C7ABE1A06917FBF9BEEE26C7462ED00557EA038A5374DFC0EDA9BEB240AB753; model-year semantics follow the user's explicit instruction that IndexYear is the DEI year,projects/empyrean-caster-430308-m2/assets/city; update_time=2024-10-08T06:01:06.845098Z; source/licence/reference-year unresolved; one static layer used for all years,projects/sat-io/open-datasets/npp-viirs-ntl band=b1,longntl_annual_native500m_positive_pixel_sum_v1,石家庄,石家庄市,156130100,unique_exact_or_prefix,H3C IndexYear paired to same LongNTL calendar year by user instruction
唐山市,2022,61,148562.779461619,H3C live AllCityOneInfo API snapshot matched to workbook; workbook_sha256=6C7ABE1A06917FBF9BEEE26C7462ED00557EA038A5374DFC0EDA9BEB240AB753; model-year semantics follow the user's explicit instruction that IndexYear is the DEI year,projects/empyrean-caster-430308-m2/assets/city; update_time=2024-10-08T06:01:06.845098Z; source/licence/reference-year unresolved; one static layer used for all years,projects/sat-io/open-datasets/npp-viirs-ntl band=b1,longntl_annual_native500m_positive_pixel_sum_v1,唐山,唐山市,156130200,unique_exact_or_prefix,H3C IndexYear paired to same LongNTL calendar year by user instruction
秦皇岛市,2022,54.7,42578.4702703032,H3C live AllCityOneInfo API snapshot matched to workbook; workbook_sha256=6C7ABE1A06917FBF9BEEE26C7462ED00557EA038A5374DFC0EDA9BEB240AB753; model-year semantics follow the user's explicit instruction that IndexYear is the DEI year,projects/empyrean-caster-430308-m2/assets/city; update_time=2024-10-08T06:01:06.845098Z; source/licence/reference-year unresolved; one static layer used for all years,projects/sat-io/open-datasets/npp-viirs-ntl band=b1,longntl_annual_native500m_positive_pixel_sum_v1,秦皇岛,秦皇岛市,156130300,unique_exact_or_prefix,H3C IndexYear paired to same LongNTL calendar year by user instruction
邯郸市,2022,59.5,76451.6699208124,H3C live AllCityOneInfo API snapshot matched to workbook; workbook_sha256=6C7ABE1A06917FBF9BEEE26C7462ED00557EA038A5374DFC0EDA9BEB240AB753; model-year semantics follow the user's explicit instruction that IndexYear is the DEI year,projects/empyrean-caster-430308-m2/assets/city; update_time=2024-10-08T06:01:06.845098Z; source/licence/reference-year unresolved; one static layer used for all years,projects/sat-io/open-datasets/npp-viirs-ntl band=b1,longntl_annual_native500m_positive_pixel_sum_v1,邯郸,邯郸市,156130400,unique_exact_or_prefix,H3C IndexYear paired to same LongNTL calendar year by user instruction
邢台市,2022,52.9,64301.2943441858,H3C live AllCityOneInfo API snapshot matched to workbook; workbook_sha256=6C7ABE1A06917FBF9BEEE26C7462ED00557EA038A5374DFC0EDA9BEB240AB753; model-year semantics follow the user's explicit instruction that IndexYear is the DEI year,projects/empyrean-caster-430308-m2/assets/city; update_time=2024-10-08T06:01:06.845098Z; source/licence/reference-year unresolved; one static layer used for all years,projects/sat-io/open-datasets/npp-viirs-ntl band=b1,longntl_annual_native500m_positive_pixel_sum_v1,邢台,邢台市,156130500,unique_exact_or_prefix,H3C IndexYear paired to same LongNTL calendar year by user instruction
保定市,2022,52.6,153020.730766441,H3C live AllCityOneInfo API snapshot matched to workbook; workbook_sha256=6C7ABE1A06917FBF9BEEE26C7462ED00557EA038A5374DFC0EDA9BEB240AB753; model-year semantics follow the user's explicit instruction that IndexYear is the DEI year,projects/empyrean-caster-430308-m2/assets/city; update_time=2024-10-08T06:01:06.845098Z; source/licence/reference-year unresolved; one static layer used for all years,projects/sat-io/open-datasets/npp-viirs-ntl band=b1,longntl_annual_native500m_positive_pixel_sum_v1,保定,保定市,156130600,unique_exact_or_prefix,H3C IndexYear paired to same LongNTL calendar year by user instruction
张家口市,2022,53,51977.0793398736,H3C live AllCityOneInfo API snapshot matched to workbook; workbook_sha256=6C7ABE1A06917FBF9BEEE26C7462ED00557EA038A5374DFC0EDA9BEB240AB753; model-year semantics follow the user's explicit instruction that IndexYear is the DEI year,projects/empyrean-caster-430308-m2/assets/city; update_time=2024-10-08T06:01:06.845098Z; source/licence/reference-year unresolved; one static layer used for all years,projects/sat-io/open-datasets/npp-viirs-ntl band=b1,longntl_annual_native500m_positive_pixel_sum_v1,张家口,张家口市,156130700,unique_exact_or_prefix,H3C IndexYear paired to same LongNTL calendar year by user instruction
承德市,2022,47.7,33474.3003144227,H3C live AllCityOneInfo API snapshot matched to workbook; workbook_sha256=6C7ABE1A06917FBF9BEEE26C7462ED00557EA038A5374DFC0EDA9BEB240AB753; model-year semantics follow the user's explicit instruction that IndexYear is the DEI year,projects/empyrean-caster-430308-m2/assets/city; update_time=2024-10-08T06:01:06.845098Z; source/licence/reference-year unresolved; one static layer used for all years,projects/sat-io/open-datasets/npp-viirs-ntl band=b1,longntl_annual_native500m_positive_pixel_sum_v1,承德,承德市,156130800,unique_exact_or_prefix,H3C IndexYear paired to same LongNTL calendar year by user instruction
沧州市,2022,61.1,97034.8000342939,H3C live AllCityOneInfo API snapshot matched to workbook; workbook_sha256=6C7ABE1A06917FBF9BEEE26C7462ED00557EA038A5374DFC0EDA9BEB240AB753; model-year semantics follow the user's explicit instruction that IndexYear is the DEI year,projects/empyrean-caster-430308-m2/assets/city; update_time=2024-10-08T06:01:06.845098Z; source/licence/reference-year unresolved; one static layer used for all years,projects/sat-io/open-datasets/npp-viirs-ntl band=b1,longntl_annual_native500m_positive_pixel_sum_v1,沧州,沧州市,156130900,unique_exact_or_prefix,H3C IndexYear paired to same LongNTL calendar year by user instruction
廊坊市,2022,60.6,114707.159051351,H3C live AllCityOneInfo API snapshot matched to workbook; workbook_sha256=6C7ABE1A06917FBF9BEEE26C7462ED00557EA038A5374DFC0EDA9BEB240AB753; model-year semantics follow the user's explicit instruction that IndexYear is the DEI year,projects/empyrean-caster-430308-m2/assets/city; update_time=2024-10-08T06:01:06.845098Z; source/licence/reference-year unresolved; one static layer used for all years,projects/sat-io/open-datasets/npp-viirs-ntl band=b1,longntl_annual_native500m_positive_pixel_sum_v1,廊坊,廊坊市,156131000,unique_exact_or_prefix,H3C IndexYear paired to same LongNTL calendar year by user instruction
衡水市,2022,51.9,29275.9932224634,H3C live AllCityOneInfo API snapshot matched to workbook; workbook_sha256=6C7ABE1A06917FBF9BEEE26C7462ED00557EA038A5374DFC0EDA9BEB240AB753; model-year semantics follow the user's explicit instruction that IndexYear is the DEI year,projects/empyrean-caster-430308-m2/assets/city; update_time=2024-10-08T06:01:06.845098Z; source/licence/reference-year unresolved; one static layer used for all years,projects/sat-io/open-datasets/npp-viirs-ntl band=b1,longntl_annual_native500m_positive_pixel_sum_v1,衡水,衡水市,156131100,unique_exact_or_prefix,H3C IndexYear paired to same LongNTL calendar year by user instruction
太原市,2022,65.5,144981.909006023,H3C live AllCityOneInfo API snapshot matched to workbook; workbook_sha256=6C7ABE1A06917FBF9BEEE26C7462ED00557EA038A5374DFC0EDA9BEB240AB753; model-year semantics follow the user's explicit instruction that IndexYear is the DEI year,projects/empyrean-caster-430308-m2/assets/city; update_time=2024-10-08T06:01:06.845098Z; source/licence/reference-year unresolved; one static layer used for all years,projects/sat-io/open-datasets/npp-viirs-ntl band=b1,longntl_annual_native500m_positive_pixel_sum_v1,太原,太原市,156140100,unique_exact_or_prefix,H3C IndexYear paired to same LongNTL calendar year by user instruction
大同市,2022,43.1,68230.6625112954,H3C live AllCityOneInfo API snapshot matched to workbook; workbook_sha256=6C7ABE1A06917FBF9BEEE26C7462ED00557EA038A5374DFC0EDA9BEB240AB753; model-year semantics follow the user's explicit instruction that IndexYear is the DEI year,projects/empyrean-caster-430308-m2/assets/city; update_time=2024-10-08T06:01:06.845098Z; source/licence/reference-year unresolved; one static layer used for all years,projects/sat-io/open-datasets/npp-viirs-ntl band=b1,longntl_annual_native500m_positive_pixel_sum_v1,大同,大同市,156140200,unique_exact_or_prefix,H3C IndexYear paired to same LongNTL calendar year by user instruction
长治市,2022,41.7,60673.3934732937,H3C live AllCityOneInfo API snapshot matched to workbook; workbook_sha256=6C7ABE1A06917FBF9BEEE26C7462ED00557EA038A5374DFC0EDA9BEB240AB753; model-year semantics follow the user's explicit instruction that IndexYear is the DEI year,projects/empyrean-caster-430308-m2/assets/city; update_time=2024-10-08T06:01:06.845098Z; source/licence/reference-year unresolved; one static layer used for all years,projects/sat-io/open-datasets/npp-viirs-ntl band=b1,longntl_annual_native500m_positive_pixel_sum_v1,长治,长治市,156140400,unique_exact_or_prefix,H3C IndexYear paired to same LongNTL calendar year by user instruction
晋城市,2022,44.1,35881.0542735567,H3C live AllCityOneInfo API snapshot matched to workbook; workbook_sha256=6C7ABE1A06917FBF9BEEE26C7462ED00557EA038A5374DFC0EDA9BEB240AB753; model-year semantics follow the user's explicit instruction that IndexYear is the DEI year,projects/empyrean-caster-430308-m2/assets/city; update_time=2024-10-08T06:01:06.845098Z; source/licence/reference-year unresolved; one static layer used for all years,projects/sat-io/open-datasets/npp-viirs-ntl band=b1,longntl_annual_native500m_positive_pixel_sum_v1,晋城,晋城市,156140500,unique_exact_or_prefix,H3C IndexYear paired to same LongNTL calendar year by user instruction
朔州市,2022,39.4,42000.2048583148,H3C live AllCityOneInfo API snapshot matched to workbook; workbook_sha256=6C7ABE1A06917FBF9BEEE26C7462ED00557EA038A5374DFC0EDA9BEB240AB753; model-year semantics follow the user's explicit instruction that IndexYear is the DEI year,projects/empyrean-caster-430308-m2/assets/city; update_time=2024-10-08T06:01:06.845098Z; source/licence/reference-year unresolved; one static layer used for all years,projects/sat-io/open-datasets/npp-viirs-ntl band=b1,longntl_annual_native500m_positive_pixel_sum_v1,朔州,朔州市,156140600,unique_exact_or_prefix,H3C IndexYear paired to same LongNTL calendar year by user instruction
晋中市,2022,43.8,61187.7914450234,H3C live AllCityOneInfo API snapshot matched to workbook; workbook_sha256=6C7ABE1A06917FBF9BEEE26C7462ED00557EA038A5374DFC0EDA9BEB240AB753; model-year semantics follow the user's explicit instruction that IndexYear is the DEI year,projects/empyrean-caster-430308-m2/assets/city; update_time=2024-10-08T06:01:06.845098Z; source/licence/reference-year unresolved; one static layer used for all years,projects/sat-io/open-datasets/npp-viirs-ntl band=b1,longntl_annual_native500m_positive_pixel_sum_v1,晋中,晋中市,156140700,unique_exact_or_prefix,H3C IndexYear paired to same LongNTL calendar year by user instruction
运城市,2022,40.7,45259.7172064099,H3C live AllCityOneInfo API snapshot matched to workbook; workbook_sha256=6C7ABE1A06917FBF9BEEE26C7462ED00557EA038A5374DFC0EDA9BEB240AB753; model-year semantics follow the user's explicit instruction that IndexYear is the DEI year,projects/empyrean-caster-430308-m2/assets/city; update_time=2024-10-08T06:01:06.845098Z; source/licence/reference-year unresolved; one static layer used for all years,projects/sat-io/open-datasets/npp-viirs-ntl band=b1,longntl_annual_native500m_positive_pixel_sum_v1,运城,运城市,156140800,unique_exact_or_prefix,H3C IndexYear paired to same LongNTL calendar year by user instruction
临汾市,2022,40,40405.0694685978,H3C live AllCityOneInfo API snapshot matched to workbook; workbook_sha256=6C7ABE1A06917FBF9BEEE26C7462ED00557EA038A5374DFC0EDA9BEB240AB753; model-year semantics follow the user's explicit instruction that IndexYear is the DEI year,projects/empyrean-caster-430308-m2/assets/city; update_time=2024-10-08T06:01:06.845098Z; source/licence/reference-year unresolved; one static layer used for all years,projects/sat-io/open-datasets/npp-viirs-ntl band=b1,longntl_annual_native500m_positive_pixel_sum_v1,临汾,临汾市,156141000,unique_exact_or_prefix,H3C IndexYear paired to same LongNTL calendar year by user instruction
吕梁市,2022,37.9,44394.1985858983,H3C live AllCityOneInfo API snapshot matched to workbook; workbook_sha256=6C7ABE1A06917FBF9BEEE26C7462ED00557EA038A5374DFC0EDA9BEB240AB753; model-year semantics follow the user's explicit instruction that IndexYear is the DEI year,projects/empyrean-caster-430308-m2/assets/city; update_time=2024-10-08T06:01:06.845098Z; source/licence/reference-year unresolved; one static layer used for all years,projects/sat-io/open-datasets/npp-viirs-ntl band=b1,longntl_annual_native500m_positive_pixel_sum_v1,吕梁,吕梁市,156141100,unique_exact_or_prefix,H3C IndexYear paired to same LongNTL calendar year by user instruction
呼和浩特市,2022,71.7,80631.7725477396,H3C live AllCityOneInfo API snapshot matched to workbook; workbook_sha256=6C7ABE1A06917FBF9BEEE26C7462ED00557EA038A5374DFC0EDA9BEB240AB753; model-year semantics follow the user's explicit instruction that IndexYear is the DEI year,projects/empyrean-caster-430308-m2/assets/city; update_time=2024-10-08T06:01:06.845098Z; source/licence/reference-year unresolved; one static layer used for all years,projects/sat-io/open-datasets/npp-viirs-ntl band=b1,longntl_annual_native500m_positive_pixel_sum_v1,呼和浩特,呼和浩特市,156150100,unique_exact_or_prefix,H3C IndexYear paired to same LongNTL calendar year by user instruction
包头市,2022,60.7,58348.2714483331,H3C live AllCityOneInfo API snapshot matched to workbook; workbook_sha256=6C7ABE1A06917FBF9BEEE26C7462ED00557EA038A5374DFC0EDA9BEB240AB753; model-year semantics follow the user's explicit instruction that IndexYear is the DEI year,projects/empyrean-caster-430308-m2/assets/city; update_time=2024-10-08T06:01:06.845098Z; source/licence/reference-year unresolved; one static layer used for all years,projects/sat-io/open-datasets/npp-viirs-ntl band=b1,longntl_annual_native500m_positive_pixel_sum_v1,包头,包头市,156150200,unique_exact_or_prefix,H3C IndexYear paired to same LongNTL calendar year by user instruction
赤峰市,2022,45.4,48258.4565222488,H3C live AllCityOneInfo API snapshot matched to workbook; workbook_sha256=6C7ABE1A06917FBF9BEEE26C7462ED00557EA038A5374DFC0EDA9BEB240AB753; model-year semantics follow the user's explicit instruction that IndexYear is the DEI year,projects/empyrean-caster-430308-m2/assets/city; update_time=2024-10-08T06:01:06.845098Z; source/licence/reference-year unresolved; one static layer used for all years,projects/sat-io/open-datasets/npp-viirs-ntl band=b1,longntl_annual_native500m_positive_pixel_sum_v1,赤峰,赤峰市,156150400,unique_exact_or_prefix,H3C IndexYear paired to same LongNTL calendar year by user instruction
通辽市,2022,41.4,28083.9608661778,H3C live AllCityOneInfo API snapshot matched to workbook; workbook_sha256=6C7ABE1A06917FBF9BEEE26C7462ED00557EA038A5374DFC0EDA9BEB240AB753; model-year semantics follow the user's explicit instruction that IndexYear is the DEI year,projects/empyrean-caster-430308-m2/assets/city; update_time=2024-10-08T06:01:06.845098Z; source/licence/reference-year unresolved; one static layer used for all years,projects/sat-io/open-datasets/npp-viirs-ntl band=b1,longntl_annual_native500m_positive_pixel_sum_v1,通辽,通辽市,156150500,unique_exact_or_prefix,H3C IndexYear paired to same LongNTL calendar year by user instruction
鄂尔多斯市,2022,56.5,84157.5874189966,H3C live AllCityOneInfo API snapshot matched to workbook; workbook_sha256=6C7ABE1A06917FBF9BEEE26C7462ED00557EA038A5374DFC0EDA9BEB240AB753; model-year semantics follow the user's explicit instruction that IndexYear is the DEI year,projects/empyrean-caster-430308-m2/assets/city; update_time=2024-10-08T06:01:06.845098Z; source/licence/reference-year unresolved; one static layer used for all years,projects/sat-io/open-datasets/npp-viirs-ntl band=b1,longntl_annual_native500m_positive_pixel_sum_v1,鄂尔多斯,鄂尔多斯市,156150600,unique_exact_or_prefix,H3C IndexYear paired to same LongNTL calendar year by user instruction
呼伦贝尔市,2022,43.1,21008.9020516339,H3C live AllCityOneInfo API snapshot matched to workbook; workbook_sha256=6C7ABE1A06917FBF9BEEE26C7462ED00557EA038A5374DFC0EDA9BEB240AB753; model-year semantics follow the user's explicit instruction that IndexYear is the DEI year,projects/empyrean-caster-430308-m2/assets/city; update_time=2024-10-08T06:01:06.845098Z; source/licence/reference-year unresolved; one static layer used for all years,projects/sat-io/open-datasets/npp-viirs-ntl band=b1,longntl_annual_native500m_positive_pixel_sum_v1,呼伦贝尔,呼伦贝尔市,156150700,unique_exact_or_prefix,H3C IndexYear paired to same LongNTL calendar year by user instruction
乌兰察布市,2022,48.2,27231.4198014568,H3C live AllCityOneInfo API snapshot matched to workbook; workbook_sha256=6C7ABE1A06917FBF9BEEE26C7462ED00557EA038A5374DFC0EDA9BEB240AB753; model-year semantics follow the user's explicit instruction that IndexYear is the DEI year,projects/empyrean-caster-430308-m2/assets/city; update_time=2024-10-08T06:01:06.845098Z; source/licence/reference-year unresolved; one static layer used for all years,projects/sat-io/open-datasets/npp-viirs-ntl band=b1,longntl_annual_native500m_positive_pixel_sum_v1,乌兰察布,乌兰察布市,156150900,unique_exact_or_prefix,H3C IndexYear paired to same LongNTL calendar year by user instruction
沈阳市,2022,69.2,175219.030521995,H3C live AllCityOneInfo API snapshot matched to workbook; workbook_sha256=6C7ABE1A06917FBF9BEEE26C7462ED00557EA038A5374DFC0EDA9BEB240AB753; model-year semantics follow the user's explicit instruction that IndexYear is the DEI year,projects/empyrean-caster-430308-m2/assets/city; update_time=2024-10-08T06:01:06.845098Z; source/licence/reference-year unresolved; one static layer used for all years,projects/sat-io/open-datasets/npp-viirs-ntl band=b1,longntl_annual_native500m_positive_pixel_sum_v1,沈阳,沈阳市,156210100,unique_exact_or_prefix,H3C IndexYear paired to same LongNTL calendar year by user instruction
大连市,2022,65,106945.269139044,H3C live AllCityOneInfo API snapshot matched to workbook; workbook_sha256=6C7ABE1A06917FBF9BEEE26C7462ED00557EA038A5374DFC0EDA9BEB240AB753; model-year semantics follow the user's explicit instruction that IndexYear is the DEI year,projects/empyrean-caster-430308-m2/assets/city; update_time=2024-10-08T06:01:06.845098Z; source/licence/reference-year unresolved; one static layer used for all years,projects/sat-io/open-datasets/npp-viirs-ntl band=b1,longntl_annual_native500m_positive_pixel_sum_v1,大连,大连市,156210200,unique_exact_or_prefix,H3C IndexYear paired to same LongNTL calendar year by user instruction
鞍山市,2022,48.9,46731.9134454643,H3C live AllCityOneInfo API snapshot matched to workbook; workbook_sha256=6C7ABE1A06917FBF9BEEE26C7462ED00557EA038A5374DFC0EDA9BEB240AB753; model-year semantics follow the user's explicit instruction that IndexYear is the DEI year,projects/empyrean-caster-430308-m2/assets/city; update_time=2024-10-08T06:01:06.845098Z; source/licence/reference-year unresolved; one static layer used for all years,projects/sat-io/open-datasets/npp-viirs-ntl band=b1,longntl_annual_native500m_positive_pixel_sum_v1,鞍山,鞍山市,156210300,unique_exact_or_prefix,H3C IndexYear paired to same LongNTL calendar year by user instruction
抚顺市,2022,39,24482.2871772299,H3C live AllCityOneInfo API snapshot matched to workbook; workbook_sha256=6C7ABE1A06917FBF9BEEE26C7462ED00557EA038A5374DFC0EDA9BEB240AB753; model-year semantics follow the user's explicit instruction that IndexYear is the DEI year,projects/empyrean-caster-430308-m2/assets/city; update_time=2024-10-08T06:01:06.845098Z; source/licence/reference-year unresolved; one static layer used for all years,projects/sat-io/open-datasets/npp-viirs-ntl band=b1,longntl_annual_native500m_positive_pixel_sum_v1,抚顺,抚顺市,156210400,unique_exact_or_prefix,H3C IndexYear paired to same LongNTL calendar year by user instruction
营口市,2022,42.7,46038.8034404044,H3C live AllCityOneInfo API snapshot matched to workbook; workbook_sha256=6C7ABE1A06917FBF9BEEE26C7462ED00557EA038A5374DFC0EDA9BEB240AB753; model-year semantics follow the user's explicit instruction that IndexYear is the DEI year,projects/empyrean-caster-430308-m2/assets/city; update_time=2024-10-08T06:01:06.845098Z; source/licence/reference-year unresolved; one static layer used for all years,projects/sat-io/open-datasets/npp-viirs-ntl band=b1,longntl_annual_native500m_positive_pixel_sum_v1,营口,营口市,156210800,unique_exact_or_prefix,H3C IndexYear paired to same LongNTL calendar year by user instruction
盘锦市,2022,43.1,40420.6118344751,H3C live AllCityOneInfo API snapshot matched to workbook; workbook_sha256=6C7ABE1A06917FBF9BEEE26C7462ED00557EA038A5374DFC0EDA9BEB240AB753; model-year semantics follow the user's explicit instruction that IndexYear is the DEI year,projects/empyrean-caster-430308-m2/assets/city; update_time=2024-10-08T06:01:06.845098Z; source/licence/reference-year unresolved; one static layer used for all years,projects/sat-io/open-datasets/npp-viirs-ntl band=b1,longntl_annual_native500m_positive_pixel_sum_v1,盘锦,盘锦市,156211100,unique_exact_or_prefix,H3C IndexYear paired to same LongNTL calendar year by user instruction
长春市,2022,62.8,225147.127276863,H3C live AllCityOneInfo API snapshot matched to workbook; workbook_sha256=6C7ABE1A06917FBF9BEEE26C7462ED00557EA038A5374DFC0EDA9BEB240AB753; model-year semantics follow the user's explicit instruction that IndexYear is the DEI year,projects/empyrean-caster-430308-m2/assets/city; update_time=2024-10-08T06:01:06.845098Z; source/licence/reference-year unresolved; one static layer used for all years,projects/sat-io/open-datasets/npp-viirs-ntl band=b1,longntl_annual_native500m_positive_pixel_sum_v1,长春,长春市,156220100,unique_exact_or_prefix,H3C IndexYear paired to same LongNTL calendar year by user instruction
吉林市,2022,45,37751.1425967277,H3C live AllCityOneInfo API snapshot matched to workbook; workbook_sha256=6C7ABE1A06917FBF9BEEE26C7462ED00557EA038A5374DFC0EDA9BEB240AB753; model-year semantics follow the user's explicit instruction that IndexYear is the DEI year,projects/empyrean-caster-430308-m2/assets/city; update_time=2024-10-08T06:01:06.845098Z; source/licence/reference-year unresolved; one static layer used for all years,projects/sat-io/open-datasets/npp-viirs-ntl band=b1,longntl_annual_native500m_positive_pixel_sum_v1,吉林,吉林市,156220200,unique_exact_or_prefix,H3C IndexYear paired to same LongNTL calendar year by user instruction
哈尔滨市,2022,62.7,123380.038505155,H3C live AllCityOneInfo API snapshot matched to workbook; workbook_sha256=6C7ABE1A06917FBF9BEEE26C7462ED00557EA038A5374DFC0EDA9BEB240AB753; model-year semantics follow the user's explicit instruction that IndexYear is the DEI year,projects/empyrean-caster-430308-m2/assets/city; update_time=2024-10-08T06:01:06.845098Z; source/licence/reference-year unresolved; one static layer used for all years,projects/sat-io/open-datasets/npp-viirs-ntl band=b1,longntl_annual_native500m_positive_pixel_sum_v1,哈尔滨,哈尔滨市,156230100,unique_exact_or_prefix,H3C IndexYear paired to same LongNTL calendar year by user instruction
齐齐哈尔市,2022,53.5,37101.8853932586,H3C live AllCityOneInfo API snapshot matched to workbook; workbook_sha256=6C7ABE1A06917FBF9BEEE26C7462ED00557EA038A5374DFC0EDA9BEB240AB753; model-year semantics follow the user's explicit instruction that IndexYear is the DEI year,projects/empyrean-caster-430308-m2/assets/city; update_time=2024-10-08T06:01:06.845098Z; source/licence/reference-year unresolved; one static layer used for all years,projects/sat-io/open-datasets/npp-viirs-ntl band=b1,longntl_annual_native500m_positive_pixel_sum_v1,齐齐哈尔,齐齐哈尔市,156230200,unique_exact_or_prefix,H3C IndexYear paired to same LongNTL calendar year by user instruction
大庆市,2022,57.4,72379.8767599873,H3C live AllCityOneInfo API snapshot matched to workbook; workbook_sha256=6C7ABE1A06917FBF9BEEE26C7462ED00557EA038A5374DFC0EDA9BEB240AB753; model-year semantics follow the user's explicit instruction that IndexYear is the DEI year,projects/empyrean-caster-430308-m2/assets/city; update_time=2024-10-08T06:01:06.845098Z; source/licence/reference-year unresolved; one static layer used for all years,projects/sat-io/open-datasets/npp-viirs-ntl band=b1,longntl_annual_native500m_positive_pixel_sum_v1,大庆,大庆市,156230600,unique_exact_or_prefix,H3C IndexYear paired to same LongNTL calendar year by user instruction
牡丹江市,2022,50.4,24136.7124753054,H3C live AllCityOneInfo API snapshot matched to workbook; workbook_sha256=6C7ABE1A06917FBF9BEEE26C7462ED00557EA038A5374DFC0EDA9BEB240AB753; model-year semantics follow the user's explicit instruction that IndexYear is the DEI year,projects/empyrean-caster-430308-m2/assets/city; update_time=2024-10-08T06:01:06.845098Z; source/licence/reference-year unresolved; one static layer used for all years,projects/sat-io/open-datasets/npp-viirs-ntl band=b1,longntl_annual_native500m_positive_pixel_sum_v1,牡丹江,牡丹江市,156231000,unique_exact_or_prefix,H3C IndexYear paired to same LongNTL calendar year by user instruction
上海市,2022,92.3,518060.561191763,H3C live AllCityOneInfo API snapshot matched to workbook; workbook_sha256=6C7ABE1A06917FBF9BEEE26C7462ED00557EA038A5374DFC0EDA9BEB240AB753; model-year semantics follow the user's explicit instruction that IndexYear is the DEI year,projects/empyrean-caster-430308-m2/assets/city; update_time=2024-10-08T06:01:06.845098Z; source/licence/reference-year unresolved; one static layer used for all years,projects/sat-io/open-datasets/npp-viirs-ntl band=b1,longntl_annual_native500m_positive_pixel_sum_v1,上海,上海市,156310000,unique_exact_or_prefix,H3C IndexYear paired to same LongNTL calendar year by user instruction
南京市,2022,82.5,236311.98172572,H3C live AllCityOneInfo API snapshot matched to workbook; workbook_sha256=6C7ABE1A06917FBF9BEEE26C7462ED00557EA038A5374DFC0EDA9BEB240AB753; model-year semantics follow the user's explicit instruction that IndexYear is the DEI year,projects/empyrean-caster-430308-m2/assets/city; update_time=2024-10-08T06:01:06.845098Z; source/licence/reference-year unresolved; one static layer used for all years,projects/sat-io/open-datasets/npp-viirs-ntl band=b1,longntl_annual_native500m_positive_pixel_sum_v1,南京,南京市,156320100,unique_exact_or_prefix,H3C IndexYear paired to same LongNTL calendar year by user instruction
无锡市,2022,80.1,199273.499472511,H3C live AllCityOneInfo API snapshot matched to workbook; workbook_sha256=6C7ABE1A06917FBF9BEEE26C7462ED00557EA038A5374DFC0EDA9BEB240AB753; model-year semantics follow the user's explicit instruction that IndexYear is the DEI year,projects/empyrean-caster-430308-m2/assets/city; update_time=2024-10-08T06:01:06.845098Z; source/licence/reference-year unresolved; one static layer used for all years,projects/sat-io/open-datasets/npp-viirs-ntl band=b1,longntl_annual_native500m_positive_pixel_sum_v1,无锡,无锡市,156320200,unique_exact_or_prefix,H3C IndexYear paired to same LongNTL calendar year by user instruction
徐州市,2022,64.6,130033.043975696,H3C live AllCityOneInfo API snapshot matched to workbook; workbook_sha256=6C7ABE1A06917FBF9BEEE26C7462ED00557EA038A5374DFC0EDA9BEB240AB753; model-year semantics follow the user's explicit instruction that IndexYear is the DEI year,projects/empyrean-caster-430308-m2/assets/city; update_time=2024-10-08T06:01:06.845098Z; source/licence/reference-year unresolved; one static layer used for all years,projects/sat-io/open-datasets/npp-viirs-ntl band=b1,longntl_annual_native500m_positive_pixel_sum_v1,徐州,徐州市,156320300,unique_exact_or_prefix,H3C IndexYear paired to same LongNTL calendar year by user instruction
常州市,2022,69.8,147133.548739495,H3C live AllCityOneInfo API snapshot matched to workbook; workbook_sha256=6C7ABE1A06917FBF9BEEE26C7462ED00557EA038A5374DFC0EDA9BEB240AB753; model-year semantics follow the user's explicit instruction that IndexYear is the DEI year,projects/empyrean-caster-430308-m2/assets/city; update_time=2024-10-08T06:01:06.845098Z; source/licence/reference-year unresolved; one static layer used for all years,projects/sat-io/open-datasets/npp-viirs-ntl band=b1,longntl_annual_native500m_positive_pixel_sum_v1,常州,常州市,156320400,unique_exact_or_prefix,H3C IndexYear paired to same LongNTL calendar year by user instruction
苏州市,2022,80.4,442380.835905172,H3C live AllCityOneInfo API snapshot matched to workbook; workbook_sha256=6C7ABE1A06917FBF9BEEE26C7462ED00557EA038A5374DFC0EDA9BEB240AB753; model-year semantics follow the user's explicit instruction that IndexYear is the DEI year,projects/empyrean-caster-430308-m2/assets/city; update_time=2024-10-08T06:01:06.845098Z; source/licence/reference-year unresolved; one static layer used for all years,projects/sat-io/open-datasets/npp-viirs-ntl band=b1,longntl_annual_native500m_positive_pixel_sum_v1,苏州,苏州市,156320500,unique_exact_or_prefix,H3C IndexYear paired to same LongNTL calendar year by user instruction
南通市,2022,73.2,168319.106125617,H3C live AllCityOneInfo API snapshot matched to workbook; workbook_sha256=6C7ABE1A06917FBF9BEEE26C7462ED00557EA038A5374DFC0EDA9BEB240AB753; model-year semantics follow the user's explicit instruction that IndexYear is the DEI year,projects/empyrean-caster-430308-m2/assets/city; update_time=2024-10-08T06:01:06.845098Z; source/licence/reference-year unresolved; one static layer used for all years,projects/sat-io/open-datasets/npp-viirs-ntl band=b1,longntl_annual_native500m_positive_pixel_sum_v1,南通,南通市,156320600,unique_exact_or_prefix,H3C IndexYear paired to same LongNTL calendar year by user instruction
连云港市,2022,65.1,65672.3844682904,H3C live AllCityOneInfo API snapshot matched to workbook; workbook_sha256=6C7ABE1A06917FBF9BEEE26C7462ED00557EA038A5374DFC0EDA9BEB240AB753; model-year semantics follow the user's explicit instruction that IndexYear is the DEI year,projects/empyrean-caster-430308-m2/assets/city; update_time=2024-10-08T06:01:06.845098Z; source/licence/reference-year unresolved; one static layer used for all years,projects/sat-io/open-datasets/npp-viirs-ntl band=b1,longntl_annual_native500m_positive_pixel_sum_v1,连云港,连云港市,156320700,unique_exact_or_prefix,H3C IndexYear paired to same LongNTL calendar year by user instruction
淮安市,2022,65.7,84861.7370711719,H3C live AllCityOneInfo API snapshot matched to workbook; workbook_sha256=6C7ABE1A06917FBF9BEEE26C7462ED00557EA038A5374DFC0EDA9BEB240AB753; model-year semantics follow the user's explicit instruction that IndexYear is the DEI year,projects/empyrean-caster-430308-m2/assets/city; update_time=2024-10-08T06:01:06.845098Z; source/licence/reference-year unresolved; one static layer used for all years,projects/sat-io/open-datasets/npp-viirs-ntl band=b1,longntl_annual_native500m_positive_pixel_sum_v1,淮安,淮安市,156320800,unique_exact_or_prefix,H3C IndexYear paired to same LongNTL calendar year by user instruction
盐城市,2022,59.8,132910.155284305,H3C live AllCityOneInfo API snapshot matched to workbook; workbook_sha256=6C7ABE1A06917FBF9BEEE26C7462ED00557EA038A5374DFC0EDA9BEB240AB753; model-year semantics follow the user's explicit instruction that IndexYear is the DEI year,projects/empyrean-caster-430308-m2/assets/city; update_time=2024-10-08T06:01:06.845098Z; source/licence/reference-year unresolved; one static layer used for all years,projects/sat-io/open-datasets/npp-viirs-ntl band=b1,longntl_annual_native500m_positive_pixel_sum_v1,盐城,盐城市,156320900,unique_exact_or_prefix,H3C IndexYear paired to same LongNTL calendar year by user instruction
扬州市,2022,70.7,106050.789804498,H3C live AllCityOneInfo API snapshot matched to workbook; workbook_sha256=6C7ABE1A06917FBF9BEEE26C7462ED00557EA038A5374DFC0EDA9BEB240AB753; model-year semantics follow the user's explicit instruction that IndexYear is the DEI year,projects/empyrean-caster-430308-m2/assets/city; update_time=2024-10-08T06:01:06.845098Z; source/licence/reference-year unresolved; one static layer used for all years,projects/sat-io/open-datasets/npp-viirs-ntl band=b1,longntl_annual_native500m_positive_pixel_sum_v1,扬州,扬州市,156321000,unique_exact_or_prefix,H3C IndexYear paired to same LongNTL calendar year by user instruction
镇江市,2022,69.6,82520.7733640123,H3C live AllCityOneInfo API snapshot matched to workbook; workbook_sha256=6C7ABE1A06917FBF9BEEE26C7462ED00557EA038A5374DFC0EDA9BEB240AB753; model-year semantics follow the user's explicit instruction that IndexYear is the DEI year,projects/empyrean-caster-430308-m2/assets/city; update_time=2024-10-08T06:01:06.845098Z; source/licence/reference-year unresolved; one static layer used for all years,projects/sat-io/open-datasets/npp-viirs-ntl band=b1,longntl_annual_native500m_positive_pixel_sum_v1,镇江,镇江市,156321100,unique_exact_or_prefix,H3C IndexYear paired to same LongNTL calendar year by user instruction
泰州市,2022,65.1,112005.867569133,H3C live AllCityOneInfo API snapshot matched to workbook; workbook_sha256=6C7ABE1A06917FBF9BEEE26C7462ED00557EA038A5374DFC0EDA9BEB240AB753; model-year semantics follow the user's explicit instruction that IndexYear is the DEI year,projects/empyrean-caster-430308-m2/assets/city; update_time=2024-10-08T06:01:06.845098Z; source/licence/reference-year unresolved; one static layer used for all years,projects/sat-io/open-datasets/npp-viirs-ntl band=b1,longntl_annual_native500m_positive_pixel_sum_v1,泰州,泰州市,156321200,unique_exact_or_prefix,H3C IndexYear paired to same LongNTL calendar year by user instruction
宿迁市,2022,59.7,70267.4900672436,H3C live AllCityOneInfo API snapshot matched to workbook; workbook_sha256=6C7ABE1A06917FBF9BEEE26C7462ED00557EA038A5374DFC0EDA9BEB240AB753; model-year semantics follow the user's explicit instruction that IndexYear is the DEI year,projects/empyrean-caster-430308-m2/assets/city; update_time=2024-10-08T06:01:06.845098Z; source/licence/reference-year unresolved; one static layer used for all years,projects/sat-io/open-datasets/npp-viirs-ntl band=b1,longntl_annual_native500m_positive_pixel_sum_v1,宿迁,宿迁市,156321300,unique_exact_or_prefix,H3C IndexYear paired to same LongNTL calendar year by user instruction
杭州市,2022,91.9,255457.993384906,H3C live AllCityOneInfo API snapshot matched to workbook; workbook_sha256=6C7ABE1A06917FBF9BEEE26C7462ED00557EA038A5374DFC0EDA9BEB240AB753; model-year semantics follow the user's explicit instruction that IndexYear is the DEI year,projects/empyrean-caster-430308-m2/assets/city; update_time=2024-10-08T06:01:06.845098Z; source/licence/reference-year unresolved; one static layer used for all years,projects/sat-io/open-datasets/npp-viirs-ntl band=b1,longntl_annual_native500m_positive_pixel_sum_v1,杭州,杭州市,156330100,unique_exact_or_prefix,H3C IndexYear paired to same LongNTL calendar year by user instruction
宁波市,2022,80,254882.19813393,H3C live AllCityOneInfo API snapshot matched to workbook; workbook_sha256=6C7ABE1A06917FBF9BEEE26C7462ED00557EA038A5374DFC0EDA9BEB240AB753; model-year semantics follow the user's explicit instruction that IndexYear is the DEI year,projects/empyrean-caster-430308-m2/assets/city; update_time=2024-10-08T06:01:06.845098Z; source/licence/reference-year unresolved; one static layer used for all years,projects/sat-io/open-datasets/npp-viirs-ntl band=b1,longntl_annual_native500m_positive_pixel_sum_v1,宁波,宁波市,156330200,unique_exact_or_prefix,H3C IndexYear paired to same LongNTL calendar year by user instruction
温州市,2022,71.4,157661.917705152,H3C live AllCityOneInfo API snapshot matched to workbook; workbook_sha256=6C7ABE1A06917FBF9BEEE26C7462ED00557EA038A5374DFC0EDA9BEB240AB753; model-year semantics follow the user's explicit instruction that IndexYear is the DEI year,projects/empyrean-caster-430308-m2/assets/city; update_time=2024-10-08T06:01:06.845098Z; source/licence/reference-year unresolved; one static layer used for all years,projects/sat-io/open-datasets/npp-viirs-ntl band=b1,longntl_annual_native500m_positive_pixel_sum_v1,温州,温州市,156330300,unique_exact_or_prefix,H3C IndexYear paired to same LongNTL calendar year by user instruction
嘉兴市,2022,67,171107.214786395,H3C live AllCityOneInfo API snapshot matched to workbook; workbook_sha256=6C7ABE1A06917FBF9BEEE26C7462ED00557EA038A5374DFC0EDA9BEB240AB753; model-year semantics follow the user's explicit instruction that IndexYear is the DEI year,projects/empyrean-caster-430308-m2/assets/city; update_time=2024-10-08T06:01:06.845098Z; source/licence/reference-year unresolved; one static layer used for all years,projects/sat-io/open-datasets/npp-viirs-ntl band=b1,longntl_annual_native500m_positive_pixel_sum_v1,嘉兴,嘉兴市,156330400,unique_exact_or_prefix,H3C IndexYear paired to same LongNTL calendar year by user instruction
湖州市,2022,60.9,102873.082162673,H3C live AllCityOneInfo API snapshot matched to workbook; workbook_sha256=6C7ABE1A06917FBF9BEEE26C7462ED00557EA038A5374DFC0EDA9BEB240AB753; model-year semantics follow the user's explicit instruction that IndexYear is the DEI year,projects/empyrean-caster-430308-m2/assets/city; update_time=2024-10-08T06:01:06.845098Z; source/licence/reference-year unresolved; one static layer used for all years,projects/sat-io/open-datasets/npp-viirs-ntl band=b1,longntl_annual_native500m_positive_pixel_sum_v1,湖州,湖州市,156330500,unique_exact_or_prefix,H3C IndexYear paired to same LongNTL calendar year by user instruction
绍兴市,2022,68.5,115021.624950741,H3C live AllCityOneInfo API snapshot matched to workbook; workbook_sha256=6C7ABE1A06917FBF9BEEE26C7462ED00557EA038A5374DFC0EDA9BEB240AB753; model-year semantics follow the user's explicit instruction that IndexYear is the DEI year,projects/empyrean-caster-430308-m2/assets/city; update_time=2024-10-08T06:01:06.845098Z; source/licence/reference-year unresolved; one static layer used for all years,projects/sat-io/open-datasets/npp-viirs-ntl band=b1,longntl_annual_native500m_positive_pixel_sum_v1,绍兴,绍兴市,156330600,unique_exact_or_prefix,H3C IndexYear paired to same LongNTL calendar year by user instruction
金华市,2022,68.4,171725.231394301,H3C live AllCityOneInfo API snapshot matched to workbook; workbook_sha256=6C7ABE1A06917FBF9BEEE26C7462ED00557EA038A5374DFC0EDA9BEB240AB753; model-year semantics follow the user's explicit instruction that IndexYear is the DEI year,projects/empyrean-caster-430308-m2/assets/city; update_time=2024-10-08T06:01:06.845098Z; source/licence/reference-year unresolved; one static layer used for all years,projects/sat-io/open-datasets/npp-viirs-ntl band=b1,longntl_annual_native500m_positive_pixel_sum_v1,金华,金华市,156330700,unique_exact_or_prefix,H3C IndexYear paired to same LongNTL calendar year by user instruction
衢州市,2022,40.9,38627.736146408,H3C live AllCityOneInfo API snapshot matched to workbook; workbook_sha256=6C7ABE1A06917FBF9BEEE26C7462ED00557EA038A5374DFC0EDA9BEB240AB753; model-year semantics follow the user's explicit instruction that IndexYear is the DEI year,projects/empyrean-caster-430308-m2/assets/city; update_time=2024-10-08T06:01:06.845098Z; source/licence/reference-year unresolved; one static layer used for all years,projects/sat-io/open-datasets/npp-viirs-ntl band=b1,longntl_annual_native500m_positive_pixel_sum_v1,衢州,衢州市,156330800,unique_exact_or_prefix,H3C IndexYear paired to same LongNTL calendar year by user instruction
舟山市,2022,39,29448.5371670522,H3C live AllCityOneInfo API snapshot matched to workbook; workbook_sha256=6C7ABE1A06917FBF9BEEE26C7462ED00557EA038A5374DFC0EDA9BEB240AB753; model-year semantics follow the user's explicit instruction that IndexYear is the DEI year,projects/empyrean-caster-430308-m2/assets/city; update_time=2024-10-08T06:01:06.845098Z; source/licence/reference-year unresolved; one static layer used for all years,projects/sat-io/open-datasets/npp-viirs-ntl band=b1,longntl_annual_native500m_positive_pixel_sum_v1,舟山,舟山市,156330900,unique_exact_or_prefix,H3C IndexYear paired to same LongNTL calendar year by user instruction
台州市,2022,65.9,113282.675736824,H3C live AllCityOneInfo API snapshot matched to workbook; workbook_sha256=6C7ABE1A06917FBF9BEEE26C7462ED00557EA038A5374DFC0EDA9BEB240AB753; model-year semantics follow the user's explicit instruction that IndexYear is the DEI year,projects/empyrean-caster-430308-m2/assets/city; update_time=2024-10-08T06:01:06.845098Z; source/licence/reference-year unresolved; one static layer used for all years,projects/sat-io/open-datasets/npp-viirs-ntl band=b1,longntl_annual_native500m_positive_pixel_sum_v1,台州,台州市,156331000,unique_exact_or_prefix,H3C IndexYear paired to same LongNTL calendar year by user instruction
丽水市,2022,45.1,37336.4476886469,H3C live AllCityOneInfo API snapshot matched to workbook; workbook_sha256=6C7ABE1A06917FBF9BEEE26C7462ED00557EA038A5374DFC0EDA9BEB240AB753; model-year semantics follow the user's explicit instruction that IndexYear is the DEI year,projects/empyrean-caster-430308-m2/assets/city; update_time=2024-10-08T06:01:06.845098Z; source/licence/reference-year unresolved; one static layer used for all years,projects/sat-io/open-datasets/npp-viirs-ntl band=b1,longntl_annual_native500m_positive_pixel_sum_v1,丽水,丽水市,156331100,unique_exact_or_prefix,H3C IndexYear paired to same LongNTL calendar year by user instruction
合肥市,2022,77,226292.155392606,H3C live AllCityOneInfo API snapshot matched to workbook; workbook_sha256=6C7ABE1A06917FBF9BEEE26C7462ED00557EA038A5374DFC0EDA9BEB240AB753; model-year semantics follow the user's explicit instruction that IndexYear is the DEI year,projects/empyrean-caster-430308-m2/assets/city; update_time=2024-10-08T06:01:06.845098Z; source/licence/reference-year unresolved; one static layer used for all years,projects/sat-io/open-datasets/npp-viirs-ntl band=b1,longntl_annual_native500m_positive_pixel_sum_v1,合肥,合肥市,156340100,unique_exact_or_prefix,H3C IndexYear paired to same LongNTL calendar year by user instruction
芜湖市,2022,65,63851.6447332317,H3C live AllCityOneInfo API snapshot matched to workbook; workbook_sha256=6C7ABE1A06917FBF9BEEE26C7462ED00557EA038A5374DFC0EDA9BEB240AB753; model-year semantics follow the user's explicit instruction that IndexYear is the DEI year,projects/empyrean-caster-430308-m2/assets/city; update_time=2024-10-08T06:01:06.845098Z; source/licence/reference-year unresolved; one static layer used for all years,projects/sat-io/open-datasets/npp-viirs-ntl band=b1,longntl_annual_native500m_positive_pixel_sum_v1,芜湖,芜湖市,156340200,unique_exact_or_prefix,H3C IndexYear paired to same LongNTL calendar year by user instruction
蚌埠市,2022,51,40432.987783821,H3C live AllCityOneInfo API snapshot matched to workbook; workbook_sha256=6C7ABE1A06917FBF9BEEE26C7462ED00557EA038A5374DFC0EDA9BEB240AB753; model-year semantics follow the user's explicit instruction that IndexYear is the DEI year,projects/empyrean-caster-430308-m2/assets/city; update_time=2024-10-08T06:01:06.845098Z; source/licence/reference-year unresolved; one static layer used for all years,projects/sat-io/open-datasets/npp-viirs-ntl band=b1,longntl_annual_native500m_positive_pixel_sum_v1,蚌埠,蚌埠市,156340300,unique_exact_or_prefix,H3C IndexYear paired to same LongNTL calendar year by user instruction
淮南市,2022,38.5,36533.1454931956,H3C live AllCityOneInfo API snapshot matched to workbook; workbook_sha256=6C7ABE1A06917FBF9BEEE26C7462ED00557EA038A5374DFC0EDA9BEB240AB753; model-year semantics follow the user's explicit instruction that IndexYear is the DEI year,projects/empyrean-caster-430308-m2/assets/city; update_time=2024-10-08T06:01:06.845098Z; source/licence/reference-year unresolved; one static layer used for all years,projects/sat-io/open-datasets/npp-viirs-ntl band=b1,longntl_annual_native500m_positive_pixel_sum_v1,淮南,淮南市,156340400,unique_exact_or_prefix,H3C IndexYear paired to same LongNTL calendar year by user instruction
马鞍山市,2022,52.5,40552.1898502008,H3C live AllCityOneInfo API snapshot matched to workbook; workbook_sha256=6C7ABE1A06917FBF9BEEE26C7462ED00557EA038A5374DFC0EDA9BEB240AB753; model-year semantics follow the user's explicit instruction that IndexYear is the DEI year,projects/empyrean-caster-430308-m2/assets/city; update_time=2024-10-08T06:01:06.845098Z; source/licence/reference-year unresolved; one static layer used for all years,projects/sat-io/open-datasets/npp-viirs-ntl band=b1,longntl_annual_native500m_positive_pixel_sum_v1,马鞍山,马鞍山市,156340500,unique_exact_or_prefix,H3C IndexYear paired to same LongNTL calendar year by user instruction
淮北市,2022,39,31784.4280905466,H3C live AllCityOneInfo API snapshot matched to workbook; workbook_sha256=6C7ABE1A06917FBF9BEEE26C7462ED00557EA038A5374DFC0EDA9BEB240AB753; model-year semantics follow the user's explicit instruction that IndexYear is the DEI year,projects/empyrean-caster-430308-m2/assets/city; update_time=2024-10-08T06:01:06.845098Z; source/licence/reference-year unresolved; one static layer used for all years,projects/sat-io/open-datasets/npp-viirs-ntl band=b1,longntl_annual_native500m_positive_pixel_sum_v1,淮北,淮北市,156340600,unique_exact_or_prefix,H3C IndexYear paired to same LongNTL calendar year by user instruction
铜陵市,2022,59.4,16318.1680271476,H3C live AllCityOneInfo API snapshot matched to workbook; workbook_sha256=6C7ABE1A06917FBF9BEEE26C7462ED00557EA038A5374DFC0EDA9BEB240AB753; model-year semantics follow the user's explicit instruction that IndexYear is the DEI year,projects/empyrean-caster-430308-m2/assets/city; update_time=2024-10-08T06:01:06.845098Z; source/licence/reference-year unresolved; one static layer used for all years,projects/sat-io/open-datasets/npp-viirs-ntl band=b1,longntl_annual_native500m_positive_pixel_sum_v1,铜陵,铜陵市,156340700,unique_exact_or_prefix,H3C IndexYear paired to same LongNTL calendar year by user instruction
安庆市,2022,51.5,41420.0345387496,H3C live AllCityOneInfo API snapshot matched to workbook; workbook_sha256=6C7ABE1A06917FBF9BEEE26C7462ED00557EA038A5374DFC0EDA9BEB240AB753; model-year semantics follow the user's explicit instruction that IndexYear is the DEI year,projects/empyrean-caster-430308-m2/assets/city; update_time=2024-10-08T06:01:06.845098Z; source/licence/reference-year unresolved; one static layer used for all years,projects/sat-io/open-datasets/npp-viirs-ntl band=b1,longntl_annual_native500m_positive_pixel_sum_v1,安庆,安庆市,156340800,unique_exact_or_prefix,H3C IndexYear paired to same LongNTL calendar year by user instruction
黄山市,2022,45.3,6097.49000263214,H3C live AllCityOneInfo API snapshot matched to workbook; workbook_sha256=6C7ABE1A06917FBF9BEEE26C7462ED00557EA038A5374DFC0EDA9BEB240AB753; model-year semantics follow the user's explicit instruction that IndexYear is the DEI year,projects/empyrean-caster-430308-m2/assets/city; update_time=2024-10-08T06:01:06.845098Z; source/licence/reference-year unresolved; one static layer used for all years,projects/sat-io/open-datasets/npp-viirs-ntl band=b1,longntl_annual_native500m_positive_pixel_sum_v1,黄山,黄山市,156341000,unique_exact_or_prefix,H3C IndexYear paired to same LongNTL calendar year by user instruction
滁州市,2022,53.1,86931.6749150636,H3C live AllCityOneInfo API snapshot matched to workbook; workbook_sha256=6C7ABE1A06917FBF9BEEE26C7462ED00557EA038A5374DFC0EDA9BEB240AB753; model-year semantics follow the user's explicit instruction that IndexYear is the DEI year,projects/empyrean-caster-430308-m2/assets/city; update_time=2024-10-08T06:01:06.845098Z; source/licence/reference-year unresolved; one static layer used for all years,projects/sat-io/open-datasets/npp-viirs-ntl band=b1,longntl_annual_native500m_positive_pixel_sum_v1,滁州,滁州市,156341100,unique_exact_or_prefix,H3C IndexYear paired to same LongNTL calendar year by user instruction
阜阳市,2022,51,92013.9306965421,H3C live AllCityOneInfo API snapshot matched to workbook; workbook_sha256=6C7ABE1A06917FBF9BEEE26C7462ED00557EA038A5374DFC0EDA9BEB240AB753; model-year semantics follow the user's explicit instruction that IndexYear is the DEI year,projects/empyrean-caster-430308-m2/assets/city; update_time=2024-10-08T06:01:06.845098Z; source/licence/reference-year unresolved; one static layer used for all years,projects/sat-io/open-datasets/npp-viirs-ntl band=b1,longntl_annual_native500m_positive_pixel_sum_v1,阜阳,阜阳市,156341200,unique_exact_or_prefix,H3C IndexYear paired to same LongNTL calendar year by user instruction
宿州市,2022,46.9,51283.8106013882,H3C live AllCityOneInfo API snapshot matched to workbook; workbook_sha256=6C7ABE1A06917FBF9BEEE26C7462ED00557EA038A5374DFC0EDA9BEB240AB753; model-year semantics follow the user's explicit instruction that IndexYear is the DEI year,projects/empyrean-caster-430308-m2/assets/city; update_time=2024-10-08T06:01:06.845098Z; source/licence/reference-year unresolved; one static layer used for all years,projects/sat-io/open-datasets/npp-viirs-ntl band=b1,longntl_annual_native500m_positive_pixel_sum_v1,宿州,宿州市,156341300,unique_exact_or_prefix,H3C IndexYear paired to same LongNTL calendar year by user instruction
六安市,2022,43.2,54665.8124909293,H3C live AllCityOneInfo API snapshot matched to workbook; workbook_sha256=6C7ABE1A06917FBF9BEEE26C7462ED00557EA038A5374DFC0EDA9BEB240AB753; model-year semantics follow the user's explicit instruction that IndexYear is the DEI year,projects/empyrean-caster-430308-m2/assets/city; update_time=2024-10-08T06:01:06.845098Z; source/licence/reference-year unresolved; one static layer used for all years,projects/sat-io/open-datasets/npp-viirs-ntl band=b1,longntl_annual_native500m_positive_pixel_sum_v1,六安,六安市,156341500,unique_exact_or_prefix,H3C IndexYear paired to same LongNTL calendar year by user instruction
亳州市,2022,41.1,32922.3533940685,H3C live AllCityOneInfo API snapshot matched to workbook; workbook_sha256=6C7ABE1A06917FBF9BEEE26C7462ED00557EA038A5374DFC0EDA9BEB240AB753; model-year semantics follow the user's explicit instruction that IndexYear is the DEI year,projects/empyrean-caster-430308-m2/assets/city; update_time=2024-10-08T06:01:06.845098Z; source/licence/reference-year unresolved; one static layer used for all years,projects/sat-io/open-datasets/npp-viirs-ntl band=b1,longntl_annual_native500m_positive_pixel_sum_v1,亳州,亳州市,156341600,unique_exact_or_prefix,H3C IndexYear paired to same LongNTL calendar year by user instruction
池州市,2022,43.3,14056.404944669,H3C live AllCityOneInfo API snapshot matched to workbook; workbook_sha256=6C7ABE1A06917FBF9BEEE26C7462ED00557EA038A5374DFC0EDA9BEB240AB753; model-year semantics follow the user's explicit instruction that IndexYear is the DEI year,projects/empyrean-caster-430308-m2/assets/city; update_time=2024-10-08T06:01:06.845098Z; source/licence/reference-year unresolved; one static layer used for all years,projects/sat-io/open-datasets/npp-viirs-ntl band=b1,longntl_annual_native500m_positive_pixel_sum_v1,池州,池州市,156341700,unique_exact_or_prefix,H3C IndexYear paired to same LongNTL calendar year by user instruction
宣城市,2022,40,31588.2822252965,H3C live AllCityOneInfo API snapshot matched to workbook; workbook_sha256=6C7ABE1A06917FBF9BEEE26C7462ED00557EA038A5374DFC0EDA9BEB240AB753; model-year semantics follow the user's explicit instruction that IndexYear is the DEI year,projects/empyrean-caster-430308-m2/assets/city; update_time=2024-10-08T06:01:06.845098Z; source/licence/reference-year unresolved; one static layer used for all years,projects/sat-io/open-datasets/npp-viirs-ntl band=b1,longntl_annual_native500m_positive_pixel_sum_v1,宣城,宣城市,156341800,unique_exact_or_prefix,H3C IndexYear paired to same LongNTL calendar year by user instruction
福州市,2022,75.1,137129.803481146,H3C live AllCityOneInfo API snapshot matched to workbook; workbook_sha256=6C7ABE1A06917FBF9BEEE26C7462ED00557EA038A5374DFC0EDA9BEB240AB753; model-year semantics follow the user's explicit instruction that IndexYear is the DEI year,projects/empyrean-caster-430308-m2/assets/city; update_time=2024-10-08T06:01:06.845098Z; source/licence/reference-year unresolved; one static layer used for all years,projects/sat-io/open-datasets/npp-viirs-ntl band=b1,longntl_annual_native500m_positive_pixel_sum_v1,福州,福州市,156350100,unique_exact_or_prefix,H3C IndexYear paired to same LongNTL calendar year by user instruction
厦门市,2022,75.5,96728.7521397983,H3C live AllCityOneInfo API snapshot matched to workbook; workbook_sha256=6C7ABE1A06917FBF9BEEE26C7462ED00557EA038A5374DFC0EDA9BEB240AB753; model-year semantics follow the user's explicit instruction that IndexYear is the DEI year,projects/empyrean-caster-430308-m2/assets/city; update_time=2024-10-08T06:01:06.845098Z; source/licence/reference-year unresolved; one static layer used for all years,projects/sat-io/open-datasets/npp-viirs-ntl band=b1,longntl_annual_native500m_positive_pixel_sum_v1,厦门,厦门市,156350200,unique_exact_or_prefix,H3C IndexYear paired to same LongNTL calendar year by user instruction
莆田市,2022,52,53072.9625872799,H3C live AllCityOneInfo API snapshot matched to workbook; workbook_sha256=6C7ABE1A06917FBF9BEEE26C7462ED00557EA038A5374DFC0EDA9BEB240AB753; model-year semantics follow the user's explicit instruction that IndexYear is the DEI year,projects/empyrean-caster-430308-m2/assets/city; update_time=2024-10-08T06:01:06.845098Z; source/licence/reference-year unresolved; one static layer used for all years,projects/sat-io/open-datasets/npp-viirs-ntl band=b1,longntl_annual_native500m_positive_pixel_sum_v1,莆田,莆田市,156350300,unique_exact_or_prefix,H3C IndexYear paired to same LongNTL calendar year by user instruction
三明市,2022,53.1,25371.3351784108,H3C live AllCityOneInfo API snapshot matched to workbook; workbook_sha256=6C7ABE1A06917FBF9BEEE26C7462ED00557EA038A5374DFC0EDA9BEB240AB753; model-year semantics follow the user's explicit instruction that IndexYear is the DEI year,projects/empyrean-caster-430308-m2/assets/city; update_time=2024-10-08T06:01:06.845098Z; source/licence/reference-year unresolved; one static layer used for all years,projects/sat-io/open-datasets/npp-viirs-ntl band=b1,longntl_annual_native500m_positive_pixel_sum_v1,三明,三明市,156350400,unique_exact_or_prefix,H3C IndexYear paired to same LongNTL calendar year by user instruction
泉州市,2022,70.3,175913.151047329,H3C live AllCityOneInfo API snapshot matched to workbook; workbook_sha256=6C7ABE1A06917FBF9BEEE26C7462ED00557EA038A5374DFC0EDA9BEB240AB753; model-year semantics follow the user's explicit instruction that IndexYear is the DEI year,projects/empyrean-caster-430308-m2/assets/city; update_time=2024-10-08T06:01:06.845098Z; source/licence/reference-year unresolved; one static layer used for all years,projects/sat-io/open-datasets/npp-viirs-ntl band=b1,longntl_annual_native500m_positive_pixel_sum_v1,泉州,泉州市,156350500,unique_exact_or_prefix,H3C IndexYear paired to same LongNTL calendar year by user instruction
漳州市,2022,61.4,115627.606241049,H3C live AllCityOneInfo API snapshot matched to workbook; workbook_sha256=6C7ABE1A06917FBF9BEEE26C7462ED00557EA038A5374DFC0EDA9BEB240AB753; model-year semantics follow the user's explicit instruction that IndexYear is the DEI year,projects/empyrean-caster-430308-m2/assets/city; update_time=2024-10-08T06:01:06.845098Z; source/licence/reference-year unresolved; one static layer used for all years,projects/sat-io/open-datasets/npp-viirs-ntl band=b1,longntl_annual_native500m_positive_pixel_sum_v1,漳州,漳州市,156350600,unique_exact_or_prefix,H3C IndexYear paired to same LongNTL calendar year by user instruction
南平市,2022,53.8,33854.6028184283,H3C live AllCityOneInfo API snapshot matched to workbook; workbook_sha256=6C7ABE1A06917FBF9BEEE26C7462ED00557EA038A5374DFC0EDA9BEB240AB753; model-year semantics follow the user's explicit instruction that IndexYear is the DEI year,projects/empyrean-caster-430308-m2/assets/city; update_time=2024-10-08T06:01:06.845098Z; source/licence/reference-year unresolved; one static layer used for all years,projects/sat-io/open-datasets/npp-viirs-ntl band=b1,longntl_annual_native500m_positive_pixel_sum_v1,南平,南平市,156350700,unique_exact_or_prefix,H3C IndexYear paired to same LongNTL calendar year by user instruction
龙岩市,2022,51.7,35136.2605968938,H3C live AllCityOneInfo API snapshot matched to workbook; workbook_sha256=6C7ABE1A06917FBF9BEEE26C7462ED00557EA038A5374DFC0EDA9BEB240AB753; model-year semantics follow the user's explicit instruction that IndexYear is the DEI year,projects/empyrean-caster-430308-m2/assets/city; update_time=2024-10-08T06:01:06.845098Z; source/licence/reference-year unresolved; one static layer used for all years,projects/sat-io/open-datasets/npp-viirs-ntl band=b1,longntl_annual_native500m_positive_pixel_sum_v1,龙岩,龙岩市,156350800,unique_exact_or_prefix,H3C IndexYear paired to same LongNTL calendar year by user instruction
宁德市,2022,52.7,44805.9751538468,H3C live AllCityOneInfo API snapshot matched to workbook; workbook_sha256=6C7ABE1A06917FBF9BEEE26C7462ED00557EA038A5374DFC0EDA9BEB240AB753; model-year semantics follow the user's explicit instruction that IndexYear is the DEI year,projects/empyrean-caster-430308-m2/assets/city; update_time=2024-10-08T06:01:06.845098Z; source/licence/reference-year unresolved; one static layer used for all years,projects/sat-io/open-datasets/npp-viirs-ntl band=b1,longntl_annual_native500m_positive_pixel_sum_v1,宁德,宁德市,156350900,unique_exact_or_prefix,H3C IndexYear paired to same LongNTL calendar year by user instruction
南昌市,2022,69.9,96286.0198374183,H3C live AllCityOneInfo API snapshot matched to workbook; workbook_sha256=6C7ABE1A06917FBF9BEEE26C7462ED00557EA038A5374DFC0EDA9BEB240AB753; model-year semantics follow the user's explicit instruction that IndexYear is the DEI year,projects/empyrean-caster-430308-m2/assets/city; update_time=2024-10-08T06:01:06.845098Z; source/licence/reference-year unresolved; one static layer used for all years,projects/sat-io/open-datasets/npp-viirs-ntl band=b1,longntl_annual_native500m_positive_pixel_sum_v1,南昌,南昌市,156360100,unique_exact_or_prefix,H3C IndexYear paired to same LongNTL calendar year by user instruction
九江市,2022,53,45802.9192155314,H3C live AllCityOneInfo API snapshot matched to workbook; workbook_sha256=6C7ABE1A06917FBF9BEEE26C7462ED00557EA038A5374DFC0EDA9BEB240AB753; model-year semantics follow the user's explicit instruction that IndexYear is the DEI year,projects/empyrean-caster-430308-m2/assets/city; update_time=2024-10-08T06:01:06.845098Z; source/licence/reference-year unresolved; one static layer used for all years,projects/sat-io/open-datasets/npp-viirs-ntl band=b1,longntl_annual_native500m_positive_pixel_sum_v1,九江,九江市,156360400,unique_exact_or_prefix,H3C IndexYear paired to same LongNTL calendar year by user instruction
赣州市,2022,53.9,60253.3776392011,H3C live AllCityOneInfo API snapshot matched to workbook; workbook_sha256=6C7ABE1A06917FBF9BEEE26C7462ED00557EA038A5374DFC0EDA9BEB240AB753; model-year semantics follow the user's explicit instruction that IndexYear is the DEI year,projects/empyrean-caster-430308-m2/assets/city; update_time=2024-10-08T06:01:06.845098Z; source/licence/reference-year unresolved; one static layer used for all years,projects/sat-io/open-datasets/npp-viirs-ntl band=b1,longntl_annual_native500m_positive_pixel_sum_v1,赣州,赣州市,156360700,unique_exact_or_prefix,H3C IndexYear paired to same LongNTL calendar year by user instruction
吉安市,2022,49.6,22445.0461951971,H3C live AllCityOneInfo API snapshot matched to workbook; workbook_sha256=6C7ABE1A06917FBF9BEEE26C7462ED00557EA038A5374DFC0EDA9BEB240AB753; model-year semantics follow the user's explicit instruction that IndexYear is the DEI year,projects/empyrean-caster-430308-m2/assets/city; update_time=2024-10-08T06:01:06.845098Z; source/licence/reference-year unresolved; one static layer used for all years,projects/sat-io/open-datasets/npp-viirs-ntl band=b1,longntl_annual_native500m_positive_pixel_sum_v1,吉安,吉安市,156360800,unique_exact_or_prefix,H3C IndexYear paired to same LongNTL calendar year by user instruction
宜春市,2022,46.7,42036.8865115797,H3C live AllCityOneInfo API snapshot matched to workbook; workbook_sha256=6C7ABE1A06917FBF9BEEE26C7462ED00557EA038A5374DFC0EDA9BEB240AB753; model-year semantics follow the user's explicit instruction that IndexYear is the DEI year,projects/empyrean-caster-430308-m2/assets/city; update_time=2024-10-08T06:01:06.845098Z; source/licence/reference-year unresolved; one static layer used for all years,projects/sat-io/open-datasets/npp-viirs-ntl band=b1,longntl_annual_native500m_positive_pixel_sum_v1,宜春,宜春市,156360900,unique_exact_or_prefix,H3C IndexYear paired to same LongNTL calendar year by user instruction
抚州市,2022,40.1,21421.3379819131,H3C live AllCityOneInfo API snapshot matched to workbook; workbook_sha256=6C7ABE1A06917FBF9BEEE26C7462ED00557EA038A5374DFC0EDA9BEB240AB753; model-year semantics follow the user's explicit instruction that IndexYear is the DEI year,projects/empyrean-caster-430308-m2/assets/city; update_time=2024-10-08T06:01:06.845098Z; source/licence/reference-year unresolved; one static layer used for all years,projects/sat-io/open-datasets/npp-viirs-ntl band=b1,longntl_annual_native500m_positive_pixel_sum_v1,抚州,抚州市,156361000,unique_exact_or_prefix,H3C IndexYear paired to same LongNTL calendar year by user instruction
上饶市,2022,48.8,35715.7223860278,H3C live AllCityOneInfo API snapshot matched to workbook; workbook_sha256=6C7ABE1A06917FBF9BEEE26C7462ED00557EA038A5374DFC0EDA9BEB240AB753; model-year semantics follow the user's explicit instruction that IndexYear is the DEI year,projects/empyrean-caster-430308-m2/assets/city; update_time=2024-10-08T06:01:06.845098Z; source/licence/reference-year unresolved; one static layer used for all years,projects/sat-io/open-datasets/npp-viirs-ntl band=b1,longntl_annual_native500m_positive_pixel_sum_v1,上饶,上饶市,156361100,unique_exact_or_prefix,H3C IndexYear paired to same LongNTL calendar year by user instruction
济南市,2022,76.2,168924.15829547,H3C live AllCityOneInfo API snapshot matched to workbook; workbook_sha256=6C7ABE1A06917FBF9BEEE26C7462ED00557EA038A5374DFC0EDA9BEB240AB753; model-year semantics follow the user's explicit instruction that IndexYear is the DEI year,projects/empyrean-caster-430308-m2/assets/city; update_time=2024-10-08T06:01:06.845098Z; source/licence/reference-year unresolved; one static layer used for all years,projects/sat-io/open-datasets/npp-viirs-ntl band=b1,longntl_annual_native500m_positive_pixel_sum_v1,济南,济南市,156370100,unique_exact_or_prefix,H3C IndexYear paired to same LongNTL calendar year by user instruction
青岛市,2022,75.6,202073.822779683,H3C live AllCityOneInfo API snapshot matched to workbook; workbook_sha256=6C7ABE1A06917FBF9BEEE26C7462ED00557EA038A5374DFC0EDA9BEB240AB753; model-year semantics follow the user's explicit instruction that IndexYear is the DEI year,projects/empyrean-caster-430308-m2/assets/city; update_time=2024-10-08T06:01:06.845098Z; source/licence/reference-year unresolved; one static layer used for all years,projects/sat-io/open-datasets/npp-viirs-ntl band=b1,longntl_annual_native500m_positive_pixel_sum_v1,青岛,青岛市,156370200,unique_exact_or_prefix,H3C IndexYear paired to same LongNTL calendar year by user instruction
淄博市,2022,67.5,84028.7578042227,H3C live AllCityOneInfo API snapshot matched to workbook; workbook_sha256=6C7ABE1A06917FBF9BEEE26C7462ED00557EA038A5374DFC0EDA9BEB240AB753; model-year semantics follow the user's explicit instruction that IndexYear is the DEI year,projects/empyrean-caster-430308-m2/assets/city; update_time=2024-10-08T06:01:06.845098Z; source/licence/reference-year unresolved; one static layer used for all years,projects/sat-io/open-datasets/npp-viirs-ntl band=b1,longntl_annual_native500m_positive_pixel_sum_v1,淄博,淄博市,156370300,unique_exact_or_prefix,H3C IndexYear paired to same LongNTL calendar year by user instruction
枣庄市,2022,49,43185.8375395279,H3C live AllCityOneInfo API snapshot matched to workbook; workbook_sha256=6C7ABE1A06917FBF9BEEE26C7462ED00557EA038A5374DFC0EDA9BEB240AB753; model-year semantics follow the user's explicit instruction that IndexYear is the DEI year,projects/empyrean-caster-430308-m2/assets/city; update_time=2024-10-08T06:01:06.845098Z; source/licence/reference-year unresolved; one static layer used for all years,projects/sat-io/open-datasets/npp-viirs-ntl band=b1,longntl_annual_native500m_positive_pixel_sum_v1,枣庄,枣庄市,156370400,unique_exact_or_prefix,H3C IndexYear paired to same LongNTL calendar year by user instruction
东营市,2022,59.5,84286.3902395534,H3C live AllCityOneInfo API snapshot matched to workbook; workbook_sha256=6C7ABE1A06917FBF9BEEE26C7462ED00557EA038A5374DFC0EDA9BEB240AB753; model-year semantics follow the user's explicit instruction that IndexYear is the DEI year,projects/empyrean-caster-430308-m2/assets/city; update_time=2024-10-08T06:01:06.845098Z; source/licence/reference-year unresolved; one static layer used for all years,projects/sat-io/open-datasets/npp-viirs-ntl band=b1,longntl_annual_native500m_positive_pixel_sum_v1,东营,东营市,156370500,unique_exact_or_prefix,H3C IndexYear paired to same LongNTL calendar year by user instruction
烟台市,2022,72.6,110149.698437598,H3C live AllCityOneInfo API snapshot matched to workbook; workbook_sha256=6C7ABE1A06917FBF9BEEE26C7462ED00557EA038A5374DFC0EDA9BEB240AB753; model-year semantics follow the user's explicit instruction that IndexYear is the DEI year,projects/empyrean-caster-430308-m2/assets/city; update_time=2024-10-08T06:01:06.845098Z; source/licence/reference-year unresolved; one static layer used for all years,projects/sat-io/open-datasets/npp-viirs-ntl band=b1,longntl_annual_native500m_positive_pixel_sum_v1,烟台,烟台市,156370600,unique_exact_or_prefix,H3C IndexYear paired to same LongNTL calendar year by user instruction
潍坊市,2022,70.6,152822.593707837,H3C live AllCityOneInfo API snapshot matched to workbook; workbook_sha256=6C7ABE1A06917FBF9BEEE26C7462ED00557EA038A5374DFC0EDA9BEB240AB753; model-year semantics follow the user's explicit instruction that IndexYear is the DEI year,projects/empyrean-caster-430308-m2/assets/city; update_time=2024-10-08T06:01:06.845098Z; source/licence/reference-year unresolved; one static layer used for all years,projects/sat-io/open-datasets/npp-viirs-ntl band=b1,longntl_annual_native500m_positive_pixel_sum_v1,潍坊,潍坊市,156370700,unique_exact_or_prefix,H3C IndexYear paired to same LongNTL calendar year by user instruction
济宁市,2022,61,89759.4254730173,H3C live AllCityOneInfo API snapshot matched to workbook; workbook_sha256=6C7ABE1A06917FBF9BEEE26C7462ED00557EA038A5374DFC0EDA9BEB240AB753; model-year semantics follow the user's explicit instruction that IndexYear is the DEI year,projects/empyrean-caster-430308-m2/assets/city; update_time=2024-10-08T06:01:06.845098Z; source/licence/reference-year unresolved; one static layer used for all years,projects/sat-io/open-datasets/npp-viirs-ntl band=b1,longntl_annual_native500m_positive_pixel_sum_v1,济宁,济宁市,156370800,unique_exact_or_prefix,H3C IndexYear paired to same LongNTL calendar year by user instruction
泰安市,2022,51.9,51255.2979686405,H3C live AllCityOneInfo API snapshot matched to workbook; workbook_sha256=6C7ABE1A06917FBF9BEEE26C7462ED00557EA038A5374DFC0EDA9BEB240AB753; model-year semantics follow the user's explicit instruction that IndexYear is the DEI year,projects/empyrean-caster-430308-m2/assets/city; update_time=2024-10-08T06:01:06.845098Z; source/licence/reference-year unresolved; one static layer used for all years,projects/sat-io/open-datasets/npp-viirs-ntl band=b1,longntl_annual_native500m_positive_pixel_sum_v1,泰安,泰安市,156370900,unique_exact_or_prefix,H3C IndexYear paired to same LongNTL calendar year by user instruction
威海市,2022,69.1,52108.1949424739,H3C live AllCityOneInfo API snapshot matched to workbook; workbook_sha256=6C7ABE1A06917FBF9BEEE26C7462ED00557EA038A5374DFC0EDA9BEB240AB753; model-year semantics follow the user's explicit instruction that IndexYear is the DEI year,projects/empyrean-caster-430308-m2/assets/city; update_time=2024-10-08T06:01:06.845098Z; source/licence/reference-year unresolved; one static layer used for all years,projects/sat-io/open-datasets/npp-viirs-ntl band=b1,longntl_annual_native500m_positive_pixel_sum_v1,威海,威海市,156371000,unique_exact_or_prefix,H3C IndexYear paired to same LongNTL calendar year by user instruction
日照市,2022,50.9,37432.8826107563,H3C live AllCityOneInfo API snapshot matched to workbook; workbook_sha256=6C7ABE1A06917FBF9BEEE26C7462ED00557EA038A5374DFC0EDA9BEB240AB753; model-year semantics follow the user's explicit instruction that IndexYear is the DEI year,projects/empyrean-caster-430308-m2/assets/city; update_time=2024-10-08T06:01:06.845098Z; source/licence/reference-year unresolved; one static layer used for all years,projects/sat-io/open-datasets/npp-viirs-ntl band=b1,longntl_annual_native500m_positive_pixel_sum_v1,日照,日照市,156371100,unique_exact_or_prefix,H3C IndexYear paired to same LongNTL calendar year by user instruction
临沂市,2022,62.2,142844.560268145,H3C live AllCityOneInfo API snapshot matched to workbook; workbook_sha256=6C7ABE1A06917FBF9BEEE26C7462ED00557EA038A5374DFC0EDA9BEB240AB753; model-year semantics follow the user's explicit instruction that IndexYear is the DEI year,projects/empyrean-caster-430308-m2/assets/city; update_time=2024-10-08T06:01:06.845098Z; source/licence/reference-year unresolved; one static layer used for all years,projects/sat-io/open-datasets/npp-viirs-ntl band=b1,longntl_annual_native500m_positive_pixel_sum_v1,临沂,临沂市,156371300,unique_exact_or_prefix,H3C IndexYear paired to same LongNTL calendar year by user instruction
德州市,2022,59.2,62931.1998626971,H3C live AllCityOneInfo API snapshot matched to workbook; workbook_sha256=6C7ABE1A06917FBF9BEEE26C7462ED00557EA038A5374DFC0EDA9BEB240AB753; model-year semantics follow the user's explicit instruction that IndexYear is the DEI year,projects/empyrean-caster-430308-m2/assets/city; update_time=2024-10-08T06:01:06.845098Z; source/licence/reference-year unresolved; one static layer used for all years,projects/sat-io/open-datasets/npp-viirs-ntl band=b1,longntl_annual_native500m_positive_pixel_sum_v1,德州,德州市,156371400,unique_exact_or_prefix,H3C IndexYear paired to same LongNTL calendar year by user instruction
聊城市,2022,44.3,64906.3435821903,H3C live AllCityOneInfo API snapshot matched to workbook; workbook_sha256=6C7ABE1A06917FBF9BEEE26C7462ED00557EA038A5374DFC0EDA9BEB240AB753; model-year semantics follow the user's explicit instruction that IndexYear is the DEI year,projects/empyrean-caster-430308-m2/assets/city; update_time=2024-10-08T06:01:06.845098Z; source/licence/reference-year unresolved; one static layer used for all years,projects/sat-io/open-datasets/npp-viirs-ntl band=b1,longntl_annual_native500m_positive_pixel_sum_v1,聊城,聊城市,156371500,unique_exact_or_prefix,H3C IndexYear paired to same LongNTL calendar year by user instruction
滨州市,2022,60.8,77714.7952753713,H3C live AllCityOneInfo API snapshot matched to workbook; workbook_sha256=6C7ABE1A06917FBF9BEEE26C7462ED00557EA038A5374DFC0EDA9BEB240AB753; model-year semantics follow the user's explicit instruction that IndexYear is the DEI year,projects/empyrean-caster-430308-m2/assets/city; update_time=2024-10-08T06:01:06.845098Z; source/licence/reference-year unresolved; one static layer used for all years,projects/sat-io/open-datasets/npp-viirs-ntl band=b1,longntl_annual_native500m_positive_pixel_sum_v1,滨州,滨州市,156371600,unique_exact_or_prefix,H3C IndexYear paired to same LongNTL calendar year by user instruction
菏泽市,2022,59.9,85991.385099145,H3C live AllCityOneInfo API snapshot matched to workbook; workbook_sha256=6C7ABE1A06917FBF9BEEE26C7462ED00557EA038A5374DFC0EDA9BEB240AB753; model-year semantics follow the user's explicit instruction that IndexYear is the DEI year,projects/empyrean-caster-430308-m2/assets/city; update_time=2024-10-08T06:01:06.845098Z; source/licence/reference-year unresolved; one static layer used for all years,projects/sat-io/open-datasets/npp-viirs-ntl band=b1,longntl_annual_native500m_positive_pixel_sum_v1,菏泽,菏泽市,156371700,unique_exact_or_prefix,H3C IndexYear paired to same LongNTL calendar year by user instruction
郑州市,2022,75.8,198284.26213343,H3C live AllCityOneInfo API snapshot matched to workbook; workbook_sha256=6C7ABE1A06917FBF9BEEE26C7462ED00557EA038A5374DFC0EDA9BEB240AB753; model-year semantics follow the user's explicit instruction that IndexYear is the DEI year,projects/empyrean-caster-430308-m2/assets/city; update_time=2024-10-08T06:01:06.845098Z; source/licence/reference-year unresolved; one static layer used for all years,projects/sat-io/open-datasets/npp-viirs-ntl band=b1,longntl_annual_native500m_positive_pixel_sum_v1,郑州,郑州市,156410100,unique_exact_or_prefix,H3C IndexYear paired to same LongNTL calendar year by user instruction
开封市,2022,59.9,50012.972291658,H3C live AllCityOneInfo API snapshot matched to workbook; workbook_sha256=6C7ABE1A06917FBF9BEEE26C7462ED00557EA038A5374DFC0EDA9BEB240AB753; model-year semantics follow the user's explicit instruction that IndexYear is the DEI year,projects/empyrean-caster-430308-m2/assets/city; update_time=2024-10-08T06:01:06.845098Z; source/licence/reference-year unresolved; one static layer used for all years,projects/sat-io/open-datasets/npp-viirs-ntl band=b1,longntl_annual_native500m_positive_pixel_sum_v1,开封,开封市,156410200,unique_exact_or_prefix,H3C IndexYear paired to same LongNTL calendar year by user instruction
洛阳市,2022,61.8,86531.5213145672,H3C live AllCityOneInfo API snapshot matched to workbook; workbook_sha256=6C7ABE1A06917FBF9BEEE26C7462ED00557EA038A5374DFC0EDA9BEB240AB753; model-year semantics follow the user's explicit instruction that IndexYear is the DEI year,projects/empyrean-caster-430308-m2/assets/city; update_time=2024-10-08T06:01:06.845098Z; source/licence/reference-year unresolved; one static layer used for all years,projects/sat-io/open-datasets/npp-viirs-ntl band=b1,longntl_annual_native500m_positive_pixel_sum_v1,洛阳,洛阳市,156410300,unique_exact_or_prefix,H3C IndexYear paired to same LongNTL calendar year by user instruction
平顶山市,2022,53,46979.8538595887,H3C live AllCityOneInfo API snapshot matched to workbook; workbook_sha256=6C7ABE1A06917FBF9BEEE26C7462ED00557EA038A5374DFC0EDA9BEB240AB753; model-year semantics follow the user's explicit instruction that IndexYear is the DEI year,projects/empyrean-caster-430308-m2/assets/city; update_time=2024-10-08T06:01:06.845098Z; source/licence/reference-year unresolved; one static layer used for all years,projects/sat-io/open-datasets/npp-viirs-ntl band=b1,longntl_annual_native500m_positive_pixel_sum_v1,平顶山,平顶山市,156410400,unique_exact_or_prefix,H3C IndexYear paired to same LongNTL calendar year by user instruction
安阳市,2022,47,54529.2111788002,H3C live AllCityOneInfo API snapshot matched to workbook; workbook_sha256=6C7ABE1A06917FBF9BEEE26C7462ED00557EA038A5374DFC0EDA9BEB240AB753; model-year semantics follow the user's explicit instruction that IndexYear is the DEI year,projects/empyrean-caster-430308-m2/assets/city; update_time=2024-10-08T06:01:06.845098Z; source/licence/reference-year unresolved; one static layer used for all years,projects/sat-io/open-datasets/npp-viirs-ntl band=b1,longntl_annual_native500m_positive_pixel_sum_v1,安阳,安阳市,156410500,unique_exact_or_prefix,H3C IndexYear paired to same LongNTL calendar year by user instruction
鹤壁市,2022,43.4,21218.2233128015,H3C live AllCityOneInfo API snapshot matched to workbook; workbook_sha256=6C7ABE1A06917FBF9BEEE26C7462ED00557EA038A5374DFC0EDA9BEB240AB753; model-year semantics follow the user's explicit instruction that IndexYear is the DEI year,projects/empyrean-caster-430308-m2/assets/city; update_time=2024-10-08T06:01:06.845098Z; source/licence/reference-year unresolved; one static layer used for all years,projects/sat-io/open-datasets/npp-viirs-ntl band=b1,longntl_annual_native500m_positive_pixel_sum_v1,鹤壁,鹤壁市,156410600,unique_exact_or_prefix,H3C IndexYear paired to same LongNTL calendar year by user instruction
新乡市,2022,52.3,73354.042721609,H3C live AllCityOneInfo API snapshot matched to workbook; workbook_sha256=6C7ABE1A06917FBF9BEEE26C7462ED00557EA038A5374DFC0EDA9BEB240AB753; model-year semantics follow the user's explicit instruction that IndexYear is the DEI year,projects/empyrean-caster-430308-m2/assets/city; update_time=2024-10-08T06:01:06.845098Z; source/licence/reference-year unresolved; one static layer used for all years,projects/sat-io/open-datasets/npp-viirs-ntl band=b1,longntl_annual_native500m_positive_pixel_sum_v1,新乡,新乡市,156410700,unique_exact_or_prefix,H3C IndexYear paired to same LongNTL calendar year by user instruction
焦作市,2022,54.8,39906.8172890817,H3C live AllCityOneInfo API snapshot matched to workbook; workbook_sha256=6C7ABE1A06917FBF9BEEE26C7462ED00557EA038A5374DFC0EDA9BEB240AB753; model-year semantics follow the user's explicit instruction that IndexYear is the DEI year,projects/empyrean-caster-430308-m2/assets/city; update_time=2024-10-08T06:01:06.845098Z; source/licence/reference-year unresolved; one static layer used for all years,projects/sat-io/open-datasets/npp-viirs-ntl band=b1,longntl_annual_native500m_positive_pixel_sum_v1,焦作,焦作市,156410800,unique_exact_or_prefix,H3C IndexYear paired to same LongNTL calendar year by user instruction
濮阳市,2022,40.3,45349.9708385103,H3C live AllCityOneInfo API snapshot matched to workbook; workbook_sha256=6C7ABE1A06917FBF9BEEE26C7462ED00557EA038A5374DFC0EDA9BEB240AB753; model-year semantics follow the user's explicit instruction that IndexYear is the DEI year,projects/empyrean-caster-430308-m2/assets/city; update_time=2024-10-08T06:01:06.845098Z; source/licence/reference-year unresolved; one static layer used for all years,projects/sat-io/open-datasets/npp-viirs-ntl band=b1,longntl_annual_native500m_positive_pixel_sum_v1,濮阳,濮阳市,156410900,unique_exact_or_prefix,H3C IndexYear paired to same LongNTL calendar year by user instruction
许昌市,2022,53.2,39843.0537925842,H3C live AllCityOneInfo API snapshot matched to workbook; workbook_sha256=6C7ABE1A06917FBF9BEEE26C7462ED00557EA038A5374DFC0EDA9BEB240AB753; model-year semantics follow the user's explicit instruction that IndexYear is the DEI year,projects/empyrean-caster-430308-m2/assets/city; update_time=2024-10-08T06:01:06.845098Z; source/licence/reference-year unresolved; one static layer used for all years,projects/sat-io/open-datasets/npp-viirs-ntl band=b1,longntl_annual_native500m_positive_pixel_sum_v1,许昌,许昌市,156411000,unique_exact_or_prefix,H3C IndexYear paired to same LongNTL calendar year by user instruction
漯河市,2022,43.4,28834.5711081388,H3C live AllCityOneInfo API snapshot matched to workbook; workbook_sha256=6C7ABE1A06917FBF9BEEE26C7462ED00557EA038A5374DFC0EDA9BEB240AB753; model-year semantics follow the user's explicit instruction that IndexYear is the DEI year,projects/empyrean-caster-430308-m2/assets/city; update_time=2024-10-08T06:01:06.845098Z; source/licence/reference-year unresolved; one static layer used for all years,projects/sat-io/open-datasets/npp-viirs-ntl band=b1,longntl_annual_native500m_positive_pixel_sum_v1,漯河,漯河市,156411100,unique_exact_or_prefix,H3C IndexYear paired to same LongNTL calendar year by user instruction
三门峡市,2022,43.8,19530.4766142887,H3C live AllCityOneInfo API snapshot matched to workbook; workbook_sha256=6C7ABE1A06917FBF9BEEE26C7462ED00557EA038A5374DFC0EDA9BEB240AB753; model-year semantics follow the user's explicit instruction that IndexYear is the DEI year,projects/empyrean-caster-430308-m2/assets/city; update_time=2024-10-08T06:01:06.845098Z; source/licence/reference-year unresolved; one static layer used for all years,projects/sat-io/open-datasets/npp-viirs-ntl band=b1,longntl_annual_native500m_positive_pixel_sum_v1,三门峡,三门峡市,156411200,unique_exact_or_prefix,H3C IndexYear paired to same LongNTL calendar year by user instruction
南阳市,2022,53.7,65448.3459810598,H3C live AllCityOneInfo API snapshot matched to workbook; workbook_sha256=6C7ABE1A06917FBF9BEEE26C7462ED00557EA038A5374DFC0EDA9BEB240AB753; model-year semantics follow the user's explicit instruction that IndexYear is the DEI year,projects/empyrean-caster-430308-m2/assets/city; update_time=2024-10-08T06:01:06.845098Z; source/licence/reference-year unresolved; one static layer used for all years,projects/sat-io/open-datasets/npp-viirs-ntl band=b1,longntl_annual_native500m_positive_pixel_sum_v1,南阳,南阳市,156411300,unique_exact_or_prefix,H3C IndexYear paired to same LongNTL calendar year by user instruction
商丘市,2022,51.7,68460.4398742456,H3C live AllCityOneInfo API snapshot matched to workbook; workbook_sha256=6C7ABE1A06917FBF9BEEE26C7462ED00557EA038A5374DFC0EDA9BEB240AB753; model-year semantics follow the user's explicit instruction that IndexYear is the DEI year,projects/empyrean-caster-430308-m2/assets/city; update_time=2024-10-08T06:01:06.845098Z; source/licence/reference-year unresolved; one static layer used for all years,projects/sat-io/open-datasets/npp-viirs-ntl band=b1,longntl_annual_native500m_positive_pixel_sum_v1,商丘,商丘市,156411400,unique_exact_or_prefix,H3C IndexYear paired to same LongNTL calendar year by user instruction
信阳市,2022,53,37047.8638713439,H3C live AllCityOneInfo API snapshot matched to workbook; workbook_sha256=6C7ABE1A06917FBF9BEEE26C7462ED00557EA038A5374DFC0EDA9BEB240AB753; model-year semantics follow the user's explicit instruction that IndexYear is the DEI year,projects/empyrean-caster-430308-m2/assets/city; update_time=2024-10-08T06:01:06.845098Z; source/licence/reference-year unresolved; one static layer used for all years,projects/sat-io/open-datasets/npp-viirs-ntl band=b1,longntl_annual_native500m_positive_pixel_sum_v1,信阳,信阳市,156411500,unique_exact_or_prefix,H3C IndexYear paired to same LongNTL calendar year by user instruction
周口市,2022,59.2,70413.2799415392,H3C live AllCityOneInfo API snapshot matched to workbook; workbook_sha256=6C7ABE1A06917FBF9BEEE26C7462ED00557EA038A5374DFC0EDA9BEB240AB753; model-year semantics follow the user's explicit instruction that IndexYear is the DEI year,projects/empyrean-caster-430308-m2/assets/city; update_time=2024-10-08T06:01:06.845098Z; source/licence/reference-year unresolved; one static layer used for all years,projects/sat-io/open-datasets/npp-viirs-ntl band=b1,longntl_annual_native500m_positive_pixel_sum_v1,周口,周口市,156411600,unique_exact_or_prefix,H3C IndexYear paired to same LongNTL calendar year by user instruction
驻马店市,2022,47.9,65808.9492904495,H3C live AllCityOneInfo API snapshot matched to workbook; workbook_sha256=6C7ABE1A06917FBF9BEEE26C7462ED00557EA038A5374DFC0EDA9BEB240AB753; model-year semantics follow the user's explicit instruction that IndexYear is the DEI year,projects/empyrean-caster-430308-m2/assets/city; update_time=2024-10-08T06:01:06.845098Z; source/licence/reference-year unresolved; one static layer used for all years,projects/sat-io/open-datasets/npp-viirs-ntl band=b1,longntl_annual_native500m_positive_pixel_sum_v1,驻马店,驻马店市,156411700,unique_exact_or_prefix,H3C IndexYear paired to same LongNTL calendar year by user instruction
武汉市,2022,77.2,262931.066079617,H3C live AllCityOneInfo API snapshot matched to workbook; workbook_sha256=6C7ABE1A06917FBF9BEEE26C7462ED00557EA038A5374DFC0EDA9BEB240AB753; model-year semantics follow the user's explicit instruction that IndexYear is the DEI year,projects/empyrean-caster-430308-m2/assets/city; update_time=2024-10-08T06:01:06.845098Z; source/licence/reference-year unresolved; one static layer used for all years,projects/sat-io/open-datasets/npp-viirs-ntl band=b1,longntl_annual_native500m_positive_pixel_sum_v1,武汉,武汉市,156420100,unique_exact_or_prefix,H3C IndexYear paired to same LongNTL calendar year by user instruction
黄石市,2022,46.7,25814.9925724422,H3C live AllCityOneInfo API snapshot matched to workbook; workbook_sha256=6C7ABE1A06917FBF9BEEE26C7462ED00557EA038A5374DFC0EDA9BEB240AB753; model-year semantics follow the user's explicit instruction that IndexYear is the DEI year,projects/empyrean-caster-430308-m2/assets/city; update_time=2024-10-08T06:01:06.845098Z; source/licence/reference-year unresolved; one static layer used for all years,projects/sat-io/open-datasets/npp-viirs-ntl band=b1,longntl_annual_native500m_positive_pixel_sum_v1,黄石,黄石市,156420200,unique_exact_or_prefix,H3C IndexYear paired to same LongNTL calendar year by user instruction
十堰市,2022,46.5,19446.4396958585,H3C live AllCityOneInfo API snapshot matched to workbook; workbook_sha256=6C7ABE1A06917FBF9BEEE26C7462ED00557EA038A5374DFC0EDA9BEB240AB753; model-year semantics follow the user's explicit instruction that IndexYear is the DEI year,projects/empyrean-caster-430308-m2/assets/city; update_time=2024-10-08T06:01:06.845098Z; source/licence/reference-year unresolved; one static layer used for all years,projects/sat-io/open-datasets/npp-viirs-ntl band=b1,longntl_annual_native500m_positive_pixel_sum_v1,十堰,十堰市,156420300,unique_exact_or_prefix,H3C IndexYear paired to same LongNTL calendar year by user instruction
宜昌市,2022,63.2,42202.8398116935,H3C live AllCityOneInfo API snapshot matched to workbook; workbook_sha256=6C7ABE1A06917FBF9BEEE26C7462ED00557EA038A5374DFC0EDA9BEB240AB753; model-year semantics follow the user's explicit instruction that IndexYear is the DEI year,projects/empyrean-caster-430308-m2/assets/city; update_time=2024-10-08T06:01:06.845098Z; source/licence/reference-year unresolved; one static layer used for all years,projects/sat-io/open-datasets/npp-viirs-ntl band=b1,longntl_annual_native500m_positive_pixel_sum_v1,宜昌,宜昌市,156420500,unique_exact_or_prefix,H3C IndexYear paired to same LongNTL calendar year by user instruction
襄阳市,2022,61,43607.3767754513,H3C live AllCityOneInfo API snapshot matched to workbook; workbook_sha256=6C7ABE1A06917FBF9BEEE26C7462ED00557EA038A5374DFC0EDA9BEB240AB753; model-year semantics follow the user's explicit instruction that IndexYear is the DEI year,projects/empyrean-caster-430308-m2/assets/city; update_time=2024-10-08T06:01:06.845098Z; source/licence/reference-year unresolved; one static layer used for all years,projects/sat-io/open-datasets/npp-viirs-ntl band=b1,longntl_annual_native500m_positive_pixel_sum_v1,襄阳,襄阳市,156420600,unique_exact_or_prefix,H3C IndexYear paired to same LongNTL calendar year by user instruction
鄂州市,2022,43.6,21658.3377007629,H3C live AllCityOneInfo API snapshot matched to workbook; workbook_sha256=6C7ABE1A06917FBF9BEEE26C7462ED00557EA038A5374DFC0EDA9BEB240AB753; model-year semantics follow the user's explicit instruction that IndexYear is the DEI year,projects/empyrean-caster-430308-m2/assets/city; update_time=2024-10-08T06:01:06.845098Z; source/licence/reference-year unresolved; one static layer used for all years,projects/sat-io/open-datasets/npp-viirs-ntl band=b1,longntl_annual_native500m_positive_pixel_sum_v1,鄂州,鄂州市,156420700,unique_exact_or_prefix,H3C IndexYear paired to same LongNTL calendar year by user instruction
荆门市,2022,46.4,18744.4939708093,H3C live AllCityOneInfo API snapshot matched to workbook; workbook_sha256=6C7ABE1A06917FBF9BEEE26C7462ED00557EA038A5374DFC0EDA9BEB240AB753; model-year semantics follow the user's explicit instruction that IndexYear is the DEI year,projects/empyrean-caster-430308-m2/assets/city; update_time=2024-10-08T06:01:06.845098Z; source/licence/reference-year unresolved; one static layer used for all years,projects/sat-io/open-datasets/npp-viirs-ntl band=b1,longntl_annual_native500m_positive_pixel_sum_v1,荆门,荆门市,156420800,unique_exact_or_prefix,H3C IndexYear paired to same LongNTL calendar year by user instruction
孝感市,2022,46.6,31013.9859019999,H3C live AllCityOneInfo API snapshot matched to workbook; workbook_sha256=6C7ABE1A06917FBF9BEEE26C7462ED00557EA038A5374DFC0EDA9BEB240AB753; model-year semantics follow the user's explicit instruction that IndexYear is the DEI year,projects/empyrean-caster-430308-m2/assets/city; update_time=2024-10-08T06:01:06.845098Z; source/licence/reference-year unresolved; one static layer used for all years,projects/sat-io/open-datasets/npp-viirs-ntl band=b1,longntl_annual_native500m_positive_pixel_sum_v1,孝感,孝感市,156420900,unique_exact_or_prefix,H3C IndexYear paired to same LongNTL calendar year by user instruction
荆州市,2022,47.1,39817.8860365157,H3C live AllCityOneInfo API snapshot matched to workbook; workbook_sha256=6C7ABE1A06917FBF9BEEE26C7462ED00557EA038A5374DFC0EDA9BEB240AB753; model-year semantics follow the user's explicit instruction that IndexYear is the DEI year,projects/empyrean-caster-430308-m2/assets/city; update_time=2024-10-08T06:01:06.845098Z; source/licence/reference-year unresolved; one static layer used for all years,projects/sat-io/open-datasets/npp-viirs-ntl band=b1,longntl_annual_native500m_positive_pixel_sum_v1,荆州,荆州市,156421000,unique_exact_or_prefix,H3C IndexYear paired to same LongNTL calendar year by user instruction
黄冈市,2022,44.2,38488.1507970305,H3C live AllCityOneInfo API snapshot matched to workbook; workbook_sha256=6C7ABE1A06917FBF9BEEE26C7462ED00557EA038A5374DFC0EDA9BEB240AB753; model-year semantics follow the user's explicit instruction that IndexYear is the DEI year,projects/empyrean-caster-430308-m2/assets/city; update_time=2024-10-08T06:01:06.845098Z; source/licence/reference-year unresolved; one static layer used for all years,projects/sat-io/open-datasets/npp-viirs-ntl band=b1,longntl_annual_native500m_positive_pixel_sum_v1,黄冈,黄冈市,156421100,unique_exact_or_prefix,H3C IndexYear paired to same LongNTL calendar year by user instruction
咸宁市,2022,40.4,18293.0432955017,H3C live AllCityOneInfo API snapshot matched to workbook; workbook_sha256=6C7ABE1A06917FBF9BEEE26C7462ED00557EA038A5374DFC0EDA9BEB240AB753; model-year semantics follow the user's explicit instruction that IndexYear is the DEI year,projects/empyrean-caster-430308-m2/assets/city; update_time=2024-10-08T06:01:06.845098Z; source/licence/reference-year unresolved; one static layer used for all years,projects/sat-io/open-datasets/npp-viirs-ntl band=b1,longntl_annual_native500m_positive_pixel_sum_v1,咸宁,咸宁市,156421200,unique_exact_or_prefix,H3C IndexYear paired to same LongNTL calendar year by user instruction
随州市,2022,41.8,10901.3101349887,H3C live AllCityOneInfo API snapshot matched to workbook; workbook_sha256=6C7ABE1A06917FBF9BEEE26C7462ED00557EA038A5374DFC0EDA9BEB240AB753; model-year semantics follow the user's explicit instruction that IndexYear is the DEI year,projects/empyrean-caster-430308-m2/assets/city; update_time=2024-10-08T06:01:06.845098Z; source/licence/reference-year unresolved; one static layer used for all years,projects/sat-io/open-datasets/npp-viirs-ntl band=b1,longntl_annual_native500m_positive_pixel_sum_v1,随州,随州市,156421300,unique_exact_or_prefix,H3C IndexYear paired to same LongNTL calendar year by user instruction
长沙市,2022,75,154821.568586231,H3C live AllCityOneInfo API snapshot matched to workbook; workbook_sha256=6C7ABE1A06917FBF9BEEE26C7462ED00557EA038A5374DFC0EDA9BEB240AB753; model-year semantics follow the user's explicit instruction that IndexYear is the DEI year,projects/empyrean-caster-430308-m2/assets/city; update_time=2024-10-08T06:01:06.845098Z; source/licence/reference-year unresolved; one static layer used for all years,projects/sat-io/open-datasets/npp-viirs-ntl band=b1,longntl_annual_native500m_positive_pixel_sum_v1,长沙,长沙市,156430100,unique_exact_or_prefix,H3C IndexYear paired to same LongNTL calendar year by user instruction
株洲市,2022,52.1,26304.2863363205,H3C live AllCityOneInfo API snapshot matched to workbook; workbook_sha256=6C7ABE1A06917FBF9BEEE26C7462ED00557EA038A5374DFC0EDA9BEB240AB753; model-year semantics follow the user's explicit instruction that IndexYear is the DEI year,projects/empyrean-caster-430308-m2/assets/city; update_time=2024-10-08T06:01:06.845098Z; source/licence/reference-year unresolved; one static layer used for all years,projects/sat-io/open-datasets/npp-viirs-ntl band=b1,longntl_annual_native500m_positive_pixel_sum_v1,株洲,株洲市,156430200,unique_exact_or_prefix,H3C IndexYear paired to same LongNTL calendar year by user instruction
湘潭市,2022,51.2,24279.2913583868,H3C live AllCityOneInfo API snapshot matched to workbook; workbook_sha256=6C7ABE1A06917FBF9BEEE26C7462ED00557EA038A5374DFC0EDA9BEB240AB753; model-year semantics follow the user's explicit instruction that IndexYear is the DEI year,projects/empyrean-caster-430308-m2/assets/city; update_time=2024-10-08T06:01:06.845098Z; source/licence/reference-year unresolved; one static layer used for all years,projects/sat-io/open-datasets/npp-viirs-ntl band=b1,longntl_annual_native500m_positive_pixel_sum_v1,湘潭,湘潭市,156430300,unique_exact_or_prefix,H3C IndexYear paired to same LongNTL calendar year by user instruction
衡阳市,2022,53.6,22553.1888140281,H3C live AllCityOneInfo API snapshot matched to workbook; workbook_sha256=6C7ABE1A06917FBF9BEEE26C7462ED00557EA038A5374DFC0EDA9BEB240AB753; model-year semantics follow the user's explicit instruction that IndexYear is the DEI year,projects/empyrean-caster-430308-m2/assets/city; update_time=2024-10-08T06:01:06.845098Z; source/licence/reference-year unresolved; one static layer used for all years,projects/sat-io/open-datasets/npp-viirs-ntl band=b1,longntl_annual_native500m_positive_pixel_sum_v1,衡阳,衡阳市,156430400,unique_exact_or_prefix,H3C IndexYear paired to same LongNTL calendar year by user instruction
邵阳市,2022,45.2,19759.2466226676,H3C live AllCityOneInfo API snapshot matched to workbook; workbook_sha256=6C7ABE1A06917FBF9BEEE26C7462ED00557EA038A5374DFC0EDA9BEB240AB753; model-year semantics follow the user's explicit instruction that IndexYear is the DEI year,projects/empyrean-caster-430308-m2/assets/city; update_time=2024-10-08T06:01:06.845098Z; source/licence/reference-year unresolved; one static layer used for all years,projects/sat-io/open-datasets/npp-viirs-ntl band=b1,longntl_annual_native500m_positive_pixel_sum_v1,邵阳,邵阳市,156430500,unique_exact_or_prefix,H3C IndexYear paired to same LongNTL calendar year by user instruction
岳阳市,2022,53.4,29884.6854593235,H3C live AllCityOneInfo API snapshot matched to workbook; workbook_sha256=6C7ABE1A06917FBF9BEEE26C7462ED00557EA038A5374DFC0EDA9BEB240AB753; model-year semantics follow the user's explicit instruction that IndexYear is the DEI year,projects/empyrean-caster-430308-m2/assets/city; update_time=2024-10-08T06:01:06.845098Z; source/licence/reference-year unresolved; one static layer used for all years,projects/sat-io/open-datasets/npp-viirs-ntl band=b1,longntl_annual_native500m_positive_pixel_sum_v1,岳阳,岳阳市,156430600,unique_exact_or_prefix,H3C IndexYear paired to same LongNTL calendar year by user instruction
常德市,2022,56.4,31253.3150386217,H3C live AllCityOneInfo API snapshot matched to workbook; workbook_sha256=6C7ABE1A06917FBF9BEEE26C7462ED00557EA038A5374DFC0EDA9BEB240AB753; model-year semantics follow the user's explicit instruction that IndexYear is the DEI year,projects/empyrean-caster-430308-m2/assets/city; update_time=2024-10-08T06:01:06.845098Z; source/licence/reference-year unresolved; one static layer used for all years,projects/sat-io/open-datasets/npp-viirs-ntl band=b1,longntl_annual_native500m_positive_pixel_sum_v1,常德,常德市,156430700,unique_exact_or_prefix,H3C IndexYear paired to same LongNTL calendar year by user instruction
益阳市,2022,48.1,14494.6102955659,H3C live AllCityOneInfo API snapshot matched to workbook; workbook_sha256=6C7ABE1A06917FBF9BEEE26C7462ED00557EA038A5374DFC0EDA9BEB240AB753; model-year semantics follow the user's explicit instruction that IndexYear is the DEI year,projects/empyrean-caster-430308-m2/assets/city; update_time=2024-10-08T06:01:06.845098Z; source/licence/reference-year unresolved; one static layer used for all years,projects/sat-io/open-datasets/npp-viirs-ntl band=b1,longntl_annual_native500m_positive_pixel_sum_v1,益阳,益阳市,156430900,unique_exact_or_prefix,H3C IndexYear paired to same LongNTL calendar year by user instruction
郴州市,2022,46.2,15472.7457884022,H3C live AllCityOneInfo API snapshot matched to workbook; workbook_sha256=6C7ABE1A06917FBF9BEEE26C7462ED00557EA038A5374DFC0EDA9BEB240AB753; model-year semantics follow the user's explicit instruction that IndexYear is the DEI year,projects/empyrean-caster-430308-m2/assets/city; update_time=2024-10-08T06:01:06.845098Z; source/licence/reference-year unresolved; one static layer used for all years,projects/sat-io/open-datasets/npp-viirs-ntl band=b1,longntl_annual_native500m_positive_pixel_sum_v1,郴州,郴州市,156431000,unique_exact_or_prefix,H3C IndexYear paired to same LongNTL calendar year by user instruction
永州市,2022,45.8,20757.3697766332,H3C live AllCityOneInfo API snapshot matched to workbook; workbook_sha256=6C7ABE1A06917FBF9BEEE26C7462ED00557EA038A5374DFC0EDA9BEB240AB753; model-year semantics follow the user's explicit instruction that IndexYear is the DEI year,projects/empyrean-caster-430308-m2/assets/city; update_time=2024-10-08T06:01:06.845098Z; source/licence/reference-year unresolved; one static layer used for all years,projects/sat-io/open-datasets/npp-viirs-ntl band=b1,longntl_annual_native500m_positive_pixel_sum_v1,永州,永州市,156431100,unique_exact_or_prefix,H3C IndexYear paired to same LongNTL calendar year by user instruction
怀化市,2022,40.8,17332.9058165256,H3C live AllCityOneInfo API snapshot matched to workbook; workbook_sha256=6C7ABE1A06917FBF9BEEE26C7462ED00557EA038A5374DFC0EDA9BEB240AB753; model-year semantics follow the user's explicit instruction that IndexYear is the DEI year,projects/empyrean-caster-430308-m2/assets/city; update_time=2024-10-08T06:01:06.845098Z; source/licence/reference-year unresolved; one static layer used for all years,projects/sat-io/open-datasets/npp-viirs-ntl band=b1,longntl_annual_native500m_positive_pixel_sum_v1,怀化,怀化市,156431200,unique_exact_or_prefix,H3C IndexYear paired to same LongNTL calendar year by user instruction
娄底市,2022,40.7,18701.4077087767,H3C live AllCityOneInfo API snapshot matched to workbook; workbook_sha256=6C7ABE1A06917FBF9BEEE26C7462ED00557EA038A5374DFC0EDA9BEB240AB753; model-year semantics follow the user's explicit instruction that IndexYear is the DEI year,projects/empyrean-caster-430308-m2/assets/city; update_time=2024-10-08T06:01:06.845098Z; source/licence/reference-year unresolved; one static layer used for all years,projects/sat-io/open-datasets/npp-viirs-ntl band=b1,longntl_annual_native500m_positive_pixel_sum_v1,娄底,娄底市,156431300,unique_exact_or_prefix,H3C IndexYear paired to same LongNTL calendar year by user instruction
广州市,2022,86.7,300220.128825452,H3C live AllCityOneInfo API snapshot matched to workbook; workbook_sha256=6C7ABE1A06917FBF9BEEE26C7462ED00557EA038A5374DFC0EDA9BEB240AB753; model-year semantics follow the user's explicit instruction that IndexYear is the DEI year,projects/empyrean-caster-430308-m2/assets/city; update_time=2024-10-08T06:01:06.845098Z; source/licence/reference-year unresolved; one static layer used for all years,projects/sat-io/open-datasets/npp-viirs-ntl band=b1,longntl_annual_native500m_positive_pixel_sum_v1,广州,广州市,156440100,unique_exact_or_prefix,H3C IndexYear paired to same LongNTL calendar year by user instruction
韶关市,2022,43.9,32251.8062398247,H3C live AllCityOneInfo API snapshot matched to workbook; workbook_sha256=6C7ABE1A06917FBF9BEEE26C7462ED00557EA038A5374DFC0EDA9BEB240AB753; model-year semantics follow the user's explicit instruction that IndexYear is the DEI year,projects/empyrean-caster-430308-m2/assets/city; update_time=2024-10-08T06:01:06.845098Z; source/licence/reference-year unresolved; one static layer used for all years,projects/sat-io/open-datasets/npp-viirs-ntl band=b1,longntl_annual_native500m_positive_pixel_sum_v1,韶关,韶关市,156440200,unique_exact_or_prefix,H3C IndexYear paired to same LongNTL calendar year by user instruction
深圳市,2022,91.6,202840.291624358,H3C live AllCityOneInfo API snapshot matched to workbook; workbook_sha256=6C7ABE1A06917FBF9BEEE26C7462ED00557EA038A5374DFC0EDA9BEB240AB753; model-year semantics follow the user's explicit instruction that IndexYear is the DEI year,projects/empyrean-caster-430308-m2/assets/city; update_time=2024-10-08T06:01:06.845098Z; source/licence/reference-year unresolved; one static layer used for all years,projects/sat-io/open-datasets/npp-viirs-ntl band=b1,longntl_annual_native500m_positive_pixel_sum_v1,深圳,深圳市,156440300,unique_exact_or_prefix,H3C IndexYear paired to same LongNTL calendar year by user instruction
珠海市,2022,69.3,48281.2996333375,H3C live AllCityOneInfo API snapshot matched to workbook; workbook_sha256=6C7ABE1A06917FBF9BEEE26C7462ED00557EA038A5374DFC0EDA9BEB240AB753; model-year semantics follow the user's explicit instruction that IndexYear is the DEI year,projects/empyrean-caster-430308-m2/assets/city; update_time=2024-10-08T06:01:06.845098Z; source/licence/reference-year unresolved; one static layer used for all years,projects/sat-io/open-datasets/npp-viirs-ntl band=b1,longntl_annual_native500m_positive_pixel_sum_v1,珠海,珠海市,156440400,unique_exact_or_prefix,H3C IndexYear paired to same LongNTL calendar year by user instruction
汕头市,2022,61.3,81110.3774003417,H3C live AllCityOneInfo API snapshot matched to workbook; workbook_sha256=6C7ABE1A06917FBF9BEEE26C7462ED00557EA038A5374DFC0EDA9BEB240AB753; model-year semantics follow the user's explicit instruction that IndexYear is the DEI year,projects/empyrean-caster-430308-m2/assets/city; update_time=2024-10-08T06:01:06.845098Z; source/licence/reference-year unresolved; one static layer used for all years,projects/sat-io/open-datasets/npp-viirs-ntl band=b1,longntl_annual_native500m_positive_pixel_sum_v1,汕头,汕头市,156440500,unique_exact_or_prefix,H3C IndexYear paired to same LongNTL calendar year by user instruction
佛山市,2022,72.8,185689.720478185,H3C live AllCityOneInfo API snapshot matched to workbook; workbook_sha256=6C7ABE1A06917FBF9BEEE26C7462ED00557EA038A5374DFC0EDA9BEB240AB753; model-year semantics follow the user's explicit instruction that IndexYear is the DEI year,projects/empyrean-caster-430308-m2/assets/city; update_time=2024-10-08T06:01:06.845098Z; source/licence/reference-year unresolved; one static layer used for all years,projects/sat-io/open-datasets/npp-viirs-ntl band=b1,longntl_annual_native500m_positive_pixel_sum_v1,佛山,佛山市,156440600,unique_exact_or_prefix,H3C IndexYear paired to same LongNTL calendar year by user instruction
江门市,2022,63.5,101059.072277323,H3C live AllCityOneInfo API snapshot matched to workbook; workbook_sha256=6C7ABE1A06917FBF9BEEE26C7462ED00557EA038A5374DFC0EDA9BEB240AB753; model-year semantics follow the user's explicit instruction that IndexYear is the DEI year,projects/empyrean-caster-430308-m2/assets/city; update_time=2024-10-08T06:01:06.845098Z; source/licence/reference-year unresolved; one static layer used for all years,projects/sat-io/open-datasets/npp-viirs-ntl band=b1,longntl_annual_native500m_positive_pixel_sum_v1,江门,江门市,156440700,unique_exact_or_prefix,H3C IndexYear paired to same LongNTL calendar year by user instruction
湛江市,2022,59.5,90163.0012669769,H3C live AllCityOneInfo API snapshot matched to workbook; workbook_sha256=6C7ABE1A06917FBF9BEEE26C7462ED00557EA038A5374DFC0EDA9BEB240AB753; model-year semantics follow the user's explicit instruction that IndexYear is the DEI year,projects/empyrean-caster-430308-m2/assets/city; update_time=2024-10-08T06:01:06.845098Z; source/licence/reference-year unresolved; one static layer used for all years,projects/sat-io/open-datasets/npp-viirs-ntl band=b1,longntl_annual_native500m_positive_pixel_sum_v1,湛江,湛江市,156440800,unique_exact_or_prefix,H3C IndexYear paired to same LongNTL calendar year by user instruction
茂名市,2022,53.8,55875.7608489046,H3C live AllCityOneInfo API snapshot matched to workbook; workbook_sha256=6C7ABE1A06917FBF9BEEE26C7462ED00557EA038A5374DFC0EDA9BEB240AB753; model-year semantics follow the user's explicit instruction that IndexYear is the DEI year,projects/empyrean-caster-430308-m2/assets/city; update_time=2024-10-08T06:01:06.845098Z; source/licence/reference-year unresolved; one static layer used for all years,projects/sat-io/open-datasets/npp-viirs-ntl band=b1,longntl_annual_native500m_positive_pixel_sum_v1,茂名,茂名市,156440900,unique_exact_or_prefix,H3C IndexYear paired to same LongNTL calendar year by user instruction
肇庆市,2022,54,57110.9303397679,H3C live AllCityOneInfo API snapshot matched to workbook; workbook_sha256=6C7ABE1A06917FBF9BEEE26C7462ED00557EA038A5374DFC0EDA9BEB240AB753; model-year semantics follow the user's explicit instruction that IndexYear is the DEI year,projects/empyrean-caster-430308-m2/assets/city; update_time=2024-10-08T06:01:06.845098Z; source/licence/reference-year unresolved; one static layer used for all years,projects/sat-io/open-datasets/npp-viirs-ntl band=b1,longntl_annual_native500m_positive_pixel_sum_v1,肇庆,肇庆市,156441200,unique_exact_or_prefix,H3C IndexYear paired to same LongNTL calendar year by user instruction
惠州市,2022,66.9,151716.48321835,H3C live AllCityOneInfo API snapshot matched to workbook; workbook_sha256=6C7ABE1A06917FBF9BEEE26C7462ED00557EA038A5374DFC0EDA9BEB240AB753; model-year semantics follow the user's explicit instruction that IndexYear is the DEI year,projects/empyrean-caster-430308-m2/assets/city; update_time=2024-10-08T06:01:06.845098Z; source/licence/reference-year unresolved; one static layer used for all years,projects/sat-io/open-datasets/npp-viirs-ntl band=b1,longntl_annual_native500m_positive_pixel_sum_v1,惠州,惠州市,156441300,unique_exact_or_prefix,H3C IndexYear paired to same LongNTL calendar year by user instruction
阳江市,2022,44.4,34108.9374170976,H3C live AllCityOneInfo API snapshot matched to workbook; workbook_sha256=6C7ABE1A06917FBF9BEEE26C7462ED00557EA038A5374DFC0EDA9BEB240AB753; model-year semantics follow the user's explicit instruction that IndexYear is the DEI year,projects/empyrean-caster-430308-m2/assets/city; update_time=2024-10-08T06:01:06.845098Z; source/licence/reference-year unresolved; one static layer used for all years,projects/sat-io/open-datasets/npp-viirs-ntl band=b1,longntl_annual_native500m_positive_pixel_sum_v1,阳江,阳江市,156441700,unique_exact_or_prefix,H3C IndexYear paired to same LongNTL calendar year by user instruction
清远市,2022,45.3,52624.7702514059,H3C live AllCityOneInfo API snapshot matched to workbook; workbook_sha256=6C7ABE1A06917FBF9BEEE26C7462ED00557EA038A5374DFC0EDA9BEB240AB753; model-year semantics follow the user's explicit instruction that IndexYear is the DEI year,projects/empyrean-caster-430308-m2/assets/city; update_time=2024-10-08T06:01:06.845098Z; source/licence/reference-year unresolved; one static layer used for all years,projects/sat-io/open-datasets/npp-viirs-ntl band=b1,longntl_annual_native500m_positive_pixel_sum_v1,清远,清远市,156441800,unique_exact_or_prefix,H3C IndexYear paired to same LongNTL calendar year by user instruction
东莞市,2022,72.9,222769.331237361,H3C live AllCityOneInfo API snapshot matched to workbook; workbook_sha256=6C7ABE1A06917FBF9BEEE26C7462ED00557EA038A5374DFC0EDA9BEB240AB753; model-year semantics follow the user's explicit instruction that IndexYear is the DEI year,projects/empyrean-caster-430308-m2/assets/city; update_time=2024-10-08T06:01:06.845098Z; source/licence/reference-year unresolved; one static layer used for all years,projects/sat-io/open-datasets/npp-viirs-ntl band=b1,longntl_annual_native500m_positive_pixel_sum_v1,东莞,东莞市,156441900,unique_exact_or_prefix,H3C IndexYear paired to same LongNTL calendar year by user instruction
中山市,2022,65,91448.04988584,H3C live AllCityOneInfo API snapshot matched to workbook; workbook_sha256=6C7ABE1A06917FBF9BEEE26C7462ED00557EA038A5374DFC0EDA9BEB240AB753; model-year semantics follow the user's explicit instruction that IndexYear is the DEI year,projects/empyrean-caster-430308-m2/assets/city; update_time=2024-10-08T06:01:06.845098Z; source/licence/reference-year unresolved; one static layer used for all years,projects/sat-io/open-datasets/npp-viirs-ntl band=b1,longntl_annual_native500m_positive_pixel_sum_v1,中山,中山市,156442000,unique_exact_or_prefix,H3C IndexYear paired to same LongNTL calendar year by user instruction
潮州市,2022,42.5,43069.3268600029,H3C live AllCityOneInfo API snapshot matched to workbook; workbook_sha256=6C7ABE1A06917FBF9BEEE26C7462ED00557EA038A5374DFC0EDA9BEB240AB753; model-year semantics follow the user's explicit instruction that IndexYear is the DEI year,projects/empyrean-caster-430308-m2/assets/city; update_time=2024-10-08T06:01:06.845098Z; source/licence/reference-year unresolved; one static layer used for all years,projects/sat-io/open-datasets/npp-viirs-ntl band=b1,longntl_annual_native500m_positive_pixel_sum_v1,潮州,潮州市,156445100,unique_exact_or_prefix,H3C IndexYear paired to same LongNTL calendar year by user instruction
揭阳市,2022,53.1,80306.6553241154,H3C live AllCityOneInfo API snapshot matched to workbook; workbook_sha256=6C7ABE1A06917FBF9BEEE26C7462ED00557EA038A5374DFC0EDA9BEB240AB753; model-year semantics follow the user's explicit instruction that IndexYear is the DEI year,projects/empyrean-caster-430308-m2/assets/city; update_time=2024-10-08T06:01:06.845098Z; source/licence/reference-year unresolved; one static layer used for all years,projects/sat-io/open-datasets/npp-viirs-ntl band=b1,longntl_annual_native500m_positive_pixel_sum_v1,揭阳,揭阳市,156445200,unique_exact_or_prefix,H3C IndexYear paired to same LongNTL calendar year by user instruction
南宁市,2022,70.5,110184.54655556,H3C live AllCityOneInfo API snapshot matched to workbook; workbook_sha256=6C7ABE1A06917FBF9BEEE26C7462ED00557EA038A5374DFC0EDA9BEB240AB753; model-year semantics follow the user's explicit instruction that IndexYear is the DEI year,projects/empyrean-caster-430308-m2/assets/city; update_time=2024-10-08T06:01:06.845098Z; source/licence/reference-year unresolved; one static layer used for all years,projects/sat-io/open-datasets/npp-viirs-ntl band=b1,longntl_annual_native500m_positive_pixel_sum_v1,南宁,南宁市,156450100,unique_exact_or_prefix,H3C IndexYear paired to same LongNTL calendar year by user instruction
柳州市,2022,63.3,47789.6554454892,H3C live AllCityOneInfo API snapshot matched to workbook; workbook_sha256=6C7ABE1A06917FBF9BEEE26C7462ED00557EA038A5374DFC0EDA9BEB240AB753; model-year semantics follow the user's explicit instruction that IndexYear is the DEI year,projects/empyrean-caster-430308-m2/assets/city; update_time=2024-10-08T06:01:06.845098Z; source/licence/reference-year unresolved; one static layer used for all years,projects/sat-io/open-datasets/npp-viirs-ntl band=b1,longntl_annual_native500m_positive_pixel_sum_v1,柳州,柳州市,156450200,unique_exact_or_prefix,H3C IndexYear paired to same LongNTL calendar year by user instruction
桂林市,2022,54.8,30985.6498239096,H3C live AllCityOneInfo API snapshot matched to workbook; workbook_sha256=6C7ABE1A06917FBF9BEEE26C7462ED00557EA038A5374DFC0EDA9BEB240AB753; model-year semantics follow the user's explicit instruction that IndexYear is the DEI year,projects/empyrean-caster-430308-m2/assets/city; update_time=2024-10-08T06:01:06.845098Z; source/licence/reference-year unresolved; one static layer used for all years,projects/sat-io/open-datasets/npp-viirs-ntl band=b1,longntl_annual_native500m_positive_pixel_sum_v1,桂林,桂林市,156450300,unique_exact_or_prefix,H3C IndexYear paired to same LongNTL calendar year by user instruction
北海市,2022,54.5,24935.9853636298,H3C live AllCityOneInfo API snapshot matched to workbook; workbook_sha256=6C7ABE1A06917FBF9BEEE26C7462ED00557EA038A5374DFC0EDA9BEB240AB753; model-year semantics follow the user's explicit instruction that IndexYear is the DEI year,projects/empyrean-caster-430308-m2/assets/city; update_time=2024-10-08T06:01:06.845098Z; source/licence/reference-year unresolved; one static layer used for all years,projects/sat-io/open-datasets/npp-viirs-ntl band=b1,longntl_annual_native500m_positive_pixel_sum_v1,北海,北海市,156450500,unique_exact_or_prefix,H3C IndexYear paired to same LongNTL calendar year by user instruction
钦州市,2022,41.3,20496.474060434,H3C live AllCityOneInfo API snapshot matched to workbook; workbook_sha256=6C7ABE1A06917FBF9BEEE26C7462ED00557EA038A5374DFC0EDA9BEB240AB753; model-year semantics follow the user's explicit instruction that IndexYear is the DEI year,projects/empyrean-caster-430308-m2/assets/city; update_time=2024-10-08T06:01:06.845098Z; source/licence/reference-year unresolved; one static layer used for all years,projects/sat-io/open-datasets/npp-viirs-ntl band=b1,longntl_annual_native500m_positive_pixel_sum_v1,钦州,钦州市,156450700,unique_exact_or_prefix,H3C IndexYear paired to same LongNTL calendar year by user instruction
贵港市,2022,38,21538.9567949978,H3C live AllCityOneInfo API snapshot matched to workbook; workbook_sha256=6C7ABE1A06917FBF9BEEE26C7462ED00557EA038A5374DFC0EDA9BEB240AB753; model-year semantics follow the user's explicit instruction that IndexYear is the DEI year,projects/empyrean-caster-430308-m2/assets/city; update_time=2024-10-08T06:01:06.845098Z; source/licence/reference-year unresolved; one static layer used for all years,projects/sat-io/open-datasets/npp-viirs-ntl band=b1,longntl_annual_native500m_positive_pixel_sum_v1,贵港,贵港市,156450800,unique_exact_or_prefix,H3C IndexYear paired to same LongNTL calendar year by user instruction
玉林市,2022,42.6,33668.9390065072,H3C live AllCityOneInfo API snapshot matched to workbook; workbook_sha256=6C7ABE1A06917FBF9BEEE26C7462ED00557EA038A5374DFC0EDA9BEB240AB753; model-year semantics follow the user's explicit instruction that IndexYear is the DEI year,projects/empyrean-caster-430308-m2/assets/city; update_time=2024-10-08T06:01:06.845098Z; source/licence/reference-year unresolved; one static layer used for all years,projects/sat-io/open-datasets/npp-viirs-ntl band=b1,longntl_annual_native500m_positive_pixel_sum_v1,玉林,玉林市,156450900,unique_exact_or_prefix,H3C IndexYear paired to same LongNTL calendar year by user instruction
百色市,2022,39,24524.442257768,H3C live AllCityOneInfo API snapshot matched to workbook; workbook_sha256=6C7ABE1A06917FBF9BEEE26C7462ED00557EA038A5374DFC0EDA9BEB240AB753; model-year semantics follow the user's explicit instruction that IndexYear is the DEI year,projects/empyrean-caster-430308-m2/assets/city; update_time=2024-10-08T06:01:06.845098Z; source/licence/reference-year unresolved; one static layer used for all years,projects/sat-io/open-datasets/npp-viirs-ntl band=b1,longntl_annual_native500m_positive_pixel_sum_v1,百色,百色市,156451000,unique_exact_or_prefix,H3C IndexYear paired to same LongNTL calendar year by user instruction
海口市,2022,62.4,42978.6628616123,H3C live AllCityOneInfo API snapshot matched to workbook; workbook_sha256=6C7ABE1A06917FBF9BEEE26C7462ED00557EA038A5374DFC0EDA9BEB240AB753; model-year semantics follow the user's explicit instruction that IndexYear is the DEI year,projects/empyrean-caster-430308-m2/assets/city; update_time=2024-10-08T06:01:06.845098Z; source/licence/reference-year unresolved; one static layer used for all years,projects/sat-io/open-datasets/npp-viirs-ntl band=b1,longntl_annual_native500m_positive_pixel_sum_v1,海口,海口市,156460100,unique_exact_or_prefix,H3C IndexYear paired to same LongNTL calendar year by user instruction
三亚市,2022,43.3,21937.7989537178,H3C live AllCityOneInfo API snapshot matched to workbook; workbook_sha256=6C7ABE1A06917FBF9BEEE26C7462ED00557EA038A5374DFC0EDA9BEB240AB753; model-year semantics follow the user's explicit instruction that IndexYear is the DEI year,projects/empyrean-caster-430308-m2/assets/city; update_time=2024-10-08T06:01:06.845098Z; source/licence/reference-year unresolved; one static layer used for all years,projects/sat-io/open-datasets/npp-viirs-ntl band=b1,longntl_annual_native500m_positive_pixel_sum_v1,三亚,三亚市,156460200,unique_exact_or_prefix,H3C IndexYear paired to same LongNTL calendar year by user instruction
重庆市,2022,80.5,313207.560894484,H3C live AllCityOneInfo API snapshot matched to workbook; workbook_sha256=6C7ABE1A06917FBF9BEEE26C7462ED00557EA038A5374DFC0EDA9BEB240AB753; model-year semantics follow the user's explicit instruction that IndexYear is the DEI year,projects/empyrean-caster-430308-m2/assets/city; update_time=2024-10-08T06:01:06.845098Z; source/licence/reference-year unresolved; one static layer used for all years,projects/sat-io/open-datasets/npp-viirs-ntl band=b1,longntl_annual_native500m_positive_pixel_sum_v1,重庆,重庆市,156500000,unique_exact_or_prefix,H3C IndexYear paired to same LongNTL calendar year by user instruction
成都市,2022,88,349280.685883038,H3C live AllCityOneInfo API snapshot matched to workbook; workbook_sha256=6C7ABE1A06917FBF9BEEE26C7462ED00557EA038A5374DFC0EDA9BEB240AB753; model-year semantics follow the user's explicit instruction that IndexYear is the DEI year,projects/empyrean-caster-430308-m2/assets/city; update_time=2024-10-08T06:01:06.845098Z; source/licence/reference-year unresolved; one static layer used for all years,projects/sat-io/open-datasets/npp-viirs-ntl band=b1,longntl_annual_native500m_positive_pixel_sum_v1,成都,成都市,156510100,unique_exact_or_prefix,H3C IndexYear paired to same LongNTL calendar year by user instruction
自贡市,2022,41.5,16444.9133697739,H3C live AllCityOneInfo API snapshot matched to workbook; workbook_sha256=6C7ABE1A06917FBF9BEEE26C7462ED00557EA038A5374DFC0EDA9BEB240AB753; model-year semantics follow the user's explicit instruction that IndexYear is the DEI year,projects/empyrean-caster-430308-m2/assets/city; update_time=2024-10-08T06:01:06.845098Z; source/licence/reference-year unresolved; one static layer used for all years,projects/sat-io/open-datasets/npp-viirs-ntl band=b1,longntl_annual_native500m_positive_pixel_sum_v1,自贡,自贡市,156510300,unique_exact_or_prefix,H3C IndexYear paired to same LongNTL calendar year by user instruction
攀枝花市,2022,41.2,12942.6857117087,H3C live AllCityOneInfo API snapshot matched to workbook; workbook_sha256=6C7ABE1A06917FBF9BEEE26C7462ED00557EA038A5374DFC0EDA9BEB240AB753; model-year semantics follow the user's explicit instruction that IndexYear is the DEI year,projects/empyrean-caster-430308-m2/assets/city; update_time=2024-10-08T06:01:06.845098Z; source/licence/reference-year unresolved; one static layer used for all years,projects/sat-io/open-datasets/npp-viirs-ntl band=b1,longntl_annual_native500m_positive_pixel_sum_v1,攀枝花,攀枝花市,156510400,unique_exact_or_prefix,H3C IndexYear paired to same LongNTL calendar year by user instruction
泸州市,2022,51.4,24976.3391021719,H3C live AllCityOneInfo API snapshot matched to workbook; workbook_sha256=6C7ABE1A06917FBF9BEEE26C7462ED00557EA038A5374DFC0EDA9BEB240AB753; model-year semantics follow the user's explicit instruction that IndexYear is the DEI year,projects/empyrean-caster-430308-m2/assets/city; update_time=2024-10-08T06:01:06.845098Z; source/licence/reference-year unresolved; one static layer used for all years,projects/sat-io/open-datasets/npp-viirs-ntl band=b1,longntl_annual_native500m_positive_pixel_sum_v1,泸州,泸州市,156510500,unique_exact_or_prefix,H3C IndexYear paired to same LongNTL calendar year by user instruction
德阳市,2022,54.4,44538.7632775587,H3C live AllCityOneInfo API snapshot matched to workbook; workbook_sha256=6C7ABE1A06917FBF9BEEE26C7462ED00557EA038A5374DFC0EDA9BEB240AB753; model-year semantics follow the user's explicit instruction that IndexYear is the DEI year,projects/empyrean-caster-430308-m2/assets/city; update_time=2024-10-08T06:01:06.845098Z; source/licence/reference-year unresolved; one static layer used for all years,projects/sat-io/open-datasets/npp-viirs-ntl band=b1,longntl_annual_native500m_positive_pixel_sum_v1,德阳,德阳市,156510600,unique_exact_or_prefix,H3C IndexYear paired to same LongNTL calendar year by user instruction
绵阳市,2022,64.7,46245.3208661313,H3C live AllCityOneInfo API snapshot matched to workbook; workbook_sha256=6C7ABE1A06917FBF9BEEE26C7462ED00557EA038A5374DFC0EDA9BEB240AB753; model-year semantics follow the user's explicit instruction that IndexYear is the DEI year,projects/empyrean-caster-430308-m2/assets/city; update_time=2024-10-08T06:01:06.845098Z; source/licence/reference-year unresolved; one static layer used for all years,projects/sat-io/open-datasets/npp-viirs-ntl band=b1,longntl_annual_native500m_positive_pixel_sum_v1,绵阳,绵阳市,156510700,unique_exact_or_prefix,H3C IndexYear paired to same LongNTL calendar year by user instruction
广元市,2022,38.7,13233.6658713542,H3C live AllCityOneInfo API snapshot matched to workbook; workbook_sha256=6C7ABE1A06917FBF9BEEE26C7462ED00557EA038A5374DFC0EDA9BEB240AB753; model-year semantics follow the user's explicit instruction that IndexYear is the DEI year,projects/empyrean-caster-430308-m2/assets/city; update_time=2024-10-08T06:01:06.845098Z; source/licence/reference-year unresolved; one static layer used for all years,projects/sat-io/open-datasets/npp-viirs-ntl band=b1,longntl_annual_native500m_positive_pixel_sum_v1,广元,广元市,156510800,unique_exact_or_prefix,H3C IndexYear paired to same LongNTL calendar year by user instruction
遂宁市,2022,38.1,26745.0003246092,H3C live AllCityOneInfo API snapshot matched to workbook; workbook_sha256=6C7ABE1A06917FBF9BEEE26C7462ED00557EA038A5374DFC0EDA9BEB240AB753; model-year semantics follow the user's explicit instruction that IndexYear is the DEI year,projects/empyrean-caster-430308-m2/assets/city; update_time=2024-10-08T06:01:06.845098Z; source/licence/reference-year unresolved; one static layer used for all years,projects/sat-io/open-datasets/npp-viirs-ntl band=b1,longntl_annual_native500m_positive_pixel_sum_v1,遂宁,遂宁市,156510900,unique_exact_or_prefix,H3C IndexYear paired to same LongNTL calendar year by user instruction
内江市,2022,39.5,20494.62764499,H3C live AllCityOneInfo API snapshot matched to workbook; workbook_sha256=6C7ABE1A06917FBF9BEEE26C7462ED00557EA038A5374DFC0EDA9BEB240AB753; model-year semantics follow the user's explicit instruction that IndexYear is the DEI year,projects/empyrean-caster-430308-m2/assets/city; update_time=2024-10-08T06:01:06.845098Z; source/licence/reference-year unresolved; one static layer used for all years,projects/sat-io/open-datasets/npp-viirs-ntl band=b1,longntl_annual_native500m_positive_pixel_sum_v1,内江,内江市,156511000,unique_exact_or_prefix,H3C IndexYear paired to same LongNTL calendar year by user instruction
乐山市,2022,40.5,20195.2841026446,H3C live AllCityOneInfo API snapshot matched to workbook; workbook_sha256=6C7ABE1A06917FBF9BEEE26C7462ED00557EA038A5374DFC0EDA9BEB240AB753; model-year semantics follow the user's explicit instruction that IndexYear is the DEI year,projects/empyrean-caster-430308-m2/assets/city; update_time=2024-10-08T06:01:06.845098Z; source/licence/reference-year unresolved; one static layer used for all years,projects/sat-io/open-datasets/npp-viirs-ntl band=b1,longntl_annual_native500m_positive_pixel_sum_v1,乐山,乐山市,156511100,unique_exact_or_prefix,H3C IndexYear paired to same LongNTL calendar year by user instruction
南充市,2022,51.2,48502.6502399262,H3C live AllCityOneInfo API snapshot matched to workbook; workbook_sha256=6C7ABE1A06917FBF9BEEE26C7462ED00557EA038A5374DFC0EDA9BEB240AB753; model-year semantics follow the user's explicit instruction that IndexYear is the DEI year,projects/empyrean-caster-430308-m2/assets/city; update_time=2024-10-08T06:01:06.845098Z; source/licence/reference-year unresolved; one static layer used for all years,projects/sat-io/open-datasets/npp-viirs-ntl band=b1,longntl_annual_native500m_positive_pixel_sum_v1,南充,南充市,156511300,unique_exact_or_prefix,H3C IndexYear paired to same LongNTL calendar year by user instruction
眉山市,2022,40.1,31745.4303926038,H3C live AllCityOneInfo API snapshot matched to workbook; workbook_sha256=6C7ABE1A06917FBF9BEEE26C7462ED00557EA038A5374DFC0EDA9BEB240AB753; model-year semantics follow the user's explicit instruction that IndexYear is the DEI year,projects/empyrean-caster-430308-m2/assets/city; update_time=2024-10-08T06:01:06.845098Z; source/licence/reference-year unresolved; one static layer used for all years,projects/sat-io/open-datasets/npp-viirs-ntl band=b1,longntl_annual_native500m_positive_pixel_sum_v1,眉山,眉山市,156511400,unique_exact_or_prefix,H3C IndexYear paired to same LongNTL calendar year by user instruction
宜宾市,2022,52.8,40001.2792938611,H3C live AllCityOneInfo API snapshot matched to workbook; workbook_sha256=6C7ABE1A06917FBF9BEEE26C7462ED00557EA038A5374DFC0EDA9BEB240AB753; model-year semantics follow the user's explicit instruction that IndexYear is the DEI year,projects/empyrean-caster-430308-m2/assets/city; update_time=2024-10-08T06:01:06.845098Z; source/licence/reference-year unresolved; one static layer used for all years,projects/sat-io/open-datasets/npp-viirs-ntl band=b1,longntl_annual_native500m_positive_pixel_sum_v1,宜宾,宜宾市,156511500,unique_exact_or_prefix,H3C IndexYear paired to same LongNTL calendar year by user instruction
广安市,2022,39.8,20974.4062073787,H3C live AllCityOneInfo API snapshot matched to workbook; workbook_sha256=6C7ABE1A06917FBF9BEEE26C7462ED00557EA038A5374DFC0EDA9BEB240AB753; model-year semantics follow the user's explicit instruction that IndexYear is the DEI year,projects/empyrean-caster-430308-m2/assets/city; update_time=2024-10-08T06:01:06.845098Z; source/licence/reference-year unresolved; one static layer used for all years,projects/sat-io/open-datasets/npp-viirs-ntl band=b1,longntl_annual_native500m_positive_pixel_sum_v1,广安,广安市,156511600,unique_exact_or_prefix,H3C IndexYear paired to same LongNTL calendar year by user instruction
达州市,2022,44.6,27579.5490206204,H3C live AllCityOneInfo API snapshot matched to workbook; workbook_sha256=6C7ABE1A06917FBF9BEEE26C7462ED00557EA038A5374DFC0EDA9BEB240AB753; model-year semantics follow the user's explicit instruction that IndexYear is the DEI year,projects/empyrean-caster-430308-m2/assets/city; update_time=2024-10-08T06:01:06.845098Z; source/licence/reference-year unresolved; one static layer used for all years,projects/sat-io/open-datasets/npp-viirs-ntl band=b1,longntl_annual_native500m_positive_pixel_sum_v1,达州,达州市,156511700,unique_exact_or_prefix,H3C IndexYear paired to same LongNTL calendar year by user instruction
雅安市,2022,40.9,10490.6894614313,H3C live AllCityOneInfo API snapshot matched to workbook; workbook_sha256=6C7ABE1A06917FBF9BEEE26C7462ED00557EA038A5374DFC0EDA9BEB240AB753; model-year semantics follow the user's explicit instruction that IndexYear is the DEI year,projects/empyrean-caster-430308-m2/assets/city; update_time=2024-10-08T06:01:06.845098Z; source/licence/reference-year unresolved; one static layer used for all years,projects/sat-io/open-datasets/npp-viirs-ntl band=b1,longntl_annual_native500m_positive_pixel_sum_v1,雅安,雅安市,156511800,unique_exact_or_prefix,H3C IndexYear paired to same LongNTL calendar year by user instruction
资阳市,2022,37.7,16444.2692835481,H3C live AllCityOneInfo API snapshot matched to workbook; workbook_sha256=6C7ABE1A06917FBF9BEEE26C7462ED00557EA038A5374DFC0EDA9BEB240AB753; model-year semantics follow the user's explicit instruction that IndexYear is the DEI year,projects/empyrean-caster-430308-m2/assets/city; update_time=2024-10-08T06:01:06.845098Z; source/licence/reference-year unresolved; one static layer used for all years,projects/sat-io/open-datasets/npp-viirs-ntl band=b1,longntl_annual_native500m_positive_pixel_sum_v1,资阳,资阳市,156512000,unique_exact_or_prefix,H3C IndexYear paired to same LongNTL calendar year by user instruction
凉山彝族自治州,2022,38.1,30266.316847466,H3C live AllCityOneInfo API snapshot matched to workbook; workbook_sha256=6C7ABE1A06917FBF9BEEE26C7462ED00557EA038A5374DFC0EDA9BEB240AB753; model-year semantics follow the user's explicit instruction that IndexYear is the DEI year,projects/empyrean-caster-430308-m2/assets/city; update_time=2024-10-08T06:01:06.845098Z; source/licence/reference-year unresolved; one static layer used for all years,projects/sat-io/open-datasets/npp-viirs-ntl band=b1,longntl_annual_native500m_positive_pixel_sum_v1,凉山,凉山彝族自治州,156513400,unique_exact_or_prefix,H3C IndexYear paired to same LongNTL calendar year by user instruction
贵阳市,2022,69.4,70093.2398048434,H3C live AllCityOneInfo API snapshot matched to workbook; workbook_sha256=6C7ABE1A06917FBF9BEEE26C7462ED00557EA038A5374DFC0EDA9BEB240AB753; model-year semantics follow the user's explicit instruction that IndexYear is the DEI year,projects/empyrean-caster-430308-m2/assets/city; update_time=2024-10-08T06:01:06.845098Z; source/licence/reference-year unresolved; one static layer used for all years,projects/sat-io/open-datasets/npp-viirs-ntl band=b1,longntl_annual_native500m_positive_pixel_sum_v1,贵阳,贵阳市,156520100,unique_exact_or_prefix,H3C IndexYear paired to same LongNTL calendar year by user instruction
六盘水市,2022,38.8,16190.6247143086,H3C live AllCityOneInfo API snapshot matched to workbook; workbook_sha256=6C7ABE1A06917FBF9BEEE26C7462ED00557EA038A5374DFC0EDA9BEB240AB753; model-year semantics follow the user's explicit instruction that IndexYear is the DEI year,projects/empyrean-caster-430308-m2/assets/city; update_time=2024-10-08T06:01:06.845098Z; source/licence/reference-year unresolved; one static layer used for all years,projects/sat-io/open-datasets/npp-viirs-ntl band=b1,longntl_annual_native500m_positive_pixel_sum_v1,六盘水,六盘水市,156520200,unique_exact_or_prefix,H3C IndexYear paired to same LongNTL calendar year by user instruction
遵义市,2022,61.1,44910.3110236159,H3C live AllCityOneInfo API snapshot matched to workbook; workbook_sha256=6C7ABE1A06917FBF9BEEE26C7462ED00557EA038A5374DFC0EDA9BEB240AB753; model-year semantics follow the user's explicit instruction that IndexYear is the DEI year,projects/empyrean-caster-430308-m2/assets/city; update_time=2024-10-08T06:01:06.845098Z; source/licence/reference-year unresolved; one static layer used for all years,projects/sat-io/open-datasets/npp-viirs-ntl band=b1,longntl_annual_native500m_positive_pixel_sum_v1,遵义,遵义市,156520300,unique_exact_or_prefix,H3C IndexYear paired to same LongNTL calendar year by user instruction
毕节市,2022,41.1,24608.8205763462,H3C live AllCityOneInfo API snapshot matched to workbook; workbook_sha256=6C7ABE1A06917FBF9BEEE26C7462ED00557EA038A5374DFC0EDA9BEB240AB753; model-year semantics follow the user's explicit instruction that IndexYear is the DEI year,projects/empyrean-caster-430308-m2/assets/city; update_time=2024-10-08T06:01:06.845098Z; source/licence/reference-year unresolved; one static layer used for all years,projects/sat-io/open-datasets/npp-viirs-ntl band=b1,longntl_annual_native500m_positive_pixel_sum_v1,毕节,毕节市,156520500,unique_exact_or_prefix,H3C IndexYear paired to same LongNTL calendar year by user instruction
铜仁市,2022,39.3,20836.8995497905,H3C live AllCityOneInfo API snapshot matched to workbook; workbook_sha256=6C7ABE1A06917FBF9BEEE26C7462ED00557EA038A5374DFC0EDA9BEB240AB753; model-year semantics follow the user's explicit instruction that IndexYear is the DEI year,projects/empyrean-caster-430308-m2/assets/city; update_time=2024-10-08T06:01:06.845098Z; source/licence/reference-year unresolved; one static layer used for all years,projects/sat-io/open-datasets/npp-viirs-ntl band=b1,longntl_annual_native500m_positive_pixel_sum_v1,铜仁,铜仁市,156520600,unique_exact_or_prefix,H3C IndexYear paired to same LongNTL calendar year by user instruction
黔西南布依族苗族自治州,2022,39.4,14590.5819722021,H3C live AllCityOneInfo API snapshot matched to workbook; workbook_sha256=6C7ABE1A06917FBF9BEEE26C7462ED00557EA038A5374DFC0EDA9BEB240AB753; model-year semantics follow the user's explicit instruction that IndexYear is the DEI year,projects/empyrean-caster-430308-m2/assets/city; update_time=2024-10-08T06:01:06.845098Z; source/licence/reference-year unresolved; one static layer used for all years,projects/sat-io/open-datasets/npp-viirs-ntl band=b1,longntl_annual_native500m_positive_pixel_sum_v1,黔西南州,黔西南布依族苗族自治州,156522300,explicit_alias,H3C IndexYear paired to same LongNTL calendar year by user instruction
黔东南苗族侗族自治州,2022,38.1,23286.2061106074,H3C live AllCityOneInfo API snapshot matched to workbook; workbook_sha256=6C7ABE1A06917FBF9BEEE26C7462ED00557EA038A5374DFC0EDA9BEB240AB753; model-year semantics follow the user's explicit instruction that IndexYear is the DEI year,projects/empyrean-caster-430308-m2/assets/city; update_time=2024-10-08T06:01:06.845098Z; source/licence/reference-year unresolved; one static layer used for all years,projects/sat-io/open-datasets/npp-viirs-ntl band=b1,longntl_annual_native500m_positive_pixel_sum_v1,黔东南,黔东南苗族侗族自治州,156522600,unique_exact_or_prefix,H3C IndexYear paired to same LongNTL calendar year by user instruction
黔南布依族苗族自治州,2022,44.5,25401.6314317867,H3C live AllCityOneInfo API snapshot matched to workbook; workbook_sha256=6C7ABE1A06917FBF9BEEE26C7462ED00557EA038A5374DFC0EDA9BEB240AB753; model-year semantics follow the user's explicit instruction that IndexYear is the DEI year,projects/empyrean-caster-430308-m2/assets/city; update_time=2024-10-08T06:01:06.845098Z; source/licence/reference-year unresolved; one static layer used for all years,projects/sat-io/open-datasets/npp-viirs-ntl band=b1,longntl_annual_native500m_positive_pixel_sum_v1,黔南,黔南布依族苗族自治州,156522700,unique_exact_or_prefix,H3C IndexYear paired to same LongNTL calendar year by user instruction
昆明市,2022,69.7,131323.976791292,H3C live AllCityOneInfo API snapshot matched to workbook; workbook_sha256=6C7ABE1A06917FBF9BEEE26C7462ED00557EA038A5374DFC0EDA9BEB240AB753; model-year semantics follow the user's explicit instruction that IndexYear is the DEI year,projects/empyrean-caster-430308-m2/assets/city; update_time=2024-10-08T06:01:06.845098Z; source/licence/reference-year unresolved; one static layer used for all years,projects/sat-io/open-datasets/npp-viirs-ntl band=b1,longntl_annual_native500m_positive_pixel_sum_v1,昆明,昆明市,156530100,unique_exact_or_prefix,H3C IndexYear paired to same LongNTL calendar year by user instruction
曲靖市,2022,48.6,46867.5715977463,H3C live AllCityOneInfo API snapshot matched to workbook; workbook_sha256=6C7ABE1A06917FBF9BEEE26C7462ED00557EA038A5374DFC0EDA9BEB240AB753; model-year semantics follow the user's explicit instruction that IndexYear is the DEI year,projects/empyrean-caster-430308-m2/assets/city; update_time=2024-10-08T06:01:06.845098Z; source/licence/reference-year unresolved; one static layer used for all years,projects/sat-io/open-datasets/npp-viirs-ntl band=b1,longntl_annual_native500m_positive_pixel_sum_v1,曲靖,曲靖市,156530300,unique_exact_or_prefix,H3C IndexYear paired to same LongNTL calendar year by user instruction
玉溪市,2022,52.8,22122.7508513268,H3C live AllCityOneInfo API snapshot matched to workbook; workbook_sha256=6C7ABE1A06917FBF9BEEE26C7462ED00557EA038A5374DFC0EDA9BEB240AB753; model-year semantics follow the user's explicit instruction that IndexYear is the DEI year,projects/empyrean-caster-430308-m2/assets/city; update_time=2024-10-08T06:01:06.845098Z; source/licence/reference-year unresolved; one static layer used for all years,projects/sat-io/open-datasets/npp-viirs-ntl band=b1,longntl_annual_native500m_positive_pixel_sum_v1,玉溪,玉溪市,156530400,unique_exact_or_prefix,H3C IndexYear paired to same LongNTL calendar year by user instruction
昭通市,2022,35.9,25952.1771519091,H3C live AllCityOneInfo API snapshot matched to workbook; workbook_sha256=6C7ABE1A06917FBF9BEEE26C7462ED00557EA038A5374DFC0EDA9BEB240AB753; model-year semantics follow the user's explicit instruction that IndexYear is the DEI year,projects/empyrean-caster-430308-m2/assets/city; update_time=2024-10-08T06:01:06.845098Z; source/licence/reference-year unresolved; one static layer used for all years,projects/sat-io/open-datasets/npp-viirs-ntl band=b1,longntl_annual_native500m_positive_pixel_sum_v1,昭通,昭通市,156530600,unique_exact_or_prefix,H3C IndexYear paired to same LongNTL calendar year by user instruction
楚雄彝族自治州,2022,37.3,19737.269251527,H3C live AllCityOneInfo API snapshot matched to workbook; workbook_sha256=6C7ABE1A06917FBF9BEEE26C7462ED00557EA038A5374DFC0EDA9BEB240AB753; model-year semantics follow the user's explicit instruction that IndexYear is the DEI year,projects/empyrean-caster-430308-m2/assets/city; update_time=2024-10-08T06:01:06.845098Z; source/licence/reference-year unresolved; one static layer used for all years,projects/sat-io/open-datasets/npp-viirs-ntl band=b1,longntl_annual_native500m_positive_pixel_sum_v1,楚雄,楚雄彝族自治州,156532300,unique_exact_or_prefix,H3C IndexYear paired to same LongNTL calendar year by user instruction
红河哈尼族彝族自治州,2022,47,35507.2326612449,H3C live AllCityOneInfo API snapshot matched to workbook; workbook_sha256=6C7ABE1A06917FBF9BEEE26C7462ED00557EA038A5374DFC0EDA9BEB240AB753; model-year semantics follow the user's explicit instruction that IndexYear is the DEI year,projects/empyrean-caster-430308-m2/assets/city; update_time=2024-10-08T06:01:06.845098Z; source/licence/reference-year unresolved; one static layer used for all years,projects/sat-io/open-datasets/npp-viirs-ntl band=b1,longntl_annual_native500m_positive_pixel_sum_v1,红河,红河哈尼族彝族自治州,156532500,unique_exact_or_prefix,H3C IndexYear paired to same LongNTL calendar year by user instruction
大理白族自治州,2022,40.3,27876.1444855073,H3C live AllCityOneInfo API snapshot matched to workbook; workbook_sha256=6C7ABE1A06917FBF9BEEE26C7462ED00557EA038A5374DFC0EDA9BEB240AB753; model-year semantics follow the user's explicit instruction that IndexYear is the DEI year,projects/empyrean-caster-430308-m2/assets/city; update_time=2024-10-08T06:01:06.845098Z; source/licence/reference-year unresolved; one static layer used for all years,projects/sat-io/open-datasets/npp-viirs-ntl band=b1,longntl_annual_native500m_positive_pixel_sum_v1,大理,大理白族自治州,156532900,unique_exact_or_prefix,H3C IndexYear paired to same LongNTL calendar year by user instruction
拉萨市,2022,54.6,29057.3278868367,H3C live AllCityOneInfo API snapshot matched to workbook; workbook_sha256=6C7ABE1A06917FBF9BEEE26C7462ED00557EA038A5374DFC0EDA9BEB240AB753; model-year semantics follow the user's explicit instruction that IndexYear is the DEI year,projects/empyrean-caster-430308-m2/assets/city; update_time=2024-10-08T06:01:06.845098Z; source/licence/reference-year unresolved; one static layer used for all years,projects/sat-io/open-datasets/npp-viirs-ntl band=b1,longntl_annual_native500m_positive_pixel_sum_v1,拉萨,拉萨市,156540100,unique_exact_or_prefix,H3C IndexYear paired to same LongNTL calendar year by user instruction
西安市,2022,71.5,226696.960379186,H3C live AllCityOneInfo API snapshot matched to workbook; workbook_sha256=6C7ABE1A06917FBF9BEEE26C7462ED00557EA038A5374DFC0EDA9BEB240AB753; model-year semantics follow the user's explicit instruction that IndexYear is the DEI year,projects/empyrean-caster-430308-m2/assets/city; update_time=2024-10-08T06:01:06.845098Z; source/licence/reference-year unresolved; one static layer used for all years,projects/sat-io/open-datasets/npp-viirs-ntl band=b1,longntl_annual_native500m_positive_pixel_sum_v1,西安,西安市,156610100,unique_exact_or_prefix,H3C IndexYear paired to same LongNTL calendar year by user instruction
宝鸡市,2022,52.9,34095.0087774202,H3C live AllCityOneInfo API snapshot matched to workbook; workbook_sha256=6C7ABE1A06917FBF9BEEE26C7462ED00557EA038A5374DFC0EDA9BEB240AB753; model-year semantics follow the user's explicit instruction that IndexYear is the DEI year,projects/empyrean-caster-430308-m2/assets/city; update_time=2024-10-08T06:01:06.845098Z; source/licence/reference-year unresolved; one static layer used for all years,projects/sat-io/open-datasets/npp-viirs-ntl band=b1,longntl_annual_native500m_positive_pixel_sum_v1,宝鸡,宝鸡市,156610300,unique_exact_or_prefix,H3C IndexYear paired to same LongNTL calendar year by user instruction
咸阳市,2022,65.3,92322.4930815754,H3C live AllCityOneInfo API snapshot matched to workbook; workbook_sha256=6C7ABE1A06917FBF9BEEE26C7462ED00557EA038A5374DFC0EDA9BEB240AB753; model-year semantics follow the user's explicit instruction that IndexYear is the DEI year,projects/empyrean-caster-430308-m2/assets/city; update_time=2024-10-08T06:01:06.845098Z; source/licence/reference-year unresolved; one static layer used for all years,projects/sat-io/open-datasets/npp-viirs-ntl band=b1,longntl_annual_native500m_positive_pixel_sum_v1,咸阳,咸阳市,156610400,unique_exact_or_prefix,H3C IndexYear paired to same LongNTL calendar year by user instruction
渭南市,2022,40.7,43092.5673252802,H3C live AllCityOneInfo API snapshot matched to workbook; workbook_sha256=6C7ABE1A06917FBF9BEEE26C7462ED00557EA038A5374DFC0EDA9BEB240AB753; model-year semantics follow the user's explicit instruction that IndexYear is the DEI year,projects/empyrean-caster-430308-m2/assets/city; update_time=2024-10-08T06:01:06.845098Z; source/licence/reference-year unresolved; one static layer used for all years,projects/sat-io/open-datasets/npp-viirs-ntl band=b1,longntl_annual_native500m_positive_pixel_sum_v1,渭南,渭南市,156610500,unique_exact_or_prefix,H3C IndexYear paired to same LongNTL calendar year by user instruction
延安市,2022,46.1,45864.8518854099,H3C live AllCityOneInfo API snapshot matched to workbook; workbook_sha256=6C7ABE1A06917FBF9BEEE26C7462ED00557EA038A5374DFC0EDA9BEB240AB753; model-year semantics follow the user's explicit instruction that IndexYear is the DEI year,projects/empyrean-caster-430308-m2/assets/city; update_time=2024-10-08T06:01:06.845098Z; source/licence/reference-year unresolved; one static layer used for all years,projects/sat-io/open-datasets/npp-viirs-ntl band=b1,longntl_annual_native500m_positive_pixel_sum_v1,延安,延安市,156610600,unique_exact_or_prefix,H3C IndexYear paired to same LongNTL calendar year by user instruction
汉中市,2022,46.8,30722.51622799,H3C live AllCityOneInfo API snapshot matched to workbook; workbook_sha256=6C7ABE1A06917FBF9BEEE26C7462ED00557EA038A5374DFC0EDA9BEB240AB753; model-year semantics follow the user's explicit instruction that IndexYear is the DEI year,projects/empyrean-caster-430308-m2/assets/city; update_time=2024-10-08T06:01:06.845098Z; source/licence/reference-year unresolved; one static layer used for all years,projects/sat-io/open-datasets/npp-viirs-ntl band=b1,longntl_annual_native500m_positive_pixel_sum_v1,汉中,汉中市,156610700,unique_exact_or_prefix,H3C IndexYear paired to same LongNTL calendar year by user instruction
榆林市,2022,60.4,136251.884017109,H3C live AllCityOneInfo API snapshot matched to workbook; workbook_sha256=6C7ABE1A06917FBF9BEEE26C7462ED00557EA038A5374DFC0EDA9BEB240AB753; model-year semantics follow the user's explicit instruction that IndexYear is the DEI year,projects/empyrean-caster-430308-m2/assets/city; update_time=2024-10-08T06:01:06.845098Z; source/licence/reference-year unresolved; one static layer used for all years,projects/sat-io/open-datasets/npp-viirs-ntl band=b1,longntl_annual_native500m_positive_pixel_sum_v1,榆林,榆林市,156610800,unique_exact_or_prefix,H3C IndexYear paired to same LongNTL calendar year by user instruction
安康市,2022,38.3,15499.1758948181,H3C live AllCityOneInfo API snapshot matched to workbook; workbook_sha256=6C7ABE1A06917FBF9BEEE26C7462ED00557EA038A5374DFC0EDA9BEB240AB753; model-year semantics follow the user's explicit instruction that IndexYear is the DEI year,projects/empyrean-caster-430308-m2/assets/city; update_time=2024-10-08T06:01:06.845098Z; source/licence/reference-year unresolved; one static layer used for all years,projects/sat-io/open-datasets/npp-viirs-ntl band=b1,longntl_annual_native500m_positive_pixel_sum_v1,安康,安康市,156610900,unique_exact_or_prefix,H3C IndexYear paired to same LongNTL calendar year by user instruction
兰州市,2022,67.2,63186.8845678199,H3C live AllCityOneInfo API snapshot matched to workbook; workbook_sha256=6C7ABE1A06917FBF9BEEE26C7462ED00557EA038A5374DFC0EDA9BEB240AB753; model-year semantics follow the user's explicit instruction that IndexYear is the DEI year,projects/empyrean-caster-430308-m2/assets/city; update_time=2024-10-08T06:01:06.845098Z; source/licence/reference-year unresolved; one static layer used for all years,projects/sat-io/open-datasets/npp-viirs-ntl band=b1,longntl_annual_native500m_positive_pixel_sum_v1,兰州,兰州市,156620100,unique_exact_or_prefix,H3C IndexYear paired to same LongNTL calendar year by user instruction
金昌市,2022,37.5,13907.1694235208,H3C live AllCityOneInfo API snapshot matched to workbook; workbook_sha256=6C7ABE1A06917FBF9BEEE26C7462ED00557EA038A5374DFC0EDA9BEB240AB753; model-year semantics follow the user's explicit instruction that IndexYear is the DEI year,projects/empyrean-caster-430308-m2/assets/city; update_time=2024-10-08T06:01:06.845098Z; source/licence/reference-year unresolved; one static layer used for all years,projects/sat-io/open-datasets/npp-viirs-ntl band=b1,longntl_annual_native500m_positive_pixel_sum_v1,金昌,金昌市,156620300,unique_exact_or_prefix,H3C IndexYear paired to same LongNTL calendar year by user instruction
天水市,2022,42.2,17302.2951466023,H3C live AllCityOneInfo API snapshot matched to workbook; workbook_sha256=6C7ABE1A06917FBF9BEEE26C7462ED00557EA038A5374DFC0EDA9BEB240AB753; model-year semantics follow the user's explicit instruction that IndexYear is the DEI year,projects/empyrean-caster-430308-m2/assets/city; update_time=2024-10-08T06:01:06.845098Z; source/licence/reference-year unresolved; one static layer used for all years,projects/sat-io/open-datasets/npp-viirs-ntl band=b1,longntl_annual_native500m_positive_pixel_sum_v1,天水,天水市,156620500,unique_exact_or_prefix,H3C IndexYear paired to same LongNTL calendar year by user instruction
酒泉市,2022,43.2,29987.0246912017,H3C live AllCityOneInfo API snapshot matched to workbook; workbook_sha256=6C7ABE1A06917FBF9BEEE26C7462ED00557EA038A5374DFC0EDA9BEB240AB753; model-year semantics follow the user's explicit instruction that IndexYear is the DEI year,projects/empyrean-caster-430308-m2/assets/city; update_time=2024-10-08T06:01:06.845098Z; source/licence/reference-year unresolved; one static layer used for all years,projects/sat-io/open-datasets/npp-viirs-ntl band=b1,longntl_annual_native500m_positive_pixel_sum_v1,酒泉,酒泉市,156620900,unique_exact_or_prefix,H3C IndexYear paired to same LongNTL calendar year by user instruction
甘南藏族自治州,2022,35.7,5276.44159685911,H3C live AllCityOneInfo API snapshot matched to workbook; workbook_sha256=6C7ABE1A06917FBF9BEEE26C7462ED00557EA038A5374DFC0EDA9BEB240AB753; model-year semantics follow the user's explicit instruction that IndexYear is the DEI year,projects/empyrean-caster-430308-m2/assets/city; update_time=2024-10-08T06:01:06.845098Z; source/licence/reference-year unresolved; one static layer used for all years,projects/sat-io/open-datasets/npp-viirs-ntl band=b1,longntl_annual_native500m_positive_pixel_sum_v1,甘南,甘南藏族自治州,156623000,unique_exact_or_prefix,H3C IndexYear paired to same LongNTL calendar year by user instruction
西宁市,2022,59.6,39318.3368963316,H3C live AllCityOneInfo API snapshot matched to workbook; workbook_sha256=6C7ABE1A06917FBF9BEEE26C7462ED00557EA038A5374DFC0EDA9BEB240AB753; model-year semantics follow the user's explicit instruction that IndexYear is the DEI year,projects/empyrean-caster-430308-m2/assets/city; update_time=2024-10-08T06:01:06.845098Z; source/licence/reference-year unresolved; one static layer used for all years,projects/sat-io/open-datasets/npp-viirs-ntl band=b1,longntl_annual_native500m_positive_pixel_sum_v1,西宁,西宁市,156630100,unique_exact_or_prefix,H3C IndexYear paired to same LongNTL calendar year by user instruction
海东市,2022,36.7,27246.894432038,H3C live AllCityOneInfo API snapshot matched to workbook; workbook_sha256=6C7ABE1A06917FBF9BEEE26C7462ED00557EA038A5374DFC0EDA9BEB240AB753; model-year semantics follow the user's explicit instruction that IndexYear is the DEI year,projects/empyrean-caster-430308-m2/assets/city; update_time=2024-10-08T06:01:06.845098Z; source/licence/reference-year unresolved; one static layer used for all years,projects/sat-io/open-datasets/npp-viirs-ntl band=b1,longntl_annual_native500m_positive_pixel_sum_v1,海东,海东市,156630200,unique_exact_or_prefix,H3C IndexYear paired to same LongNTL calendar year by user instruction
海西蒙古族藏族自治州,2022,36.9,25141.8620065194,H3C live AllCityOneInfo API snapshot matched to workbook; workbook_sha256=6C7ABE1A06917FBF9BEEE26C7462ED00557EA038A5374DFC0EDA9BEB240AB753; model-year semantics follow the user's explicit instruction that IndexYear is the DEI year,projects/empyrean-caster-430308-m2/assets/city; update_time=2024-10-08T06:01:06.845098Z; source/licence/reference-year unresolved; one static layer used for all years,projects/sat-io/open-datasets/npp-viirs-ntl band=b1,longntl_annual_native500m_positive_pixel_sum_v1,海西,海西蒙古族藏族自治州,156632800,unique_exact_or_prefix,H3C IndexYear paired to same LongNTL calendar year by user instruction
银川市,2022,62.1,103903.036363424,H3C live AllCityOneInfo API snapshot matched to workbook; workbook_sha256=6C7ABE1A06917FBF9BEEE26C7462ED00557EA038A5374DFC0EDA9BEB240AB753; model-year semantics follow the user's explicit instruction that IndexYear is the DEI year,projects/empyrean-caster-430308-m2/assets/city; update_time=2024-10-08T06:01:06.845098Z; source/licence/reference-year unresolved; one static layer used for all years,projects/sat-io/open-datasets/npp-viirs-ntl band=b1,longntl_annual_native500m_positive_pixel_sum_v1,银川,银川市,156640100,unique_exact_or_prefix,H3C IndexYear paired to same LongNTL calendar year by user instruction
石嘴山市,2022,40.2,20750.4891657306,H3C live AllCityOneInfo API snapshot matched to workbook; workbook_sha256=6C7ABE1A06917FBF9BEEE26C7462ED00557EA038A5374DFC0EDA9BEB240AB753; model-year semantics follow the user's explicit instruction that IndexYear is the DEI year,projects/empyrean-caster-430308-m2/assets/city; update_time=2024-10-08T06:01:06.845098Z; source/licence/reference-year unresolved; one static layer used for all years,projects/sat-io/open-datasets/npp-viirs-ntl band=b1,longntl_annual_native500m_positive_pixel_sum_v1,石嘴山,石嘴山市,156640200,unique_exact_or_prefix,H3C IndexYear paired to same LongNTL calendar year by user instruction
乌鲁木齐市,2022,67.4,127722.232219362,H3C live AllCityOneInfo API snapshot matched to workbook; workbook_sha256=6C7ABE1A06917FBF9BEEE26C7462ED00557EA038A5374DFC0EDA9BEB240AB753; model-year semantics follow the user's explicit instruction that IndexYear is the DEI year,projects/empyrean-caster-430308-m2/assets/city; update_time=2024-10-08T06:01:06.845098Z; source/licence/reference-year unresolved; one static layer used for all years,projects/sat-io/open-datasets/npp-viirs-ntl band=b1,longntl_annual_native500m_positive_pixel_sum_v1,乌鲁木齐,乌鲁木齐市,156650100,unique_exact_or_prefix,H3C IndexYear paired to same LongNTL calendar year by user instruction
克拉玛依市,2022,45.5,45027.2798965707,H3C live AllCityOneInfo API snapshot matched to workbook; workbook_sha256=6C7ABE1A06917FBF9BEEE26C7462ED00557EA038A5374DFC0EDA9BEB240AB753; model-year semantics follow the user's explicit instruction that IndexYear is the DEI year,projects/empyrean-caster-430308-m2/assets/city; update_time=2024-10-08T06:01:06.845098Z; source/licence/reference-year unresolved; one static layer used for all years,projects/sat-io/open-datasets/npp-viirs-ntl band=b1,longntl_annual_native500m_positive_pixel_sum_v1,克拉玛依,克拉玛依市,156650200,unique_exact_or_prefix,H3C IndexYear paired to same LongNTL calendar year by user instruction
昌吉回族自治州,2022,45.4,66213.6769916095,H3C live AllCityOneInfo API snapshot matched to workbook; workbook_sha256=6C7ABE1A06917FBF9BEEE26C7462ED00557EA038A5374DFC0EDA9BEB240AB753; model-year semantics follow the user's explicit instruction that IndexYear is the DEI year,projects/empyrean-caster-430308-m2/assets/city; update_time=2024-10-08T06:01:06.845098Z; source/licence/reference-year unresolved; one static layer used for all years,projects/sat-io/open-datasets/npp-viirs-ntl band=b1,longntl_annual_native500m_positive_pixel_sum_v1,昌吉,昌吉回族自治州,156652300,unique_exact_or_prefix,H3C IndexYear paired to same LongNTL calendar year by user instruction
巴音郭楞蒙古自治州,2022,38.2,60260.032983059,H3C live AllCityOneInfo API snapshot matched to workbook; workbook_sha256=6C7ABE1A06917FBF9BEEE26C7462ED00557EA038A5374DFC0EDA9BEB240AB753; model-year semantics follow the user's explicit instruction that IndexYear is the DEI year,projects/empyrean-caster-430308-m2/assets/city; update_time=2024-10-08T06:01:06.845098Z; source/licence/reference-year unresolved; one static layer used for all years,projects/sat-io/open-datasets/npp-viirs-ntl band=b1,longntl_annual_native500m_positive_pixel_sum_v1,巴音郭楞,巴音郭楞蒙古自治州,156652800,unique_exact_or_prefix,H3C IndexYear paired to same LongNTL calendar year by user instruction
阿克苏地区,2022,40,111940.335936649,H3C live AllCityOneInfo API snapshot matched to workbook; workbook_sha256=6C7ABE1A06917FBF9BEEE26C7462ED00557EA038A5374DFC0EDA9BEB240AB753; model-year semantics follow the user's explicit instruction that IndexYear is the DEI year,projects/empyrean-caster-430308-m2/assets/city; update_time=2024-10-08T06:01:06.845098Z; source/licence/reference-year unresolved; one static layer used for all years,projects/sat-io/open-datasets/npp-viirs-ntl band=b1,longntl_annual_native500m_positive_pixel_sum_v1,阿克苏,阿克苏地区,156652900,unique_exact_or_prefix,H3C IndexYear paired to same LongNTL calendar year by user instruction
喀什地区,2022,38.5,46619.2083201647,H3C live AllCityOneInfo API snapshot matched to workbook; workbook_sha256=6C7ABE1A06917FBF9BEEE26C7462ED00557EA038A5374DFC0EDA9BEB240AB753; model-year semantics follow the user's explicit instruction that IndexYear is the DEI year,projects/empyrean-caster-430308-m2/assets/city; update_time=2024-10-08T06:01:06.845098Z; source/licence/reference-year unresolved; one static layer used for all years,projects/sat-io/open-datasets/npp-viirs-ntl band=b1,longntl_annual_native500m_positive_pixel_sum_v1,喀什,喀什地区,156653100,unique_exact_or_prefix,H3C IndexYear paired to same LongNTL calendar year by user instruction
伊犁哈萨克自治州,2022,51.3,50600.8469176045,H3C live AllCityOneInfo API snapshot matched to workbook; workbook_sha256=6C7ABE1A06917FBF9BEEE26C7462ED00557EA038A5374DFC0EDA9BEB240AB753; model-year semantics follow the user's explicit instruction that IndexYear is the DEI year,projects/empyrean-caster-430308-m2/assets/city; update_time=2024-10-08T06:01:06.845098Z; source/licence/reference-year unresolved; one static layer used for all years,projects/sat-io/open-datasets/npp-viirs-ntl band=b1,longntl_annual_native500m_positive_pixel_sum_v1,伊犁,伊犁哈萨克自治州,156654000,unique_exact_or_prefix,H3C IndexYear paired to same LongNTL calendar year by user instruction
北京市,2023,92.4,501101.449823083,H3C live AllCityOneInfo API snapshot matched to workbook; workbook_sha256=6C7ABE1A06917FBF9BEEE26C7462ED00557EA038A5374DFC0EDA9BEB240AB753; model-year semantics follow the user's explicit instruction that IndexYear is the DEI year,projects/empyrean-caster-430308-m2/assets/city; update_time=2024-10-08T06:01:06.845098Z; source/licence/reference-year unresolved; one static layer used for all years,projects/sat-io/open-datasets/npp-viirs-ntl band=b1,longntl_annual_native500m_positive_pixel_sum_v1,北京,北京市,156110000,unique_exact_or_prefix,H3C IndexYear paired to same LongNTL calendar year by user instruction
天津市,2023,76.9,409507.635330761,H3C live AllCityOneInfo API snapshot matched to workbook; workbook_sha256=6C7ABE1A06917FBF9BEEE26C7462ED00557EA038A5374DFC0EDA9BEB240AB753; model-year semantics follow the user's explicit instruction that IndexYear is the DEI year,projects/empyrean-caster-430308-m2/assets/city; update_time=2024-10-08T06:01:06.845098Z; source/licence/reference-year unresolved; one static layer used for all years,projects/sat-io/open-datasets/npp-viirs-ntl band=b1,longntl_annual_native500m_positive_pixel_sum_v1,天津,天津市,156120000,unique_exact_or_prefix,H3C IndexYear paired to same LongNTL calendar year by user instruction
石家庄市,2023,67.1,163769.449025444,H3C live AllCityOneInfo API snapshot matched to workbook; workbook_sha256=6C7ABE1A06917FBF9BEEE26C7462ED00557EA038A5374DFC0EDA9BEB240AB753; model-year semantics follow the user's explicit instruction that IndexYear is the DEI year,projects/empyrean-caster-430308-m2/assets/city; update_time=2024-10-08T06:01:06.845098Z; source/licence/reference-year unresolved; one static layer used for all years,projects/sat-io/open-datasets/npp-viirs-ntl band=b1,longntl_annual_native500m_positive_pixel_sum_v1,石家庄,石家庄市,156130100,unique_exact_or_prefix,H3C IndexYear paired to same LongNTL calendar year by user instruction
唐山市,2023,63.4,180756.684035463,H3C live AllCityOneInfo API snapshot matched to workbook; workbook_sha256=6C7ABE1A06917FBF9BEEE26C7462ED00557EA038A5374DFC0EDA9BEB240AB753; model-year semantics follow the user's explicit instruction that IndexYear is the DEI year,projects/empyrean-caster-430308-m2/assets/city; update_time=2024-10-08T06:01:06.845098Z; source/licence/reference-year unresolved; one static layer used for all years,projects/sat-io/open-datasets/npp-viirs-ntl band=b1,longntl_annual_native500m_positive_pixel_sum_v1,唐山,唐山市,156130200,unique_exact_or_prefix,H3C IndexYear paired to same LongNTL calendar year by user instruction
秦皇岛市,2023,56.8,51099.8231236752,H3C live AllCityOneInfo API snapshot matched to workbook; workbook_sha256=6C7ABE1A06917FBF9BEEE26C7462ED00557EA038A5374DFC0EDA9BEB240AB753; model-year semantics follow the user's explicit instruction that IndexYear is the DEI year,projects/empyrean-caster-430308-m2/assets/city; update_time=2024-10-08T06:01:06.845098Z; source/licence/reference-year unresolved; one static layer used for all years,projects/sat-io/open-datasets/npp-viirs-ntl band=b1,longntl_annual_native500m_positive_pixel_sum_v1,秦皇岛,秦皇岛市,156130300,unique_exact_or_prefix,H3C IndexYear paired to same LongNTL calendar year by user instruction
邯郸市,2023,61.1,95164.4938791719,H3C live AllCityOneInfo API snapshot matched to workbook; workbook_sha256=6C7ABE1A06917FBF9BEEE26C7462ED00557EA038A5374DFC0EDA9BEB240AB753; model-year semantics follow the user's explicit instruction that IndexYear is the DEI year,projects/empyrean-caster-430308-m2/assets/city; update_time=2024-10-08T06:01:06.845098Z; source/licence/reference-year unresolved; one static layer used for all years,projects/sat-io/open-datasets/npp-viirs-ntl band=b1,longntl_annual_native500m_positive_pixel_sum_v1,邯郸,邯郸市,156130400,unique_exact_or_prefix,H3C IndexYear paired to same LongNTL calendar year by user instruction
邢台市,2023,54.3,84100.3328192926,H3C live AllCityOneInfo API snapshot matched to workbook; workbook_sha256=6C7ABE1A06917FBF9BEEE26C7462ED00557EA038A5374DFC0EDA9BEB240AB753; model-year semantics follow the user's explicit instruction that IndexYear is the DEI year,projects/empyrean-caster-430308-m2/assets/city; update_time=2024-10-08T06:01:06.845098Z; source/licence/reference-year unresolved; one static layer used for all years,projects/sat-io/open-datasets/npp-viirs-ntl band=b1,longntl_annual_native500m_positive_pixel_sum_v1,邢台,邢台市,156130500,unique_exact_or_prefix,H3C IndexYear paired to same LongNTL calendar year by user instruction
保定市,2023,54.4,187723.999362421,H3C live AllCityOneInfo API snapshot matched to workbook; workbook_sha256=6C7ABE1A06917FBF9BEEE26C7462ED00557EA038A5374DFC0EDA9BEB240AB753; model-year semantics follow the user's explicit instruction that IndexYear is the DEI year,projects/empyrean-caster-430308-m2/assets/city; update_time=2024-10-08T06:01:06.845098Z; source/licence/reference-year unresolved; one static layer used for all years,projects/sat-io/open-datasets/npp-viirs-ntl band=b1,longntl_annual_native500m_positive_pixel_sum_v1,保定,保定市,156130600,unique_exact_or_prefix,H3C IndexYear paired to same LongNTL calendar year by user instruction
张家口市,2023,54.2,59970.2954863815,H3C live AllCityOneInfo API snapshot matched to workbook; workbook_sha256=6C7ABE1A06917FBF9BEEE26C7462ED00557EA038A5374DFC0EDA9BEB240AB753; model-year semantics follow the user's explicit instruction that IndexYear is the DEI year,projects/empyrean-caster-430308-m2/assets/city; update_time=2024-10-08T06:01:06.845098Z; source/licence/reference-year unresolved; one static layer used for all years,projects/sat-io/open-datasets/npp-viirs-ntl band=b1,longntl_annual_native500m_positive_pixel_sum_v1,张家口,张家口市,156130700,unique_exact_or_prefix,H3C IndexYear paired to same LongNTL calendar year by user instruction
承德市,2023,49.4,43630.6845564482,H3C live AllCityOneInfo API snapshot matched to workbook; workbook_sha256=6C7ABE1A06917FBF9BEEE26C7462ED00557EA038A5374DFC0EDA9BEB240AB753; model-year semantics follow the user's explicit instruction that IndexYear is the DEI year,projects/empyrean-caster-430308-m2/assets/city; update_time=2024-10-08T06:01:06.845098Z; source/licence/reference-year unresolved; one static layer used for all years,projects/sat-io/open-datasets/npp-viirs-ntl band=b1,longntl_annual_native500m_positive_pixel_sum_v1,承德,承德市,156130800,unique_exact_or_prefix,H3C IndexYear paired to same LongNTL calendar year by user instruction
沧州市,2023,63.4,120307.225380393,H3C live AllCityOneInfo API snapshot matched to workbook; workbook_sha256=6C7ABE1A06917FBF9BEEE26C7462ED00557EA038A5374DFC0EDA9BEB240AB753; model-year semantics follow the user's explicit instruction that IndexYear is the DEI year,projects/empyrean-caster-430308-m2/assets/city; update_time=2024-10-08T06:01:06.845098Z; source/licence/reference-year unresolved; one static layer used for all years,projects/sat-io/open-datasets/npp-viirs-ntl band=b1,longntl_annual_native500m_positive_pixel_sum_v1,沧州,沧州市,156130900,unique_exact_or_prefix,H3C IndexYear paired to same LongNTL calendar year by user instruction
廊坊市,2023,62.5,130368.569800363,H3C live AllCityOneInfo API snapshot matched to workbook; workbook_sha256=6C7ABE1A06917FBF9BEEE26C7462ED00557EA038A5374DFC0EDA9BEB240AB753; model-year semantics follow the user's explicit instruction that IndexYear is the DEI year,projects/empyrean-caster-430308-m2/assets/city; update_time=2024-10-08T06:01:06.845098Z; source/licence/reference-year unresolved; one static layer used for all years,projects/sat-io/open-datasets/npp-viirs-ntl band=b1,longntl_annual_native500m_positive_pixel_sum_v1,廊坊,廊坊市,156131000,unique_exact_or_prefix,H3C IndexYear paired to same LongNTL calendar year by user instruction
衡水市,2023,54.3,36594.2316351685,H3C live AllCityOneInfo API snapshot matched to workbook; workbook_sha256=6C7ABE1A06917FBF9BEEE26C7462ED00557EA038A5374DFC0EDA9BEB240AB753; model-year semantics follow the user's explicit instruction that IndexYear is the DEI year,projects/empyrean-caster-430308-m2/assets/city; update_time=2024-10-08T06:01:06.845098Z; source/licence/reference-year unresolved; one static layer used for all years,projects/sat-io/open-datasets/npp-viirs-ntl band=b1,longntl_annual_native500m_positive_pixel_sum_v1,衡水,衡水市,156131100,unique_exact_or_prefix,H3C IndexYear paired to same LongNTL calendar year by user instruction
太原市,2023,67.6,167212.005850689,H3C live AllCityOneInfo API snapshot matched to workbook; workbook_sha256=6C7ABE1A06917FBF9BEEE26C7462ED00557EA038A5374DFC0EDA9BEB240AB753; model-year semantics follow the user's explicit instruction that IndexYear is the DEI year,projects/empyrean-caster-430308-m2/assets/city; update_time=2024-10-08T06:01:06.845098Z; source/licence/reference-year unresolved; one static layer used for all years,projects/sat-io/open-datasets/npp-viirs-ntl band=b1,longntl_annual_native500m_positive_pixel_sum_v1,太原,太原市,156140100,unique_exact_or_prefix,H3C IndexYear paired to same LongNTL calendar year by user instruction
大同市,2023,44.5,77257.0207402295,H3C live AllCityOneInfo API snapshot matched to workbook; workbook_sha256=6C7ABE1A06917FBF9BEEE26C7462ED00557EA038A5374DFC0EDA9BEB240AB753; model-year semantics follow the user's explicit instruction that IndexYear is the DEI year,projects/empyrean-caster-430308-m2/assets/city; update_time=2024-10-08T06:01:06.845098Z; source/licence/reference-year unresolved; one static layer used for all years,projects/sat-io/open-datasets/npp-viirs-ntl band=b1,longntl_annual_native500m_positive_pixel_sum_v1,大同,大同市,156140200,unique_exact_or_prefix,H3C IndexYear paired to same LongNTL calendar year by user instruction
长治市,2023,43.8,72352.1157647979,H3C live AllCityOneInfo API snapshot matched to workbook; workbook_sha256=6C7ABE1A06917FBF9BEEE26C7462ED00557EA038A5374DFC0EDA9BEB240AB753; model-year semantics follow the user's explicit instruction that IndexYear is the DEI year,projects/empyrean-caster-430308-m2/assets/city; update_time=2024-10-08T06:01:06.845098Z; source/licence/reference-year unresolved; one static layer used for all years,projects/sat-io/open-datasets/npp-viirs-ntl band=b1,longntl_annual_native500m_positive_pixel_sum_v1,长治,长治市,156140400,unique_exact_or_prefix,H3C IndexYear paired to same LongNTL calendar year by user instruction
晋城市,2023,46,42600.7466907057,H3C live AllCityOneInfo API snapshot matched to workbook; workbook_sha256=6C7ABE1A06917FBF9BEEE26C7462ED00557EA038A5374DFC0EDA9BEB240AB753; model-year semantics follow the user's explicit instruction that IndexYear is the DEI year,projects/empyrean-caster-430308-m2/assets/city; update_time=2024-10-08T06:01:06.845098Z; source/licence/reference-year unresolved; one static layer used for all years,projects/sat-io/open-datasets/npp-viirs-ntl band=b1,longntl_annual_native500m_positive_pixel_sum_v1,晋城,晋城市,156140500,unique_exact_or_prefix,H3C IndexYear paired to same LongNTL calendar year by user instruction
朔州市,2023,40.4,51218.3927050614,H3C live AllCityOneInfo API snapshot matched to workbook; workbook_sha256=6C7ABE1A06917FBF9BEEE26C7462ED00557EA038A5374DFC0EDA9BEB240AB753; model-year semantics follow the user's explicit instruction that IndexYear is the DEI year,projects/empyrean-caster-430308-m2/assets/city; update_time=2024-10-08T06:01:06.845098Z; source/licence/reference-year unresolved; one static layer used for all years,projects/sat-io/open-datasets/npp-viirs-ntl band=b1,longntl_annual_native500m_positive_pixel_sum_v1,朔州,朔州市,156140600,unique_exact_or_prefix,H3C IndexYear paired to same LongNTL calendar year by user instruction
晋中市,2023,45.1,75519.9989267204,H3C live AllCityOneInfo API snapshot matched to workbook; workbook_sha256=6C7ABE1A06917FBF9BEEE26C7462ED00557EA038A5374DFC0EDA9BEB240AB753; model-year semantics follow the user's explicit instruction that IndexYear is the DEI year,projects/empyrean-caster-430308-m2/assets/city; update_time=2024-10-08T06:01:06.845098Z; source/licence/reference-year unresolved; one static layer used for all years,projects/sat-io/open-datasets/npp-viirs-ntl band=b1,longntl_annual_native500m_positive_pixel_sum_v1,晋中,晋中市,156140700,unique_exact_or_prefix,H3C IndexYear paired to same LongNTL calendar year by user instruction
运城市,2023,42.6,55415.8048150422,H3C live AllCityOneInfo API snapshot matched to workbook; workbook_sha256=6C7ABE1A06917FBF9BEEE26C7462ED00557EA038A5374DFC0EDA9BEB240AB753; model-year semantics follow the user's explicit instruction that IndexYear is the DEI year,projects/empyrean-caster-430308-m2/assets/city; update_time=2024-10-08T06:01:06.845098Z; source/licence/reference-year unresolved; one static layer used for all years,projects/sat-io/open-datasets/npp-viirs-ntl band=b1,longntl_annual_native500m_positive_pixel_sum_v1,运城,运城市,156140800,unique_exact_or_prefix,H3C IndexYear paired to same LongNTL calendar year by user instruction
忻州市,2023,41,48061.7079561248,H3C live AllCityOneInfo API snapshot matched to workbook; workbook_sha256=6C7ABE1A06917FBF9BEEE26C7462ED00557EA038A5374DFC0EDA9BEB240AB753; model-year semantics follow the user's explicit instruction that IndexYear is the DEI year,projects/empyrean-caster-430308-m2/assets/city; update_time=2024-10-08T06:01:06.845098Z; source/licence/reference-year unresolved; one static layer used for all years,projects/sat-io/open-datasets/npp-viirs-ntl band=b1,longntl_annual_native500m_positive_pixel_sum_v1,忻州,忻州市,156140900,unique_exact_or_prefix,H3C IndexYear paired to same LongNTL calendar year by user instruction
临汾市,2023,42.4,50707.2384524261,H3C live AllCityOneInfo API snapshot matched to workbook; workbook_sha256=6C7ABE1A06917FBF9BEEE26C7462ED00557EA038A5374DFC0EDA9BEB240AB753; model-year semantics follow the user's explicit instruction that IndexYear is the DEI year,projects/empyrean-caster-430308-m2/assets/city; update_time=2024-10-08T06:01:06.845098Z; source/licence/reference-year unresolved; one static layer used for all years,projects/sat-io/open-datasets/npp-viirs-ntl band=b1,longntl_annual_native500m_positive_pixel_sum_v1,临汾,临汾市,156141000,unique_exact_or_prefix,H3C IndexYear paired to same LongNTL calendar year by user instruction
吕梁市,2023,39.2,58210.5714178511,H3C live AllCityOneInfo API snapshot matched to workbook; workbook_sha256=6C7ABE1A06917FBF9BEEE26C7462ED00557EA038A5374DFC0EDA9BEB240AB753; model-year semantics follow the user's explicit instruction that IndexYear is the DEI year,projects/empyrean-caster-430308-m2/assets/city; update_time=2024-10-08T06:01:06.845098Z; source/licence/reference-year unresolved; one static layer used for all years,projects/sat-io/open-datasets/npp-viirs-ntl band=b1,longntl_annual_native500m_positive_pixel_sum_v1,吕梁,吕梁市,156141100,unique_exact_or_prefix,H3C IndexYear paired to same LongNTL calendar year by user instruction
呼和浩特市,2023,73.3,106355.31346015,H3C live AllCityOneInfo API snapshot matched to workbook; workbook_sha256=6C7ABE1A06917FBF9BEEE26C7462ED00557EA038A5374DFC0EDA9BEB240AB753; model-year semantics follow the user's explicit instruction that IndexYear is the DEI year,projects/empyrean-caster-430308-m2/assets/city; update_time=2024-10-08T06:01:06.845098Z; source/licence/reference-year unresolved; one static layer used for all years,projects/sat-io/open-datasets/npp-viirs-ntl band=b1,longntl_annual_native500m_positive_pixel_sum_v1,呼和浩特,呼和浩特市,156150100,unique_exact_or_prefix,H3C IndexYear paired to same LongNTL calendar year by user instruction
包头市,2023,63.2,75910.1294066448,H3C live AllCityOneInfo API snapshot matched to workbook; workbook_sha256=6C7ABE1A06917FBF9BEEE26C7462ED00557EA038A5374DFC0EDA9BEB240AB753; model-year semantics follow the user's explicit instruction that IndexYear is the DEI year,projects/empyrean-caster-430308-m2/assets/city; update_time=2024-10-08T06:01:06.845098Z; source/licence/reference-year unresolved; one static layer used for all years,projects/sat-io/open-datasets/npp-viirs-ntl band=b1,longntl_annual_native500m_positive_pixel_sum_v1,包头,包头市,156150200,unique_exact_or_prefix,H3C IndexYear paired to same LongNTL calendar year by user instruction
赤峰市,2023,46.9,59105.0159341013,H3C live AllCityOneInfo API snapshot matched to workbook; workbook_sha256=6C7ABE1A06917FBF9BEEE26C7462ED00557EA038A5374DFC0EDA9BEB240AB753; model-year semantics follow the user's explicit instruction that IndexYear is the DEI year,projects/empyrean-caster-430308-m2/assets/city; update_time=2024-10-08T06:01:06.845098Z; source/licence/reference-year unresolved; one static layer used for all years,projects/sat-io/open-datasets/npp-viirs-ntl band=b1,longntl_annual_native500m_positive_pixel_sum_v1,赤峰,赤峰市,156150400,unique_exact_or_prefix,H3C IndexYear paired to same LongNTL calendar year by user instruction
通辽市,2023,43.8,38059.5166576516,H3C live AllCityOneInfo API snapshot matched to workbook; workbook_sha256=6C7ABE1A06917FBF9BEEE26C7462ED00557EA038A5374DFC0EDA9BEB240AB753; model-year semantics follow the user's explicit instruction that IndexYear is the DEI year,projects/empyrean-caster-430308-m2/assets/city; update_time=2024-10-08T06:01:06.845098Z; source/licence/reference-year unresolved; one static layer used for all years,projects/sat-io/open-datasets/npp-viirs-ntl band=b1,longntl_annual_native500m_positive_pixel_sum_v1,通辽,通辽市,156150500,unique_exact_or_prefix,H3C IndexYear paired to same LongNTL calendar year by user instruction
鄂尔多斯市,2023,58.4,111643.448660718,H3C live AllCityOneInfo API snapshot matched to workbook; workbook_sha256=6C7ABE1A06917FBF9BEEE26C7462ED00557EA038A5374DFC0EDA9BEB240AB753; model-year semantics follow the user's explicit instruction that IndexYear is the DEI year,projects/empyrean-caster-430308-m2/assets/city; update_time=2024-10-08T06:01:06.845098Z; source/licence/reference-year unresolved; one static layer used for all years,projects/sat-io/open-datasets/npp-viirs-ntl band=b1,longntl_annual_native500m_positive_pixel_sum_v1,鄂尔多斯,鄂尔多斯市,156150600,unique_exact_or_prefix,H3C IndexYear paired to same LongNTL calendar year by user instruction
呼伦贝尔市,2023,45,28619.0791836098,H3C live AllCityOneInfo API snapshot matched to workbook; workbook_sha256=6C7ABE1A06917FBF9BEEE26C7462ED00557EA038A5374DFC0EDA9BEB240AB753; model-year semantics follow the user's explicit instruction that IndexYear is the DEI year,projects/empyrean-caster-430308-m2/assets/city; update_time=2024-10-08T06:01:06.845098Z; source/licence/reference-year unresolved; one static layer used for all years,projects/sat-io/open-datasets/npp-viirs-ntl band=b1,longntl_annual_native500m_positive_pixel_sum_v1,呼伦贝尔,呼伦贝尔市,156150700,unique_exact_or_prefix,H3C IndexYear paired to same LongNTL calendar year by user instruction
乌兰察布市,2023,50.3,35760.4825601615,H3C live AllCityOneInfo API snapshot matched to workbook; workbook_sha256=6C7ABE1A06917FBF9BEEE26C7462ED00557EA038A5374DFC0EDA9BEB240AB753; model-year semantics follow the user's explicit instruction that IndexYear is the DEI year,projects/empyrean-caster-430308-m2/assets/city; update_time=2024-10-08T06:01:06.845098Z; source/licence/reference-year unresolved; one static layer used for all years,projects/sat-io/open-datasets/npp-viirs-ntl band=b1,longntl_annual_native500m_positive_pixel_sum_v1,乌兰察布,乌兰察布市,156150900,unique_exact_or_prefix,H3C IndexYear paired to same LongNTL calendar year by user instruction
锡林郭勒盟,2023,40.1,43098.4044511089,H3C live AllCityOneInfo API snapshot matched to workbook; workbook_sha256=6C7ABE1A06917FBF9BEEE26C7462ED00557EA038A5374DFC0EDA9BEB240AB753; model-year semantics follow the user's explicit instruction that IndexYear is the DEI year,projects/empyrean-caster-430308-m2/assets/city; update_time=2024-10-08T06:01:06.845098Z; source/licence/reference-year unresolved; one static layer used for all years,projects/sat-io/open-datasets/npp-viirs-ntl band=b1,longntl_annual_native500m_positive_pixel_sum_v1,锡林郭勒,锡林郭勒盟,156152500,unique_exact_or_prefix,H3C IndexYear paired to same LongNTL calendar year by user instruction
沈阳市,2023,72,191843.94243101,H3C live AllCityOneInfo API snapshot matched to workbook; workbook_sha256=6C7ABE1A06917FBF9BEEE26C7462ED00557EA038A5374DFC0EDA9BEB240AB753; model-year semantics follow the user's explicit instruction that IndexYear is the DEI year,projects/empyrean-caster-430308-m2/assets/city; update_time=2024-10-08T06:01:06.845098Z; source/licence/reference-year unresolved; one static layer used for all years,projects/sat-io/open-datasets/npp-viirs-ntl band=b1,longntl_annual_native500m_positive_pixel_sum_v1,沈阳,沈阳市,156210100,unique_exact_or_prefix,H3C IndexYear paired to same LongNTL calendar year by user instruction
大连市,2023,67.2,119578.777504939,H3C live AllCityOneInfo API snapshot matched to workbook; workbook_sha256=6C7ABE1A06917FBF9BEEE26C7462ED00557EA038A5374DFC0EDA9BEB240AB753; model-year semantics follow the user's explicit instruction that IndexYear is the DEI year,projects/empyrean-caster-430308-m2/assets/city; update_time=2024-10-08T06:01:06.845098Z; source/licence/reference-year unresolved; one static layer used for all years,projects/sat-io/open-datasets/npp-viirs-ntl band=b1,longntl_annual_native500m_positive_pixel_sum_v1,大连,大连市,156210200,unique_exact_or_prefix,H3C IndexYear paired to same LongNTL calendar year by user instruction
鞍山市,2023,50.8,47610.4833107345,H3C live AllCityOneInfo API snapshot matched to workbook; workbook_sha256=6C7ABE1A06917FBF9BEEE26C7462ED00557EA038A5374DFC0EDA9BEB240AB753; model-year semantics follow the user's explicit instruction that IndexYear is the DEI year,projects/empyrean-caster-430308-m2/assets/city; update_time=2024-10-08T06:01:06.845098Z; source/licence/reference-year unresolved; one static layer used for all years,projects/sat-io/open-datasets/npp-viirs-ntl band=b1,longntl_annual_native500m_positive_pixel_sum_v1,鞍山,鞍山市,156210300,unique_exact_or_prefix,H3C IndexYear paired to same LongNTL calendar year by user instruction
抚顺市,2023,40.9,26266.2045164651,H3C live AllCityOneInfo API snapshot matched to workbook; workbook_sha256=6C7ABE1A06917FBF9BEEE26C7462ED00557EA038A5374DFC0EDA9BEB240AB753; model-year semantics follow the user's explicit instruction that IndexYear is the DEI year,projects/empyrean-caster-430308-m2/assets/city; update_time=2024-10-08T06:01:06.845098Z; source/licence/reference-year unresolved; one static layer used for all years,projects/sat-io/open-datasets/npp-viirs-ntl band=b1,longntl_annual_native500m_positive_pixel_sum_v1,抚顺,抚顺市,156210400,unique_exact_or_prefix,H3C IndexYear paired to same LongNTL calendar year by user instruction
锦州市,2023,40.3,34177.5835561612,H3C live AllCityOneInfo API snapshot matched to workbook; workbook_sha256=6C7ABE1A06917FBF9BEEE26C7462ED00557EA038A5374DFC0EDA9BEB240AB753; model-year semantics follow the user's explicit instruction that IndexYear is the DEI year,projects/empyrean-caster-430308-m2/assets/city; update_time=2024-10-08T06:01:06.845098Z; source/licence/reference-year unresolved; one static layer used for all years,projects/sat-io/open-datasets/npp-viirs-ntl band=b1,longntl_annual_native500m_positive_pixel_sum_v1,锦州,锦州市,156210700,unique_exact_or_prefix,H3C IndexYear paired to same LongNTL calendar year by user instruction
营口市,2023,44.3,50394.5845288333,H3C live AllCityOneInfo API snapshot matched to workbook; workbook_sha256=6C7ABE1A06917FBF9BEEE26C7462ED00557EA038A5374DFC0EDA9BEB240AB753; model-year semantics follow the user's explicit instruction that IndexYear is the DEI year,projects/empyrean-caster-430308-m2/assets/city; update_time=2024-10-08T06:01:06.845098Z; source/licence/reference-year unresolved; one static layer used for all years,projects/sat-io/open-datasets/npp-viirs-ntl band=b1,longntl_annual_native500m_positive_pixel_sum_v1,营口,营口市,156210800,unique_exact_or_prefix,H3C IndexYear paired to same LongNTL calendar year by user instruction
盘锦市,2023,45.3,42548.1388818554,H3C live AllCityOneInfo API snapshot matched to workbook; workbook_sha256=6C7ABE1A06917FBF9BEEE26C7462ED00557EA038A5374DFC0EDA9BEB240AB753; model-year semantics follow the user's explicit instruction that IndexYear is the DEI year,projects/empyrean-caster-430308-m2/assets/city; update_time=2024-10-08T06:01:06.845098Z; source/licence/reference-year unresolved; one static layer used for all years,projects/sat-io/open-datasets/npp-viirs-ntl band=b1,longntl_annual_native500m_positive_pixel_sum_v1,盘锦,盘锦市,156211100,unique_exact_or_prefix,H3C IndexYear paired to same LongNTL calendar year by user instruction
长春市,2023,65.6,247732.878235443,H3C live AllCityOneInfo API snapshot matched to workbook; workbook_sha256=6C7ABE1A06917FBF9BEEE26C7462ED00557EA038A5374DFC0EDA9BEB240AB753; model-year semantics follow the user's explicit instruction that IndexYear is the DEI year,projects/empyrean-caster-430308-m2/assets/city; update_time=2024-10-08T06:01:06.845098Z; source/licence/reference-year unresolved; one static layer used for all years,projects/sat-io/open-datasets/npp-viirs-ntl band=b1,longntl_annual_native500m_positive_pixel_sum_v1,长春,长春市,156220100,unique_exact_or_prefix,H3C IndexYear paired to same LongNTL calendar year by user instruction
吉林市,2023,46.3,40500.6648500424,H3C live AllCityOneInfo API snapshot matched to workbook; workbook_sha256=6C7ABE1A06917FBF9BEEE26C7462ED00557EA038A5374DFC0EDA9BEB240AB753; model-year semantics follow the user's explicit instruction that IndexYear is the DEI year,projects/empyrean-caster-430308-m2/assets/city; update_time=2024-10-08T06:01:06.845098Z; source/licence/reference-year unresolved; one static layer used for all years,projects/sat-io/open-datasets/npp-viirs-ntl band=b1,longntl_annual_native500m_positive_pixel_sum_v1,吉林,吉林市,156220200,unique_exact_or_prefix,H3C IndexYear paired to same LongNTL calendar year by user instruction
哈尔滨市,2023,64.8,145183.053034706,H3C live AllCityOneInfo API snapshot matched to workbook; workbook_sha256=6C7ABE1A06917FBF9BEEE26C7462ED00557EA038A5374DFC0EDA9BEB240AB753; model-year semantics follow the user's explicit instruction that IndexYear is the DEI year,projects/empyrean-caster-430308-m2/assets/city; update_time=2024-10-08T06:01:06.845098Z; source/licence/reference-year unresolved; one static layer used for all years,projects/sat-io/open-datasets/npp-viirs-ntl band=b1,longntl_annual_native500m_positive_pixel_sum_v1,哈尔滨,哈尔滨市,156230100,unique_exact_or_prefix,H3C IndexYear paired to same LongNTL calendar year by user instruction
齐齐哈尔市,2023,55.1,44129.4069352664,H3C live AllCityOneInfo API snapshot matched to workbook; workbook_sha256=6C7ABE1A06917FBF9BEEE26C7462ED00557EA038A5374DFC0EDA9BEB240AB753; model-year semantics follow the user's explicit instruction that IndexYear is the DEI year,projects/empyrean-caster-430308-m2/assets/city; update_time=2024-10-08T06:01:06.845098Z; source/licence/reference-year unresolved; one static layer used for all years,projects/sat-io/open-datasets/npp-viirs-ntl band=b1,longntl_annual_native500m_positive_pixel_sum_v1,齐齐哈尔,齐齐哈尔市,156230200,unique_exact_or_prefix,H3C IndexYear paired to same LongNTL calendar year by user instruction
大庆市,2023,59.2,87278.2886757248,H3C live AllCityOneInfo API snapshot matched to workbook; workbook_sha256=6C7ABE1A06917FBF9BEEE26C7462ED00557EA038A5374DFC0EDA9BEB240AB753; model-year semantics follow the user's explicit instruction that IndexYear is the DEI year,projects/empyrean-caster-430308-m2/assets/city; update_time=2024-10-08T06:01:06.845098Z; source/licence/reference-year unresolved; one static layer used for all years,projects/sat-io/open-datasets/npp-viirs-ntl band=b1,longntl_annual_native500m_positive_pixel_sum_v1,大庆,大庆市,156230600,unique_exact_or_prefix,H3C IndexYear paired to same LongNTL calendar year by user instruction
牡丹江市,2023,52.4,24741.6345397197,H3C live AllCityOneInfo API snapshot matched to workbook; workbook_sha256=6C7ABE1A06917FBF9BEEE26C7462ED00557EA038A5374DFC0EDA9BEB240AB753; model-year semantics follow the user's explicit instruction that IndexYear is the DEI year,projects/empyrean-caster-430308-m2/assets/city; update_time=2024-10-08T06:01:06.845098Z; source/licence/reference-year unresolved; one static layer used for all years,projects/sat-io/open-datasets/npp-viirs-ntl band=b1,longntl_annual_native500m_positive_pixel_sum_v1,牡丹江,牡丹江市,156231000,unique_exact_or_prefix,H3C IndexYear paired to same LongNTL calendar year by user instruction
绥化市,2023,40.6,26241.9188321029,H3C live AllCityOneInfo API snapshot matched to workbook; workbook_sha256=6C7ABE1A06917FBF9BEEE26C7462ED00557EA038A5374DFC0EDA9BEB240AB753; model-year semantics follow the user's explicit instruction that IndexYear is the DEI year,projects/empyrean-caster-430308-m2/assets/city; update_time=2024-10-08T06:01:06.845098Z; source/licence/reference-year unresolved; one static layer used for all years,projects/sat-io/open-datasets/npp-viirs-ntl band=b1,longntl_annual_native500m_positive_pixel_sum_v1,绥化,绥化市,156231200,unique_exact_or_prefix,H3C IndexYear paired to same LongNTL calendar year by user instruction
上海市,2023,93.6,553330.807009561,H3C live AllCityOneInfo API snapshot matched to workbook; workbook_sha256=6C7ABE1A06917FBF9BEEE26C7462ED00557EA038A5374DFC0EDA9BEB240AB753; model-year semantics follow the user's explicit instruction that IndexYear is the DEI year,projects/empyrean-caster-430308-m2/assets/city; update_time=2024-10-08T06:01:06.845098Z; source/licence/reference-year unresolved; one static layer used for all years,projects/sat-io/open-datasets/npp-viirs-ntl band=b1,longntl_annual_native500m_positive_pixel_sum_v1,上海,上海市,156310000,unique_exact_or_prefix,H3C IndexYear paired to same LongNTL calendar year by user instruction
南京市,2023,84.8,244375.566327205,H3C live AllCityOneInfo API snapshot matched to workbook; workbook_sha256=6C7ABE1A06917FBF9BEEE26C7462ED00557EA038A5374DFC0EDA9BEB240AB753; model-year semantics follow the user's explicit instruction that IndexYear is the DEI year,projects/empyrean-caster-430308-m2/assets/city; update_time=2024-10-08T06:01:06.845098Z; source/licence/reference-year unresolved; one static layer used for all years,projects/sat-io/open-datasets/npp-viirs-ntl band=b1,longntl_annual_native500m_positive_pixel_sum_v1,南京,南京市,156320100,unique_exact_or_prefix,H3C IndexYear paired to same LongNTL calendar year by user instruction
无锡市,2023,81.1,207110.840094315,H3C live AllCityOneInfo API snapshot matched to workbook; workbook_sha256=6C7ABE1A06917FBF9BEEE26C7462ED00557EA038A5374DFC0EDA9BEB240AB753; model-year semantics follow the user's explicit instruction that IndexYear is the DEI year,projects/empyrean-caster-430308-m2/assets/city; update_time=2024-10-08T06:01:06.845098Z; source/licence/reference-year unresolved; one static layer used for all years,projects/sat-io/open-datasets/npp-viirs-ntl band=b1,longntl_annual_native500m_positive_pixel_sum_v1,无锡,无锡市,156320200,unique_exact_or_prefix,H3C IndexYear paired to same LongNTL calendar year by user instruction
徐州市,2023,65.8,147248.119643449,H3C live AllCityOneInfo API snapshot matched to workbook; workbook_sha256=6C7ABE1A06917FBF9BEEE26C7462ED00557EA038A5374DFC0EDA9BEB240AB753; model-year semantics follow the user's explicit instruction that IndexYear is the DEI year,projects/empyrean-caster-430308-m2/assets/city; update_time=2024-10-08T06:01:06.845098Z; source/licence/reference-year unresolved; one static layer used for all years,projects/sat-io/open-datasets/npp-viirs-ntl band=b1,longntl_annual_native500m_positive_pixel_sum_v1,徐州,徐州市,156320300,unique_exact_or_prefix,H3C IndexYear paired to same LongNTL calendar year by user instruction
常州市,2023,70.8,151578.652353597,H3C live AllCityOneInfo API snapshot matched to workbook; workbook_sha256=6C7ABE1A06917FBF9BEEE26C7462ED00557EA038A5374DFC0EDA9BEB240AB753; model-year semantics follow the user's explicit instruction that IndexYear is the DEI year,projects/empyrean-caster-430308-m2/assets/city; update_time=2024-10-08T06:01:06.845098Z; source/licence/reference-year unresolved; one static layer used for all years,projects/sat-io/open-datasets/npp-viirs-ntl band=b1,longntl_annual_native500m_positive_pixel_sum_v1,常州,常州市,156320400,unique_exact_or_prefix,H3C IndexYear paired to same LongNTL calendar year by user instruction
苏州市,2023,83.1,463340.929075064,H3C live AllCityOneInfo API snapshot matched to workbook; workbook_sha256=6C7ABE1A06917FBF9BEEE26C7462ED00557EA038A5374DFC0EDA9BEB240AB753; model-year semantics follow the user's explicit instruction that IndexYear is the DEI year,projects/empyrean-caster-430308-m2/assets/city; update_time=2024-10-08T06:01:06.845098Z; source/licence/reference-year unresolved; one static layer used for all years,projects/sat-io/open-datasets/npp-viirs-ntl band=b1,longntl_annual_native500m_positive_pixel_sum_v1,苏州,苏州市,156320500,unique_exact_or_prefix,H3C IndexYear paired to same LongNTL calendar year by user instruction
南通市,2023,75.5,188760.51258567,H3C live AllCityOneInfo API snapshot matched to workbook; workbook_sha256=6C7ABE1A06917FBF9BEEE26C7462ED00557EA038A5374DFC0EDA9BEB240AB753; model-year semantics follow the user's explicit instruction that IndexYear is the DEI year,projects/empyrean-caster-430308-m2/assets/city; update_time=2024-10-08T06:01:06.845098Z; source/licence/reference-year unresolved; one static layer used for all years,projects/sat-io/open-datasets/npp-viirs-ntl band=b1,longntl_annual_native500m_positive_pixel_sum_v1,南通,南通市,156320600,unique_exact_or_prefix,H3C IndexYear paired to same LongNTL calendar year by user instruction
连云港市,2023,67.4,79602.1867693644,H3C live AllCityOneInfo API snapshot matched to workbook; workbook_sha256=6C7ABE1A06917FBF9BEEE26C7462ED00557EA038A5374DFC0EDA9BEB240AB753; model-year semantics follow the user's explicit instruction that IndexYear is the DEI year,projects/empyrean-caster-430308-m2/assets/city; update_time=2024-10-08T06:01:06.845098Z; source/licence/reference-year unresolved; one static layer used for all years,projects/sat-io/open-datasets/npp-viirs-ntl band=b1,longntl_annual_native500m_positive_pixel_sum_v1,连云港,连云港市,156320700,unique_exact_or_prefix,H3C IndexYear paired to same LongNTL calendar year by user instruction
淮安市,2023,67.3,93458.6653978091,H3C live AllCityOneInfo API snapshot matched to workbook; workbook_sha256=6C7ABE1A06917FBF9BEEE26C7462ED00557EA038A5374DFC0EDA9BEB240AB753; model-year semantics follow the user's explicit instruction that IndexYear is the DEI year,projects/empyrean-caster-430308-m2/assets/city; update_time=2024-10-08T06:01:06.845098Z; source/licence/reference-year unresolved; one static layer used for all years,projects/sat-io/open-datasets/npp-viirs-ntl band=b1,longntl_annual_native500m_positive_pixel_sum_v1,淮安,淮安市,156320800,unique_exact_or_prefix,H3C IndexYear paired to same LongNTL calendar year by user instruction
盐城市,2023,61.4,143839.255323495,H3C live AllCityOneInfo API snapshot matched to workbook; workbook_sha256=6C7ABE1A06917FBF9BEEE26C7462ED00557EA038A5374DFC0EDA9BEB240AB753; model-year semantics follow the user's explicit instruction that IndexYear is the DEI year,projects/empyrean-caster-430308-m2/assets/city; update_time=2024-10-08T06:01:06.845098Z; source/licence/reference-year unresolved; one static layer used for all years,projects/sat-io/open-datasets/npp-viirs-ntl band=b1,longntl_annual_native500m_positive_pixel_sum_v1,盐城,盐城市,156320900,unique_exact_or_prefix,H3C IndexYear paired to same LongNTL calendar year by user instruction
扬州市,2023,72.3,113374.316577911,H3C live AllCityOneInfo API snapshot matched to workbook; workbook_sha256=6C7ABE1A06917FBF9BEEE26C7462ED00557EA038A5374DFC0EDA9BEB240AB753; model-year semantics follow the user's explicit instruction that IndexYear is the DEI year,projects/empyrean-caster-430308-m2/assets/city; update_time=2024-10-08T06:01:06.845098Z; source/licence/reference-year unresolved; one static layer used for all years,projects/sat-io/open-datasets/npp-viirs-ntl band=b1,longntl_annual_native500m_positive_pixel_sum_v1,扬州,扬州市,156321000,unique_exact_or_prefix,H3C IndexYear paired to same LongNTL calendar year by user instruction
镇江市,2023,71.8,83000.9222511712,H3C live AllCityOneInfo API snapshot matched to workbook; workbook_sha256=6C7ABE1A06917FBF9BEEE26C7462ED00557EA038A5374DFC0EDA9BEB240AB753; model-year semantics follow the user's explicit instruction that IndexYear is the DEI year,projects/empyrean-caster-430308-m2/assets/city; update_time=2024-10-08T06:01:06.845098Z; source/licence/reference-year unresolved; one static layer used for all years,projects/sat-io/open-datasets/npp-viirs-ntl band=b1,longntl_annual_native500m_positive_pixel_sum_v1,镇江,镇江市,156321100,unique_exact_or_prefix,H3C IndexYear paired to same LongNTL calendar year by user instruction
泰州市,2023,66.7,118658.499892127,H3C live AllCityOneInfo API snapshot matched to workbook; workbook_sha256=6C7ABE1A06917FBF9BEEE26C7462ED00557EA038A5374DFC0EDA9BEB240AB753; model-year semantics follow the user's explicit instruction that IndexYear is the DEI year,projects/empyrean-caster-430308-m2/assets/city; update_time=2024-10-08T06:01:06.845098Z; source/licence/reference-year unresolved; one static layer used for all years,projects/sat-io/open-datasets/npp-viirs-ntl band=b1,longntl_annual_native500m_positive_pixel_sum_v1,泰州,泰州市,156321200,unique_exact_or_prefix,H3C IndexYear paired to same LongNTL calendar year by user instruction
宿迁市,2023,60.7,79601.5630629572,H3C live AllCityOneInfo API snapshot matched to workbook; workbook_sha256=6C7ABE1A06917FBF9BEEE26C7462ED00557EA038A5374DFC0EDA9BEB240AB753; model-year semantics follow the user's explicit instruction that IndexYear is the DEI year,projects/empyrean-caster-430308-m2/assets/city; update_time=2024-10-08T06:01:06.845098Z; source/licence/reference-year unresolved; one static layer used for all years,projects/sat-io/open-datasets/npp-viirs-ntl band=b1,longntl_annual_native500m_positive_pixel_sum_v1,宿迁,宿迁市,156321300,unique_exact_or_prefix,H3C IndexYear paired to same LongNTL calendar year by user instruction
杭州市,2023,92.9,307827.639523583,H3C live AllCityOneInfo API snapshot matched to workbook; workbook_sha256=6C7ABE1A06917FBF9BEEE26C7462ED00557EA038A5374DFC0EDA9BEB240AB753; model-year semantics follow the user's explicit instruction that IndexYear is the DEI year,projects/empyrean-caster-430308-m2/assets/city; update_time=2024-10-08T06:01:06.845098Z; source/licence/reference-year unresolved; one static layer used for all years,projects/sat-io/open-datasets/npp-viirs-ntl band=b1,longntl_annual_native500m_positive_pixel_sum_v1,杭州,杭州市,156330100,unique_exact_or_prefix,H3C IndexYear paired to same LongNTL calendar year by user instruction
宁波市,2023,80.2,307252.70997916,H3C live AllCityOneInfo API snapshot matched to workbook; workbook_sha256=6C7ABE1A06917FBF9BEEE26C7462ED00557EA038A5374DFC0EDA9BEB240AB753; model-year semantics follow the user's explicit instruction that IndexYear is the DEI year,projects/empyrean-caster-430308-m2/assets/city; update_time=2024-10-08T06:01:06.845098Z; source/licence/reference-year unresolved; one static layer used for all years,projects/sat-io/open-datasets/npp-viirs-ntl band=b1,longntl_annual_native500m_positive_pixel_sum_v1,宁波,宁波市,156330200,unique_exact_or_prefix,H3C IndexYear paired to same LongNTL calendar year by user instruction
温州市,2023,73.3,191646.933451826,H3C live AllCityOneInfo API snapshot matched to workbook; workbook_sha256=6C7ABE1A06917FBF9BEEE26C7462ED00557EA038A5374DFC0EDA9BEB240AB753; model-year semantics follow the user's explicit instruction that IndexYear is the DEI year,projects/empyrean-caster-430308-m2/assets/city; update_time=2024-10-08T06:01:06.845098Z; source/licence/reference-year unresolved; one static layer used for all years,projects/sat-io/open-datasets/npp-viirs-ntl band=b1,longntl_annual_native500m_positive_pixel_sum_v1,温州,温州市,156330300,unique_exact_or_prefix,H3C IndexYear paired to same LongNTL calendar year by user instruction
嘉兴市,2023,68.5,186128.056789185,H3C live AllCityOneInfo API snapshot matched to workbook; workbook_sha256=6C7ABE1A06917FBF9BEEE26C7462ED00557EA038A5374DFC0EDA9BEB240AB753; model-year semantics follow the user's explicit instruction that IndexYear is the DEI year,projects/empyrean-caster-430308-m2/assets/city; update_time=2024-10-08T06:01:06.845098Z; source/licence/reference-year unresolved; one static layer used for all years,projects/sat-io/open-datasets/npp-viirs-ntl band=b1,longntl_annual_native500m_positive_pixel_sum_v1,嘉兴,嘉兴市,156330400,unique_exact_or_prefix,H3C IndexYear paired to same LongNTL calendar year by user instruction
湖州市,2023,62.2,113756.623082036,H3C live AllCityOneInfo API snapshot matched to workbook; workbook_sha256=6C7ABE1A06917FBF9BEEE26C7462ED00557EA038A5374DFC0EDA9BEB240AB753; model-year semantics follow the user's explicit instruction that IndexYear is the DEI year,projects/empyrean-caster-430308-m2/assets/city; update_time=2024-10-08T06:01:06.845098Z; source/licence/reference-year unresolved; one static layer used for all years,projects/sat-io/open-datasets/npp-viirs-ntl band=b1,longntl_annual_native500m_positive_pixel_sum_v1,湖州,湖州市,156330500,unique_exact_or_prefix,H3C IndexYear paired to same LongNTL calendar year by user instruction
绍兴市,2023,71,139851.704780645,H3C live AllCityOneInfo API snapshot matched to workbook; workbook_sha256=6C7ABE1A06917FBF9BEEE26C7462ED00557EA038A5374DFC0EDA9BEB240AB753; model-year semantics follow the user's explicit instruction that IndexYear is the DEI year,projects/empyrean-caster-430308-m2/assets/city; update_time=2024-10-08T06:01:06.845098Z; source/licence/reference-year unresolved; one static layer used for all years,projects/sat-io/open-datasets/npp-viirs-ntl band=b1,longntl_annual_native500m_positive_pixel_sum_v1,绍兴,绍兴市,156330600,unique_exact_or_prefix,H3C IndexYear paired to same LongNTL calendar year by user instruction
金华市,2023,69.9,194291.582472012,H3C live AllCityOneInfo API snapshot matched to workbook; workbook_sha256=6C7ABE1A06917FBF9BEEE26C7462ED00557EA038A5374DFC0EDA9BEB240AB753; model-year semantics follow the user's explicit instruction that IndexYear is the DEI year,projects/empyrean-caster-430308-m2/assets/city; update_time=2024-10-08T06:01:06.845098Z; source/licence/reference-year unresolved; one static layer used for all years,projects/sat-io/open-datasets/npp-viirs-ntl band=b1,longntl_annual_native500m_positive_pixel_sum_v1,金华,金华市,156330700,unique_exact_or_prefix,H3C IndexYear paired to same LongNTL calendar year by user instruction
衢州市,2023,42.8,44550.5527628931,H3C live AllCityOneInfo API snapshot matched to workbook; workbook_sha256=6C7ABE1A06917FBF9BEEE26C7462ED00557EA038A5374DFC0EDA9BEB240AB753; model-year semantics follow the user's explicit instruction that IndexYear is the DEI year,projects/empyrean-caster-430308-m2/assets/city; update_time=2024-10-08T06:01:06.845098Z; source/licence/reference-year unresolved; one static layer used for all years,projects/sat-io/open-datasets/npp-viirs-ntl band=b1,longntl_annual_native500m_positive_pixel_sum_v1,衢州,衢州市,156330800,unique_exact_or_prefix,H3C IndexYear paired to same LongNTL calendar year by user instruction
舟山市,2023,40.9,33465.0155257272,H3C live AllCityOneInfo API snapshot matched to workbook; workbook_sha256=6C7ABE1A06917FBF9BEEE26C7462ED00557EA038A5374DFC0EDA9BEB240AB753; model-year semantics follow the user's explicit instruction that IndexYear is the DEI year,projects/empyrean-caster-430308-m2/assets/city; update_time=2024-10-08T06:01:06.845098Z; source/licence/reference-year unresolved; one static layer used for all years,projects/sat-io/open-datasets/npp-viirs-ntl band=b1,longntl_annual_native500m_positive_pixel_sum_v1,舟山,舟山市,156330900,unique_exact_or_prefix,H3C IndexYear paired to same LongNTL calendar year by user instruction
台州市,2023,67.8,130497.393140204,H3C live AllCityOneInfo API snapshot matched to workbook; workbook_sha256=6C7ABE1A06917FBF9BEEE26C7462ED00557EA038A5374DFC0EDA9BEB240AB753; model-year semantics follow the user's explicit instruction that IndexYear is the DEI year,projects/empyrean-caster-430308-m2/assets/city; update_time=2024-10-08T06:01:06.845098Z; source/licence/reference-year unresolved; one static layer used for all years,projects/sat-io/open-datasets/npp-viirs-ntl band=b1,longntl_annual_native500m_positive_pixel_sum_v1,台州,台州市,156331000,unique_exact_or_prefix,H3C IndexYear paired to same LongNTL calendar year by user instruction
丽水市,2023,46.7,41935.6783325728,H3C live AllCityOneInfo API snapshot matched to workbook; workbook_sha256=6C7ABE1A06917FBF9BEEE26C7462ED00557EA038A5374DFC0EDA9BEB240AB753; model-year semantics follow the user's explicit instruction that IndexYear is the DEI year,projects/empyrean-caster-430308-m2/assets/city; update_time=2024-10-08T06:01:06.845098Z; source/licence/reference-year unresolved; one static layer used for all years,projects/sat-io/open-datasets/npp-viirs-ntl band=b1,longntl_annual_native500m_positive_pixel_sum_v1,丽水,丽水市,156331100,unique_exact_or_prefix,H3C IndexYear paired to same LongNTL calendar year by user instruction
合肥市,2023,78.8,228499.398796251,H3C live AllCityOneInfo API snapshot matched to workbook; workbook_sha256=6C7ABE1A06917FBF9BEEE26C7462ED00557EA038A5374DFC0EDA9BEB240AB753; model-year semantics follow the user's explicit instruction that IndexYear is the DEI year,projects/empyrean-caster-430308-m2/assets/city; update_time=2024-10-08T06:01:06.845098Z; source/licence/reference-year unresolved; one static layer used for all years,projects/sat-io/open-datasets/npp-viirs-ntl band=b1,longntl_annual_native500m_positive_pixel_sum_v1,合肥,合肥市,156340100,unique_exact_or_prefix,H3C IndexYear paired to same LongNTL calendar year by user instruction
芜湖市,2023,66.4,75091.9485491898,H3C live AllCityOneInfo API snapshot matched to workbook; workbook_sha256=6C7ABE1A06917FBF9BEEE26C7462ED00557EA038A5374DFC0EDA9BEB240AB753; model-year semantics follow the user's explicit instruction that IndexYear is the DEI year,projects/empyrean-caster-430308-m2/assets/city; update_time=2024-10-08T06:01:06.845098Z; source/licence/reference-year unresolved; one static layer used for all years,projects/sat-io/open-datasets/npp-viirs-ntl band=b1,longntl_annual_native500m_positive_pixel_sum_v1,芜湖,芜湖市,156340200,unique_exact_or_prefix,H3C IndexYear paired to same LongNTL calendar year by user instruction
蚌埠市,2023,52.7,36501.5894511153,H3C live AllCityOneInfo API snapshot matched to workbook; workbook_sha256=6C7ABE1A06917FBF9BEEE26C7462ED00557EA038A5374DFC0EDA9BEB240AB753; model-year semantics follow the user's explicit instruction that IndexYear is the DEI year,projects/empyrean-caster-430308-m2/assets/city; update_time=2024-10-08T06:01:06.845098Z; source/licence/reference-year unresolved; one static layer used for all years,projects/sat-io/open-datasets/npp-viirs-ntl band=b1,longntl_annual_native500m_positive_pixel_sum_v1,蚌埠,蚌埠市,156340300,unique_exact_or_prefix,H3C IndexYear paired to same LongNTL calendar year by user instruction
淮南市,2023,40.8,39218.4522999072,H3C live AllCityOneInfo API snapshot matched to workbook; workbook_sha256=6C7ABE1A06917FBF9BEEE26C7462ED00557EA038A5374DFC0EDA9BEB240AB753; model-year semantics follow the user's explicit instruction that IndexYear is the DEI year,projects/empyrean-caster-430308-m2/assets/city; update_time=2024-10-08T06:01:06.845098Z; source/licence/reference-year unresolved; one static layer used for all years,projects/sat-io/open-datasets/npp-viirs-ntl band=b1,longntl_annual_native500m_positive_pixel_sum_v1,淮南,淮南市,156340400,unique_exact_or_prefix,H3C IndexYear paired to same LongNTL calendar year by user instruction
马鞍山市,2023,53.9,44370.1262559933,H3C live AllCityOneInfo API snapshot matched to workbook; workbook_sha256=6C7ABE1A06917FBF9BEEE26C7462ED00557EA038A5374DFC0EDA9BEB240AB753; model-year semantics follow the user's explicit instruction that IndexYear is the DEI year,projects/empyrean-caster-430308-m2/assets/city; update_time=2024-10-08T06:01:06.845098Z; source/licence/reference-year unresolved; one static layer used for all years,projects/sat-io/open-datasets/npp-viirs-ntl band=b1,longntl_annual_native500m_positive_pixel_sum_v1,马鞍山,马鞍山市,156340500,unique_exact_or_prefix,H3C IndexYear paired to same LongNTL calendar year by user instruction
淮北市,2023,41.2,28639.5652605122,H3C live AllCityOneInfo API snapshot matched to workbook; workbook_sha256=6C7ABE1A06917FBF9BEEE26C7462ED00557EA038A5374DFC0EDA9BEB240AB753; model-year semantics follow the user's explicit instruction that IndexYear is the DEI year,projects/empyrean-caster-430308-m2/assets/city; update_time=2024-10-08T06:01:06.845098Z; source/licence/reference-year unresolved; one static layer used for all years,projects/sat-io/open-datasets/npp-viirs-ntl band=b1,longntl_annual_native500m_positive_pixel_sum_v1,淮北,淮北市,156340600,unique_exact_or_prefix,H3C IndexYear paired to same LongNTL calendar year by user instruction
铜陵市,2023,60.8,17079.4894649702,H3C live AllCityOneInfo API snapshot matched to workbook; workbook_sha256=6C7ABE1A06917FBF9BEEE26C7462ED00557EA038A5374DFC0EDA9BEB240AB753; model-year semantics follow the user's explicit instruction that IndexYear is the DEI year,projects/empyrean-caster-430308-m2/assets/city; update_time=2024-10-08T06:01:06.845098Z; source/licence/reference-year unresolved; one static layer used for all years,projects/sat-io/open-datasets/npp-viirs-ntl band=b1,longntl_annual_native500m_positive_pixel_sum_v1,铜陵,铜陵市,156340700,unique_exact_or_prefix,H3C IndexYear paired to same LongNTL calendar year by user instruction
安庆市,2023,53.1,44370.2163023079,H3C live AllCityOneInfo API snapshot matched to workbook; workbook_sha256=6C7ABE1A06917FBF9BEEE26C7462ED00557EA038A5374DFC0EDA9BEB240AB753; model-year semantics follow the user's explicit instruction that IndexYear is the DEI year,projects/empyrean-caster-430308-m2/assets/city; update_time=2024-10-08T06:01:06.845098Z; source/licence/reference-year unresolved; one static layer used for all years,projects/sat-io/open-datasets/npp-viirs-ntl band=b1,longntl_annual_native500m_positive_pixel_sum_v1,安庆,安庆市,156340800,unique_exact_or_prefix,H3C IndexYear paired to same LongNTL calendar year by user instruction
黄山市,2023,47.3,6824.55999016762,H3C live AllCityOneInfo API snapshot matched to workbook; workbook_sha256=6C7ABE1A06917FBF9BEEE26C7462ED00557EA038A5374DFC0EDA9BEB240AB753; model-year semantics follow the user's explicit instruction that IndexYear is the DEI year,projects/empyrean-caster-430308-m2/assets/city; update_time=2024-10-08T06:01:06.845098Z; source/licence/reference-year unresolved; one static layer used for all years,projects/sat-io/open-datasets/npp-viirs-ntl band=b1,longntl_annual_native500m_positive_pixel_sum_v1,黄山,黄山市,156341000,unique_exact_or_prefix,H3C IndexYear paired to same LongNTL calendar year by user instruction
滁州市,2023,54.5,94735.3626227191,H3C live AllCityOneInfo API snapshot matched to workbook; workbook_sha256=6C7ABE1A06917FBF9BEEE26C7462ED00557EA038A5374DFC0EDA9BEB240AB753; model-year semantics follow the user's explicit instruction that IndexYear is the DEI year,projects/empyrean-caster-430308-m2/assets/city; update_time=2024-10-08T06:01:06.845098Z; source/licence/reference-year unresolved; one static layer used for all years,projects/sat-io/open-datasets/npp-viirs-ntl band=b1,longntl_annual_native500m_positive_pixel_sum_v1,滁州,滁州市,156341100,unique_exact_or_prefix,H3C IndexYear paired to same LongNTL calendar year by user instruction
阜阳市,2023,52.9,107612.878021978,H3C live AllCityOneInfo API snapshot matched to workbook; workbook_sha256=6C7ABE1A06917FBF9BEEE26C7462ED00557EA038A5374DFC0EDA9BEB240AB753; model-year semantics follow the user's explicit instruction that IndexYear is the DEI year,projects/empyrean-caster-430308-m2/assets/city; update_time=2024-10-08T06:01:06.845098Z; source/licence/reference-year unresolved; one static layer used for all years,projects/sat-io/open-datasets/npp-viirs-ntl band=b1,longntl_annual_native500m_positive_pixel_sum_v1,阜阳,阜阳市,156341200,unique_exact_or_prefix,H3C IndexYear paired to same LongNTL calendar year by user instruction
宿州市,2023,48.2,56296.5173807705,H3C live AllCityOneInfo API snapshot matched to workbook; workbook_sha256=6C7ABE1A06917FBF9BEEE26C7462ED00557EA038A5374DFC0EDA9BEB240AB753; model-year semantics follow the user's explicit instruction that IndexYear is the DEI year,projects/empyrean-caster-430308-m2/assets/city; update_time=2024-10-08T06:01:06.845098Z; source/licence/reference-year unresolved; one static layer used for all years,projects/sat-io/open-datasets/npp-viirs-ntl band=b1,longntl_annual_native500m_positive_pixel_sum_v1,宿州,宿州市,156341300,unique_exact_or_prefix,H3C IndexYear paired to same LongNTL calendar year by user instruction
六安市,2023,44.2,53164.6749983315,H3C live AllCityOneInfo API snapshot matched to workbook; workbook_sha256=6C7ABE1A06917FBF9BEEE26C7462ED00557EA038A5374DFC0EDA9BEB240AB753; model-year semantics follow the user's explicit instruction that IndexYear is the DEI year,projects/empyrean-caster-430308-m2/assets/city; update_time=2024-10-08T06:01:06.845098Z; source/licence/reference-year unresolved; one static layer used for all years,projects/sat-io/open-datasets/npp-viirs-ntl band=b1,longntl_annual_native500m_positive_pixel_sum_v1,六安,六安市,156341500,unique_exact_or_prefix,H3C IndexYear paired to same LongNTL calendar year by user instruction
亳州市,2023,42.7,39201.6567888176,H3C live AllCityOneInfo API snapshot matched to workbook; workbook_sha256=6C7ABE1A06917FBF9BEEE26C7462ED00557EA038A5374DFC0EDA9BEB240AB753; model-year semantics follow the user's explicit instruction that IndexYear is the DEI year,projects/empyrean-caster-430308-m2/assets/city; update_time=2024-10-08T06:01:06.845098Z; source/licence/reference-year unresolved; one static layer used for all years,projects/sat-io/open-datasets/npp-viirs-ntl band=b1,longntl_annual_native500m_positive_pixel_sum_v1,亳州,亳州市,156341600,unique_exact_or_prefix,H3C IndexYear paired to same LongNTL calendar year by user instruction
池州市,2023,44.9,16771.3906317113,H3C live AllCityOneInfo API snapshot matched to workbook; workbook_sha256=6C7ABE1A06917FBF9BEEE26C7462ED00557EA038A5374DFC0EDA9BEB240AB753; model-year semantics follow the user's explicit instruction that IndexYear is the DEI year,projects/empyrean-caster-430308-m2/assets/city; update_time=2024-10-08T06:01:06.845098Z; source/licence/reference-year unresolved; one static layer used for all years,projects/sat-io/open-datasets/npp-viirs-ntl band=b1,longntl_annual_native500m_positive_pixel_sum_v1,池州,池州市,156341700,unique_exact_or_prefix,H3C IndexYear paired to same LongNTL calendar year by user instruction
宣城市,2023,41.7,35279.2499139697,H3C live AllCityOneInfo API snapshot matched to workbook; workbook_sha256=6C7ABE1A06917FBF9BEEE26C7462ED00557EA038A5374DFC0EDA9BEB240AB753; model-year semantics follow the user's explicit instruction that IndexYear is the DEI year,projects/empyrean-caster-430308-m2/assets/city; update_time=2024-10-08T06:01:06.845098Z; source/licence/reference-year unresolved; one static layer used for all years,projects/sat-io/open-datasets/npp-viirs-ntl band=b1,longntl_annual_native500m_positive_pixel_sum_v1,宣城,宣城市,156341800,unique_exact_or_prefix,H3C IndexYear paired to same LongNTL calendar year by user instruction
福州市,2023,79.3,159612.187677059,H3C live AllCityOneInfo API snapshot matched to workbook; workbook_sha256=6C7ABE1A06917FBF9BEEE26C7462ED00557EA038A5374DFC0EDA9BEB240AB753; model-year semantics follow the user's explicit instruction that IndexYear is the DEI year,projects/empyrean-caster-430308-m2/assets/city; update_time=2024-10-08T06:01:06.845098Z; source/licence/reference-year unresolved; one static layer used for all years,projects/sat-io/open-datasets/npp-viirs-ntl band=b1,longntl_annual_native500m_positive_pixel_sum_v1,福州,福州市,156350100,unique_exact_or_prefix,H3C IndexYear paired to same LongNTL calendar year by user instruction
厦门市,2023,77.3,109711.113470179,H3C live AllCityOneInfo API snapshot matched to workbook; workbook_sha256=6C7ABE1A06917FBF9BEEE26C7462ED00557EA038A5374DFC0EDA9BEB240AB753; model-year semantics follow the user's explicit instruction that IndexYear is the DEI year,projects/empyrean-caster-430308-m2/assets/city; update_time=2024-10-08T06:01:06.845098Z; source/licence/reference-year unresolved; one static layer used for all years,projects/sat-io/open-datasets/npp-viirs-ntl band=b1,longntl_annual_native500m_positive_pixel_sum_v1,厦门,厦门市,156350200,unique_exact_or_prefix,H3C IndexYear paired to same LongNTL calendar year by user instruction
莆田市,2023,53.4,60368.3355170432,H3C live AllCityOneInfo API snapshot matched to workbook; workbook_sha256=6C7ABE1A06917FBF9BEEE26C7462ED00557EA038A5374DFC0EDA9BEB240AB753; model-year semantics follow the user's explicit instruction that IndexYear is the DEI year,projects/empyrean-caster-430308-m2/assets/city; update_time=2024-10-08T06:01:06.845098Z; source/licence/reference-year unresolved; one static layer used for all years,projects/sat-io/open-datasets/npp-viirs-ntl band=b1,longntl_annual_native500m_positive_pixel_sum_v1,莆田,莆田市,156350300,unique_exact_or_prefix,H3C IndexYear paired to same LongNTL calendar year by user instruction
三明市,2023,54.6,28371.9547054913,H3C live AllCityOneInfo API snapshot matched to workbook; workbook_sha256=6C7ABE1A06917FBF9BEEE26C7462ED00557EA038A5374DFC0EDA9BEB240AB753; model-year semantics follow the user's explicit instruction that IndexYear is the DEI year,projects/empyrean-caster-430308-m2/assets/city; update_time=2024-10-08T06:01:06.845098Z; source/licence/reference-year unresolved; one static layer used for all years,projects/sat-io/open-datasets/npp-viirs-ntl band=b1,longntl_annual_native500m_positive_pixel_sum_v1,三明,三明市,156350400,unique_exact_or_prefix,H3C IndexYear paired to same LongNTL calendar year by user instruction
泉州市,2023,71.5,201312.114286426,H3C live AllCityOneInfo API snapshot matched to workbook; workbook_sha256=6C7ABE1A06917FBF9BEEE26C7462ED00557EA038A5374DFC0EDA9BEB240AB753; model-year semantics follow the user's explicit instruction that IndexYear is the DEI year,projects/empyrean-caster-430308-m2/assets/city; update_time=2024-10-08T06:01:06.845098Z; source/licence/reference-year unresolved; one static layer used for all years,projects/sat-io/open-datasets/npp-viirs-ntl band=b1,longntl_annual_native500m_positive_pixel_sum_v1,泉州,泉州市,156350500,unique_exact_or_prefix,H3C IndexYear paired to same LongNTL calendar year by user instruction
漳州市,2023,63.3,124163.569888928,H3C live AllCityOneInfo API snapshot matched to workbook; workbook_sha256=6C7ABE1A06917FBF9BEEE26C7462ED00557EA038A5374DFC0EDA9BEB240AB753; model-year semantics follow the user's explicit instruction that IndexYear is the DEI year,projects/empyrean-caster-430308-m2/assets/city; update_time=2024-10-08T06:01:06.845098Z; source/licence/reference-year unresolved; one static layer used for all years,projects/sat-io/open-datasets/npp-viirs-ntl band=b1,longntl_annual_native500m_positive_pixel_sum_v1,漳州,漳州市,156350600,unique_exact_or_prefix,H3C IndexYear paired to same LongNTL calendar year by user instruction
南平市,2023,55.9,38152.4411791105,H3C live AllCityOneInfo API snapshot matched to workbook; workbook_sha256=6C7ABE1A06917FBF9BEEE26C7462ED00557EA038A5374DFC0EDA9BEB240AB753; model-year semantics follow the user's explicit instruction that IndexYear is the DEI year,projects/empyrean-caster-430308-m2/assets/city; update_time=2024-10-08T06:01:06.845098Z; source/licence/reference-year unresolved; one static layer used for all years,projects/sat-io/open-datasets/npp-viirs-ntl band=b1,longntl_annual_native500m_positive_pixel_sum_v1,南平,南平市,156350700,unique_exact_or_prefix,H3C IndexYear paired to same LongNTL calendar year by user instruction
龙岩市,2023,53.9,38071.6461811098,H3C live AllCityOneInfo API snapshot matched to workbook; workbook_sha256=6C7ABE1A06917FBF9BEEE26C7462ED00557EA038A5374DFC0EDA9BEB240AB753; model-year semantics follow the user's explicit instruction that IndexYear is the DEI year,projects/empyrean-caster-430308-m2/assets/city; update_time=2024-10-08T06:01:06.845098Z; source/licence/reference-year unresolved; one static layer used for all years,projects/sat-io/open-datasets/npp-viirs-ntl band=b1,longntl_annual_native500m_positive_pixel_sum_v1,龙岩,龙岩市,156350800,unique_exact_or_prefix,H3C IndexYear paired to same LongNTL calendar year by user instruction
宁德市,2023,54.1,55525.4812299967,H3C live AllCityOneInfo API snapshot matched to workbook; workbook_sha256=6C7ABE1A06917FBF9BEEE26C7462ED00557EA038A5374DFC0EDA9BEB240AB753; model-year semantics follow the user's explicit instruction that IndexYear is the DEI year,projects/empyrean-caster-430308-m2/assets/city; update_time=2024-10-08T06:01:06.845098Z; source/licence/reference-year unresolved; one static layer used for all years,projects/sat-io/open-datasets/npp-viirs-ntl band=b1,longntl_annual_native500m_positive_pixel_sum_v1,宁德,宁德市,156350900,unique_exact_or_prefix,H3C IndexYear paired to same LongNTL calendar year by user instruction
南昌市,2023,71.2,112872.453047284,H3C live AllCityOneInfo API snapshot matched to workbook; workbook_sha256=6C7ABE1A06917FBF9BEEE26C7462ED00557EA038A5374DFC0EDA9BEB240AB753; model-year semantics follow the user's explicit instruction that IndexYear is the DEI year,projects/empyrean-caster-430308-m2/assets/city; update_time=2024-10-08T06:01:06.845098Z; source/licence/reference-year unresolved; one static layer used for all years,projects/sat-io/open-datasets/npp-viirs-ntl band=b1,longntl_annual_native500m_positive_pixel_sum_v1,南昌,南昌市,156360100,unique_exact_or_prefix,H3C IndexYear paired to same LongNTL calendar year by user instruction
景德镇市,2023,40.9,20215.6528247903,H3C live AllCityOneInfo API snapshot matched to workbook; workbook_sha256=6C7ABE1A06917FBF9BEEE26C7462ED00557EA038A5374DFC0EDA9BEB240AB753; model-year semantics follow the user's explicit instruction that IndexYear is the DEI year,projects/empyrean-caster-430308-m2/assets/city; update_time=2024-10-08T06:01:06.845098Z; source/licence/reference-year unresolved; one static layer used for all years,projects/sat-io/open-datasets/npp-viirs-ntl band=b1,longntl_annual_native500m_positive_pixel_sum_v1,景德镇,景德镇市,156360200,unique_exact_or_prefix,H3C IndexYear paired to same LongNTL calendar year by user instruction
九江市,2023,56.6,51902.1535904221,H3C live AllCityOneInfo API snapshot matched to workbook; workbook_sha256=6C7ABE1A06917FBF9BEEE26C7462ED00557EA038A5374DFC0EDA9BEB240AB753; model-year semantics follow the user's explicit instruction that IndexYear is the DEI year,projects/empyrean-caster-430308-m2/assets/city; update_time=2024-10-08T06:01:06.845098Z; source/licence/reference-year unresolved; one static layer used for all years,projects/sat-io/open-datasets/npp-viirs-ntl band=b1,longntl_annual_native500m_positive_pixel_sum_v1,九江,九江市,156360400,unique_exact_or_prefix,H3C IndexYear paired to same LongNTL calendar year by user instruction
新余市,2023,40.9,11959.5401996645,H3C live AllCityOneInfo API snapshot matched to workbook; workbook_sha256=6C7ABE1A06917FBF9BEEE26C7462ED00557EA038A5374DFC0EDA9BEB240AB753; model-year semantics follow the user's explicit instruction that IndexYear is the DEI year,projects/empyrean-caster-430308-m2/assets/city; update_time=2024-10-08T06:01:06.845098Z; source/licence/reference-year unresolved; one static layer used for all years,projects/sat-io/open-datasets/npp-viirs-ntl band=b1,longntl_annual_native500m_positive_pixel_sum_v1,新余,新余市,156360500,unique_exact_or_prefix,H3C IndexYear paired to same LongNTL calendar year by user instruction
赣州市,2023,55,74592.3135369268,H3C live AllCityOneInfo API snapshot matched to workbook; workbook_sha256=6C7ABE1A06917FBF9BEEE26C7462ED00557EA038A5374DFC0EDA9BEB240AB753; model-year semantics follow the user's explicit instruction that IndexYear is the DEI year,projects/empyrean-caster-430308-m2/assets/city; update_time=2024-10-08T06:01:06.845098Z; source/licence/reference-year unresolved; one static layer used for all years,projects/sat-io/open-datasets/npp-viirs-ntl band=b1,longntl_annual_native500m_positive_pixel_sum_v1,赣州,赣州市,156360700,unique_exact_or_prefix,H3C IndexYear paired to same LongNTL calendar year by user instruction
吉安市,2023,51.8,27007.8257895984,H3C live AllCityOneInfo API snapshot matched to workbook; workbook_sha256=6C7ABE1A06917FBF9BEEE26C7462ED00557EA038A5374DFC0EDA9BEB240AB753; model-year semantics follow the user's explicit instruction that IndexYear is the DEI year,projects/empyrean-caster-430308-m2/assets/city; update_time=2024-10-08T06:01:06.845098Z; source/licence/reference-year unresolved; one static layer used for all years,projects/sat-io/open-datasets/npp-viirs-ntl band=b1,longntl_annual_native500m_positive_pixel_sum_v1,吉安,吉安市,156360800,unique_exact_or_prefix,H3C IndexYear paired to same LongNTL calendar year by user instruction
宜春市,2023,49.1,49234.9408368148,H3C live AllCityOneInfo API snapshot matched to workbook; workbook_sha256=6C7ABE1A06917FBF9BEEE26C7462ED00557EA038A5374DFC0EDA9BEB240AB753; model-year semantics follow the user's explicit instruction that IndexYear is the DEI year,projects/empyrean-caster-430308-m2/assets/city; update_time=2024-10-08T06:01:06.845098Z; source/licence/reference-year unresolved; one static layer used for all years,projects/sat-io/open-datasets/npp-viirs-ntl band=b1,longntl_annual_native500m_positive_pixel_sum_v1,宜春,宜春市,156360900,unique_exact_or_prefix,H3C IndexYear paired to same LongNTL calendar year by user instruction
抚州市,2023,42.4,24220.73282864,H3C live AllCityOneInfo API snapshot matched to workbook; workbook_sha256=6C7ABE1A06917FBF9BEEE26C7462ED00557EA038A5374DFC0EDA9BEB240AB753; model-year semantics follow the user's explicit instruction that IndexYear is the DEI year,projects/empyrean-caster-430308-m2/assets/city; update_time=2024-10-08T06:01:06.845098Z; source/licence/reference-year unresolved; one static layer used for all years,projects/sat-io/open-datasets/npp-viirs-ntl band=b1,longntl_annual_native500m_positive_pixel_sum_v1,抚州,抚州市,156361000,unique_exact_or_prefix,H3C IndexYear paired to same LongNTL calendar year by user instruction
上饶市,2023,50.2,44513.0973775158,H3C live AllCityOneInfo API snapshot matched to workbook; workbook_sha256=6C7ABE1A06917FBF9BEEE26C7462ED00557EA038A5374DFC0EDA9BEB240AB753; model-year semantics follow the user's explicit instruction that IndexYear is the DEI year,projects/empyrean-caster-430308-m2/assets/city; update_time=2024-10-08T06:01:06.845098Z; source/licence/reference-year unresolved; one static layer used for all years,projects/sat-io/open-datasets/npp-viirs-ntl band=b1,longntl_annual_native500m_positive_pixel_sum_v1,上饶,上饶市,156361100,unique_exact_or_prefix,H3C IndexYear paired to same LongNTL calendar year by user instruction
济南市,2023,77.1,184695.338687751,H3C live AllCityOneInfo API snapshot matched to workbook; workbook_sha256=6C7ABE1A06917FBF9BEEE26C7462ED00557EA038A5374DFC0EDA9BEB240AB753; model-year semantics follow the user's explicit instruction that IndexYear is the DEI year,projects/empyrean-caster-430308-m2/assets/city; update_time=2024-10-08T06:01:06.845098Z; source/licence/reference-year unresolved; one static layer used for all years,projects/sat-io/open-datasets/npp-viirs-ntl band=b1,longntl_annual_native500m_positive_pixel_sum_v1,济南,济南市,156370100,unique_exact_or_prefix,H3C IndexYear paired to same LongNTL calendar year by user instruction
青岛市,2023,76.7,234730.876499542,H3C live AllCityOneInfo API snapshot matched to workbook; workbook_sha256=6C7ABE1A06917FBF9BEEE26C7462ED00557EA038A5374DFC0EDA9BEB240AB753; model-year semantics follow the user's explicit instruction that IndexYear is the DEI year,projects/empyrean-caster-430308-m2/assets/city; update_time=2024-10-08T06:01:06.845098Z; source/licence/reference-year unresolved; one static layer used for all years,projects/sat-io/open-datasets/npp-viirs-ntl band=b1,longntl_annual_native500m_positive_pixel_sum_v1,青岛,青岛市,156370200,unique_exact_or_prefix,H3C IndexYear paired to same LongNTL calendar year by user instruction
淄博市,2023,69.1,89397.0857928187,H3C live AllCityOneInfo API snapshot matched to workbook; workbook_sha256=6C7ABE1A06917FBF9BEEE26C7462ED00557EA038A5374DFC0EDA9BEB240AB753; model-year semantics follow the user's explicit instruction that IndexYear is the DEI year,projects/empyrean-caster-430308-m2/assets/city; update_time=2024-10-08T06:01:06.845098Z; source/licence/reference-year unresolved; one static layer used for all years,projects/sat-io/open-datasets/npp-viirs-ntl band=b1,longntl_annual_native500m_positive_pixel_sum_v1,淄博,淄博市,156370300,unique_exact_or_prefix,H3C IndexYear paired to same LongNTL calendar year by user instruction
枣庄市,2023,50.5,50174.7086974163,H3C live AllCityOneInfo API snapshot matched to workbook; workbook_sha256=6C7ABE1A06917FBF9BEEE26C7462ED00557EA038A5374DFC0EDA9BEB240AB753; model-year semantics follow the user's explicit instruction that IndexYear is the DEI year,projects/empyrean-caster-430308-m2/assets/city; update_time=2024-10-08T06:01:06.845098Z; source/licence/reference-year unresolved; one static layer used for all years,projects/sat-io/open-datasets/npp-viirs-ntl band=b1,longntl_annual_native500m_positive_pixel_sum_v1,枣庄,枣庄市,156370400,unique_exact_or_prefix,H3C IndexYear paired to same LongNTL calendar year by user instruction
东营市,2023,62.4,104043.107912793,H3C live AllCityOneInfo API snapshot matched to workbook; workbook_sha256=6C7ABE1A06917FBF9BEEE26C7462ED00557EA038A5374DFC0EDA9BEB240AB753; model-year semantics follow the user's explicit instruction that IndexYear is the DEI year,projects/empyrean-caster-430308-m2/assets/city; update_time=2024-10-08T06:01:06.845098Z; source/licence/reference-year unresolved; one static layer used for all years,projects/sat-io/open-datasets/npp-viirs-ntl band=b1,longntl_annual_native500m_positive_pixel_sum_v1,东营,东营市,156370500,unique_exact_or_prefix,H3C IndexYear paired to same LongNTL calendar year by user instruction
烟台市,2023,74.4,124909.00500415,H3C live AllCityOneInfo API snapshot matched to workbook; workbook_sha256=6C7ABE1A06917FBF9BEEE26C7462ED00557EA038A5374DFC0EDA9BEB240AB753; model-year semantics follow the user's explicit instruction that IndexYear is the DEI year,projects/empyrean-caster-430308-m2/assets/city; update_time=2024-10-08T06:01:06.845098Z; source/licence/reference-year unresolved; one static layer used for all years,projects/sat-io/open-datasets/npp-viirs-ntl band=b1,longntl_annual_native500m_positive_pixel_sum_v1,烟台,烟台市,156370600,unique_exact_or_prefix,H3C IndexYear paired to same LongNTL calendar year by user instruction
潍坊市,2023,72.5,166727.267634017,H3C live AllCityOneInfo API snapshot matched to workbook; workbook_sha256=6C7ABE1A06917FBF9BEEE26C7462ED00557EA038A5374DFC0EDA9BEB240AB753; model-year semantics follow the user's explicit instruction that IndexYear is the DEI year,projects/empyrean-caster-430308-m2/assets/city; update_time=2024-10-08T06:01:06.845098Z; source/licence/reference-year unresolved; one static layer used for all years,projects/sat-io/open-datasets/npp-viirs-ntl band=b1,longntl_annual_native500m_positive_pixel_sum_v1,潍坊,潍坊市,156370700,unique_exact_or_prefix,H3C IndexYear paired to same LongNTL calendar year by user instruction
济宁市,2023,62.8,100227.243780976,H3C live AllCityOneInfo API snapshot matched to workbook; workbook_sha256=6C7ABE1A06917FBF9BEEE26C7462ED00557EA038A5374DFC0EDA9BEB240AB753; model-year semantics follow the user's explicit instruction that IndexYear is the DEI year,projects/empyrean-caster-430308-m2/assets/city; update_time=2024-10-08T06:01:06.845098Z; source/licence/reference-year unresolved; one static layer used for all years,projects/sat-io/open-datasets/npp-viirs-ntl band=b1,longntl_annual_native500m_positive_pixel_sum_v1,济宁,济宁市,156370800,unique_exact_or_prefix,H3C IndexYear paired to same LongNTL calendar year by user instruction
泰安市,2023,54.4,56050.588285491,H3C live AllCityOneInfo API snapshot matched to workbook; workbook_sha256=6C7ABE1A06917FBF9BEEE26C7462ED00557EA038A5374DFC0EDA9BEB240AB753; model-year semantics follow the user's explicit instruction that IndexYear is the DEI year,projects/empyrean-caster-430308-m2/assets/city; update_time=2024-10-08T06:01:06.845098Z; source/licence/reference-year unresolved; one static layer used for all years,projects/sat-io/open-datasets/npp-viirs-ntl band=b1,longntl_annual_native500m_positive_pixel_sum_v1,泰安,泰安市,156370900,unique_exact_or_prefix,H3C IndexYear paired to same LongNTL calendar year by user instruction
威海市,2023,71.6,57447.1377786987,H3C live AllCityOneInfo API snapshot matched to workbook; workbook_sha256=6C7ABE1A06917FBF9BEEE26C7462ED00557EA038A5374DFC0EDA9BEB240AB753; model-year semantics follow the user's explicit instruction that IndexYear is the DEI year,projects/empyrean-caster-430308-m2/assets/city; update_time=2024-10-08T06:01:06.845098Z; source/licence/reference-year unresolved; one static layer used for all years,projects/sat-io/open-datasets/npp-viirs-ntl band=b1,longntl_annual_native500m_positive_pixel_sum_v1,威海,威海市,156371000,unique_exact_or_prefix,H3C IndexYear paired to same LongNTL calendar year by user instruction
日照市,2023,52.5,41731.467082529,H3C live AllCityOneInfo API snapshot matched to workbook; workbook_sha256=6C7ABE1A06917FBF9BEEE26C7462ED00557EA038A5374DFC0EDA9BEB240AB753; model-year semantics follow the user's explicit instruction that IndexYear is the DEI year,projects/empyrean-caster-430308-m2/assets/city; update_time=2024-10-08T06:01:06.845098Z; source/licence/reference-year unresolved; one static layer used for all years,projects/sat-io/open-datasets/npp-viirs-ntl band=b1,longntl_annual_native500m_positive_pixel_sum_v1,日照,日照市,156371100,unique_exact_or_prefix,H3C IndexYear paired to same LongNTL calendar year by user instruction
临沂市,2023,63.1,162937.046866921,H3C live AllCityOneInfo API snapshot matched to workbook; workbook_sha256=6C7ABE1A06917FBF9BEEE26C7462ED00557EA038A5374DFC0EDA9BEB240AB753; model-year semantics follow the user's explicit instruction that IndexYear is the DEI year,projects/empyrean-caster-430308-m2/assets/city; update_time=2024-10-08T06:01:06.845098Z; source/licence/reference-year unresolved; one static layer used for all years,projects/sat-io/open-datasets/npp-viirs-ntl band=b1,longntl_annual_native500m_positive_pixel_sum_v1,临沂,临沂市,156371300,unique_exact_or_prefix,H3C IndexYear paired to same LongNTL calendar year by user instruction
德州市,2023,60.9,71480.8279947767,H3C live AllCityOneInfo API snapshot matched to workbook; workbook_sha256=6C7ABE1A06917FBF9BEEE26C7462ED00557EA038A5374DFC0EDA9BEB240AB753; model-year semantics follow the user's explicit instruction that IndexYear is the DEI year,projects/empyrean-caster-430308-m2/assets/city; update_time=2024-10-08T06:01:06.845098Z; source/licence/reference-year unresolved; one static layer used for all years,projects/sat-io/open-datasets/npp-viirs-ntl band=b1,longntl_annual_native500m_positive_pixel_sum_v1,德州,德州市,156371400,unique_exact_or_prefix,H3C IndexYear paired to same LongNTL calendar year by user instruction
聊城市,2023,46.2,78958.0283866181,H3C live AllCityOneInfo API snapshot matched to workbook; workbook_sha256=6C7ABE1A06917FBF9BEEE26C7462ED00557EA038A5374DFC0EDA9BEB240AB753; model-year semantics follow the user's explicit instruction that IndexYear is the DEI year,projects/empyrean-caster-430308-m2/assets/city; update_time=2024-10-08T06:01:06.845098Z; source/licence/reference-year unresolved; one static layer used for all years,projects/sat-io/open-datasets/npp-viirs-ntl band=b1,longntl_annual_native500m_positive_pixel_sum_v1,聊城,聊城市,156371500,unique_exact_or_prefix,H3C IndexYear paired to same LongNTL calendar year by user instruction
滨州市,2023,63.5,91527.1645558848,H3C live AllCityOneInfo API snapshot matched to workbook; workbook_sha256=6C7ABE1A06917FBF9BEEE26C7462ED00557EA038A5374DFC0EDA9BEB240AB753; model-year semantics follow the user's explicit instruction that IndexYear is the DEI year,projects/empyrean-caster-430308-m2/assets/city; update_time=2024-10-08T06:01:06.845098Z; source/licence/reference-year unresolved; one static layer used for all years,projects/sat-io/open-datasets/npp-viirs-ntl band=b1,longntl_annual_native500m_positive_pixel_sum_v1,滨州,滨州市,156371600,unique_exact_or_prefix,H3C IndexYear paired to same LongNTL calendar year by user instruction
菏泽市,2023,61.2,105107.00574392,H3C live AllCityOneInfo API snapshot matched to workbook; workbook_sha256=6C7ABE1A06917FBF9BEEE26C7462ED00557EA038A5374DFC0EDA9BEB240AB753; model-year semantics follow the user's explicit instruction that IndexYear is the DEI year,projects/empyrean-caster-430308-m2/assets/city; update_time=2024-10-08T06:01:06.845098Z; source/licence/reference-year unresolved; one static layer used for all years,projects/sat-io/open-datasets/npp-viirs-ntl band=b1,longntl_annual_native500m_positive_pixel_sum_v1,菏泽,菏泽市,156371700,unique_exact_or_prefix,H3C IndexYear paired to same LongNTL calendar year by user instruction
郑州市,2023,78,228825.740333902,H3C live AllCityOneInfo API snapshot matched to workbook; workbook_sha256=6C7ABE1A06917FBF9BEEE26C7462ED00557EA038A5374DFC0EDA9BEB240AB753; model-year semantics follow the user's explicit instruction that IndexYear is the DEI year,projects/empyrean-caster-430308-m2/assets/city; update_time=2024-10-08T06:01:06.845098Z; source/licence/reference-year unresolved; one static layer used for all years,projects/sat-io/open-datasets/npp-viirs-ntl band=b1,longntl_annual_native500m_positive_pixel_sum_v1,郑州,郑州市,156410100,unique_exact_or_prefix,H3C IndexYear paired to same LongNTL calendar year by user instruction
开封市,2023,61.5,60741.5932925346,H3C live AllCityOneInfo API snapshot matched to workbook; workbook_sha256=6C7ABE1A06917FBF9BEEE26C7462ED00557EA038A5374DFC0EDA9BEB240AB753; model-year semantics follow the user's explicit instruction that IndexYear is the DEI year,projects/empyrean-caster-430308-m2/assets/city; update_time=2024-10-08T06:01:06.845098Z; source/licence/reference-year unresolved; one static layer used for all years,projects/sat-io/open-datasets/npp-viirs-ntl band=b1,longntl_annual_native500m_positive_pixel_sum_v1,开封,开封市,156410200,unique_exact_or_prefix,H3C IndexYear paired to same LongNTL calendar year by user instruction
洛阳市,2023,62.9,96500.3189847539,H3C live AllCityOneInfo API snapshot matched to workbook; workbook_sha256=6C7ABE1A06917FBF9BEEE26C7462ED00557EA038A5374DFC0EDA9BEB240AB753; model-year semantics follow the user's explicit instruction that IndexYear is the DEI year,projects/empyrean-caster-430308-m2/assets/city; update_time=2024-10-08T06:01:06.845098Z; source/licence/reference-year unresolved; one static layer used for all years,projects/sat-io/open-datasets/npp-viirs-ntl band=b1,longntl_annual_native500m_positive_pixel_sum_v1,洛阳,洛阳市,156410300,unique_exact_or_prefix,H3C IndexYear paired to same LongNTL calendar year by user instruction
平顶山市,2023,54.5,51245.9220956522,H3C live AllCityOneInfo API snapshot matched to workbook; workbook_sha256=6C7ABE1A06917FBF9BEEE26C7462ED00557EA038A5374DFC0EDA9BEB240AB753; model-year semantics follow the user's explicit instruction that IndexYear is the DEI year,projects/empyrean-caster-430308-m2/assets/city; update_time=2024-10-08T06:01:06.845098Z; source/licence/reference-year unresolved; one static layer used for all years,projects/sat-io/open-datasets/npp-viirs-ntl band=b1,longntl_annual_native500m_positive_pixel_sum_v1,平顶山,平顶山市,156410400,unique_exact_or_prefix,H3C IndexYear paired to same LongNTL calendar year by user instruction
安阳市,2023,48.4,62573.7693547562,H3C live AllCityOneInfo API snapshot matched to workbook; workbook_sha256=6C7ABE1A06917FBF9BEEE26C7462ED00557EA038A5374DFC0EDA9BEB240AB753; model-year semantics follow the user's explicit instruction that IndexYear is the DEI year,projects/empyrean-caster-430308-m2/assets/city; update_time=2024-10-08T06:01:06.845098Z; source/licence/reference-year unresolved; one static layer used for all years,projects/sat-io/open-datasets/npp-viirs-ntl band=b1,longntl_annual_native500m_positive_pixel_sum_v1,安阳,安阳市,156410500,unique_exact_or_prefix,H3C IndexYear paired to same LongNTL calendar year by user instruction
鹤壁市,2023,44.8,25387.3565375926,H3C live AllCityOneInfo API snapshot matched to workbook; workbook_sha256=6C7ABE1A06917FBF9BEEE26C7462ED00557EA038A5374DFC0EDA9BEB240AB753; model-year semantics follow the user's explicit instruction that IndexYear is the DEI year,projects/empyrean-caster-430308-m2/assets/city; update_time=2024-10-08T06:01:06.845098Z; source/licence/reference-year unresolved; one static layer used for all years,projects/sat-io/open-datasets/npp-viirs-ntl band=b1,longntl_annual_native500m_positive_pixel_sum_v1,鹤壁,鹤壁市,156410600,unique_exact_or_prefix,H3C IndexYear paired to same LongNTL calendar year by user instruction
新乡市,2023,53.7,86823.2693440288,H3C live AllCityOneInfo API snapshot matched to workbook; workbook_sha256=6C7ABE1A06917FBF9BEEE26C7462ED00557EA038A5374DFC0EDA9BEB240AB753; model-year semantics follow the user's explicit instruction that IndexYear is the DEI year,projects/empyrean-caster-430308-m2/assets/city; update_time=2024-10-08T06:01:06.845098Z; source/licence/reference-year unresolved; one static layer used for all years,projects/sat-io/open-datasets/npp-viirs-ntl band=b1,longntl_annual_native500m_positive_pixel_sum_v1,新乡,新乡市,156410700,unique_exact_or_prefix,H3C IndexYear paired to same LongNTL calendar year by user instruction
焦作市,2023,56.3,47310.0198446437,H3C live AllCityOneInfo API snapshot matched to workbook; workbook_sha256=6C7ABE1A06917FBF9BEEE26C7462ED00557EA038A5374DFC0EDA9BEB240AB753; model-year semantics follow the user's explicit instruction that IndexYear is the DEI year,projects/empyrean-caster-430308-m2/assets/city; update_time=2024-10-08T06:01:06.845098Z; source/licence/reference-year unresolved; one static layer used for all years,projects/sat-io/open-datasets/npp-viirs-ntl band=b1,longntl_annual_native500m_positive_pixel_sum_v1,焦作,焦作市,156410800,unique_exact_or_prefix,H3C IndexYear paired to same LongNTL calendar year by user instruction
濮阳市,2023,42,51583.5869709029,H3C live AllCityOneInfo API snapshot matched to workbook; workbook_sha256=6C7ABE1A06917FBF9BEEE26C7462ED00557EA038A5374DFC0EDA9BEB240AB753; model-year semantics follow the user's explicit instruction that IndexYear is the DEI year,projects/empyrean-caster-430308-m2/assets/city; update_time=2024-10-08T06:01:06.845098Z; source/licence/reference-year unresolved; one static layer used for all years,projects/sat-io/open-datasets/npp-viirs-ntl band=b1,longntl_annual_native500m_positive_pixel_sum_v1,濮阳,濮阳市,156410900,unique_exact_or_prefix,H3C IndexYear paired to same LongNTL calendar year by user instruction
许昌市,2023,55.8,44579.6150282472,H3C live AllCityOneInfo API snapshot matched to workbook; workbook_sha256=6C7ABE1A06917FBF9BEEE26C7462ED00557EA038A5374DFC0EDA9BEB240AB753; model-year semantics follow the user's explicit instruction that IndexYear is the DEI year,projects/empyrean-caster-430308-m2/assets/city; update_time=2024-10-08T06:01:06.845098Z; source/licence/reference-year unresolved; one static layer used for all years,projects/sat-io/open-datasets/npp-viirs-ntl band=b1,longntl_annual_native500m_positive_pixel_sum_v1,许昌,许昌市,156411000,unique_exact_or_prefix,H3C IndexYear paired to same LongNTL calendar year by user instruction
漯河市,2023,45.7,32089.3788277696,H3C live AllCityOneInfo API snapshot matched to workbook; workbook_sha256=6C7ABE1A06917FBF9BEEE26C7462ED00557EA038A5374DFC0EDA9BEB240AB753; model-year semantics follow the user's explicit instruction that IndexYear is the DEI year,projects/empyrean-caster-430308-m2/assets/city; update_time=2024-10-08T06:01:06.845098Z; source/licence/reference-year unresolved; one static layer used for all years,projects/sat-io/open-datasets/npp-viirs-ntl band=b1,longntl_annual_native500m_positive_pixel_sum_v1,漯河,漯河市,156411100,unique_exact_or_prefix,H3C IndexYear paired to same LongNTL calendar year by user instruction
三门峡市,2023,45.4,22416.8613254585,H3C live AllCityOneInfo API snapshot matched to workbook; workbook_sha256=6C7ABE1A06917FBF9BEEE26C7462ED00557EA038A5374DFC0EDA9BEB240AB753; model-year semantics follow the user's explicit instruction that IndexYear is the DEI year,projects/empyrean-caster-430308-m2/assets/city; update_time=2024-10-08T06:01:06.845098Z; source/licence/reference-year unresolved; one static layer used for all years,projects/sat-io/open-datasets/npp-viirs-ntl band=b1,longntl_annual_native500m_positive_pixel_sum_v1,三门峡,三门峡市,156411200,unique_exact_or_prefix,H3C IndexYear paired to same LongNTL calendar year by user instruction
南阳市,2023,55.5,70245.7757637977,H3C live AllCityOneInfo API snapshot matched to workbook; workbook_sha256=6C7ABE1A06917FBF9BEEE26C7462ED00557EA038A5374DFC0EDA9BEB240AB753; model-year semantics follow the user's explicit instruction that IndexYear is the DEI year,projects/empyrean-caster-430308-m2/assets/city; update_time=2024-10-08T06:01:06.845098Z; source/licence/reference-year unresolved; one static layer used for all years,projects/sat-io/open-datasets/npp-viirs-ntl band=b1,longntl_annual_native500m_positive_pixel_sum_v1,南阳,南阳市,156411300,unique_exact_or_prefix,H3C IndexYear paired to same LongNTL calendar year by user instruction
商丘市,2023,54,80477.8066717499,H3C live AllCityOneInfo API snapshot matched to workbook; workbook_sha256=6C7ABE1A06917FBF9BEEE26C7462ED00557EA038A5374DFC0EDA9BEB240AB753; model-year semantics follow the user's explicit instruction that IndexYear is the DEI year,projects/empyrean-caster-430308-m2/assets/city; update_time=2024-10-08T06:01:06.845098Z; source/licence/reference-year unresolved; one static layer used for all years,projects/sat-io/open-datasets/npp-viirs-ntl band=b1,longntl_annual_native500m_positive_pixel_sum_v1,商丘,商丘市,156411400,unique_exact_or_prefix,H3C IndexYear paired to same LongNTL calendar year by user instruction
信阳市,2023,55.1,43609.2539533494,H3C live AllCityOneInfo API snapshot matched to workbook; workbook_sha256=6C7ABE1A06917FBF9BEEE26C7462ED00557EA038A5374DFC0EDA9BEB240AB753; model-year semantics follow the user's explicit instruction that IndexYear is the DEI year,projects/empyrean-caster-430308-m2/assets/city; update_time=2024-10-08T06:01:06.845098Z; source/licence/reference-year unresolved; one static layer used for all years,projects/sat-io/open-datasets/npp-viirs-ntl band=b1,longntl_annual_native500m_positive_pixel_sum_v1,信阳,信阳市,156411500,unique_exact_or_prefix,H3C IndexYear paired to same LongNTL calendar year by user instruction
周口市,2023,60.6,80690.0549153655,H3C live AllCityOneInfo API snapshot matched to workbook; workbook_sha256=6C7ABE1A06917FBF9BEEE26C7462ED00557EA038A5374DFC0EDA9BEB240AB753; model-year semantics follow the user's explicit instruction that IndexYear is the DEI year,projects/empyrean-caster-430308-m2/assets/city; update_time=2024-10-08T06:01:06.845098Z; source/licence/reference-year unresolved; one static layer used for all years,projects/sat-io/open-datasets/npp-viirs-ntl band=b1,longntl_annual_native500m_positive_pixel_sum_v1,周口,周口市,156411600,unique_exact_or_prefix,H3C IndexYear paired to same LongNTL calendar year by user instruction
驻马店市,2023,49.8,68241.2332623645,H3C live AllCityOneInfo API snapshot matched to workbook; workbook_sha256=6C7ABE1A06917FBF9BEEE26C7462ED00557EA038A5374DFC0EDA9BEB240AB753; model-year semantics follow the user's explicit instruction that IndexYear is the DEI year,projects/empyrean-caster-430308-m2/assets/city; update_time=2024-10-08T06:01:06.845098Z; source/licence/reference-year unresolved; one static layer used for all years,projects/sat-io/open-datasets/npp-viirs-ntl band=b1,longntl_annual_native500m_positive_pixel_sum_v1,驻马店,驻马店市,156411700,unique_exact_or_prefix,H3C IndexYear paired to same LongNTL calendar year by user instruction
武汉市,2023,81.2,273523.256900835,H3C live AllCityOneInfo API snapshot matched to workbook; workbook_sha256=6C7ABE1A06917FBF9BEEE26C7462ED00557EA038A5374DFC0EDA9BEB240AB753; model-year semantics follow the user's explicit instruction that IndexYear is the DEI year,projects/empyrean-caster-430308-m2/assets/city; update_time=2024-10-08T06:01:06.845098Z; source/licence/reference-year unresolved; one static layer used for all years,projects/sat-io/open-datasets/npp-viirs-ntl band=b1,longntl_annual_native500m_positive_pixel_sum_v1,武汉,武汉市,156420100,unique_exact_or_prefix,H3C IndexYear paired to same LongNTL calendar year by user instruction
黄石市,2023,48.6,27089.2645269586,H3C live AllCityOneInfo API snapshot matched to workbook; workbook_sha256=6C7ABE1A06917FBF9BEEE26C7462ED00557EA038A5374DFC0EDA9BEB240AB753; model-year semantics follow the user's explicit instruction that IndexYear is the DEI year,projects/empyrean-caster-430308-m2/assets/city; update_time=2024-10-08T06:01:06.845098Z; source/licence/reference-year unresolved; one static layer used for all years,projects/sat-io/open-datasets/npp-viirs-ntl band=b1,longntl_annual_native500m_positive_pixel_sum_v1,黄石,黄石市,156420200,unique_exact_or_prefix,H3C IndexYear paired to same LongNTL calendar year by user instruction
十堰市,2023,48.9,21765.865469106,H3C live AllCityOneInfo API snapshot matched to workbook; workbook_sha256=6C7ABE1A06917FBF9BEEE26C7462ED00557EA038A5374DFC0EDA9BEB240AB753; model-year semantics follow the user's explicit instruction that IndexYear is the DEI year,projects/empyrean-caster-430308-m2/assets/city; update_time=2024-10-08T06:01:06.845098Z; source/licence/reference-year unresolved; one static layer used for all years,projects/sat-io/open-datasets/npp-viirs-ntl band=b1,longntl_annual_native500m_positive_pixel_sum_v1,十堰,十堰市,156420300,unique_exact_or_prefix,H3C IndexYear paired to same LongNTL calendar year by user instruction
宜昌市,2023,65.5,45033.70275163,H3C live AllCityOneInfo API snapshot matched to workbook; workbook_sha256=6C7ABE1A06917FBF9BEEE26C7462ED00557EA038A5374DFC0EDA9BEB240AB753; model-year semantics follow the user's explicit instruction that IndexYear is the DEI year,projects/empyrean-caster-430308-m2/assets/city; update_time=2024-10-08T06:01:06.845098Z; source/licence/reference-year unresolved; one static layer used for all years,projects/sat-io/open-datasets/npp-viirs-ntl band=b1,longntl_annual_native500m_positive_pixel_sum_v1,宜昌,宜昌市,156420500,unique_exact_or_prefix,H3C IndexYear paired to same LongNTL calendar year by user instruction
襄阳市,2023,62.9,44559.975590395,H3C live AllCityOneInfo API snapshot matched to workbook; workbook_sha256=6C7ABE1A06917FBF9BEEE26C7462ED00557EA038A5374DFC0EDA9BEB240AB753; model-year semantics follow the user's explicit instruction that IndexYear is the DEI year,projects/empyrean-caster-430308-m2/assets/city; update_time=2024-10-08T06:01:06.845098Z; source/licence/reference-year unresolved; one static layer used for all years,projects/sat-io/open-datasets/npp-viirs-ntl band=b1,longntl_annual_native500m_positive_pixel_sum_v1,襄阳,襄阳市,156420600,unique_exact_or_prefix,H3C IndexYear paired to same LongNTL calendar year by user instruction
鄂州市,2023,45.4,23498.7114425042,H3C live AllCityOneInfo API snapshot matched to workbook; workbook_sha256=6C7ABE1A06917FBF9BEEE26C7462ED00557EA038A5374DFC0EDA9BEB240AB753; model-year semantics follow the user's explicit instruction that IndexYear is the DEI year,projects/empyrean-caster-430308-m2/assets/city; update_time=2024-10-08T06:01:06.845098Z; source/licence/reference-year unresolved; one static layer used for all years,projects/sat-io/open-datasets/npp-viirs-ntl band=b1,longntl_annual_native500m_positive_pixel_sum_v1,鄂州,鄂州市,156420700,unique_exact_or_prefix,H3C IndexYear paired to same LongNTL calendar year by user instruction
荆门市,2023,48.3,19642.4268393554,H3C live AllCityOneInfo API snapshot matched to workbook; workbook_sha256=6C7ABE1A06917FBF9BEEE26C7462ED00557EA038A5374DFC0EDA9BEB240AB753; model-year semantics follow the user's explicit instruction that IndexYear is the DEI year,projects/empyrean-caster-430308-m2/assets/city; update_time=2024-10-08T06:01:06.845098Z; source/licence/reference-year unresolved; one static layer used for all years,projects/sat-io/open-datasets/npp-viirs-ntl band=b1,longntl_annual_native500m_positive_pixel_sum_v1,荆门,荆门市,156420800,unique_exact_or_prefix,H3C IndexYear paired to same LongNTL calendar year by user instruction
孝感市,2023,48.4,35269.6998760046,H3C live AllCityOneInfo API snapshot matched to workbook; workbook_sha256=6C7ABE1A06917FBF9BEEE26C7462ED00557EA038A5374DFC0EDA9BEB240AB753; model-year semantics follow the user's explicit instruction that IndexYear is the DEI year,projects/empyrean-caster-430308-m2/assets/city; update_time=2024-10-08T06:01:06.845098Z; source/licence/reference-year unresolved; one static layer used for all years,projects/sat-io/open-datasets/npp-viirs-ntl band=b1,longntl_annual_native500m_positive_pixel_sum_v1,孝感,孝感市,156420900,unique_exact_or_prefix,H3C IndexYear paired to same LongNTL calendar year by user instruction
荆州市,2023,48,41340.2485544228,H3C live AllCityOneInfo API snapshot matched to workbook; workbook_sha256=6C7ABE1A06917FBF9BEEE26C7462ED00557EA038A5374DFC0EDA9BEB240AB753; model-year semantics follow the user's explicit instruction that IndexYear is the DEI year,projects/empyrean-caster-430308-m2/assets/city; update_time=2024-10-08T06:01:06.845098Z; source/licence/reference-year unresolved; one static layer used for all years,projects/sat-io/open-datasets/npp-viirs-ntl band=b1,longntl_annual_native500m_positive_pixel_sum_v1,荆州,荆州市,156421000,unique_exact_or_prefix,H3C IndexYear paired to same LongNTL calendar year by user instruction
黄冈市,2023,46.1,39011.1138050332,H3C live AllCityOneInfo API snapshot matched to workbook; workbook_sha256=6C7ABE1A06917FBF9BEEE26C7462ED00557EA038A5374DFC0EDA9BEB240AB753; model-year semantics follow the user's explicit instruction that IndexYear is the DEI year,projects/empyrean-caster-430308-m2/assets/city; update_time=2024-10-08T06:01:06.845098Z; source/licence/reference-year unresolved; one static layer used for all years,projects/sat-io/open-datasets/npp-viirs-ntl band=b1,longntl_annual_native500m_positive_pixel_sum_v1,黄冈,黄冈市,156421100,unique_exact_or_prefix,H3C IndexYear paired to same LongNTL calendar year by user instruction
咸宁市,2023,41.8,18849.9785139949,H3C live AllCityOneInfo API snapshot matched to workbook; workbook_sha256=6C7ABE1A06917FBF9BEEE26C7462ED00557EA038A5374DFC0EDA9BEB240AB753; model-year semantics follow the user's explicit instruction that IndexYear is the DEI year,projects/empyrean-caster-430308-m2/assets/city; update_time=2024-10-08T06:01:06.845098Z; source/licence/reference-year unresolved; one static layer used for all years,projects/sat-io/open-datasets/npp-viirs-ntl band=b1,longntl_annual_native500m_positive_pixel_sum_v1,咸宁,咸宁市,156421200,unique_exact_or_prefix,H3C IndexYear paired to same LongNTL calendar year by user instruction
随州市,2023,43.7,12001.592350166,H3C live AllCityOneInfo API snapshot matched to workbook; workbook_sha256=6C7ABE1A06917FBF9BEEE26C7462ED00557EA038A5374DFC0EDA9BEB240AB753; model-year semantics follow the user's explicit instruction that IndexYear is the DEI year,projects/empyrean-caster-430308-m2/assets/city; update_time=2024-10-08T06:01:06.845098Z; source/licence/reference-year unresolved; one static layer used for all years,projects/sat-io/open-datasets/npp-viirs-ntl band=b1,longntl_annual_native500m_positive_pixel_sum_v1,随州,随州市,156421300,unique_exact_or_prefix,H3C IndexYear paired to same LongNTL calendar year by user instruction
恩施土家族苗族自治州,2023,40.8,19000.9055856275,H3C live AllCityOneInfo API snapshot matched to workbook; workbook_sha256=6C7ABE1A06917FBF9BEEE26C7462ED00557EA038A5374DFC0EDA9BEB240AB753; model-year semantics follow the user's explicit instruction that IndexYear is the DEI year,projects/empyrean-caster-430308-m2/assets/city; update_time=2024-10-08T06:01:06.845098Z; source/licence/reference-year unresolved; one static layer used for all years,projects/sat-io/open-datasets/npp-viirs-ntl band=b1,longntl_annual_native500m_positive_pixel_sum_v1,恩施,恩施土家族苗族自治州,156422800,unique_exact_or_prefix,H3C IndexYear paired to same LongNTL calendar year by user instruction
长沙市,2023,76.5,163175.668296876,H3C live AllCityOneInfo API snapshot matched to workbook; workbook_sha256=6C7ABE1A06917FBF9BEEE26C7462ED00557EA038A5374DFC0EDA9BEB240AB753; model-year semantics follow the user's explicit instruction that IndexYear is the DEI year,projects/empyrean-caster-430308-m2/assets/city; update_time=2024-10-08T06:01:06.845098Z; source/licence/reference-year unresolved; one static layer used for all years,projects/sat-io/open-datasets/npp-viirs-ntl band=b1,longntl_annual_native500m_positive_pixel_sum_v1,长沙,长沙市,156430100,unique_exact_or_prefix,H3C IndexYear paired to same LongNTL calendar year by user instruction
株洲市,2023,54,25649.203742642,H3C live AllCityOneInfo API snapshot matched to workbook; workbook_sha256=6C7ABE1A06917FBF9BEEE26C7462ED00557EA038A5374DFC0EDA9BEB240AB753; model-year semantics follow the user's explicit instruction that IndexYear is the DEI year,projects/empyrean-caster-430308-m2/assets/city; update_time=2024-10-08T06:01:06.845098Z; source/licence/reference-year unresolved; one static layer used for all years,projects/sat-io/open-datasets/npp-viirs-ntl band=b1,longntl_annual_native500m_positive_pixel_sum_v1,株洲,株洲市,156430200,unique_exact_or_prefix,H3C IndexYear paired to same LongNTL calendar year by user instruction
湘潭市,2023,53.5,24753.2416846743,H3C live AllCityOneInfo API snapshot matched to workbook; workbook_sha256=6C7ABE1A06917FBF9BEEE26C7462ED00557EA038A5374DFC0EDA9BEB240AB753; model-year semantics follow the user's explicit instruction that IndexYear is the DEI year,projects/empyrean-caster-430308-m2/assets/city; update_time=2024-10-08T06:01:06.845098Z; source/licence/reference-year unresolved; one static layer used for all years,projects/sat-io/open-datasets/npp-viirs-ntl band=b1,longntl_annual_native500m_positive_pixel_sum_v1,湘潭,湘潭市,156430300,unique_exact_or_prefix,H3C IndexYear paired to same LongNTL calendar year by user instruction
衡阳市,2023,55.8,24983.5458172938,H3C live AllCityOneInfo API snapshot matched to workbook; workbook_sha256=6C7ABE1A06917FBF9BEEE26C7462ED00557EA038A5374DFC0EDA9BEB240AB753; model-year semantics follow the user's explicit instruction that IndexYear is the DEI year,projects/empyrean-caster-430308-m2/assets/city; update_time=2024-10-08T06:01:06.845098Z; source/licence/reference-year unresolved; one static layer used for all years,projects/sat-io/open-datasets/npp-viirs-ntl band=b1,longntl_annual_native500m_positive_pixel_sum_v1,衡阳,衡阳市,156430400,unique_exact_or_prefix,H3C IndexYear paired to same LongNTL calendar year by user instruction
邵阳市,2023,47,20985.4633785907,H3C live AllCityOneInfo API snapshot matched to workbook; workbook_sha256=6C7ABE1A06917FBF9BEEE26C7462ED00557EA038A5374DFC0EDA9BEB240AB753; model-year semantics follow the user's explicit instruction that IndexYear is the DEI year,projects/empyrean-caster-430308-m2/assets/city; update_time=2024-10-08T06:01:06.845098Z; source/licence/reference-year unresolved; one static layer used for all years,projects/sat-io/open-datasets/npp-viirs-ntl band=b1,longntl_annual_native500m_positive_pixel_sum_v1,邵阳,邵阳市,156430500,unique_exact_or_prefix,H3C IndexYear paired to same LongNTL calendar year by user instruction
岳阳市,2023,54.7,34654.2340139913,H3C live AllCityOneInfo API snapshot matched to workbook; workbook_sha256=6C7ABE1A06917FBF9BEEE26C7462ED00557EA038A5374DFC0EDA9BEB240AB753; model-year semantics follow the user's explicit instruction that IndexYear is the DEI year,projects/empyrean-caster-430308-m2/assets/city; update_time=2024-10-08T06:01:06.845098Z; source/licence/reference-year unresolved; one static layer used for all years,projects/sat-io/open-datasets/npp-viirs-ntl band=b1,longntl_annual_native500m_positive_pixel_sum_v1,岳阳,岳阳市,156430600,unique_exact_or_prefix,H3C IndexYear paired to same LongNTL calendar year by user instruction
常德市,2023,57.8,30780.4178716416,H3C live AllCityOneInfo API snapshot matched to workbook; workbook_sha256=6C7ABE1A06917FBF9BEEE26C7462ED00557EA038A5374DFC0EDA9BEB240AB753; model-year semantics follow the user's explicit instruction that IndexYear is the DEI year,projects/empyrean-caster-430308-m2/assets/city; update_time=2024-10-08T06:01:06.845098Z; source/licence/reference-year unresolved; one static layer used for all years,projects/sat-io/open-datasets/npp-viirs-ntl band=b1,longntl_annual_native500m_positive_pixel_sum_v1,常德,常德市,156430700,unique_exact_or_prefix,H3C IndexYear paired to same LongNTL calendar year by user instruction
益阳市,2023,50.2,16929.3054473106,H3C live AllCityOneInfo API snapshot matched to workbook; workbook_sha256=6C7ABE1A06917FBF9BEEE26C7462ED00557EA038A5374DFC0EDA9BEB240AB753; model-year semantics follow the user's explicit instruction that IndexYear is the DEI year,projects/empyrean-caster-430308-m2/assets/city; update_time=2024-10-08T06:01:06.845098Z; source/licence/reference-year unresolved; one static layer used for all years,projects/sat-io/open-datasets/npp-viirs-ntl band=b1,longntl_annual_native500m_positive_pixel_sum_v1,益阳,益阳市,156430900,unique_exact_or_prefix,H3C IndexYear paired to same LongNTL calendar year by user instruction
郴州市,2023,50.8,19778.9325227204,H3C live AllCityOneInfo API snapshot matched to workbook; workbook_sha256=6C7ABE1A06917FBF9BEEE26C7462ED00557EA038A5374DFC0EDA9BEB240AB753; model-year semantics follow the user's explicit instruction that IndexYear is the DEI year,projects/empyrean-caster-430308-m2/assets/city; update_time=2024-10-08T06:01:06.845098Z; source/licence/reference-year unresolved; one static layer used for all years,projects/sat-io/open-datasets/npp-viirs-ntl band=b1,longntl_annual_native500m_positive_pixel_sum_v1,郴州,郴州市,156431000,unique_exact_or_prefix,H3C IndexYear paired to same LongNTL calendar year by user instruction
永州市,2023,47.5,21529.2267602051,H3C live AllCityOneInfo API snapshot matched to workbook; workbook_sha256=6C7ABE1A06917FBF9BEEE26C7462ED00557EA038A5374DFC0EDA9BEB240AB753; model-year semantics follow the user's explicit instruction that IndexYear is the DEI year,projects/empyrean-caster-430308-m2/assets/city; update_time=2024-10-08T06:01:06.845098Z; source/licence/reference-year unresolved; one static layer used for all years,projects/sat-io/open-datasets/npp-viirs-ntl band=b1,longntl_annual_native500m_positive_pixel_sum_v1,永州,永州市,156431100,unique_exact_or_prefix,H3C IndexYear paired to same LongNTL calendar year by user instruction
怀化市,2023,42,18336.9688868242,H3C live AllCityOneInfo API snapshot matched to workbook; workbook_sha256=6C7ABE1A06917FBF9BEEE26C7462ED00557EA038A5374DFC0EDA9BEB240AB753; model-year semantics follow the user's explicit instruction that IndexYear is the DEI year,projects/empyrean-caster-430308-m2/assets/city; update_time=2024-10-08T06:01:06.845098Z; source/licence/reference-year unresolved; one static layer used for all years,projects/sat-io/open-datasets/npp-viirs-ntl band=b1,longntl_annual_native500m_positive_pixel_sum_v1,怀化,怀化市,156431200,unique_exact_or_prefix,H3C IndexYear paired to same LongNTL calendar year by user instruction
娄底市,2023,43,18157.3528547605,H3C live AllCityOneInfo API snapshot matched to workbook; workbook_sha256=6C7ABE1A06917FBF9BEEE26C7462ED00557EA038A5374DFC0EDA9BEB240AB753; model-year semantics follow the user's explicit instruction that IndexYear is the DEI year,projects/empyrean-caster-430308-m2/assets/city; update_time=2024-10-08T06:01:06.845098Z; source/licence/reference-year unresolved; one static layer used for all years,projects/sat-io/open-datasets/npp-viirs-ntl band=b1,longntl_annual_native500m_positive_pixel_sum_v1,娄底,娄底市,156431300,unique_exact_or_prefix,H3C IndexYear paired to same LongNTL calendar year by user instruction
广州市,2023,87.9,310333.311987125,H3C live AllCityOneInfo API snapshot matched to workbook; workbook_sha256=6C7ABE1A06917FBF9BEEE26C7462ED00557EA038A5374DFC0EDA9BEB240AB753; model-year semantics follow the user's explicit instruction that IndexYear is the DEI year,projects/empyrean-caster-430308-m2/assets/city; update_time=2024-10-08T06:01:06.845098Z; source/licence/reference-year unresolved; one static layer used for all years,projects/sat-io/open-datasets/npp-viirs-ntl band=b1,longntl_annual_native500m_positive_pixel_sum_v1,广州,广州市,156440100,unique_exact_or_prefix,H3C IndexYear paired to same LongNTL calendar year by user instruction
韶关市,2023,45.3,37320.2648003246,H3C live AllCityOneInfo API snapshot matched to workbook; workbook_sha256=6C7ABE1A06917FBF9BEEE26C7462ED00557EA038A5374DFC0EDA9BEB240AB753; model-year semantics follow the user's explicit instruction that IndexYear is the DEI year,projects/empyrean-caster-430308-m2/assets/city; update_time=2024-10-08T06:01:06.845098Z; source/licence/reference-year unresolved; one static layer used for all years,projects/sat-io/open-datasets/npp-viirs-ntl band=b1,longntl_annual_native500m_positive_pixel_sum_v1,韶关,韶关市,156440200,unique_exact_or_prefix,H3C IndexYear paired to same LongNTL calendar year by user instruction
深圳市,2023,92,215029.139166634,H3C live AllCityOneInfo API snapshot matched to workbook; workbook_sha256=6C7ABE1A06917FBF9BEEE26C7462ED00557EA038A5374DFC0EDA9BEB240AB753; model-year semantics follow the user's explicit instruction that IndexYear is the DEI year,projects/empyrean-caster-430308-m2/assets/city; update_time=2024-10-08T06:01:06.845098Z; source/licence/reference-year unresolved; one static layer used for all years,projects/sat-io/open-datasets/npp-viirs-ntl band=b1,longntl_annual_native500m_positive_pixel_sum_v1,深圳,深圳市,156440300,unique_exact_or_prefix,H3C IndexYear paired to same LongNTL calendar year by user instruction
珠海市,2023,71.7,63183.8988357404,H3C live AllCityOneInfo API snapshot matched to workbook; workbook_sha256=6C7ABE1A06917FBF9BEEE26C7462ED00557EA038A5374DFC0EDA9BEB240AB753; model-year semantics follow the user's explicit instruction that IndexYear is the DEI year,projects/empyrean-caster-430308-m2/assets/city; update_time=2024-10-08T06:01:06.845098Z; source/licence/reference-year unresolved; one static layer used for all years,projects/sat-io/open-datasets/npp-viirs-ntl band=b1,longntl_annual_native500m_positive_pixel_sum_v1,珠海,珠海市,156440400,unique_exact_or_prefix,H3C IndexYear paired to same LongNTL calendar year by user instruction
汕头市,2023,63.7,90321.1693906069,H3C live AllCityOneInfo API snapshot matched to workbook; workbook_sha256=6C7ABE1A06917FBF9BEEE26C7462ED00557EA038A5374DFC0EDA9BEB240AB753; model-year semantics follow the user's explicit instruction that IndexYear is the DEI year,projects/empyrean-caster-430308-m2/assets/city; update_time=2024-10-08T06:01:06.845098Z; source/licence/reference-year unresolved; one static layer used for all years,projects/sat-io/open-datasets/npp-viirs-ntl band=b1,longntl_annual_native500m_positive_pixel_sum_v1,汕头,汕头市,156440500,unique_exact_or_prefix,H3C IndexYear paired to same LongNTL calendar year by user instruction
佛山市,2023,75.2,190914.096298764,H3C live AllCityOneInfo API snapshot matched to workbook; workbook_sha256=6C7ABE1A06917FBF9BEEE26C7462ED00557EA038A5374DFC0EDA9BEB240AB753; model-year semantics follow the user's explicit instruction that IndexYear is the DEI year,projects/empyrean-caster-430308-m2/assets/city; update_time=2024-10-08T06:01:06.845098Z; source/licence/reference-year unresolved; one static layer used for all years,projects/sat-io/open-datasets/npp-viirs-ntl band=b1,longntl_annual_native500m_positive_pixel_sum_v1,佛山,佛山市,156440600,unique_exact_or_prefix,H3C IndexYear paired to same LongNTL calendar year by user instruction
江门市,2023,66,106916.925282206,H3C live AllCityOneInfo API snapshot matched to workbook; workbook_sha256=6C7ABE1A06917FBF9BEEE26C7462ED00557EA038A5374DFC0EDA9BEB240AB753; model-year semantics follow the user's explicit instruction that IndexYear is the DEI year,projects/empyrean-caster-430308-m2/assets/city; update_time=2024-10-08T06:01:06.845098Z; source/licence/reference-year unresolved; one static layer used for all years,projects/sat-io/open-datasets/npp-viirs-ntl band=b1,longntl_annual_native500m_positive_pixel_sum_v1,江门,江门市,156440700,unique_exact_or_prefix,H3C IndexYear paired to same LongNTL calendar year by user instruction
湛江市,2023,61.4,98193.1344992479,H3C live AllCityOneInfo API snapshot matched to workbook; workbook_sha256=6C7ABE1A06917FBF9BEEE26C7462ED00557EA038A5374DFC0EDA9BEB240AB753; model-year semantics follow the user's explicit instruction that IndexYear is the DEI year,projects/empyrean-caster-430308-m2/assets/city; update_time=2024-10-08T06:01:06.845098Z; source/licence/reference-year unresolved; one static layer used for all years,projects/sat-io/open-datasets/npp-viirs-ntl band=b1,longntl_annual_native500m_positive_pixel_sum_v1,湛江,湛江市,156440800,unique_exact_or_prefix,H3C IndexYear paired to same LongNTL calendar year by user instruction
茂名市,2023,55.4,60339.7662114676,H3C live AllCityOneInfo API snapshot matched to workbook; workbook_sha256=6C7ABE1A06917FBF9BEEE26C7462ED00557EA038A5374DFC0EDA9BEB240AB753; model-year semantics follow the user's explicit instruction that IndexYear is the DEI year,projects/empyrean-caster-430308-m2/assets/city; update_time=2024-10-08T06:01:06.845098Z; source/licence/reference-year unresolved; one static layer used for all years,projects/sat-io/open-datasets/npp-viirs-ntl band=b1,longntl_annual_native500m_positive_pixel_sum_v1,茂名,茂名市,156440900,unique_exact_or_prefix,H3C IndexYear paired to same LongNTL calendar year by user instruction
肇庆市,2023,56.7,61445.6849880228,H3C live AllCityOneInfo API snapshot matched to workbook; workbook_sha256=6C7ABE1A06917FBF9BEEE26C7462ED00557EA038A5374DFC0EDA9BEB240AB753; model-year semantics follow the user's explicit instruction that IndexYear is the DEI year,projects/empyrean-caster-430308-m2/assets/city; update_time=2024-10-08T06:01:06.845098Z; source/licence/reference-year unresolved; one static layer used for all years,projects/sat-io/open-datasets/npp-viirs-ntl band=b1,longntl_annual_native500m_positive_pixel_sum_v1,肇庆,肇庆市,156441200,unique_exact_or_prefix,H3C IndexYear paired to same LongNTL calendar year by user instruction
惠州市,2023,69.4,157819.081718681,H3C live AllCityOneInfo API snapshot matched to workbook; workbook_sha256=6C7ABE1A06917FBF9BEEE26C7462ED00557EA038A5374DFC0EDA9BEB240AB753; model-year semantics follow the user's explicit instruction that IndexYear is the DEI year,projects/empyrean-caster-430308-m2/assets/city; update_time=2024-10-08T06:01:06.845098Z; source/licence/reference-year unresolved; one static layer used for all years,projects/sat-io/open-datasets/npp-viirs-ntl band=b1,longntl_annual_native500m_positive_pixel_sum_v1,惠州,惠州市,156441300,unique_exact_or_prefix,H3C IndexYear paired to same LongNTL calendar year by user instruction
梅州市,2023,42,35382.9911461419,H3C live AllCityOneInfo API snapshot matched to workbook; workbook_sha256=6C7ABE1A06917FBF9BEEE26C7462ED00557EA038A5374DFC0EDA9BEB240AB753; model-year semantics follow the user's explicit instruction that IndexYear is the DEI year,projects/empyrean-caster-430308-m2/assets/city; update_time=2024-10-08T06:01:06.845098Z; source/licence/reference-year unresolved; one static layer used for all years,projects/sat-io/open-datasets/npp-viirs-ntl band=b1,longntl_annual_native500m_positive_pixel_sum_v1,梅州,梅州市,156441400,unique_exact_or_prefix,H3C IndexYear paired to same LongNTL calendar year by user instruction
汕尾市,2023,40.9,55021.5924164557,H3C live AllCityOneInfo API snapshot matched to workbook; workbook_sha256=6C7ABE1A06917FBF9BEEE26C7462ED00557EA038A5374DFC0EDA9BEB240AB753; model-year semantics follow the user's explicit instruction that IndexYear is the DEI year,projects/empyrean-caster-430308-m2/assets/city; update_time=2024-10-08T06:01:06.845098Z; source/licence/reference-year unresolved; one static layer used for all years,projects/sat-io/open-datasets/npp-viirs-ntl band=b1,longntl_annual_native500m_positive_pixel_sum_v1,汕尾,汕尾市,156441500,unique_exact_or_prefix,H3C IndexYear paired to same LongNTL calendar year by user instruction
阳江市,2023,46.2,36851.6265147438,H3C live AllCityOneInfo API snapshot matched to workbook; workbook_sha256=6C7ABE1A06917FBF9BEEE26C7462ED00557EA038A5374DFC0EDA9BEB240AB753; model-year semantics follow the user's explicit instruction that IndexYear is the DEI year,projects/empyrean-caster-430308-m2/assets/city; update_time=2024-10-08T06:01:06.845098Z; source/licence/reference-year unresolved; one static layer used for all years,projects/sat-io/open-datasets/npp-viirs-ntl band=b1,longntl_annual_native500m_positive_pixel_sum_v1,阳江,阳江市,156441700,unique_exact_or_prefix,H3C IndexYear paired to same LongNTL calendar year by user instruction
清远市,2023,47.8,55940.3374006762,H3C live AllCityOneInfo API snapshot matched to workbook; workbook_sha256=6C7ABE1A06917FBF9BEEE26C7462ED00557EA038A5374DFC0EDA9BEB240AB753; model-year semantics follow the user's explicit instruction that IndexYear is the DEI year,projects/empyrean-caster-430308-m2/assets/city; update_time=2024-10-08T06:01:06.845098Z; source/licence/reference-year unresolved; one static layer used for all years,projects/sat-io/open-datasets/npp-viirs-ntl band=b1,longntl_annual_native500m_positive_pixel_sum_v1,清远,清远市,156441800,unique_exact_or_prefix,H3C IndexYear paired to same LongNTL calendar year by user instruction
东莞市,2023,74.2,230320.240238088,H3C live AllCityOneInfo API snapshot matched to workbook; workbook_sha256=6C7ABE1A06917FBF9BEEE26C7462ED00557EA038A5374DFC0EDA9BEB240AB753; model-year semantics follow the user's explicit instruction that IndexYear is the DEI year,projects/empyrean-caster-430308-m2/assets/city; update_time=2024-10-08T06:01:06.845098Z; source/licence/reference-year unresolved; one static layer used for all years,projects/sat-io/open-datasets/npp-viirs-ntl band=b1,longntl_annual_native500m_positive_pixel_sum_v1,东莞,东莞市,156441900,unique_exact_or_prefix,H3C IndexYear paired to same LongNTL calendar year by user instruction
中山市,2023,66.6,103694.913274263,H3C live AllCityOneInfo API snapshot matched to workbook; workbook_sha256=6C7ABE1A06917FBF9BEEE26C7462ED00557EA038A5374DFC0EDA9BEB240AB753; model-year semantics follow the user's explicit instruction that IndexYear is the DEI year,projects/empyrean-caster-430308-m2/assets/city; update_time=2024-10-08T06:01:06.845098Z; source/licence/reference-year unresolved; one static layer used for all years,projects/sat-io/open-datasets/npp-viirs-ntl band=b1,longntl_annual_native500m_positive_pixel_sum_v1,中山,中山市,156442000,unique_exact_or_prefix,H3C IndexYear paired to same LongNTL calendar year by user instruction
潮州市,2023,44.2,43506.1603391311,H3C live AllCityOneInfo API snapshot matched to workbook; workbook_sha256=6C7ABE1A06917FBF9BEEE26C7462ED00557EA038A5374DFC0EDA9BEB240AB753; model-year semantics follow the user's explicit instruction that IndexYear is the DEI year,projects/empyrean-caster-430308-m2/assets/city; update_time=2024-10-08T06:01:06.845098Z; source/licence/reference-year unresolved; one static layer used for all years,projects/sat-io/open-datasets/npp-viirs-ntl band=b1,longntl_annual_native500m_positive_pixel_sum_v1,潮州,潮州市,156445100,unique_exact_or_prefix,H3C IndexYear paired to same LongNTL calendar year by user instruction
揭阳市,2023,54.8,86491.8682601297,H3C live AllCityOneInfo API snapshot matched to workbook; workbook_sha256=6C7ABE1A06917FBF9BEEE26C7462ED00557EA038A5374DFC0EDA9BEB240AB753; model-year semantics follow the user's explicit instruction that IndexYear is the DEI year,projects/empyrean-caster-430308-m2/assets/city; update_time=2024-10-08T06:01:06.845098Z; source/licence/reference-year unresolved; one static layer used for all years,projects/sat-io/open-datasets/npp-viirs-ntl band=b1,longntl_annual_native500m_positive_pixel_sum_v1,揭阳,揭阳市,156445200,unique_exact_or_prefix,H3C IndexYear paired to same LongNTL calendar year by user instruction
南宁市,2023,72.1,119192.122509595,H3C live AllCityOneInfo API snapshot matched to workbook; workbook_sha256=6C7ABE1A06917FBF9BEEE26C7462ED00557EA038A5374DFC0EDA9BEB240AB753; model-year semantics follow the user's explicit instruction that IndexYear is the DEI year,projects/empyrean-caster-430308-m2/assets/city; update_time=2024-10-08T06:01:06.845098Z; source/licence/reference-year unresolved; one static layer used for all years,projects/sat-io/open-datasets/npp-viirs-ntl band=b1,longntl_annual_native500m_positive_pixel_sum_v1,南宁,南宁市,156450100,unique_exact_or_prefix,H3C IndexYear paired to same LongNTL calendar year by user instruction
柳州市,2023,65.1,47760.320244173,H3C live AllCityOneInfo API snapshot matched to workbook; workbook_sha256=6C7ABE1A06917FBF9BEEE26C7462ED00557EA038A5374DFC0EDA9BEB240AB753; model-year semantics follow the user's explicit instruction that IndexYear is the DEI year,projects/empyrean-caster-430308-m2/assets/city; update_time=2024-10-08T06:01:06.845098Z; source/licence/reference-year unresolved; one static layer used for all years,projects/sat-io/open-datasets/npp-viirs-ntl band=b1,longntl_annual_native500m_positive_pixel_sum_v1,柳州,柳州市,156450200,unique_exact_or_prefix,H3C IndexYear paired to same LongNTL calendar year by user instruction
桂林市,2023,57,32943.3441325571,H3C live AllCityOneInfo API snapshot matched to workbook; workbook_sha256=6C7ABE1A06917FBF9BEEE26C7462ED00557EA038A5374DFC0EDA9BEB240AB753; model-year semantics follow the user's explicit instruction that IndexYear is the DEI year,projects/empyrean-caster-430308-m2/assets/city; update_time=2024-10-08T06:01:06.845098Z; source/licence/reference-year unresolved; one static layer used for all years,projects/sat-io/open-datasets/npp-viirs-ntl band=b1,longntl_annual_native500m_positive_pixel_sum_v1,桂林,桂林市,156450300,unique_exact_or_prefix,H3C IndexYear paired to same LongNTL calendar year by user instruction
梧州市,2023,41.2,19929.8330521121,H3C live AllCityOneInfo API snapshot matched to workbook; workbook_sha256=6C7ABE1A06917FBF9BEEE26C7462ED00557EA038A5374DFC0EDA9BEB240AB753; model-year semantics follow the user's explicit instruction that IndexYear is the DEI year,projects/empyrean-caster-430308-m2/assets/city; update_time=2024-10-08T06:01:06.845098Z; source/licence/reference-year unresolved; one static layer used for all years,projects/sat-io/open-datasets/npp-viirs-ntl band=b1,longntl_annual_native500m_positive_pixel_sum_v1,梧州,梧州市,156450400,unique_exact_or_prefix,H3C IndexYear paired to same LongNTL calendar year by user instruction
北海市,2023,56.8,25736.0657828289,H3C live AllCityOneInfo API snapshot matched to workbook; workbook_sha256=6C7ABE1A06917FBF9BEEE26C7462ED00557EA038A5374DFC0EDA9BEB240AB753; model-year semantics follow the user's explicit instruction that IndexYear is the DEI year,projects/empyrean-caster-430308-m2/assets/city; update_time=2024-10-08T06:01:06.845098Z; source/licence/reference-year unresolved; one static layer used for all years,projects/sat-io/open-datasets/npp-viirs-ntl band=b1,longntl_annual_native500m_positive_pixel_sum_v1,北海,北海市,156450500,unique_exact_or_prefix,H3C IndexYear paired to same LongNTL calendar year by user instruction
钦州市,2023,44,22090.1872848847,H3C live AllCityOneInfo API snapshot matched to workbook; workbook_sha256=6C7ABE1A06917FBF9BEEE26C7462ED00557EA038A5374DFC0EDA9BEB240AB753; model-year semantics follow the user's explicit instruction that IndexYear is the DEI year,projects/empyrean-caster-430308-m2/assets/city; update_time=2024-10-08T06:01:06.845098Z; source/licence/reference-year unresolved; one static layer used for all years,projects/sat-io/open-datasets/npp-viirs-ntl band=b1,longntl_annual_native500m_positive_pixel_sum_v1,钦州,钦州市,156450700,unique_exact_or_prefix,H3C IndexYear paired to same LongNTL calendar year by user instruction
贵港市,2023,39.9,24106.9231886134,H3C live AllCityOneInfo API snapshot matched to workbook; workbook_sha256=6C7ABE1A06917FBF9BEEE26C7462ED00557EA038A5374DFC0EDA9BEB240AB753; model-year semantics follow the user's explicit instruction that IndexYear is the DEI year,projects/empyrean-caster-430308-m2/assets/city; update_time=2024-10-08T06:01:06.845098Z; source/licence/reference-year unresolved; one static layer used for all years,projects/sat-io/open-datasets/npp-viirs-ntl band=b1,longntl_annual_native500m_positive_pixel_sum_v1,贵港,贵港市,156450800,unique_exact_or_prefix,H3C IndexYear paired to same LongNTL calendar year by user instruction
玉林市,2023,45.5,35077.9294094974,H3C live AllCityOneInfo API snapshot matched to workbook; workbook_sha256=6C7ABE1A06917FBF9BEEE26C7462ED00557EA038A5374DFC0EDA9BEB240AB753; model-year semantics follow the user's explicit instruction that IndexYear is the DEI year,projects/empyrean-caster-430308-m2/assets/city; update_time=2024-10-08T06:01:06.845098Z; source/licence/reference-year unresolved; one static layer used for all years,projects/sat-io/open-datasets/npp-viirs-ntl band=b1,longntl_annual_native500m_positive_pixel_sum_v1,玉林,玉林市,156450900,unique_exact_or_prefix,H3C IndexYear paired to same LongNTL calendar year by user instruction
百色市,2023,40.6,29683.5035921092,H3C live AllCityOneInfo API snapshot matched to workbook; workbook_sha256=6C7ABE1A06917FBF9BEEE26C7462ED00557EA038A5374DFC0EDA9BEB240AB753; model-year semantics follow the user's explicit instruction that IndexYear is the DEI year,projects/empyrean-caster-430308-m2/assets/city; update_time=2024-10-08T06:01:06.845098Z; source/licence/reference-year unresolved; one static layer used for all years,projects/sat-io/open-datasets/npp-viirs-ntl band=b1,longntl_annual_native500m_positive_pixel_sum_v1,百色,百色市,156451000,unique_exact_or_prefix,H3C IndexYear paired to same LongNTL calendar year by user instruction
河池市,2023,39.2,15741.1774588169,H3C live AllCityOneInfo API snapshot matched to workbook; workbook_sha256=6C7ABE1A06917FBF9BEEE26C7462ED00557EA038A5374DFC0EDA9BEB240AB753; model-year semantics follow the user's explicit instruction that IndexYear is the DEI year,projects/empyrean-caster-430308-m2/assets/city; update_time=2024-10-08T06:01:06.845098Z; source/licence/reference-year unresolved; one static layer used for all years,projects/sat-io/open-datasets/npp-viirs-ntl band=b1,longntl_annual_native500m_positive_pixel_sum_v1,河池,河池市,156451200,unique_exact_or_prefix,H3C IndexYear paired to same LongNTL calendar year by user instruction
海口市,2023,64.3,48359.3831558601,H3C live AllCityOneInfo API snapshot matched to workbook; workbook_sha256=6C7ABE1A06917FBF9BEEE26C7462ED00557EA038A5374DFC0EDA9BEB240AB753; model-year semantics follow the user's explicit instruction that IndexYear is the DEI year,projects/empyrean-caster-430308-m2/assets/city; update_time=2024-10-08T06:01:06.845098Z; source/licence/reference-year unresolved; one static layer used for all years,projects/sat-io/open-datasets/npp-viirs-ntl band=b1,longntl_annual_native500m_positive_pixel_sum_v1,海口,海口市,156460100,unique_exact_or_prefix,H3C IndexYear paired to same LongNTL calendar year by user instruction
三亚市,2023,45.5,25723.8334207553,H3C live AllCityOneInfo API snapshot matched to workbook; workbook_sha256=6C7ABE1A06917FBF9BEEE26C7462ED00557EA038A5374DFC0EDA9BEB240AB753; model-year semantics follow the user's explicit instruction that IndexYear is the DEI year,projects/empyrean-caster-430308-m2/assets/city; update_time=2024-10-08T06:01:06.845098Z; source/licence/reference-year unresolved; one static layer used for all years,projects/sat-io/open-datasets/npp-viirs-ntl band=b1,longntl_annual_native500m_positive_pixel_sum_v1,三亚,三亚市,156460200,unique_exact_or_prefix,H3C IndexYear paired to same LongNTL calendar year by user instruction
重庆市,2023,81.8,332439.619330848,H3C live AllCityOneInfo API snapshot matched to workbook; workbook_sha256=6C7ABE1A06917FBF9BEEE26C7462ED00557EA038A5374DFC0EDA9BEB240AB753; model-year semantics follow the user's explicit instruction that IndexYear is the DEI year,projects/empyrean-caster-430308-m2/assets/city; update_time=2024-10-08T06:01:06.845098Z; source/licence/reference-year unresolved; one static layer used for all years,projects/sat-io/open-datasets/npp-viirs-ntl band=b1,longntl_annual_native500m_positive_pixel_sum_v1,重庆,重庆市,156500000,unique_exact_or_prefix,H3C IndexYear paired to same LongNTL calendar year by user instruction
成都市,2023,90.1,327913.757923044,H3C live AllCityOneInfo API snapshot matched to workbook; workbook_sha256=6C7ABE1A06917FBF9BEEE26C7462ED00557EA038A5374DFC0EDA9BEB240AB753; model-year semantics follow the user's explicit instruction that IndexYear is the DEI year,projects/empyrean-caster-430308-m2/assets/city; update_time=2024-10-08T06:01:06.845098Z; source/licence/reference-year unresolved; one static layer used for all years,projects/sat-io/open-datasets/npp-viirs-ntl band=b1,longntl_annual_native500m_positive_pixel_sum_v1,成都,成都市,156510100,unique_exact_or_prefix,H3C IndexYear paired to same LongNTL calendar year by user instruction
自贡市,2023,43.8,19815.8126404907,H3C live AllCityOneInfo API snapshot matched to workbook; workbook_sha256=6C7ABE1A06917FBF9BEEE26C7462ED00557EA038A5374DFC0EDA9BEB240AB753; model-year semantics follow the user's explicit instruction that IndexYear is the DEI year,projects/empyrean-caster-430308-m2/assets/city; update_time=2024-10-08T06:01:06.845098Z; source/licence/reference-year unresolved; one static layer used for all years,projects/sat-io/open-datasets/npp-viirs-ntl band=b1,longntl_annual_native500m_positive_pixel_sum_v1,自贡,自贡市,156510300,unique_exact_or_prefix,H3C IndexYear paired to same LongNTL calendar year by user instruction
攀枝花市,2023,43.3,13647.7430245834,H3C live AllCityOneInfo API snapshot matched to workbook; workbook_sha256=6C7ABE1A06917FBF9BEEE26C7462ED00557EA038A5374DFC0EDA9BEB240AB753; model-year semantics follow the user's explicit instruction that IndexYear is the DEI year,projects/empyrean-caster-430308-m2/assets/city; update_time=2024-10-08T06:01:06.845098Z; source/licence/reference-year unresolved; one static layer used for all years,projects/sat-io/open-datasets/npp-viirs-ntl band=b1,longntl_annual_native500m_positive_pixel_sum_v1,攀枝花,攀枝花市,156510400,unique_exact_or_prefix,H3C IndexYear paired to same LongNTL calendar year by user instruction
泸州市,2023,52.6,23845.5382492734,H3C live AllCityOneInfo API snapshot matched to workbook; workbook_sha256=6C7ABE1A06917FBF9BEEE26C7462ED00557EA038A5374DFC0EDA9BEB240AB753; model-year semantics follow the user's explicit instruction that IndexYear is the DEI year,projects/empyrean-caster-430308-m2/assets/city; update_time=2024-10-08T06:01:06.845098Z; source/licence/reference-year unresolved; one static layer used for all years,projects/sat-io/open-datasets/npp-viirs-ntl band=b1,longntl_annual_native500m_positive_pixel_sum_v1,泸州,泸州市,156510500,unique_exact_or_prefix,H3C IndexYear paired to same LongNTL calendar year by user instruction
德阳市,2023,56.5,48566.9467460315,H3C live AllCityOneInfo API snapshot matched to workbook; workbook_sha256=6C7ABE1A06917FBF9BEEE26C7462ED00557EA038A5374DFC0EDA9BEB240AB753; model-year semantics follow the user's explicit instruction that IndexYear is the DEI year,projects/empyrean-caster-430308-m2/assets/city; update_time=2024-10-08T06:01:06.845098Z; source/licence/reference-year unresolved; one static layer used for all years,projects/sat-io/open-datasets/npp-viirs-ntl band=b1,longntl_annual_native500m_positive_pixel_sum_v1,德阳,德阳市,156510600,unique_exact_or_prefix,H3C IndexYear paired to same LongNTL calendar year by user instruction
绵阳市,2023,66.1,50524.3636988794,H3C live AllCityOneInfo API snapshot matched to workbook; workbook_sha256=6C7ABE1A06917FBF9BEEE26C7462ED00557EA038A5374DFC0EDA9BEB240AB753; model-year semantics follow the user's explicit instruction that IndexYear is the DEI year,projects/empyrean-caster-430308-m2/assets/city; update_time=2024-10-08T06:01:06.845098Z; source/licence/reference-year unresolved; one static layer used for all years,projects/sat-io/open-datasets/npp-viirs-ntl band=b1,longntl_annual_native500m_positive_pixel_sum_v1,绵阳,绵阳市,156510700,unique_exact_or_prefix,H3C IndexYear paired to same LongNTL calendar year by user instruction
广元市,2023,39.8,14641.0756996066,H3C live AllCityOneInfo API snapshot matched to workbook; workbook_sha256=6C7ABE1A06917FBF9BEEE26C7462ED00557EA038A5374DFC0EDA9BEB240AB753; model-year semantics follow the user's explicit instruction that IndexYear is the DEI year,projects/empyrean-caster-430308-m2/assets/city; update_time=2024-10-08T06:01:06.845098Z; source/licence/reference-year unresolved; one static layer used for all years,projects/sat-io/open-datasets/npp-viirs-ntl band=b1,longntl_annual_native500m_positive_pixel_sum_v1,广元,广元市,156510800,unique_exact_or_prefix,H3C IndexYear paired to same LongNTL calendar year by user instruction
遂宁市,2023,40,29624.4059351033,H3C live AllCityOneInfo API snapshot matched to workbook; workbook_sha256=6C7ABE1A06917FBF9BEEE26C7462ED00557EA038A5374DFC0EDA9BEB240AB753; model-year semantics follow the user's explicit instruction that IndexYear is the DEI year,projects/empyrean-caster-430308-m2/assets/city; update_time=2024-10-08T06:01:06.845098Z; source/licence/reference-year unresolved; one static layer used for all years,projects/sat-io/open-datasets/npp-viirs-ntl band=b1,longntl_annual_native500m_positive_pixel_sum_v1,遂宁,遂宁市,156510900,unique_exact_or_prefix,H3C IndexYear paired to same LongNTL calendar year by user instruction
内江市,2023,41.7,20221.6524801151,H3C live AllCityOneInfo API snapshot matched to workbook; workbook_sha256=6C7ABE1A06917FBF9BEEE26C7462ED00557EA038A5374DFC0EDA9BEB240AB753; model-year semantics follow the user's explicit instruction that IndexYear is the DEI year,projects/empyrean-caster-430308-m2/assets/city; update_time=2024-10-08T06:01:06.845098Z; source/licence/reference-year unresolved; one static layer used for all years,projects/sat-io/open-datasets/npp-viirs-ntl band=b1,longntl_annual_native500m_positive_pixel_sum_v1,内江,内江市,156511000,unique_exact_or_prefix,H3C IndexYear paired to same LongNTL calendar year by user instruction
乐山市,2023,41.5,25338.8668787484,H3C live AllCityOneInfo API snapshot matched to workbook; workbook_sha256=6C7ABE1A06917FBF9BEEE26C7462ED00557EA038A5374DFC0EDA9BEB240AB753; model-year semantics follow the user's explicit instruction that IndexYear is the DEI year,projects/empyrean-caster-430308-m2/assets/city; update_time=2024-10-08T06:01:06.845098Z; source/licence/reference-year unresolved; one static layer used for all years,projects/sat-io/open-datasets/npp-viirs-ntl band=b1,longntl_annual_native500m_positive_pixel_sum_v1,乐山,乐山市,156511100,unique_exact_or_prefix,H3C IndexYear paired to same LongNTL calendar year by user instruction
南充市,2023,53.1,48834.4975250903,H3C live AllCityOneInfo API snapshot matched to workbook; workbook_sha256=6C7ABE1A06917FBF9BEEE26C7462ED00557EA038A5374DFC0EDA9BEB240AB753; model-year semantics follow the user's explicit instruction that IndexYear is the DEI year,projects/empyrean-caster-430308-m2/assets/city; update_time=2024-10-08T06:01:06.845098Z; source/licence/reference-year unresolved; one static layer used for all years,projects/sat-io/open-datasets/npp-viirs-ntl band=b1,longntl_annual_native500m_positive_pixel_sum_v1,南充,南充市,156511300,unique_exact_or_prefix,H3C IndexYear paired to same LongNTL calendar year by user instruction
眉山市,2023,41.4,35054.6255799027,H3C live AllCityOneInfo API snapshot matched to workbook; workbook_sha256=6C7ABE1A06917FBF9BEEE26C7462ED00557EA038A5374DFC0EDA9BEB240AB753; model-year semantics follow the user's explicit instruction that IndexYear is the DEI year,projects/empyrean-caster-430308-m2/assets/city; update_time=2024-10-08T06:01:06.845098Z; source/licence/reference-year unresolved; one static layer used for all years,projects/sat-io/open-datasets/npp-viirs-ntl band=b1,longntl_annual_native500m_positive_pixel_sum_v1,眉山,眉山市,156511400,unique_exact_or_prefix,H3C IndexYear paired to same LongNTL calendar year by user instruction
宜宾市,2023,54.2,35007.5621868877,H3C live AllCityOneInfo API snapshot matched to workbook; workbook_sha256=6C7ABE1A06917FBF9BEEE26C7462ED00557EA038A5374DFC0EDA9BEB240AB753; model-year semantics follow the user's explicit instruction that IndexYear is the DEI year,projects/empyrean-caster-430308-m2/assets/city; update_time=2024-10-08T06:01:06.845098Z; source/licence/reference-year unresolved; one static layer used for all years,projects/sat-io/open-datasets/npp-viirs-ntl band=b1,longntl_annual_native500m_positive_pixel_sum_v1,宜宾,宜宾市,156511500,unique_exact_or_prefix,H3C IndexYear paired to same LongNTL calendar year by user instruction
广安市,2023,42.3,23564.9004659854,H3C live AllCityOneInfo API snapshot matched to workbook; workbook_sha256=6C7ABE1A06917FBF9BEEE26C7462ED00557EA038A5374DFC0EDA9BEB240AB753; model-year semantics follow the user's explicit instruction that IndexYear is the DEI year,projects/empyrean-caster-430308-m2/assets/city; update_time=2024-10-08T06:01:06.845098Z; source/licence/reference-year unresolved; one static layer used for all years,projects/sat-io/open-datasets/npp-viirs-ntl band=b1,longntl_annual_native500m_positive_pixel_sum_v1,广安,广安市,156511600,unique_exact_or_prefix,H3C IndexYear paired to same LongNTL calendar year by user instruction
达州市,2023,46.6,29488.4739953457,H3C live AllCityOneInfo API snapshot matched to workbook; workbook_sha256=6C7ABE1A06917FBF9BEEE26C7462ED00557EA038A5374DFC0EDA9BEB240AB753; model-year semantics follow the user's explicit instruction that IndexYear is the DEI year,projects/empyrean-caster-430308-m2/assets/city; update_time=2024-10-08T06:01:06.845098Z; source/licence/reference-year unresolved; one static layer used for all years,projects/sat-io/open-datasets/npp-viirs-ntl band=b1,longntl_annual_native500m_positive_pixel_sum_v1,达州,达州市,156511700,unique_exact_or_prefix,H3C IndexYear paired to same LongNTL calendar year by user instruction
雅安市,2023,41.9,12055.2855028176,H3C live AllCityOneInfo API snapshot matched to workbook; workbook_sha256=6C7ABE1A06917FBF9BEEE26C7462ED00557EA038A5374DFC0EDA9BEB240AB753; model-year semantics follow the user's explicit instruction that IndexYear is the DEI year,projects/empyrean-caster-430308-m2/assets/city; update_time=2024-10-08T06:01:06.845098Z; source/licence/reference-year unresolved; one static layer used for all years,projects/sat-io/open-datasets/npp-viirs-ntl band=b1,longntl_annual_native500m_positive_pixel_sum_v1,雅安,雅安市,156511800,unique_exact_or_prefix,H3C IndexYear paired to same LongNTL calendar year by user instruction
资阳市,2023,40,15626.2236095363,H3C live AllCityOneInfo API snapshot matched to workbook; workbook_sha256=6C7ABE1A06917FBF9BEEE26C7462ED00557EA038A5374DFC0EDA9BEB240AB753; model-year semantics follow the user's explicit instruction that IndexYear is the DEI year,projects/empyrean-caster-430308-m2/assets/city; update_time=2024-10-08T06:01:06.845098Z; source/licence/reference-year unresolved; one static layer used for all years,projects/sat-io/open-datasets/npp-viirs-ntl band=b1,longntl_annual_native500m_positive_pixel_sum_v1,资阳,资阳市,156512000,unique_exact_or_prefix,H3C IndexYear paired to same LongNTL calendar year by user instruction
凉山彝族自治州,2023,40,39548.2840334182,H3C live AllCityOneInfo API snapshot matched to workbook; workbook_sha256=6C7ABE1A06917FBF9BEEE26C7462ED00557EA038A5374DFC0EDA9BEB240AB753; model-year semantics follow the user's explicit instruction that IndexYear is the DEI year,projects/empyrean-caster-430308-m2/assets/city; update_time=2024-10-08T06:01:06.845098Z; source/licence/reference-year unresolved; one static layer used for all years,projects/sat-io/open-datasets/npp-viirs-ntl band=b1,longntl_annual_native500m_positive_pixel_sum_v1,凉山,凉山彝族自治州,156513400,unique_exact_or_prefix,H3C IndexYear paired to same LongNTL calendar year by user instruction
贵阳市,2023,71,85712.5515954242,H3C live AllCityOneInfo API snapshot matched to workbook; workbook_sha256=6C7ABE1A06917FBF9BEEE26C7462ED00557EA038A5374DFC0EDA9BEB240AB753; model-year semantics follow the user's explicit instruction that IndexYear is the DEI year,projects/empyrean-caster-430308-m2/assets/city; update_time=2024-10-08T06:01:06.845098Z; source/licence/reference-year unresolved; one static layer used for all years,projects/sat-io/open-datasets/npp-viirs-ntl band=b1,longntl_annual_native500m_positive_pixel_sum_v1,贵阳,贵阳市,156520100,unique_exact_or_prefix,H3C IndexYear paired to same LongNTL calendar year by user instruction
六盘水市,2023,41.5,19957.7718508903,H3C live AllCityOneInfo API snapshot matched to workbook; workbook_sha256=6C7ABE1A06917FBF9BEEE26C7462ED00557EA038A5374DFC0EDA9BEB240AB753; model-year semantics follow the user's explicit instruction that IndexYear is the DEI year,projects/empyrean-caster-430308-m2/assets/city; update_time=2024-10-08T06:01:06.845098Z; source/licence/reference-year unresolved; one static layer used for all years,projects/sat-io/open-datasets/npp-viirs-ntl band=b1,longntl_annual_native500m_positive_pixel_sum_v1,六盘水,六盘水市,156520200,unique_exact_or_prefix,H3C IndexYear paired to same LongNTL calendar year by user instruction
遵义市,2023,63,50987.7362419161,H3C live AllCityOneInfo API snapshot matched to workbook; workbook_sha256=6C7ABE1A06917FBF9BEEE26C7462ED00557EA038A5374DFC0EDA9BEB240AB753; model-year semantics follow the user's explicit instruction that IndexYear is the DEI year,projects/empyrean-caster-430308-m2/assets/city; update_time=2024-10-08T06:01:06.845098Z; source/licence/reference-year unresolved; one static layer used for all years,projects/sat-io/open-datasets/npp-viirs-ntl band=b1,longntl_annual_native500m_positive_pixel_sum_v1,遵义,遵义市,156520300,unique_exact_or_prefix,H3C IndexYear paired to same LongNTL calendar year by user instruction
毕节市,2023,43.3,27250.3475614492,H3C live AllCityOneInfo API snapshot matched to workbook; workbook_sha256=6C7ABE1A06917FBF9BEEE26C7462ED00557EA038A5374DFC0EDA9BEB240AB753; model-year semantics follow the user's explicit instruction that IndexYear is the DEI year,projects/empyrean-caster-430308-m2/assets/city; update_time=2024-10-08T06:01:06.845098Z; source/licence/reference-year unresolved; one static layer used for all years,projects/sat-io/open-datasets/npp-viirs-ntl band=b1,longntl_annual_native500m_positive_pixel_sum_v1,毕节,毕节市,156520500,unique_exact_or_prefix,H3C IndexYear paired to same LongNTL calendar year by user instruction
铜仁市,2023,42,21473.8925998884,H3C live AllCityOneInfo API snapshot matched to workbook; workbook_sha256=6C7ABE1A06917FBF9BEEE26C7462ED00557EA038A5374DFC0EDA9BEB240AB753; model-year semantics follow the user's explicit instruction that IndexYear is the DEI year,projects/empyrean-caster-430308-m2/assets/city; update_time=2024-10-08T06:01:06.845098Z; source/licence/reference-year unresolved; one static layer used for all years,projects/sat-io/open-datasets/npp-viirs-ntl band=b1,longntl_annual_native500m_positive_pixel_sum_v1,铜仁,铜仁市,156520600,unique_exact_or_prefix,H3C IndexYear paired to same LongNTL calendar year by user instruction
黔西南布依族苗族自治州,2023,41,16450.7351434834,H3C live AllCityOneInfo API snapshot matched to workbook; workbook_sha256=6C7ABE1A06917FBF9BEEE26C7462ED00557EA038A5374DFC0EDA9BEB240AB753; model-year semantics follow the user's explicit instruction that IndexYear is the DEI year,projects/empyrean-caster-430308-m2/assets/city; update_time=2024-10-08T06:01:06.845098Z; source/licence/reference-year unresolved; one static layer used for all years,projects/sat-io/open-datasets/npp-viirs-ntl band=b1,longntl_annual_native500m_positive_pixel_sum_v1,黔西南州,黔西南布依族苗族自治州,156522300,explicit_alias,H3C IndexYear paired to same LongNTL calendar year by user instruction
黔东南苗族侗族自治州,2023,40.5,25300.8174375973,H3C live AllCityOneInfo API snapshot matched to workbook; workbook_sha256=6C7ABE1A06917FBF9BEEE26C7462ED00557EA038A5374DFC0EDA9BEB240AB753; model-year semantics follow the user's explicit instruction that IndexYear is the DEI year,projects/empyrean-caster-430308-m2/assets/city; update_time=2024-10-08T06:01:06.845098Z; source/licence/reference-year unresolved; one static layer used for all years,projects/sat-io/open-datasets/npp-viirs-ntl band=b1,longntl_annual_native500m_positive_pixel_sum_v1,黔东南,黔东南苗族侗族自治州,156522600,unique_exact_or_prefix,H3C IndexYear paired to same LongNTL calendar year by user instruction
黔南布依族苗族自治州,2023,45.9,31346.368500307,H3C live AllCityOneInfo API snapshot matched to workbook; workbook_sha256=6C7ABE1A06917FBF9BEEE26C7462ED00557EA038A5374DFC0EDA9BEB240AB753; model-year semantics follow the user's explicit instruction that IndexYear is the DEI year,projects/empyrean-caster-430308-m2/assets/city; update_time=2024-10-08T06:01:06.845098Z; source/licence/reference-year unresolved; one static layer used for all years,projects/sat-io/open-datasets/npp-viirs-ntl band=b1,longntl_annual_native500m_positive_pixel_sum_v1,黔南,黔南布依族苗族自治州,156522700,unique_exact_or_prefix,H3C IndexYear paired to same LongNTL calendar year by user instruction
昆明市,2023,71.3,155333.710517866,H3C live AllCityOneInfo API snapshot matched to workbook; workbook_sha256=6C7ABE1A06917FBF9BEEE26C7462ED00557EA038A5374DFC0EDA9BEB240AB753; model-year semantics follow the user's explicit instruction that IndexYear is the DEI year,projects/empyrean-caster-430308-m2/assets/city; update_time=2024-10-08T06:01:06.845098Z; source/licence/reference-year unresolved; one static layer used for all years,projects/sat-io/open-datasets/npp-viirs-ntl band=b1,longntl_annual_native500m_positive_pixel_sum_v1,昆明,昆明市,156530100,unique_exact_or_prefix,H3C IndexYear paired to same LongNTL calendar year by user instruction
曲靖市,2023,50.1,57931.9366173482,H3C live AllCityOneInfo API snapshot matched to workbook; workbook_sha256=6C7ABE1A06917FBF9BEEE26C7462ED00557EA038A5374DFC0EDA9BEB240AB753; model-year semantics follow the user's explicit instruction that IndexYear is the DEI year,projects/empyrean-caster-430308-m2/assets/city; update_time=2024-10-08T06:01:06.845098Z; source/licence/reference-year unresolved; one static layer used for all years,projects/sat-io/open-datasets/npp-viirs-ntl band=b1,longntl_annual_native500m_positive_pixel_sum_v1,曲靖,曲靖市,156530300,unique_exact_or_prefix,H3C IndexYear paired to same LongNTL calendar year by user instruction
玉溪市,2023,55.4,28585.6147300042,H3C live AllCityOneInfo API snapshot matched to workbook; workbook_sha256=6C7ABE1A06917FBF9BEEE26C7462ED00557EA038A5374DFC0EDA9BEB240AB753; model-year semantics follow the user's explicit instruction that IndexYear is the DEI year,projects/empyrean-caster-430308-m2/assets/city; update_time=2024-10-08T06:01:06.845098Z; source/licence/reference-year unresolved; one static layer used for all years,projects/sat-io/open-datasets/npp-viirs-ntl band=b1,longntl_annual_native500m_positive_pixel_sum_v1,玉溪,玉溪市,156530400,unique_exact_or_prefix,H3C IndexYear paired to same LongNTL calendar year by user instruction
保山市,2023,40.5,16461.3404873469,H3C live AllCityOneInfo API snapshot matched to workbook; workbook_sha256=6C7ABE1A06917FBF9BEEE26C7462ED00557EA038A5374DFC0EDA9BEB240AB753; model-year semantics follow the user's explicit instruction that IndexYear is the DEI year,projects/empyrean-caster-430308-m2/assets/city; update_time=2024-10-08T06:01:06.845098Z; source/licence/reference-year unresolved; one static layer used for all years,projects/sat-io/open-datasets/npp-viirs-ntl band=b1,longntl_annual_native500m_positive_pixel_sum_v1,保山,保山市,156530500,unique_exact_or_prefix,H3C IndexYear paired to same LongNTL calendar year by user instruction
昭通市,2023,38.3,27175.6047806342,H3C live AllCityOneInfo API snapshot matched to workbook; workbook_sha256=6C7ABE1A06917FBF9BEEE26C7462ED00557EA038A5374DFC0EDA9BEB240AB753; model-year semantics follow the user's explicit instruction that IndexYear is the DEI year,projects/empyrean-caster-430308-m2/assets/city; update_time=2024-10-08T06:01:06.845098Z; source/licence/reference-year unresolved; one static layer used for all years,projects/sat-io/open-datasets/npp-viirs-ntl band=b1,longntl_annual_native500m_positive_pixel_sum_v1,昭通,昭通市,156530600,unique_exact_or_prefix,H3C IndexYear paired to same LongNTL calendar year by user instruction
普洱市,2023,40.1,13535.9517756747,H3C live AllCityOneInfo API snapshot matched to workbook; workbook_sha256=6C7ABE1A06917FBF9BEEE26C7462ED00557EA038A5374DFC0EDA9BEB240AB753; model-year semantics follow the user's explicit instruction that IndexYear is the DEI year,projects/empyrean-caster-430308-m2/assets/city; update_time=2024-10-08T06:01:06.845098Z; source/licence/reference-year unresolved; one static layer used for all years,projects/sat-io/open-datasets/npp-viirs-ntl band=b1,longntl_annual_native500m_positive_pixel_sum_v1,普洱,普洱市,156530800,unique_exact_or_prefix,H3C IndexYear paired to same LongNTL calendar year by user instruction
楚雄彝族自治州,2023,38.2,23934.0058434482,H3C live AllCityOneInfo API snapshot matched to workbook; workbook_sha256=6C7ABE1A06917FBF9BEEE26C7462ED00557EA038A5374DFC0EDA9BEB240AB753; model-year semantics follow the user's explicit instruction that IndexYear is the DEI year,projects/empyrean-caster-430308-m2/assets/city; update_time=2024-10-08T06:01:06.845098Z; source/licence/reference-year unresolved; one static layer used for all years,projects/sat-io/open-datasets/npp-viirs-ntl band=b1,longntl_annual_native500m_positive_pixel_sum_v1,楚雄,楚雄彝族自治州,156532300,unique_exact_or_prefix,H3C IndexYear paired to same LongNTL calendar year by user instruction
红河哈尼族彝族自治州,2023,48.2,39699.0968055216,H3C live AllCityOneInfo API snapshot matched to workbook; workbook_sha256=6C7ABE1A06917FBF9BEEE26C7462ED00557EA038A5374DFC0EDA9BEB240AB753; model-year semantics follow the user's explicit instruction that IndexYear is the DEI year,projects/empyrean-caster-430308-m2/assets/city; update_time=2024-10-08T06:01:06.845098Z; source/licence/reference-year unresolved; one static layer used for all years,projects/sat-io/open-datasets/npp-viirs-ntl band=b1,longntl_annual_native500m_positive_pixel_sum_v1,红河,红河哈尼族彝族自治州,156532500,unique_exact_or_prefix,H3C IndexYear paired to same LongNTL calendar year by user instruction
大理白族自治州,2023,42.9,32988.2776988287,H3C live AllCityOneInfo API snapshot matched to workbook; workbook_sha256=6C7ABE1A06917FBF9BEEE26C7462ED00557EA038A5374DFC0EDA9BEB240AB753; model-year semantics follow the user's explicit instruction that IndexYear is the DEI year,projects/empyrean-caster-430308-m2/assets/city; update_time=2024-10-08T06:01:06.845098Z; source/licence/reference-year unresolved; one static layer used for all years,projects/sat-io/open-datasets/npp-viirs-ntl band=b1,longntl_annual_native500m_positive_pixel_sum_v1,大理,大理白族自治州,156532900,unique_exact_or_prefix,H3C IndexYear paired to same LongNTL calendar year by user instruction
拉萨市,2023,57.1,31531.8710039307,H3C live AllCityOneInfo API snapshot matched to workbook; workbook_sha256=6C7ABE1A06917FBF9BEEE26C7462ED00557EA038A5374DFC0EDA9BEB240AB753; model-year semantics follow the user's explicit instruction that IndexYear is the DEI year,projects/empyrean-caster-430308-m2/assets/city; update_time=2024-10-08T06:01:06.845098Z; source/licence/reference-year unresolved; one static layer used for all years,projects/sat-io/open-datasets/npp-viirs-ntl band=b1,longntl_annual_native500m_positive_pixel_sum_v1,拉萨,拉萨市,156540100,unique_exact_or_prefix,H3C IndexYear paired to same LongNTL calendar year by user instruction
西安市,2023,73.1,250667.392545537,H3C live AllCityOneInfo API snapshot matched to workbook; workbook_sha256=6C7ABE1A06917FBF9BEEE26C7462ED00557EA038A5374DFC0EDA9BEB240AB753; model-year semantics follow the user's explicit instruction that IndexYear is the DEI year,projects/empyrean-caster-430308-m2/assets/city; update_time=2024-10-08T06:01:06.845098Z; source/licence/reference-year unresolved; one static layer used for all years,projects/sat-io/open-datasets/npp-viirs-ntl band=b1,longntl_annual_native500m_positive_pixel_sum_v1,西安,西安市,156610100,unique_exact_or_prefix,H3C IndexYear paired to same LongNTL calendar year by user instruction
铜川市,2023,42.1,12364.4003529156,H3C live AllCityOneInfo API snapshot matched to workbook; workbook_sha256=6C7ABE1A06917FBF9BEEE26C7462ED00557EA038A5374DFC0EDA9BEB240AB753; model-year semantics follow the user's explicit instruction that IndexYear is the DEI year,projects/empyrean-caster-430308-m2/assets/city; update_time=2024-10-08T06:01:06.845098Z; source/licence/reference-year unresolved; one static layer used for all years,projects/sat-io/open-datasets/npp-viirs-ntl band=b1,longntl_annual_native500m_positive_pixel_sum_v1,铜川,铜川市,156610200,unique_exact_or_prefix,H3C IndexYear paired to same LongNTL calendar year by user instruction
宝鸡市,2023,54.8,36811.3905356052,H3C live AllCityOneInfo API snapshot matched to workbook; workbook_sha256=6C7ABE1A06917FBF9BEEE26C7462ED00557EA038A5374DFC0EDA9BEB240AB753; model-year semantics follow the user's explicit instruction that IndexYear is the DEI year,projects/empyrean-caster-430308-m2/assets/city; update_time=2024-10-08T06:01:06.845098Z; source/licence/reference-year unresolved; one static layer used for all years,projects/sat-io/open-datasets/npp-viirs-ntl band=b1,longntl_annual_native500m_positive_pixel_sum_v1,宝鸡,宝鸡市,156610300,unique_exact_or_prefix,H3C IndexYear paired to same LongNTL calendar year by user instruction
咸阳市,2023,66.9,105855.835007856,H3C live AllCityOneInfo API snapshot matched to workbook; workbook_sha256=6C7ABE1A06917FBF9BEEE26C7462ED00557EA038A5374DFC0EDA9BEB240AB753; model-year semantics follow the user's explicit instruction that IndexYear is the DEI year,projects/empyrean-caster-430308-m2/assets/city; update_time=2024-10-08T06:01:06.845098Z; source/licence/reference-year unresolved; one static layer used for all years,projects/sat-io/open-datasets/npp-viirs-ntl band=b1,longntl_annual_native500m_positive_pixel_sum_v1,咸阳,咸阳市,156610400,unique_exact_or_prefix,H3C IndexYear paired to same LongNTL calendar year by user instruction
渭南市,2023,42.3,50011.7631521833,H3C live AllCityOneInfo API snapshot matched to workbook; workbook_sha256=6C7ABE1A06917FBF9BEEE26C7462ED00557EA038A5374DFC0EDA9BEB240AB753; model-year semantics follow the user's explicit instruction that IndexYear is the DEI year,projects/empyrean-caster-430308-m2/assets/city; update_time=2024-10-08T06:01:06.845098Z; source/licence/reference-year unresolved; one static layer used for all years,projects/sat-io/open-datasets/npp-viirs-ntl band=b1,longntl_annual_native500m_positive_pixel_sum_v1,渭南,渭南市,156610500,unique_exact_or_prefix,H3C IndexYear paired to same LongNTL calendar year by user instruction
延安市,2023,47.9,58573.7447829125,H3C live AllCityOneInfo API snapshot matched to workbook; workbook_sha256=6C7ABE1A06917FBF9BEEE26C7462ED00557EA038A5374DFC0EDA9BEB240AB753; model-year semantics follow the user's explicit instruction that IndexYear is the DEI year,projects/empyrean-caster-430308-m2/assets/city; update_time=2024-10-08T06:01:06.845098Z; source/licence/reference-year unresolved; one static layer used for all years,projects/sat-io/open-datasets/npp-viirs-ntl band=b1,longntl_annual_native500m_positive_pixel_sum_v1,延安,延安市,156610600,unique_exact_or_prefix,H3C IndexYear paired to same LongNTL calendar year by user instruction
汉中市,2023,49.6,31718.6004977712,H3C live AllCityOneInfo API snapshot matched to workbook; workbook_sha256=6C7ABE1A06917FBF9BEEE26C7462ED00557EA038A5374DFC0EDA9BEB240AB753; model-year semantics follow the user's explicit instruction that IndexYear is the DEI year,projects/empyrean-caster-430308-m2/assets/city; update_time=2024-10-08T06:01:06.845098Z; source/licence/reference-year unresolved; one static layer used for all years,projects/sat-io/open-datasets/npp-viirs-ntl band=b1,longntl_annual_native500m_positive_pixel_sum_v1,汉中,汉中市,156610700,unique_exact_or_prefix,H3C IndexYear paired to same LongNTL calendar year by user instruction
榆林市,2023,62.8,175493.953888138,H3C live AllCityOneInfo API snapshot matched to workbook; workbook_sha256=6C7ABE1A06917FBF9BEEE26C7462ED00557EA038A5374DFC0EDA9BEB240AB753; model-year semantics follow the user's explicit instruction that IndexYear is the DEI year,projects/empyrean-caster-430308-m2/assets/city; update_time=2024-10-08T06:01:06.845098Z; source/licence/reference-year unresolved; one static layer used for all years,projects/sat-io/open-datasets/npp-viirs-ntl band=b1,longntl_annual_native500m_positive_pixel_sum_v1,榆林,榆林市,156610800,unique_exact_or_prefix,H3C IndexYear paired to same LongNTL calendar year by user instruction
安康市,2023,39.4,15336.3339899853,H3C live AllCityOneInfo API snapshot matched to workbook; workbook_sha256=6C7ABE1A06917FBF9BEEE26C7462ED00557EA038A5374DFC0EDA9BEB240AB753; model-year semantics follow the user's explicit instruction that IndexYear is the DEI year,projects/empyrean-caster-430308-m2/assets/city; update_time=2024-10-08T06:01:06.845098Z; source/licence/reference-year unresolved; one static layer used for all years,projects/sat-io/open-datasets/npp-viirs-ntl band=b1,longntl_annual_native500m_positive_pixel_sum_v1,安康,安康市,156610900,unique_exact_or_prefix,H3C IndexYear paired to same LongNTL calendar year by user instruction
兰州市,2023,69.2,75240.7718803135,H3C live AllCityOneInfo API snapshot matched to workbook; workbook_sha256=6C7ABE1A06917FBF9BEEE26C7462ED00557EA038A5374DFC0EDA9BEB240AB753; model-year semantics follow the user's explicit instruction that IndexYear is the DEI year,projects/empyrean-caster-430308-m2/assets/city; update_time=2024-10-08T06:01:06.845098Z; source/licence/reference-year unresolved; one static layer used for all years,projects/sat-io/open-datasets/npp-viirs-ntl band=b1,longntl_annual_native500m_positive_pixel_sum_v1,兰州,兰州市,156620100,unique_exact_or_prefix,H3C IndexYear paired to same LongNTL calendar year by user instruction
金昌市,2023,39.3,16863.1241941765,H3C live AllCityOneInfo API snapshot matched to workbook; workbook_sha256=6C7ABE1A06917FBF9BEEE26C7462ED00557EA038A5374DFC0EDA9BEB240AB753; model-year semantics follow the user's explicit instruction that IndexYear is the DEI year,projects/empyrean-caster-430308-m2/assets/city; update_time=2024-10-08T06:01:06.845098Z; source/licence/reference-year unresolved; one static layer used for all years,projects/sat-io/open-datasets/npp-viirs-ntl band=b1,longntl_annual_native500m_positive_pixel_sum_v1,金昌,金昌市,156620300,unique_exact_or_prefix,H3C IndexYear paired to same LongNTL calendar year by user instruction
天水市,2023,44.3,21159.5089073555,H3C live AllCityOneInfo API snapshot matched to workbook; workbook_sha256=6C7ABE1A06917FBF9BEEE26C7462ED00557EA038A5374DFC0EDA9BEB240AB753; model-year semantics follow the user's explicit instruction that IndexYear is the DEI year,projects/empyrean-caster-430308-m2/assets/city; update_time=2024-10-08T06:01:06.845098Z; source/licence/reference-year unresolved; one static layer used for all years,projects/sat-io/open-datasets/npp-viirs-ntl band=b1,longntl_annual_native500m_positive_pixel_sum_v1,天水,天水市,156620500,unique_exact_or_prefix,H3C IndexYear paired to same LongNTL calendar year by user instruction
酒泉市,2023,45,37476.9594176204,H3C live AllCityOneInfo API snapshot matched to workbook; workbook_sha256=6C7ABE1A06917FBF9BEEE26C7462ED00557EA038A5374DFC0EDA9BEB240AB753; model-year semantics follow the user's explicit instruction that IndexYear is the DEI year,projects/empyrean-caster-430308-m2/assets/city; update_time=2024-10-08T06:01:06.845098Z; source/licence/reference-year unresolved; one static layer used for all years,projects/sat-io/open-datasets/npp-viirs-ntl band=b1,longntl_annual_native500m_positive_pixel_sum_v1,酒泉,酒泉市,156620900,unique_exact_or_prefix,H3C IndexYear paired to same LongNTL calendar year by user instruction
甘南藏族自治州,2023,37.6,6718.10881372994,H3C live AllCityOneInfo API snapshot matched to workbook; workbook_sha256=6C7ABE1A06917FBF9BEEE26C7462ED00557EA038A5374DFC0EDA9BEB240AB753; model-year semantics follow the user's explicit instruction that IndexYear is the DEI year,projects/empyrean-caster-430308-m2/assets/city; update_time=2024-10-08T06:01:06.845098Z; source/licence/reference-year unresolved; one static layer used for all years,projects/sat-io/open-datasets/npp-viirs-ntl band=b1,longntl_annual_native500m_positive_pixel_sum_v1,甘南,甘南藏族自治州,156623000,unique_exact_or_prefix,H3C IndexYear paired to same LongNTL calendar year by user instruction
西宁市,2023,61.6,44829.584867678,H3C live AllCityOneInfo API snapshot matched to workbook; workbook_sha256=6C7ABE1A06917FBF9BEEE26C7462ED00557EA038A5374DFC0EDA9BEB240AB753; model-year semantics follow the user's explicit instruction that IndexYear is the DEI year,projects/empyrean-caster-430308-m2/assets/city; update_time=2024-10-08T06:01:06.845098Z; source/licence/reference-year unresolved; one static layer used for all years,projects/sat-io/open-datasets/npp-viirs-ntl band=b1,longntl_annual_native500m_positive_pixel_sum_v1,西宁,西宁市,156630100,unique_exact_or_prefix,H3C IndexYear paired to same LongNTL calendar year by user instruction
海东市,2023,39.2,29415.5718810367,H3C live AllCityOneInfo API snapshot matched to workbook; workbook_sha256=6C7ABE1A06917FBF9BEEE26C7462ED00557EA038A5374DFC0EDA9BEB240AB753; model-year semantics follow the user's explicit instruction that IndexYear is the DEI year,projects/empyrean-caster-430308-m2/assets/city; update_time=2024-10-08T06:01:06.845098Z; source/licence/reference-year unresolved; one static layer used for all years,projects/sat-io/open-datasets/npp-viirs-ntl band=b1,longntl_annual_native500m_positive_pixel_sum_v1,海东,海东市,156630200,unique_exact_or_prefix,H3C IndexYear paired to same LongNTL calendar year by user instruction
海西蒙古族藏族自治州,2023,39,31573.0176292878,H3C live AllCityOneInfo API snapshot matched to workbook; workbook_sha256=6C7ABE1A06917FBF9BEEE26C7462ED00557EA038A5374DFC0EDA9BEB240AB753; model-year semantics follow the user's explicit instruction that IndexYear is the DEI year,projects/empyrean-caster-430308-m2/assets/city; update_time=2024-10-08T06:01:06.845098Z; source/licence/reference-year unresolved; one static layer used for all years,projects/sat-io/open-datasets/npp-viirs-ntl band=b1,longntl_annual_native500m_positive_pixel_sum_v1,海西,海西蒙古族藏族自治州,156632800,unique_exact_or_prefix,H3C IndexYear paired to same LongNTL calendar year by user instruction
银川市,2023,63.4,124654.360277257,H3C live AllCityOneInfo API snapshot matched to workbook; workbook_sha256=6C7ABE1A06917FBF9BEEE26C7462ED00557EA038A5374DFC0EDA9BEB240AB753; model-year semantics follow the user's explicit instruction that IndexYear is the DEI year,projects/empyrean-caster-430308-m2/assets/city; update_time=2024-10-08T06:01:06.845098Z; source/licence/reference-year unresolved; one static layer used for all years,projects/sat-io/open-datasets/npp-viirs-ntl band=b1,longntl_annual_native500m_positive_pixel_sum_v1,银川,银川市,156640100,unique_exact_or_prefix,H3C IndexYear paired to same LongNTL calendar year by user instruction
石嘴山市,2023,41.3,24375.93525089,H3C live AllCityOneInfo API snapshot matched to workbook; workbook_sha256=6C7ABE1A06917FBF9BEEE26C7462ED00557EA038A5374DFC0EDA9BEB240AB753; model-year semantics follow the user's explicit instruction that IndexYear is the DEI year,projects/empyrean-caster-430308-m2/assets/city; update_time=2024-10-08T06:01:06.845098Z; source/licence/reference-year unresolved; one static layer used for all years,projects/sat-io/open-datasets/npp-viirs-ntl band=b1,longntl_annual_native500m_positive_pixel_sum_v1,石嘴山,石嘴山市,156640200,unique_exact_or_prefix,H3C IndexYear paired to same LongNTL calendar year by user instruction
乌鲁木齐市,2023,70,144888.145992892,H3C live AllCityOneInfo API snapshot matched to workbook; workbook_sha256=6C7ABE1A06917FBF9BEEE26C7462ED00557EA038A5374DFC0EDA9BEB240AB753; model-year semantics follow the user's explicit instruction that IndexYear is the DEI year,projects/empyrean-caster-430308-m2/assets/city; update_time=2024-10-08T06:01:06.845098Z; source/licence/reference-year unresolved; one static layer used for all years,projects/sat-io/open-datasets/npp-viirs-ntl band=b1,longntl_annual_native500m_positive_pixel_sum_v1,乌鲁木齐,乌鲁木齐市,156650100,unique_exact_or_prefix,H3C IndexYear paired to same LongNTL calendar year by user instruction
克拉玛依市,2023,47.6,57424.3920556545,H3C live AllCityOneInfo API snapshot matched to workbook; workbook_sha256=6C7ABE1A06917FBF9BEEE26C7462ED00557EA038A5374DFC0EDA9BEB240AB753; model-year semantics follow the user's explicit instruction that IndexYear is the DEI year,projects/empyrean-caster-430308-m2/assets/city; update_time=2024-10-08T06:01:06.845098Z; source/licence/reference-year unresolved; one static layer used for all years,projects/sat-io/open-datasets/npp-viirs-ntl band=b1,longntl_annual_native500m_positive_pixel_sum_v1,克拉玛依,克拉玛依市,156650200,unique_exact_or_prefix,H3C IndexYear paired to same LongNTL calendar year by user instruction
昌吉回族自治州,2023,46.5,95328.7447327946,H3C live AllCityOneInfo API snapshot matched to workbook; workbook_sha256=6C7ABE1A06917FBF9BEEE26C7462ED00557EA038A5374DFC0EDA9BEB240AB753; model-year semantics follow the user's explicit instruction that IndexYear is the DEI year,projects/empyrean-caster-430308-m2/assets/city; update_time=2024-10-08T06:01:06.845098Z; source/licence/reference-year unresolved; one static layer used for all years,projects/sat-io/open-datasets/npp-viirs-ntl band=b1,longntl_annual_native500m_positive_pixel_sum_v1,昌吉,昌吉回族自治州,156652300,unique_exact_or_prefix,H3C IndexYear paired to same LongNTL calendar year by user instruction
巴音郭楞蒙古自治州,2023,39.6,79137.4219199723,H3C live AllCityOneInfo API snapshot matched to workbook; workbook_sha256=6C7ABE1A06917FBF9BEEE26C7462ED00557EA038A5374DFC0EDA9BEB240AB753; model-year semantics follow the user's explicit instruction that IndexYear is the DEI year,projects/empyrean-caster-430308-m2/assets/city; update_time=2024-10-08T06:01:06.845098Z; source/licence/reference-year unresolved; one static layer used for all years,projects/sat-io/open-datasets/npp-viirs-ntl band=b1,longntl_annual_native500m_positive_pixel_sum_v1,巴音郭楞,巴音郭楞蒙古自治州,156652800,unique_exact_or_prefix,H3C IndexYear paired to same LongNTL calendar year by user instruction
阿克苏地区,2023,41.9,125925.491273447,H3C live AllCityOneInfo API snapshot matched to workbook; workbook_sha256=6C7ABE1A06917FBF9BEEE26C7462ED00557EA038A5374DFC0EDA9BEB240AB753; model-year semantics follow the user's explicit instruction that IndexYear is the DEI year,projects/empyrean-caster-430308-m2/assets/city; update_time=2024-10-08T06:01:06.845098Z; source/licence/reference-year unresolved; one static layer used for all years,projects/sat-io/open-datasets/npp-viirs-ntl band=b1,longntl_annual_native500m_positive_pixel_sum_v1,阿克苏,阿克苏地区,156652900,unique_exact_or_prefix,H3C IndexYear paired to same LongNTL calendar year by user instruction
喀什地区,2023,40.2,62621.1698710727,H3C live AllCityOneInfo API snapshot matched to workbook; workbook_sha256=6C7ABE1A06917FBF9BEEE26C7462ED00557EA038A5374DFC0EDA9BEB240AB753; model-year semantics follow the user's explicit instruction that IndexYear is the DEI year,projects/empyrean-caster-430308-m2/assets/city; update_time=2024-10-08T06:01:06.845098Z; source/licence/reference-year unresolved; one static layer used for all years,projects/sat-io/open-datasets/npp-viirs-ntl band=b1,longntl_annual_native500m_positive_pixel_sum_v1,喀什,喀什地区,156653100,unique_exact_or_prefix,H3C IndexYear paired to same LongNTL calendar year by user instruction
伊犁哈萨克自治州,2023,52.6,65980.0901531836,H3C live AllCityOneInfo API snapshot matched to workbook; workbook_sha256=6C7ABE1A06917FBF9BEEE26C7462ED00557EA038A5374DFC0EDA9BEB240AB753; model-year semantics follow the user's explicit instruction that IndexYear is the DEI year,projects/empyrean-caster-430308-m2/assets/city; update_time=2024-10-08T06:01:06.845098Z; source/licence/reference-year unresolved; one static layer used for all years,projects/sat-io/open-datasets/npp-viirs-ntl band=b1,longntl_annual_native500m_positive_pixel_sum_v1,伊犁,伊犁哈萨克自治州,156654000,unique_exact_or_prefix,H3C IndexYear paired to same LongNTL calendar year by user instruction
北京市,2024,92.8,469062.224645497,H3C live AllCityOneInfo API snapshot matched to workbook; workbook_sha256=6C7ABE1A06917FBF9BEEE26C7462ED00557EA038A5374DFC0EDA9BEB240AB753; model-year semantics follow the user's explicit instruction that IndexYear is the DEI year,projects/empyrean-caster-430308-m2/assets/city; update_time=2024-10-08T06:01:06.845098Z; source/licence/reference-year unresolved; one static layer used for all years,projects/sat-io/open-datasets/npp-viirs-ntl band=b1,longntl_annual_native500m_positive_pixel_sum_v1,北京,北京市,156110000,unique_exact_or_prefix,H3C IndexYear paired to same LongNTL calendar year by user instruction
天津市,2024,79.1,392099.996159044,H3C live AllCityOneInfo API snapshot matched to workbook; workbook_sha256=6C7ABE1A06917FBF9BEEE26C7462ED00557EA038A5374DFC0EDA9BEB240AB753; model-year semantics follow the user's explicit instruction that IndexYear is the DEI year,projects/empyrean-caster-430308-m2/assets/city; update_time=2024-10-08T06:01:06.845098Z; source/licence/reference-year unresolved; one static layer used for all years,projects/sat-io/open-datasets/npp-viirs-ntl band=b1,longntl_annual_native500m_positive_pixel_sum_v1,天津,天津市,156120000,unique_exact_or_prefix,H3C IndexYear paired to same LongNTL calendar year by user instruction
石家庄市,2024,70.7,158211.653828556,H3C live AllCityOneInfo API snapshot matched to workbook; workbook_sha256=6C7ABE1A06917FBF9BEEE26C7462ED00557EA038A5374DFC0EDA9BEB240AB753; model-year semantics follow the user's explicit instruction that IndexYear is the DEI year,projects/empyrean-caster-430308-m2/assets/city; update_time=2024-10-08T06:01:06.845098Z; source/licence/reference-year unresolved; one static layer used for all years,projects/sat-io/open-datasets/npp-viirs-ntl band=b1,longntl_annual_native500m_positive_pixel_sum_v1,石家庄,石家庄市,156130100,unique_exact_or_prefix,H3C IndexYear paired to same LongNTL calendar year by user instruction
唐山市,2024,68.7,168860.379634973,H3C live AllCityOneInfo API snapshot matched to workbook; workbook_sha256=6C7ABE1A06917FBF9BEEE26C7462ED00557EA038A5374DFC0EDA9BEB240AB753; model-year semantics follow the user's explicit instruction that IndexYear is the DEI year,projects/empyrean-caster-430308-m2/assets/city; update_time=2024-10-08T06:01:06.845098Z; source/licence/reference-year unresolved; one static layer used for all years,projects/sat-io/open-datasets/npp-viirs-ntl band=b1,longntl_annual_native500m_positive_pixel_sum_v1,唐山,唐山市,156130200,unique_exact_or_prefix,H3C IndexYear paired to same LongNTL calendar year by user instruction
秦皇岛市,2024,51.9,46585.7762101921,H3C live AllCityOneInfo API snapshot matched to workbook; workbook_sha256=6C7ABE1A06917FBF9BEEE26C7462ED00557EA038A5374DFC0EDA9BEB240AB753; model-year semantics follow the user's explicit instruction that IndexYear is the DEI year,projects/empyrean-caster-430308-m2/assets/city; update_time=2024-10-08T06:01:06.845098Z; source/licence/reference-year unresolved; one static layer used for all years,projects/sat-io/open-datasets/npp-viirs-ntl band=b1,longntl_annual_native500m_positive_pixel_sum_v1,秦皇岛,秦皇岛市,156130300,unique_exact_or_prefix,H3C IndexYear paired to same LongNTL calendar year by user instruction
邯郸市,2024,63.9,89368.5149750812,H3C live AllCityOneInfo API snapshot matched to workbook; workbook_sha256=6C7ABE1A06917FBF9BEEE26C7462ED00557EA038A5374DFC0EDA9BEB240AB753; model-year semantics follow the user's explicit instruction that IndexYear is the DEI year,projects/empyrean-caster-430308-m2/assets/city; update_time=2024-10-08T06:01:06.845098Z; source/licence/reference-year unresolved; one static layer used for all years,projects/sat-io/open-datasets/npp-viirs-ntl band=b1,longntl_annual_native500m_positive_pixel_sum_v1,邯郸,邯郸市,156130400,unique_exact_or_prefix,H3C IndexYear paired to same LongNTL calendar year by user instruction
邢台市,2024,53.7,77066.5024138016,H3C live AllCityOneInfo API snapshot matched to workbook; workbook_sha256=6C7ABE1A06917FBF9BEEE26C7462ED00557EA038A5374DFC0EDA9BEB240AB753; model-year semantics follow the user's explicit instruction that IndexYear is the DEI year,projects/empyrean-caster-430308-m2/assets/city; update_time=2024-10-08T06:01:06.845098Z; source/licence/reference-year unresolved; one static layer used for all years,projects/sat-io/open-datasets/npp-viirs-ntl band=b1,longntl_annual_native500m_positive_pixel_sum_v1,邢台,邢台市,156130500,unique_exact_or_prefix,H3C IndexYear paired to same LongNTL calendar year by user instruction
保定市,2024,62,174404.915353206,H3C live AllCityOneInfo API snapshot matched to workbook; workbook_sha256=6C7ABE1A06917FBF9BEEE26C7462ED00557EA038A5374DFC0EDA9BEB240AB753; model-year semantics follow the user's explicit instruction that IndexYear is the DEI year,projects/empyrean-caster-430308-m2/assets/city; update_time=2024-10-08T06:01:06.845098Z; source/licence/reference-year unresolved; one static layer used for all years,projects/sat-io/open-datasets/npp-viirs-ntl band=b1,longntl_annual_native500m_positive_pixel_sum_v1,保定,保定市,156130600,unique_exact_or_prefix,H3C IndexYear paired to same LongNTL calendar year by user instruction
张家口市,2024,50.8,53983.194647623,H3C live AllCityOneInfo API snapshot matched to workbook; workbook_sha256=6C7ABE1A06917FBF9BEEE26C7462ED00557EA038A5374DFC0EDA9BEB240AB753; model-year semantics follow the user's explicit instruction that IndexYear is the DEI year,projects/empyrean-caster-430308-m2/assets/city; update_time=2024-10-08T06:01:06.845098Z; source/licence/reference-year unresolved; one static layer used for all years,projects/sat-io/open-datasets/npp-viirs-ntl band=b1,longntl_annual_native500m_positive_pixel_sum_v1,张家口,张家口市,156130700,unique_exact_or_prefix,H3C IndexYear paired to same LongNTL calendar year by user instruction
承德市,2024,49.8,37246.219567017,H3C live AllCityOneInfo API snapshot matched to workbook; workbook_sha256=6C7ABE1A06917FBF9BEEE26C7462ED00557EA038A5374DFC0EDA9BEB240AB753; model-year semantics follow the user's explicit instruction that IndexYear is the DEI year,projects/empyrean-caster-430308-m2/assets/city; update_time=2024-10-08T06:01:06.845098Z; source/licence/reference-year unresolved; one static layer used for all years,projects/sat-io/open-datasets/npp-viirs-ntl band=b1,longntl_annual_native500m_positive_pixel_sum_v1,承德,承德市,156130800,unique_exact_or_prefix,H3C IndexYear paired to same LongNTL calendar year by user instruction
沧州市,2024,64.6,113474.272752714,H3C live AllCityOneInfo API snapshot matched to workbook; workbook_sha256=6C7ABE1A06917FBF9BEEE26C7462ED00557EA038A5374DFC0EDA9BEB240AB753; model-year semantics follow the user's explicit instruction that IndexYear is the DEI year,projects/empyrean-caster-430308-m2/assets/city; update_time=2024-10-08T06:01:06.845098Z; source/licence/reference-year unresolved; one static layer used for all years,projects/sat-io/open-datasets/npp-viirs-ntl band=b1,longntl_annual_native500m_positive_pixel_sum_v1,沧州,沧州市,156130900,unique_exact_or_prefix,H3C IndexYear paired to same LongNTL calendar year by user instruction
廊坊市,2024,64.2,128524.105660052,H3C live AllCityOneInfo API snapshot matched to workbook; workbook_sha256=6C7ABE1A06917FBF9BEEE26C7462ED00557EA038A5374DFC0EDA9BEB240AB753; model-year semantics follow the user's explicit instruction that IndexYear is the DEI year,projects/empyrean-caster-430308-m2/assets/city; update_time=2024-10-08T06:01:06.845098Z; source/licence/reference-year unresolved; one static layer used for all years,projects/sat-io/open-datasets/npp-viirs-ntl band=b1,longntl_annual_native500m_positive_pixel_sum_v1,廊坊,廊坊市,156131000,unique_exact_or_prefix,H3C IndexYear paired to same LongNTL calendar year by user instruction
衡水市,2024,51.7,34335.8222321898,H3C live AllCityOneInfo API snapshot matched to workbook; workbook_sha256=6C7ABE1A06917FBF9BEEE26C7462ED00557EA038A5374DFC0EDA9BEB240AB753; model-year semantics follow the user's explicit instruction that IndexYear is the DEI year,projects/empyrean-caster-430308-m2/assets/city; update_time=2024-10-08T06:01:06.845098Z; source/licence/reference-year unresolved; one static layer used for all years,projects/sat-io/open-datasets/npp-viirs-ntl band=b1,longntl_annual_native500m_positive_pixel_sum_v1,衡水,衡水市,156131100,unique_exact_or_prefix,H3C IndexYear paired to same LongNTL calendar year by user instruction
太原市,2024,69.6,154827.166094112,H3C live AllCityOneInfo API snapshot matched to workbook; workbook_sha256=6C7ABE1A06917FBF9BEEE26C7462ED00557EA038A5374DFC0EDA9BEB240AB753; model-year semantics follow the user's explicit instruction that IndexYear is the DEI year,projects/empyrean-caster-430308-m2/assets/city; update_time=2024-10-08T06:01:06.845098Z; source/licence/reference-year unresolved; one static layer used for all years,projects/sat-io/open-datasets/npp-viirs-ntl band=b1,longntl_annual_native500m_positive_pixel_sum_v1,太原,太原市,156140100,unique_exact_or_prefix,H3C IndexYear paired to same LongNTL calendar year by user instruction
大同市,2024,47,69090.1503091667,H3C live AllCityOneInfo API snapshot matched to workbook; workbook_sha256=6C7ABE1A06917FBF9BEEE26C7462ED00557EA038A5374DFC0EDA9BEB240AB753; model-year semantics follow the user's explicit instruction that IndexYear is the DEI year,projects/empyrean-caster-430308-m2/assets/city; update_time=2024-10-08T06:01:06.845098Z; source/licence/reference-year unresolved; one static layer used for all years,projects/sat-io/open-datasets/npp-viirs-ntl band=b1,longntl_annual_native500m_positive_pixel_sum_v1,大同,大同市,156140200,unique_exact_or_prefix,H3C IndexYear paired to same LongNTL calendar year by user instruction
阳泉市,2024,39.2,18532.2961737647,H3C live AllCityOneInfo API snapshot matched to workbook; workbook_sha256=6C7ABE1A06917FBF9BEEE26C7462ED00557EA038A5374DFC0EDA9BEB240AB753; model-year semantics follow the user's explicit instruction that IndexYear is the DEI year,projects/empyrean-caster-430308-m2/assets/city; update_time=2024-10-08T06:01:06.845098Z; source/licence/reference-year unresolved; one static layer used for all years,projects/sat-io/open-datasets/npp-viirs-ntl band=b1,longntl_annual_native500m_positive_pixel_sum_v1,阳泉,阳泉市,156140300,unique_exact_or_prefix,H3C IndexYear paired to same LongNTL calendar year by user instruction
长治市,2024,51.7,71627.346164342,H3C live AllCityOneInfo API snapshot matched to workbook; workbook_sha256=6C7ABE1A06917FBF9BEEE26C7462ED00557EA038A5374DFC0EDA9BEB240AB753; model-year semantics follow the user's explicit instruction that IndexYear is the DEI year,projects/empyrean-caster-430308-m2/assets/city; update_time=2024-10-08T06:01:06.845098Z; source/licence/reference-year unresolved; one static layer used for all years,projects/sat-io/open-datasets/npp-viirs-ntl band=b1,longntl_annual_native500m_positive_pixel_sum_v1,长治,长治市,156140400,unique_exact_or_prefix,H3C IndexYear paired to same LongNTL calendar year by user instruction
晋城市,2024,50.4,43730.0273329553,H3C live AllCityOneInfo API snapshot matched to workbook; workbook_sha256=6C7ABE1A06917FBF9BEEE26C7462ED00557EA038A5374DFC0EDA9BEB240AB753; model-year semantics follow the user's explicit instruction that IndexYear is the DEI year,projects/empyrean-caster-430308-m2/assets/city; update_time=2024-10-08T06:01:06.845098Z; source/licence/reference-year unresolved; one static layer used for all years,projects/sat-io/open-datasets/npp-viirs-ntl band=b1,longntl_annual_native500m_positive_pixel_sum_v1,晋城,晋城市,156140500,unique_exact_or_prefix,H3C IndexYear paired to same LongNTL calendar year by user instruction
朔州市,2024,42.4,49496.8370720069,H3C live AllCityOneInfo API snapshot matched to workbook; workbook_sha256=6C7ABE1A06917FBF9BEEE26C7462ED00557EA038A5374DFC0EDA9BEB240AB753; model-year semantics follow the user's explicit instruction that IndexYear is the DEI year,projects/empyrean-caster-430308-m2/assets/city; update_time=2024-10-08T06:01:06.845098Z; source/licence/reference-year unresolved; one static layer used for all years,projects/sat-io/open-datasets/npp-viirs-ntl band=b1,longntl_annual_native500m_positive_pixel_sum_v1,朔州,朔州市,156140600,unique_exact_or_prefix,H3C IndexYear paired to same LongNTL calendar year by user instruction
晋中市,2024,49.1,66134.8666021333,H3C live AllCityOneInfo API snapshot matched to workbook; workbook_sha256=6C7ABE1A06917FBF9BEEE26C7462ED00557EA038A5374DFC0EDA9BEB240AB753; model-year semantics follow the user's explicit instruction that IndexYear is the DEI year,projects/empyrean-caster-430308-m2/assets/city; update_time=2024-10-08T06:01:06.845098Z; source/licence/reference-year unresolved; one static layer used for all years,projects/sat-io/open-datasets/npp-viirs-ntl band=b1,longntl_annual_native500m_positive_pixel_sum_v1,晋中,晋中市,156140700,unique_exact_or_prefix,H3C IndexYear paired to same LongNTL calendar year by user instruction
运城市,2024,49.3,54274.1180038102,H3C live AllCityOneInfo API snapshot matched to workbook; workbook_sha256=6C7ABE1A06917FBF9BEEE26C7462ED00557EA038A5374DFC0EDA9BEB240AB753; model-year semantics follow the user's explicit instruction that IndexYear is the DEI year,projects/empyrean-caster-430308-m2/assets/city; update_time=2024-10-08T06:01:06.845098Z; source/licence/reference-year unresolved; one static layer used for all years,projects/sat-io/open-datasets/npp-viirs-ntl band=b1,longntl_annual_native500m_positive_pixel_sum_v1,运城,运城市,156140800,unique_exact_or_prefix,H3C IndexYear paired to same LongNTL calendar year by user instruction
忻州市,2024,43.1,41325.303419072,H3C live AllCityOneInfo API snapshot matched to workbook; workbook_sha256=6C7ABE1A06917FBF9BEEE26C7462ED00557EA038A5374DFC0EDA9BEB240AB753; model-year semantics follow the user's explicit instruction that IndexYear is the DEI year,projects/empyrean-caster-430308-m2/assets/city; update_time=2024-10-08T06:01:06.845098Z; source/licence/reference-year unresolved; one static layer used for all years,projects/sat-io/open-datasets/npp-viirs-ntl band=b1,longntl_annual_native500m_positive_pixel_sum_v1,忻州,忻州市,156140900,unique_exact_or_prefix,H3C IndexYear paired to same LongNTL calendar year by user instruction
临汾市,2024,48.2,49835.692254706,H3C live AllCityOneInfo API snapshot matched to workbook; workbook_sha256=6C7ABE1A06917FBF9BEEE26C7462ED00557EA038A5374DFC0EDA9BEB240AB753; model-year semantics follow the user's explicit instruction that IndexYear is the DEI year,projects/empyrean-caster-430308-m2/assets/city; update_time=2024-10-08T06:01:06.845098Z; source/licence/reference-year unresolved; one static layer used for all years,projects/sat-io/open-datasets/npp-viirs-ntl band=b1,longntl_annual_native500m_positive_pixel_sum_v1,临汾,临汾市,156141000,unique_exact_or_prefix,H3C IndexYear paired to same LongNTL calendar year by user instruction
吕梁市,2024,44.2,54777.3310200607,H3C live AllCityOneInfo API snapshot matched to workbook; workbook_sha256=6C7ABE1A06917FBF9BEEE26C7462ED00557EA038A5374DFC0EDA9BEB240AB753; model-year semantics follow the user's explicit instruction that IndexYear is the DEI year,projects/empyrean-caster-430308-m2/assets/city; update_time=2024-10-08T06:01:06.845098Z; source/licence/reference-year unresolved; one static layer used for all years,projects/sat-io/open-datasets/npp-viirs-ntl band=b1,longntl_annual_native500m_positive_pixel_sum_v1,吕梁,吕梁市,156141100,unique_exact_or_prefix,H3C IndexYear paired to same LongNTL calendar year by user instruction
呼和浩特市,2024,71.6,108350.989692797,H3C live AllCityOneInfo API snapshot matched to workbook; workbook_sha256=6C7ABE1A06917FBF9BEEE26C7462ED00557EA038A5374DFC0EDA9BEB240AB753; model-year semantics follow the user's explicit instruction that IndexYear is the DEI year,projects/empyrean-caster-430308-m2/assets/city; update_time=2024-10-08T06:01:06.845098Z; source/licence/reference-year unresolved; one static layer used for all years,projects/sat-io/open-datasets/npp-viirs-ntl band=b1,longntl_annual_native500m_positive_pixel_sum_v1,呼和浩特,呼和浩特市,156150100,unique_exact_or_prefix,H3C IndexYear paired to same LongNTL calendar year by user instruction
包头市,2024,59.6,70647.4284240961,H3C live AllCityOneInfo API snapshot matched to workbook; workbook_sha256=6C7ABE1A06917FBF9BEEE26C7462ED00557EA038A5374DFC0EDA9BEB240AB753; model-year semantics follow the user's explicit instruction that IndexYear is the DEI year,projects/empyrean-caster-430308-m2/assets/city; update_time=2024-10-08T06:01:06.845098Z; source/licence/reference-year unresolved; one static layer used for all years,projects/sat-io/open-datasets/npp-viirs-ntl band=b1,longntl_annual_native500m_positive_pixel_sum_v1,包头,包头市,156150200,unique_exact_or_prefix,H3C IndexYear paired to same LongNTL calendar year by user instruction
赤峰市,2024,50.2,54641.6406893922,H3C live AllCityOneInfo API snapshot matched to workbook; workbook_sha256=6C7ABE1A06917FBF9BEEE26C7462ED00557EA038A5374DFC0EDA9BEB240AB753; model-year semantics follow the user's explicit instruction that IndexYear is the DEI year,projects/empyrean-caster-430308-m2/assets/city; update_time=2024-10-08T06:01:06.845098Z; source/licence/reference-year unresolved; one static layer used for all years,projects/sat-io/open-datasets/npp-viirs-ntl band=b1,longntl_annual_native500m_positive_pixel_sum_v1,赤峰,赤峰市,156150400,unique_exact_or_prefix,H3C IndexYear paired to same LongNTL calendar year by user instruction
通辽市,2024,43.6,36819.5758640976,H3C live AllCityOneInfo API snapshot matched to workbook; workbook_sha256=6C7ABE1A06917FBF9BEEE26C7462ED00557EA038A5374DFC0EDA9BEB240AB753; model-year semantics follow the user's explicit instruction that IndexYear is the DEI year,projects/empyrean-caster-430308-m2/assets/city; update_time=2024-10-08T06:01:06.845098Z; source/licence/reference-year unresolved; one static layer used for all years,projects/sat-io/open-datasets/npp-viirs-ntl band=b1,longntl_annual_native500m_positive_pixel_sum_v1,通辽,通辽市,156150500,unique_exact_or_prefix,H3C IndexYear paired to same LongNTL calendar year by user instruction
鄂尔多斯市,2024,62.6,101480.480355701,H3C live AllCityOneInfo API snapshot matched to workbook; workbook_sha256=6C7ABE1A06917FBF9BEEE26C7462ED00557EA038A5374DFC0EDA9BEB240AB753; model-year semantics follow the user's explicit instruction that IndexYear is the DEI year,projects/empyrean-caster-430308-m2/assets/city; update_time=2024-10-08T06:01:06.845098Z; source/licence/reference-year unresolved; one static layer used for all years,projects/sat-io/open-datasets/npp-viirs-ntl band=b1,longntl_annual_native500m_positive_pixel_sum_v1,鄂尔多斯,鄂尔多斯市,156150600,unique_exact_or_prefix,H3C IndexYear paired to same LongNTL calendar year by user instruction
呼伦贝尔市,2024,44.9,28265.3672814154,H3C live AllCityOneInfo API snapshot matched to workbook; workbook_sha256=6C7ABE1A06917FBF9BEEE26C7462ED00557EA038A5374DFC0EDA9BEB240AB753; model-year semantics follow the user's explicit instruction that IndexYear is the DEI year,projects/empyrean-caster-430308-m2/assets/city; update_time=2024-10-08T06:01:06.845098Z; source/licence/reference-year unresolved; one static layer used for all years,projects/sat-io/open-datasets/npp-viirs-ntl band=b1,longntl_annual_native500m_positive_pixel_sum_v1,呼伦贝尔,呼伦贝尔市,156150700,unique_exact_or_prefix,H3C IndexYear paired to same LongNTL calendar year by user instruction
巴彦淖尔市,2024,39.8,19335.6048164045,H3C live AllCityOneInfo API snapshot matched to workbook; workbook_sha256=6C7ABE1A06917FBF9BEEE26C7462ED00557EA038A5374DFC0EDA9BEB240AB753; model-year semantics follow the user's explicit instruction that IndexYear is the DEI year,projects/empyrean-caster-430308-m2/assets/city; update_time=2024-10-08T06:01:06.845098Z; source/licence/reference-year unresolved; one static layer used for all years,projects/sat-io/open-datasets/npp-viirs-ntl band=b1,longntl_annual_native500m_positive_pixel_sum_v1,巴彦淖尔,巴彦淖尔市,156150800,unique_exact_or_prefix,H3C IndexYear paired to same LongNTL calendar year by user instruction
乌兰察布市,2024,43.8,34762.9096399078,H3C live AllCityOneInfo API snapshot matched to workbook; workbook_sha256=6C7ABE1A06917FBF9BEEE26C7462ED00557EA038A5374DFC0EDA9BEB240AB753; model-year semantics follow the user's explicit instruction that IndexYear is the DEI year,projects/empyrean-caster-430308-m2/assets/city; update_time=2024-10-08T06:01:06.845098Z; source/licence/reference-year unresolved; one static layer used for all years,projects/sat-io/open-datasets/npp-viirs-ntl band=b1,longntl_annual_native500m_positive_pixel_sum_v1,乌兰察布,乌兰察布市,156150900,unique_exact_or_prefix,H3C IndexYear paired to same LongNTL calendar year by user instruction
锡林郭勒盟,2024,40.1,33610.2029975068,H3C live AllCityOneInfo API snapshot matched to workbook; workbook_sha256=6C7ABE1A06917FBF9BEEE26C7462ED00557EA038A5374DFC0EDA9BEB240AB753; model-year semantics follow the user's explicit instruction that IndexYear is the DEI year,projects/empyrean-caster-430308-m2/assets/city; update_time=2024-10-08T06:01:06.845098Z; source/licence/reference-year unresolved; one static layer used for all years,projects/sat-io/open-datasets/npp-viirs-ntl band=b1,longntl_annual_native500m_positive_pixel_sum_v1,锡林郭勒,锡林郭勒盟,156152500,unique_exact_or_prefix,H3C IndexYear paired to same LongNTL calendar year by user instruction
沈阳市,2024,74.1,184701.251037956,H3C live AllCityOneInfo API snapshot matched to workbook; workbook_sha256=6C7ABE1A06917FBF9BEEE26C7462ED00557EA038A5374DFC0EDA9BEB240AB753; model-year semantics follow the user's explicit instruction that IndexYear is the DEI year,projects/empyrean-caster-430308-m2/assets/city; update_time=2024-10-08T06:01:06.845098Z; source/licence/reference-year unresolved; one static layer used for all years,projects/sat-io/open-datasets/npp-viirs-ntl band=b1,longntl_annual_native500m_positive_pixel_sum_v1,沈阳,沈阳市,156210100,unique_exact_or_prefix,H3C IndexYear paired to same LongNTL calendar year by user instruction
大连市,2024,70.2,121577.217631621,H3C live AllCityOneInfo API snapshot matched to workbook; workbook_sha256=6C7ABE1A06917FBF9BEEE26C7462ED00557EA038A5374DFC0EDA9BEB240AB753; model-year semantics follow the user's explicit instruction that IndexYear is the DEI year,projects/empyrean-caster-430308-m2/assets/city; update_time=2024-10-08T06:01:06.845098Z; source/licence/reference-year unresolved; one static layer used for all years,projects/sat-io/open-datasets/npp-viirs-ntl band=b1,longntl_annual_native500m_positive_pixel_sum_v1,大连,大连市,156210200,unique_exact_or_prefix,H3C IndexYear paired to same LongNTL calendar year by user instruction
鞍山市,2024,50.3,44279.6240278029,H3C live AllCityOneInfo API snapshot matched to workbook; workbook_sha256=6C7ABE1A06917FBF9BEEE26C7462ED00557EA038A5374DFC0EDA9BEB240AB753; model-year semantics follow the user's explicit instruction that IndexYear is the DEI year,projects/empyrean-caster-430308-m2/assets/city; update_time=2024-10-08T06:01:06.845098Z; source/licence/reference-year unresolved; one static layer used for all years,projects/sat-io/open-datasets/npp-viirs-ntl band=b1,longntl_annual_native500m_positive_pixel_sum_v1,鞍山,鞍山市,156210300,unique_exact_or_prefix,H3C IndexYear paired to same LongNTL calendar year by user instruction
锦州市,2024,40.4,31409.9724044463,H3C live AllCityOneInfo API snapshot matched to workbook; workbook_sha256=6C7ABE1A06917FBF9BEEE26C7462ED00557EA038A5374DFC0EDA9BEB240AB753; model-year semantics follow the user's explicit instruction that IndexYear is the DEI year,projects/empyrean-caster-430308-m2/assets/city; update_time=2024-10-08T06:01:06.845098Z; source/licence/reference-year unresolved; one static layer used for all years,projects/sat-io/open-datasets/npp-viirs-ntl band=b1,longntl_annual_native500m_positive_pixel_sum_v1,锦州,锦州市,156210700,unique_exact_or_prefix,H3C IndexYear paired to same LongNTL calendar year by user instruction
营口市,2024,43.4,44322.8330927199,H3C live AllCityOneInfo API snapshot matched to workbook; workbook_sha256=6C7ABE1A06917FBF9BEEE26C7462ED00557EA038A5374DFC0EDA9BEB240AB753; model-year semantics follow the user's explicit instruction that IndexYear is the DEI year,projects/empyrean-caster-430308-m2/assets/city; update_time=2024-10-08T06:01:06.845098Z; source/licence/reference-year unresolved; one static layer used for all years,projects/sat-io/open-datasets/npp-viirs-ntl band=b1,longntl_annual_native500m_positive_pixel_sum_v1,营口,营口市,156210800,unique_exact_or_prefix,H3C IndexYear paired to same LongNTL calendar year by user instruction
盘锦市,2024,44.2,38798.8774420271,H3C live AllCityOneInfo API snapshot matched to workbook; workbook_sha256=6C7ABE1A06917FBF9BEEE26C7462ED00557EA038A5374DFC0EDA9BEB240AB753; model-year semantics follow the user's explicit instruction that IndexYear is the DEI year,projects/empyrean-caster-430308-m2/assets/city; update_time=2024-10-08T06:01:06.845098Z; source/licence/reference-year unresolved; one static layer used for all years,projects/sat-io/open-datasets/npp-viirs-ntl band=b1,longntl_annual_native500m_positive_pixel_sum_v1,盘锦,盘锦市,156211100,unique_exact_or_prefix,H3C IndexYear paired to same LongNTL calendar year by user instruction
长春市,2024,68.3,248974.250462805,H3C live AllCityOneInfo API snapshot matched to workbook; workbook_sha256=6C7ABE1A06917FBF9BEEE26C7462ED00557EA038A5374DFC0EDA9BEB240AB753; model-year semantics follow the user's explicit instruction that IndexYear is the DEI year,projects/empyrean-caster-430308-m2/assets/city; update_time=2024-10-08T06:01:06.845098Z; source/licence/reference-year unresolved; one static layer used for all years,projects/sat-io/open-datasets/npp-viirs-ntl band=b1,longntl_annual_native500m_positive_pixel_sum_v1,长春,长春市,156220100,unique_exact_or_prefix,H3C IndexYear paired to same LongNTL calendar year by user instruction
吉林市,2024,45.5,46489.8957661194,H3C live AllCityOneInfo API snapshot matched to workbook; workbook_sha256=6C7ABE1A06917FBF9BEEE26C7462ED00557EA038A5374DFC0EDA9BEB240AB753; model-year semantics follow the user's explicit instruction that IndexYear is the DEI year,projects/empyrean-caster-430308-m2/assets/city; update_time=2024-10-08T06:01:06.845098Z; source/licence/reference-year unresolved; one static layer used for all years,projects/sat-io/open-datasets/npp-viirs-ntl band=b1,longntl_annual_native500m_positive_pixel_sum_v1,吉林,吉林市,156220200,unique_exact_or_prefix,H3C IndexYear paired to same LongNTL calendar year by user instruction
辽源市,2024,40.4,15709.083481978,H3C live AllCityOneInfo API snapshot matched to workbook; workbook_sha256=6C7ABE1A06917FBF9BEEE26C7462ED00557EA038A5374DFC0EDA9BEB240AB753; model-year semantics follow the user's explicit instruction that IndexYear is the DEI year,projects/empyrean-caster-430308-m2/assets/city; update_time=2024-10-08T06:01:06.845098Z; source/licence/reference-year unresolved; one static layer used for all years,projects/sat-io/open-datasets/npp-viirs-ntl band=b1,longntl_annual_native500m_positive_pixel_sum_v1,辽源,辽源市,156220400,unique_exact_or_prefix,H3C IndexYear paired to same LongNTL calendar year by user instruction
哈尔滨市,2024,67.9,151836.844947627,H3C live AllCityOneInfo API snapshot matched to workbook; workbook_sha256=6C7ABE1A06917FBF9BEEE26C7462ED00557EA038A5374DFC0EDA9BEB240AB753; model-year semantics follow the user's explicit instruction that IndexYear is the DEI year,projects/empyrean-caster-430308-m2/assets/city; update_time=2024-10-08T06:01:06.845098Z; source/licence/reference-year unresolved; one static layer used for all years,projects/sat-io/open-datasets/npp-viirs-ntl band=b1,longntl_annual_native500m_positive_pixel_sum_v1,哈尔滨,哈尔滨市,156230100,unique_exact_or_prefix,H3C IndexYear paired to same LongNTL calendar year by user instruction
齐齐哈尔市,2024,53.5,42784.9320511196,H3C live AllCityOneInfo API snapshot matched to workbook; workbook_sha256=6C7ABE1A06917FBF9BEEE26C7462ED00557EA038A5374DFC0EDA9BEB240AB753; model-year semantics follow the user's explicit instruction that IndexYear is the DEI year,projects/empyrean-caster-430308-m2/assets/city; update_time=2024-10-08T06:01:06.845098Z; source/licence/reference-year unresolved; one static layer used for all years,projects/sat-io/open-datasets/npp-viirs-ntl band=b1,longntl_annual_native500m_positive_pixel_sum_v1,齐齐哈尔,齐齐哈尔市,156230200,unique_exact_or_prefix,H3C IndexYear paired to same LongNTL calendar year by user instruction
大庆市,2024,56.9,82354.7067338569,H3C live AllCityOneInfo API snapshot matched to workbook; workbook_sha256=6C7ABE1A06917FBF9BEEE26C7462ED00557EA038A5374DFC0EDA9BEB240AB753; model-year semantics follow the user's explicit instruction that IndexYear is the DEI year,projects/empyrean-caster-430308-m2/assets/city; update_time=2024-10-08T06:01:06.845098Z; source/licence/reference-year unresolved; one static layer used for all years,projects/sat-io/open-datasets/npp-viirs-ntl band=b1,longntl_annual_native500m_positive_pixel_sum_v1,大庆,大庆市,156230600,unique_exact_or_prefix,H3C IndexYear paired to same LongNTL calendar year by user instruction
牡丹江市,2024,43.7,22986.3506887277,H3C live AllCityOneInfo API snapshot matched to workbook; workbook_sha256=6C7ABE1A06917FBF9BEEE26C7462ED00557EA038A5374DFC0EDA9BEB240AB753; model-year semantics follow the user's explicit instruction that IndexYear is the DEI year,projects/empyrean-caster-430308-m2/assets/city; update_time=2024-10-08T06:01:06.845098Z; source/licence/reference-year unresolved; one static layer used for all years,projects/sat-io/open-datasets/npp-viirs-ntl band=b1,longntl_annual_native500m_positive_pixel_sum_v1,牡丹江,牡丹江市,156231000,unique_exact_or_prefix,H3C IndexYear paired to same LongNTL calendar year by user instruction
绥化市,2024,40.7,25310.1460591816,H3C live AllCityOneInfo API snapshot matched to workbook; workbook_sha256=6C7ABE1A06917FBF9BEEE26C7462ED00557EA038A5374DFC0EDA9BEB240AB753; model-year semantics follow the user's explicit instruction that IndexYear is the DEI year,projects/empyrean-caster-430308-m2/assets/city; update_time=2024-10-08T06:01:06.845098Z; source/licence/reference-year unresolved; one static layer used for all years,projects/sat-io/open-datasets/npp-viirs-ntl band=b1,longntl_annual_native500m_positive_pixel_sum_v1,绥化,绥化市,156231200,unique_exact_or_prefix,H3C IndexYear paired to same LongNTL calendar year by user instruction
上海市,2024,93.7,572961.684544044,H3C live AllCityOneInfo API snapshot matched to workbook; workbook_sha256=6C7ABE1A06917FBF9BEEE26C7462ED00557EA038A5374DFC0EDA9BEB240AB753; model-year semantics follow the user's explicit instruction that IndexYear is the DEI year,projects/empyrean-caster-430308-m2/assets/city; update_time=2024-10-08T06:01:06.845098Z; source/licence/reference-year unresolved; one static layer used for all years,projects/sat-io/open-datasets/npp-viirs-ntl band=b1,longntl_annual_native500m_positive_pixel_sum_v1,上海,上海市,156310000,unique_exact_or_prefix,H3C IndexYear paired to same LongNTL calendar year by user instruction
南京市,2024,83.7,240607.83980737,H3C live AllCityOneInfo API snapshot matched to workbook; workbook_sha256=6C7ABE1A06917FBF9BEEE26C7462ED00557EA038A5374DFC0EDA9BEB240AB753; model-year semantics follow the user's explicit instruction that IndexYear is the DEI year,projects/empyrean-caster-430308-m2/assets/city; update_time=2024-10-08T06:01:06.845098Z; source/licence/reference-year unresolved; one static layer used for all years,projects/sat-io/open-datasets/npp-viirs-ntl band=b1,longntl_annual_native500m_positive_pixel_sum_v1,南京,南京市,156320100,unique_exact_or_prefix,H3C IndexYear paired to same LongNTL calendar year by user instruction
无锡市,2024,81.9,212371.657002457,H3C live AllCityOneInfo API snapshot matched to workbook; workbook_sha256=6C7ABE1A06917FBF9BEEE26C7462ED00557EA038A5374DFC0EDA9BEB240AB753; model-year semantics follow the user's explicit instruction that IndexYear is the DEI year,projects/empyrean-caster-430308-m2/assets/city; update_time=2024-10-08T06:01:06.845098Z; source/licence/reference-year unresolved; one static layer used for all years,projects/sat-io/open-datasets/npp-viirs-ntl band=b1,longntl_annual_native500m_positive_pixel_sum_v1,无锡,无锡市,156320200,unique_exact_or_prefix,H3C IndexYear paired to same LongNTL calendar year by user instruction
徐州市,2024,71.7,144284.288055627,H3C live AllCityOneInfo API snapshot matched to workbook; workbook_sha256=6C7ABE1A06917FBF9BEEE26C7462ED00557EA038A5374DFC0EDA9BEB240AB753; model-year semantics follow the user's explicit instruction that IndexYear is the DEI year,projects/empyrean-caster-430308-m2/assets/city; update_time=2024-10-08T06:01:06.845098Z; source/licence/reference-year unresolved; one static layer used for all years,projects/sat-io/open-datasets/npp-viirs-ntl band=b1,longntl_annual_native500m_positive_pixel_sum_v1,徐州,徐州市,156320300,unique_exact_or_prefix,H3C IndexYear paired to same LongNTL calendar year by user instruction
常州市,2024,73.3,158225.737390592,H3C live AllCityOneInfo API snapshot matched to workbook; workbook_sha256=6C7ABE1A06917FBF9BEEE26C7462ED00557EA038A5374DFC0EDA9BEB240AB753; model-year semantics follow the user's explicit instruction that IndexYear is the DEI year,projects/empyrean-caster-430308-m2/assets/city; update_time=2024-10-08T06:01:06.845098Z; source/licence/reference-year unresolved; one static layer used for all years,projects/sat-io/open-datasets/npp-viirs-ntl band=b1,longntl_annual_native500m_positive_pixel_sum_v1,常州,常州市,156320400,unique_exact_or_prefix,H3C IndexYear paired to same LongNTL calendar year by user instruction
苏州市,2024,83.8,476015.745939504,H3C live AllCityOneInfo API snapshot matched to workbook; workbook_sha256=6C7ABE1A06917FBF9BEEE26C7462ED00557EA038A5374DFC0EDA9BEB240AB753; model-year semantics follow the user's explicit instruction that IndexYear is the DEI year,projects/empyrean-caster-430308-m2/assets/city; update_time=2024-10-08T06:01:06.845098Z; source/licence/reference-year unresolved; one static layer used for all years,projects/sat-io/open-datasets/npp-viirs-ntl band=b1,longntl_annual_native500m_positive_pixel_sum_v1,苏州,苏州市,156320500,unique_exact_or_prefix,H3C IndexYear paired to same LongNTL calendar year by user instruction
南通市,2024,75.7,191406.324484744,H3C live AllCityOneInfo API snapshot matched to workbook; workbook_sha256=6C7ABE1A06917FBF9BEEE26C7462ED00557EA038A5374DFC0EDA9BEB240AB753; model-year semantics follow the user's explicit instruction that IndexYear is the DEI year,projects/empyrean-caster-430308-m2/assets/city; update_time=2024-10-08T06:01:06.845098Z; source/licence/reference-year unresolved; one static layer used for all years,projects/sat-io/open-datasets/npp-viirs-ntl band=b1,longntl_annual_native500m_positive_pixel_sum_v1,南通,南通市,156320600,unique_exact_or_prefix,H3C IndexYear paired to same LongNTL calendar year by user instruction
连云港市,2024,66.4,77391.7338494081,H3C live AllCityOneInfo API snapshot matched to workbook; workbook_sha256=6C7ABE1A06917FBF9BEEE26C7462ED00557EA038A5374DFC0EDA9BEB240AB753; model-year semantics follow the user's explicit instruction that IndexYear is the DEI year,projects/empyrean-caster-430308-m2/assets/city; update_time=2024-10-08T06:01:06.845098Z; source/licence/reference-year unresolved; one static layer used for all years,projects/sat-io/open-datasets/npp-viirs-ntl band=b1,longntl_annual_native500m_positive_pixel_sum_v1,连云港,连云港市,156320700,unique_exact_or_prefix,H3C IndexYear paired to same LongNTL calendar year by user instruction
淮安市,2024,67.7,95208.3696925888,H3C live AllCityOneInfo API snapshot matched to workbook; workbook_sha256=6C7ABE1A06917FBF9BEEE26C7462ED00557EA038A5374DFC0EDA9BEB240AB753; model-year semantics follow the user's explicit instruction that IndexYear is the DEI year,projects/empyrean-caster-430308-m2/assets/city; update_time=2024-10-08T06:01:06.845098Z; source/licence/reference-year unresolved; one static layer used for all years,projects/sat-io/open-datasets/npp-viirs-ntl band=b1,longntl_annual_native500m_positive_pixel_sum_v1,淮安,淮安市,156320800,unique_exact_or_prefix,H3C IndexYear paired to same LongNTL calendar year by user instruction
盐城市,2024,64.8,154083.42539811,H3C live AllCityOneInfo API snapshot matched to workbook; workbook_sha256=6C7ABE1A06917FBF9BEEE26C7462ED00557EA038A5374DFC0EDA9BEB240AB753; model-year semantics follow the user's explicit instruction that IndexYear is the DEI year,projects/empyrean-caster-430308-m2/assets/city; update_time=2024-10-08T06:01:06.845098Z; source/licence/reference-year unresolved; one static layer used for all years,projects/sat-io/open-datasets/npp-viirs-ntl band=b1,longntl_annual_native500m_positive_pixel_sum_v1,盐城,盐城市,156320900,unique_exact_or_prefix,H3C IndexYear paired to same LongNTL calendar year by user instruction
扬州市,2024,72.6,115194.784031807,H3C live AllCityOneInfo API snapshot matched to workbook; workbook_sha256=6C7ABE1A06917FBF9BEEE26C7462ED00557EA038A5374DFC0EDA9BEB240AB753; model-year semantics follow the user's explicit instruction that IndexYear is the DEI year,projects/empyrean-caster-430308-m2/assets/city; update_time=2024-10-08T06:01:06.845098Z; source/licence/reference-year unresolved; one static layer used for all years,projects/sat-io/open-datasets/npp-viirs-ntl band=b1,longntl_annual_native500m_positive_pixel_sum_v1,扬州,扬州市,156321000,unique_exact_or_prefix,H3C IndexYear paired to same LongNTL calendar year by user instruction
镇江市,2024,69.2,81330.218747376,H3C live AllCityOneInfo API snapshot matched to workbook; workbook_sha256=6C7ABE1A06917FBF9BEEE26C7462ED00557EA038A5374DFC0EDA9BEB240AB753; model-year semantics follow the user's explicit instruction that IndexYear is the DEI year,projects/empyrean-caster-430308-m2/assets/city; update_time=2024-10-08T06:01:06.845098Z; source/licence/reference-year unresolved; one static layer used for all years,projects/sat-io/open-datasets/npp-viirs-ntl band=b1,longntl_annual_native500m_positive_pixel_sum_v1,镇江,镇江市,156321100,unique_exact_or_prefix,H3C IndexYear paired to same LongNTL calendar year by user instruction
泰州市,2024,68.5,119085.147823209,H3C live AllCityOneInfo API snapshot matched to workbook; workbook_sha256=6C7ABE1A06917FBF9BEEE26C7462ED00557EA038A5374DFC0EDA9BEB240AB753; model-year semantics follow the user's explicit instruction that IndexYear is the DEI year,projects/empyrean-caster-430308-m2/assets/city; update_time=2024-10-08T06:01:06.845098Z; source/licence/reference-year unresolved; one static layer used for all years,projects/sat-io/open-datasets/npp-viirs-ntl band=b1,longntl_annual_native500m_positive_pixel_sum_v1,泰州,泰州市,156321200,unique_exact_or_prefix,H3C IndexYear paired to same LongNTL calendar year by user instruction
宿迁市,2024,63.7,80115.5896730119,H3C live AllCityOneInfo API snapshot matched to workbook; workbook_sha256=6C7ABE1A06917FBF9BEEE26C7462ED00557EA038A5374DFC0EDA9BEB240AB753; model-year semantics follow the user's explicit instruction that IndexYear is the DEI year,projects/empyrean-caster-430308-m2/assets/city; update_time=2024-10-08T06:01:06.845098Z; source/licence/reference-year unresolved; one static layer used for all years,projects/sat-io/open-datasets/npp-viirs-ntl band=b1,longntl_annual_native500m_positive_pixel_sum_v1,宿迁,宿迁市,156321300,unique_exact_or_prefix,H3C IndexYear paired to same LongNTL calendar year by user instruction
杭州市,2024,93.1,310842.57949906,H3C live AllCityOneInfo API snapshot matched to workbook; workbook_sha256=6C7ABE1A06917FBF9BEEE26C7462ED00557EA038A5374DFC0EDA9BEB240AB753; model-year semantics follow the user's explicit instruction that IndexYear is the DEI year,projects/empyrean-caster-430308-m2/assets/city; update_time=2024-10-08T06:01:06.845098Z; source/licence/reference-year unresolved; one static layer used for all years,projects/sat-io/open-datasets/npp-viirs-ntl band=b1,longntl_annual_native500m_positive_pixel_sum_v1,杭州,杭州市,156330100,unique_exact_or_prefix,H3C IndexYear paired to same LongNTL calendar year by user instruction
宁波市,2024,78.9,321925.816694915,H3C live AllCityOneInfo API snapshot matched to workbook; workbook_sha256=6C7ABE1A06917FBF9BEEE26C7462ED00557EA038A5374DFC0EDA9BEB240AB753; model-year semantics follow the user's explicit instruction that IndexYear is the DEI year,projects/empyrean-caster-430308-m2/assets/city; update_time=2024-10-08T06:01:06.845098Z; source/licence/reference-year unresolved; one static layer used for all years,projects/sat-io/open-datasets/npp-viirs-ntl band=b1,longntl_annual_native500m_positive_pixel_sum_v1,宁波,宁波市,156330200,unique_exact_or_prefix,H3C IndexYear paired to same LongNTL calendar year by user instruction
温州市,2024,74.7,197817.84879441,H3C live AllCityOneInfo API snapshot matched to workbook; workbook_sha256=6C7ABE1A06917FBF9BEEE26C7462ED00557EA038A5374DFC0EDA9BEB240AB753; model-year semantics follow the user's explicit instruction that IndexYear is the DEI year,projects/empyrean-caster-430308-m2/assets/city; update_time=2024-10-08T06:01:06.845098Z; source/licence/reference-year unresolved; one static layer used for all years,projects/sat-io/open-datasets/npp-viirs-ntl band=b1,longntl_annual_native500m_positive_pixel_sum_v1,温州,温州市,156330300,unique_exact_or_prefix,H3C IndexYear paired to same LongNTL calendar year by user instruction
嘉兴市,2024,71.1,187332.291284578,H3C live AllCityOneInfo API snapshot matched to workbook; workbook_sha256=6C7ABE1A06917FBF9BEEE26C7462ED00557EA038A5374DFC0EDA9BEB240AB753; model-year semantics follow the user's explicit instruction that IndexYear is the DEI year,projects/empyrean-caster-430308-m2/assets/city; update_time=2024-10-08T06:01:06.845098Z; source/licence/reference-year unresolved; one static layer used for all years,projects/sat-io/open-datasets/npp-viirs-ntl band=b1,longntl_annual_native500m_positive_pixel_sum_v1,嘉兴,嘉兴市,156330400,unique_exact_or_prefix,H3C IndexYear paired to same LongNTL calendar year by user instruction
湖州市,2024,64,119880.56210357,H3C live AllCityOneInfo API snapshot matched to workbook; workbook_sha256=6C7ABE1A06917FBF9BEEE26C7462ED00557EA038A5374DFC0EDA9BEB240AB753; model-year semantics follow the user's explicit instruction that IndexYear is the DEI year,projects/empyrean-caster-430308-m2/assets/city; update_time=2024-10-08T06:01:06.845098Z; source/licence/reference-year unresolved; one static layer used for all years,projects/sat-io/open-datasets/npp-viirs-ntl band=b1,longntl_annual_native500m_positive_pixel_sum_v1,湖州,湖州市,156330500,unique_exact_or_prefix,H3C IndexYear paired to same LongNTL calendar year by user instruction
绍兴市,2024,72.7,145528.742743662,H3C live AllCityOneInfo API snapshot matched to workbook; workbook_sha256=6C7ABE1A06917FBF9BEEE26C7462ED00557EA038A5374DFC0EDA9BEB240AB753; model-year semantics follow the user's explicit instruction that IndexYear is the DEI year,projects/empyrean-caster-430308-m2/assets/city; update_time=2024-10-08T06:01:06.845098Z; source/licence/reference-year unresolved; one static layer used for all years,projects/sat-io/open-datasets/npp-viirs-ntl band=b1,longntl_annual_native500m_positive_pixel_sum_v1,绍兴,绍兴市,156330600,unique_exact_or_prefix,H3C IndexYear paired to same LongNTL calendar year by user instruction
金华市,2024,69.8,201708.339066537,H3C live AllCityOneInfo API snapshot matched to workbook; workbook_sha256=6C7ABE1A06917FBF9BEEE26C7462ED00557EA038A5374DFC0EDA9BEB240AB753; model-year semantics follow the user's explicit instruction that IndexYear is the DEI year,projects/empyrean-caster-430308-m2/assets/city; update_time=2024-10-08T06:01:06.845098Z; source/licence/reference-year unresolved; one static layer used for all years,projects/sat-io/open-datasets/npp-viirs-ntl band=b1,longntl_annual_native500m_positive_pixel_sum_v1,金华,金华市,156330700,unique_exact_or_prefix,H3C IndexYear paired to same LongNTL calendar year by user instruction
衢州市,2024,46.8,47498.2257967458,H3C live AllCityOneInfo API snapshot matched to workbook; workbook_sha256=6C7ABE1A06917FBF9BEEE26C7462ED00557EA038A5374DFC0EDA9BEB240AB753; model-year semantics follow the user's explicit instruction that IndexYear is the DEI year,projects/empyrean-caster-430308-m2/assets/city; update_time=2024-10-08T06:01:06.845098Z; source/licence/reference-year unresolved; one static layer used for all years,projects/sat-io/open-datasets/npp-viirs-ntl band=b1,longntl_annual_native500m_positive_pixel_sum_v1,衢州,衢州市,156330800,unique_exact_or_prefix,H3C IndexYear paired to same LongNTL calendar year by user instruction
舟山市,2024,43.5,36820.1885848125,H3C live AllCityOneInfo API snapshot matched to workbook; workbook_sha256=6C7ABE1A06917FBF9BEEE26C7462ED00557EA038A5374DFC0EDA9BEB240AB753; model-year semantics follow the user's explicit instruction that IndexYear is the DEI year,projects/empyrean-caster-430308-m2/assets/city; update_time=2024-10-08T06:01:06.845098Z; source/licence/reference-year unresolved; one static layer used for all years,projects/sat-io/open-datasets/npp-viirs-ntl band=b1,longntl_annual_native500m_positive_pixel_sum_v1,舟山,舟山市,156330900,unique_exact_or_prefix,H3C IndexYear paired to same LongNTL calendar year by user instruction
台州市,2024,70.6,139788.699420263,H3C live AllCityOneInfo API snapshot matched to workbook; workbook_sha256=6C7ABE1A06917FBF9BEEE26C7462ED00557EA038A5374DFC0EDA9BEB240AB753; model-year semantics follow the user's explicit instruction that IndexYear is the DEI year,projects/empyrean-caster-430308-m2/assets/city; update_time=2024-10-08T06:01:06.845098Z; source/licence/reference-year unresolved; one static layer used for all years,projects/sat-io/open-datasets/npp-viirs-ntl band=b1,longntl_annual_native500m_positive_pixel_sum_v1,台州,台州市,156331000,unique_exact_or_prefix,H3C IndexYear paired to same LongNTL calendar year by user instruction
丽水市,2024,48.9,42420.7618293585,H3C live AllCityOneInfo API snapshot matched to workbook; workbook_sha256=6C7ABE1A06917FBF9BEEE26C7462ED00557EA038A5374DFC0EDA9BEB240AB753; model-year semantics follow the user's explicit instruction that IndexYear is the DEI year,projects/empyrean-caster-430308-m2/assets/city; update_time=2024-10-08T06:01:06.845098Z; source/licence/reference-year unresolved; one static layer used for all years,projects/sat-io/open-datasets/npp-viirs-ntl band=b1,longntl_annual_native500m_positive_pixel_sum_v1,丽水,丽水市,156331100,unique_exact_or_prefix,H3C IndexYear paired to same LongNTL calendar year by user instruction
合肥市,2024,81.2,242460.570699133,H3C live AllCityOneInfo API snapshot matched to workbook; workbook_sha256=6C7ABE1A06917FBF9BEEE26C7462ED00557EA038A5374DFC0EDA9BEB240AB753; model-year semantics follow the user's explicit instruction that IndexYear is the DEI year,projects/empyrean-caster-430308-m2/assets/city; update_time=2024-10-08T06:01:06.845098Z; source/licence/reference-year unresolved; one static layer used for all years,projects/sat-io/open-datasets/npp-viirs-ntl band=b1,longntl_annual_native500m_positive_pixel_sum_v1,合肥,合肥市,156340100,unique_exact_or_prefix,H3C IndexYear paired to same LongNTL calendar year by user instruction
芜湖市,2024,67.1,80385.0655345468,H3C live AllCityOneInfo API snapshot matched to workbook; workbook_sha256=6C7ABE1A06917FBF9BEEE26C7462ED00557EA038A5374DFC0EDA9BEB240AB753; model-year semantics follow the user's explicit instruction that IndexYear is the DEI year,projects/empyrean-caster-430308-m2/assets/city; update_time=2024-10-08T06:01:06.845098Z; source/licence/reference-year unresolved; one static layer used for all years,projects/sat-io/open-datasets/npp-viirs-ntl band=b1,longntl_annual_native500m_positive_pixel_sum_v1,芜湖,芜湖市,156340200,unique_exact_or_prefix,H3C IndexYear paired to same LongNTL calendar year by user instruction
蚌埠市,2024,51.4,40564.3750022407,H3C live AllCityOneInfo API snapshot matched to workbook; workbook_sha256=6C7ABE1A06917FBF9BEEE26C7462ED00557EA038A5374DFC0EDA9BEB240AB753; model-year semantics follow the user's explicit instruction that IndexYear is the DEI year,projects/empyrean-caster-430308-m2/assets/city; update_time=2024-10-08T06:01:06.845098Z; source/licence/reference-year unresolved; one static layer used for all years,projects/sat-io/open-datasets/npp-viirs-ntl band=b1,longntl_annual_native500m_positive_pixel_sum_v1,蚌埠,蚌埠市,156340300,unique_exact_or_prefix,H3C IndexYear paired to same LongNTL calendar year by user instruction
淮南市,2024,43.6,43718.9473812365,H3C live AllCityOneInfo API snapshot matched to workbook; workbook_sha256=6C7ABE1A06917FBF9BEEE26C7462ED00557EA038A5374DFC0EDA9BEB240AB753; model-year semantics follow the user's explicit instruction that IndexYear is the DEI year,projects/empyrean-caster-430308-m2/assets/city; update_time=2024-10-08T06:01:06.845098Z; source/licence/reference-year unresolved; one static layer used for all years,projects/sat-io/open-datasets/npp-viirs-ntl band=b1,longntl_annual_native500m_positive_pixel_sum_v1,淮南,淮南市,156340400,unique_exact_or_prefix,H3C IndexYear paired to same LongNTL calendar year by user instruction
马鞍山市,2024,52.5,45709.4526696481,H3C live AllCityOneInfo API snapshot matched to workbook; workbook_sha256=6C7ABE1A06917FBF9BEEE26C7462ED00557EA038A5374DFC0EDA9BEB240AB753; model-year semantics follow the user's explicit instruction that IndexYear is the DEI year,projects/empyrean-caster-430308-m2/assets/city; update_time=2024-10-08T06:01:06.845098Z; source/licence/reference-year unresolved; one static layer used for all years,projects/sat-io/open-datasets/npp-viirs-ntl band=b1,longntl_annual_native500m_positive_pixel_sum_v1,马鞍山,马鞍山市,156340500,unique_exact_or_prefix,H3C IndexYear paired to same LongNTL calendar year by user instruction
淮北市,2024,41.8,29507.0644469495,H3C live AllCityOneInfo API snapshot matched to workbook; workbook_sha256=6C7ABE1A06917FBF9BEEE26C7462ED00557EA038A5374DFC0EDA9BEB240AB753; model-year semantics follow the user's explicit instruction that IndexYear is the DEI year,projects/empyrean-caster-430308-m2/assets/city; update_time=2024-10-08T06:01:06.845098Z; source/licence/reference-year unresolved; one static layer used for all years,projects/sat-io/open-datasets/npp-viirs-ntl band=b1,longntl_annual_native500m_positive_pixel_sum_v1,淮北,淮北市,156340600,unique_exact_or_prefix,H3C IndexYear paired to same LongNTL calendar year by user instruction
铜陵市,2024,58.5,18225.2288901474,H3C live AllCityOneInfo API snapshot matched to workbook; workbook_sha256=6C7ABE1A06917FBF9BEEE26C7462ED00557EA038A5374DFC0EDA9BEB240AB753; model-year semantics follow the user's explicit instruction that IndexYear is the DEI year,projects/empyrean-caster-430308-m2/assets/city; update_time=2024-10-08T06:01:06.845098Z; source/licence/reference-year unresolved; one static layer used for all years,projects/sat-io/open-datasets/npp-viirs-ntl band=b1,longntl_annual_native500m_positive_pixel_sum_v1,铜陵,铜陵市,156340700,unique_exact_or_prefix,H3C IndexYear paired to same LongNTL calendar year by user instruction
安庆市,2024,53.4,48639.0307674698,H3C live AllCityOneInfo API snapshot matched to workbook; workbook_sha256=6C7ABE1A06917FBF9BEEE26C7462ED00557EA038A5374DFC0EDA9BEB240AB753; model-year semantics follow the user's explicit instruction that IndexYear is the DEI year,projects/empyrean-caster-430308-m2/assets/city; update_time=2024-10-08T06:01:06.845098Z; source/licence/reference-year unresolved; one static layer used for all years,projects/sat-io/open-datasets/npp-viirs-ntl band=b1,longntl_annual_native500m_positive_pixel_sum_v1,安庆,安庆市,156340800,unique_exact_or_prefix,H3C IndexYear paired to same LongNTL calendar year by user instruction
黄山市,2024,43,7819.34120836024,H3C live AllCityOneInfo API snapshot matched to workbook; workbook_sha256=6C7ABE1A06917FBF9BEEE26C7462ED00557EA038A5374DFC0EDA9BEB240AB753; model-year semantics follow the user's explicit instruction that IndexYear is the DEI year,projects/empyrean-caster-430308-m2/assets/city; update_time=2024-10-08T06:01:06.845098Z; source/licence/reference-year unresolved; one static layer used for all years,projects/sat-io/open-datasets/npp-viirs-ntl band=b1,longntl_annual_native500m_positive_pixel_sum_v1,黄山,黄山市,156341000,unique_exact_or_prefix,H3C IndexYear paired to same LongNTL calendar year by user instruction
滁州市,2024,57.4,93755.4712512956,H3C live AllCityOneInfo API snapshot matched to workbook; workbook_sha256=6C7ABE1A06917FBF9BEEE26C7462ED00557EA038A5374DFC0EDA9BEB240AB753; model-year semantics follow the user's explicit instruction that IndexYear is the DEI year,projects/empyrean-caster-430308-m2/assets/city; update_time=2024-10-08T06:01:06.845098Z; source/licence/reference-year unresolved; one static layer used for all years,projects/sat-io/open-datasets/npp-viirs-ntl band=b1,longntl_annual_native500m_positive_pixel_sum_v1,滁州,滁州市,156341100,unique_exact_or_prefix,H3C IndexYear paired to same LongNTL calendar year by user instruction
阜阳市,2024,56.8,109759.50149963,H3C live AllCityOneInfo API snapshot matched to workbook; workbook_sha256=6C7ABE1A06917FBF9BEEE26C7462ED00557EA038A5374DFC0EDA9BEB240AB753; model-year semantics follow the user's explicit instruction that IndexYear is the DEI year,projects/empyrean-caster-430308-m2/assets/city; update_time=2024-10-08T06:01:06.845098Z; source/licence/reference-year unresolved; one static layer used for all years,projects/sat-io/open-datasets/npp-viirs-ntl band=b1,longntl_annual_native500m_positive_pixel_sum_v1,阜阳,阜阳市,156341200,unique_exact_or_prefix,H3C IndexYear paired to same LongNTL calendar year by user instruction
宿州市,2024,51,57205.6604525449,H3C live AllCityOneInfo API snapshot matched to workbook; workbook_sha256=6C7ABE1A06917FBF9BEEE26C7462ED00557EA038A5374DFC0EDA9BEB240AB753; model-year semantics follow the user's explicit instruction that IndexYear is the DEI year,projects/empyrean-caster-430308-m2/assets/city; update_time=2024-10-08T06:01:06.845098Z; source/licence/reference-year unresolved; one static layer used for all years,projects/sat-io/open-datasets/npp-viirs-ntl band=b1,longntl_annual_native500m_positive_pixel_sum_v1,宿州,宿州市,156341300,unique_exact_or_prefix,H3C IndexYear paired to same LongNTL calendar year by user instruction
六安市,2024,47.9,54469.0204178399,H3C live AllCityOneInfo API snapshot matched to workbook; workbook_sha256=6C7ABE1A06917FBF9BEEE26C7462ED00557EA038A5374DFC0EDA9BEB240AB753; model-year semantics follow the user's explicit instruction that IndexYear is the DEI year,projects/empyrean-caster-430308-m2/assets/city; update_time=2024-10-08T06:01:06.845098Z; source/licence/reference-year unresolved; one static layer used for all years,projects/sat-io/open-datasets/npp-viirs-ntl band=b1,longntl_annual_native500m_positive_pixel_sum_v1,六安,六安市,156341500,unique_exact_or_prefix,H3C IndexYear paired to same LongNTL calendar year by user instruction
亳州市,2024,47.2,42567.1766060955,H3C live AllCityOneInfo API snapshot matched to workbook; workbook_sha256=6C7ABE1A06917FBF9BEEE26C7462ED00557EA038A5374DFC0EDA9BEB240AB753; model-year semantics follow the user's explicit instruction that IndexYear is the DEI year,projects/empyrean-caster-430308-m2/assets/city; update_time=2024-10-08T06:01:06.845098Z; source/licence/reference-year unresolved; one static layer used for all years,projects/sat-io/open-datasets/npp-viirs-ntl band=b1,longntl_annual_native500m_positive_pixel_sum_v1,亳州,亳州市,156341600,unique_exact_or_prefix,H3C IndexYear paired to same LongNTL calendar year by user instruction
池州市,2024,42.5,18052.3791744555,H3C live AllCityOneInfo API snapshot matched to workbook; workbook_sha256=6C7ABE1A06917FBF9BEEE26C7462ED00557EA038A5374DFC0EDA9BEB240AB753; model-year semantics follow the user's explicit instruction that IndexYear is the DEI year,projects/empyrean-caster-430308-m2/assets/city; update_time=2024-10-08T06:01:06.845098Z; source/licence/reference-year unresolved; one static layer used for all years,projects/sat-io/open-datasets/npp-viirs-ntl band=b1,longntl_annual_native500m_positive_pixel_sum_v1,池州,池州市,156341700,unique_exact_or_prefix,H3C IndexYear paired to same LongNTL calendar year by user instruction
宣城市,2024,44.4,37884.4239829255,H3C live AllCityOneInfo API snapshot matched to workbook; workbook_sha256=6C7ABE1A06917FBF9BEEE26C7462ED00557EA038A5374DFC0EDA9BEB240AB753; model-year semantics follow the user's explicit instruction that IndexYear is the DEI year,projects/empyrean-caster-430308-m2/assets/city; update_time=2024-10-08T06:01:06.845098Z; source/licence/reference-year unresolved; one static layer used for all years,projects/sat-io/open-datasets/npp-viirs-ntl band=b1,longntl_annual_native500m_positive_pixel_sum_v1,宣城,宣城市,156341800,unique_exact_or_prefix,H3C IndexYear paired to same LongNTL calendar year by user instruction
福州市,2024,81.6,164842.773181529,H3C live AllCityOneInfo API snapshot matched to workbook; workbook_sha256=6C7ABE1A06917FBF9BEEE26C7462ED00557EA038A5374DFC0EDA9BEB240AB753; model-year semantics follow the user's explicit instruction that IndexYear is the DEI year,projects/empyrean-caster-430308-m2/assets/city; update_time=2024-10-08T06:01:06.845098Z; source/licence/reference-year unresolved; one static layer used for all years,projects/sat-io/open-datasets/npp-viirs-ntl band=b1,longntl_annual_native500m_positive_pixel_sum_v1,福州,福州市,156350100,unique_exact_or_prefix,H3C IndexYear paired to same LongNTL calendar year by user instruction
厦门市,2024,76.2,111735.649105832,H3C live AllCityOneInfo API snapshot matched to workbook; workbook_sha256=6C7ABE1A06917FBF9BEEE26C7462ED00557EA038A5374DFC0EDA9BEB240AB753; model-year semantics follow the user's explicit instruction that IndexYear is the DEI year,projects/empyrean-caster-430308-m2/assets/city; update_time=2024-10-08T06:01:06.845098Z; source/licence/reference-year unresolved; one static layer used for all years,projects/sat-io/open-datasets/npp-viirs-ntl band=b1,longntl_annual_native500m_positive_pixel_sum_v1,厦门,厦门市,156350200,unique_exact_or_prefix,H3C IndexYear paired to same LongNTL calendar year by user instruction
莆田市,2024,54.7,60634.206285502,H3C live AllCityOneInfo API snapshot matched to workbook; workbook_sha256=6C7ABE1A06917FBF9BEEE26C7462ED00557EA038A5374DFC0EDA9BEB240AB753; model-year semantics follow the user's explicit instruction that IndexYear is the DEI year,projects/empyrean-caster-430308-m2/assets/city; update_time=2024-10-08T06:01:06.845098Z; source/licence/reference-year unresolved; one static layer used for all years,projects/sat-io/open-datasets/npp-viirs-ntl band=b1,longntl_annual_native500m_positive_pixel_sum_v1,莆田,莆田市,156350300,unique_exact_or_prefix,H3C IndexYear paired to same LongNTL calendar year by user instruction
三明市,2024,55.7,28392.6785911448,H3C live AllCityOneInfo API snapshot matched to workbook; workbook_sha256=6C7ABE1A06917FBF9BEEE26C7462ED00557EA038A5374DFC0EDA9BEB240AB753; model-year semantics follow the user's explicit instruction that IndexYear is the DEI year,projects/empyrean-caster-430308-m2/assets/city; update_time=2024-10-08T06:01:06.845098Z; source/licence/reference-year unresolved; one static layer used for all years,projects/sat-io/open-datasets/npp-viirs-ntl band=b1,longntl_annual_native500m_positive_pixel_sum_v1,三明,三明市,156350400,unique_exact_or_prefix,H3C IndexYear paired to same LongNTL calendar year by user instruction
泉州市,2024,74.4,215492.658428392,H3C live AllCityOneInfo API snapshot matched to workbook; workbook_sha256=6C7ABE1A06917FBF9BEEE26C7462ED00557EA038A5374DFC0EDA9BEB240AB753; model-year semantics follow the user's explicit instruction that IndexYear is the DEI year,projects/empyrean-caster-430308-m2/assets/city; update_time=2024-10-08T06:01:06.845098Z; source/licence/reference-year unresolved; one static layer used for all years,projects/sat-io/open-datasets/npp-viirs-ntl band=b1,longntl_annual_native500m_positive_pixel_sum_v1,泉州,泉州市,156350500,unique_exact_or_prefix,H3C IndexYear paired to same LongNTL calendar year by user instruction
漳州市,2024,66.6,128501.190647054,H3C live AllCityOneInfo API snapshot matched to workbook; workbook_sha256=6C7ABE1A06917FBF9BEEE26C7462ED00557EA038A5374DFC0EDA9BEB240AB753; model-year semantics follow the user's explicit instruction that IndexYear is the DEI year,projects/empyrean-caster-430308-m2/assets/city; update_time=2024-10-08T06:01:06.845098Z; source/licence/reference-year unresolved; one static layer used for all years,projects/sat-io/open-datasets/npp-viirs-ntl band=b1,longntl_annual_native500m_positive_pixel_sum_v1,漳州,漳州市,156350600,unique_exact_or_prefix,H3C IndexYear paired to same LongNTL calendar year by user instruction
南平市,2024,53.3,40956.4134792272,H3C live AllCityOneInfo API snapshot matched to workbook; workbook_sha256=6C7ABE1A06917FBF9BEEE26C7462ED00557EA038A5374DFC0EDA9BEB240AB753; model-year semantics follow the user's explicit instruction that IndexYear is the DEI year,projects/empyrean-caster-430308-m2/assets/city; update_time=2024-10-08T06:01:06.845098Z; source/licence/reference-year unresolved; one static layer used for all years,projects/sat-io/open-datasets/npp-viirs-ntl band=b1,longntl_annual_native500m_positive_pixel_sum_v1,南平,南平市,156350700,unique_exact_or_prefix,H3C IndexYear paired to same LongNTL calendar year by user instruction
龙岩市,2024,55.3,36566.1780512267,H3C live AllCityOneInfo API snapshot matched to workbook; workbook_sha256=6C7ABE1A06917FBF9BEEE26C7462ED00557EA038A5374DFC0EDA9BEB240AB753; model-year semantics follow the user's explicit instruction that IndexYear is the DEI year,projects/empyrean-caster-430308-m2/assets/city; update_time=2024-10-08T06:01:06.845098Z; source/licence/reference-year unresolved; one static layer used for all years,projects/sat-io/open-datasets/npp-viirs-ntl band=b1,longntl_annual_native500m_positive_pixel_sum_v1,龙岩,龙岩市,156350800,unique_exact_or_prefix,H3C IndexYear paired to same LongNTL calendar year by user instruction
宁德市,2024,55.8,57774.611382864,H3C live AllCityOneInfo API snapshot matched to workbook; workbook_sha256=6C7ABE1A06917FBF9BEEE26C7462ED00557EA038A5374DFC0EDA9BEB240AB753; model-year semantics follow the user's explicit instruction that IndexYear is the DEI year,projects/empyrean-caster-430308-m2/assets/city; update_time=2024-10-08T06:01:06.845098Z; source/licence/reference-year unresolved; one static layer used for all years,projects/sat-io/open-datasets/npp-viirs-ntl band=b1,longntl_annual_native500m_positive_pixel_sum_v1,宁德,宁德市,156350900,unique_exact_or_prefix,H3C IndexYear paired to same LongNTL calendar year by user instruction
南昌市,2024,73,122333.469002574,H3C live AllCityOneInfo API snapshot matched to workbook; workbook_sha256=6C7ABE1A06917FBF9BEEE26C7462ED00557EA038A5374DFC0EDA9BEB240AB753; model-year semantics follow the user's explicit instruction that IndexYear is the DEI year,projects/empyrean-caster-430308-m2/assets/city; update_time=2024-10-08T06:01:06.845098Z; source/licence/reference-year unresolved; one static layer used for all years,projects/sat-io/open-datasets/npp-viirs-ntl band=b1,longntl_annual_native500m_positive_pixel_sum_v1,南昌,南昌市,156360100,unique_exact_or_prefix,H3C IndexYear paired to same LongNTL calendar year by user instruction
景德镇市,2024,41.1,20275.1699437576,H3C live AllCityOneInfo API snapshot matched to workbook; workbook_sha256=6C7ABE1A06917FBF9BEEE26C7462ED00557EA038A5374DFC0EDA9BEB240AB753; model-year semantics follow the user's explicit instruction that IndexYear is the DEI year,projects/empyrean-caster-430308-m2/assets/city; update_time=2024-10-08T06:01:06.845098Z; source/licence/reference-year unresolved; one static layer used for all years,projects/sat-io/open-datasets/npp-viirs-ntl band=b1,longntl_annual_native500m_positive_pixel_sum_v1,景德镇,景德镇市,156360200,unique_exact_or_prefix,H3C IndexYear paired to same LongNTL calendar year by user instruction
萍乡市,2024,40.2,11011.2867643398,H3C live AllCityOneInfo API snapshot matched to workbook; workbook_sha256=6C7ABE1A06917FBF9BEEE26C7462ED00557EA038A5374DFC0EDA9BEB240AB753; model-year semantics follow the user's explicit instruction that IndexYear is the DEI year,projects/empyrean-caster-430308-m2/assets/city; update_time=2024-10-08T06:01:06.845098Z; source/licence/reference-year unresolved; one static layer used for all years,projects/sat-io/open-datasets/npp-viirs-ntl band=b1,longntl_annual_native500m_positive_pixel_sum_v1,萍乡,萍乡市,156360300,unique_exact_or_prefix,H3C IndexYear paired to same LongNTL calendar year by user instruction
九江市,2024,59.3,58360.013233203,H3C live AllCityOneInfo API snapshot matched to workbook; workbook_sha256=6C7ABE1A06917FBF9BEEE26C7462ED00557EA038A5374DFC0EDA9BEB240AB753; model-year semantics follow the user's explicit instruction that IndexYear is the DEI year,projects/empyrean-caster-430308-m2/assets/city; update_time=2024-10-08T06:01:06.845098Z; source/licence/reference-year unresolved; one static layer used for all years,projects/sat-io/open-datasets/npp-viirs-ntl band=b1,longntl_annual_native500m_positive_pixel_sum_v1,九江,九江市,156360400,unique_exact_or_prefix,H3C IndexYear paired to same LongNTL calendar year by user instruction
新余市,2024,41.2,11904.1442041023,H3C live AllCityOneInfo API snapshot matched to workbook; workbook_sha256=6C7ABE1A06917FBF9BEEE26C7462ED00557EA038A5374DFC0EDA9BEB240AB753; model-year semantics follow the user's explicit instruction that IndexYear is the DEI year,projects/empyrean-caster-430308-m2/assets/city; update_time=2024-10-08T06:01:06.845098Z; source/licence/reference-year unresolved; one static layer used for all years,projects/sat-io/open-datasets/npp-viirs-ntl band=b1,longntl_annual_native500m_positive_pixel_sum_v1,新余,新余市,156360500,unique_exact_or_prefix,H3C IndexYear paired to same LongNTL calendar year by user instruction
鹰潭市,2024,41.8,14248.4121242752,H3C live AllCityOneInfo API snapshot matched to workbook; workbook_sha256=6C7ABE1A06917FBF9BEEE26C7462ED00557EA038A5374DFC0EDA9BEB240AB753; model-year semantics follow the user's explicit instruction that IndexYear is the DEI year,projects/empyrean-caster-430308-m2/assets/city; update_time=2024-10-08T06:01:06.845098Z; source/licence/reference-year unresolved; one static layer used for all years,projects/sat-io/open-datasets/npp-viirs-ntl band=b1,longntl_annual_native500m_positive_pixel_sum_v1,鹰潭,鹰潭市,156360600,unique_exact_or_prefix,H3C IndexYear paired to same LongNTL calendar year by user instruction
赣州市,2024,61.3,77234.7864396647,H3C live AllCityOneInfo API snapshot matched to workbook; workbook_sha256=6C7ABE1A06917FBF9BEEE26C7462ED00557EA038A5374DFC0EDA9BEB240AB753; model-year semantics follow the user's explicit instruction that IndexYear is the DEI year,projects/empyrean-caster-430308-m2/assets/city; update_time=2024-10-08T06:01:06.845098Z; source/licence/reference-year unresolved; one static layer used for all years,projects/sat-io/open-datasets/npp-viirs-ntl band=b1,longntl_annual_native500m_positive_pixel_sum_v1,赣州,赣州市,156360700,unique_exact_or_prefix,H3C IndexYear paired to same LongNTL calendar year by user instruction
吉安市,2024,54.8,28316.7185358132,H3C live AllCityOneInfo API snapshot matched to workbook; workbook_sha256=6C7ABE1A06917FBF9BEEE26C7462ED00557EA038A5374DFC0EDA9BEB240AB753; model-year semantics follow the user's explicit instruction that IndexYear is the DEI year,projects/empyrean-caster-430308-m2/assets/city; update_time=2024-10-08T06:01:06.845098Z; source/licence/reference-year unresolved; one static layer used for all years,projects/sat-io/open-datasets/npp-viirs-ntl band=b1,longntl_annual_native500m_positive_pixel_sum_v1,吉安,吉安市,156360800,unique_exact_or_prefix,H3C IndexYear paired to same LongNTL calendar year by user instruction
宜春市,2024,54.2,47519.0986130462,H3C live AllCityOneInfo API snapshot matched to workbook; workbook_sha256=6C7ABE1A06917FBF9BEEE26C7462ED00557EA038A5374DFC0EDA9BEB240AB753; model-year semantics follow the user's explicit instruction that IndexYear is the DEI year,projects/empyrean-caster-430308-m2/assets/city; update_time=2024-10-08T06:01:06.845098Z; source/licence/reference-year unresolved; one static layer used for all years,projects/sat-io/open-datasets/npp-viirs-ntl band=b1,longntl_annual_native500m_positive_pixel_sum_v1,宜春,宜春市,156360900,unique_exact_or_prefix,H3C IndexYear paired to same LongNTL calendar year by user instruction
抚州市,2024,46,25289.0156057054,H3C live AllCityOneInfo API snapshot matched to workbook; workbook_sha256=6C7ABE1A06917FBF9BEEE26C7462ED00557EA038A5374DFC0EDA9BEB240AB753; model-year semantics follow the user's explicit instruction that IndexYear is the DEI year,projects/empyrean-caster-430308-m2/assets/city; update_time=2024-10-08T06:01:06.845098Z; source/licence/reference-year unresolved; one static layer used for all years,projects/sat-io/open-datasets/npp-viirs-ntl band=b1,longntl_annual_native500m_positive_pixel_sum_v1,抚州,抚州市,156361000,unique_exact_or_prefix,H3C IndexYear paired to same LongNTL calendar year by user instruction
上饶市,2024,57.3,46973.3939717176,H3C live AllCityOneInfo API snapshot matched to workbook; workbook_sha256=6C7ABE1A06917FBF9BEEE26C7462ED00557EA038A5374DFC0EDA9BEB240AB753; model-year semantics follow the user's explicit instruction that IndexYear is the DEI year,projects/empyrean-caster-430308-m2/assets/city; update_time=2024-10-08T06:01:06.845098Z; source/licence/reference-year unresolved; one static layer used for all years,projects/sat-io/open-datasets/npp-viirs-ntl band=b1,longntl_annual_native500m_positive_pixel_sum_v1,上饶,上饶市,156361100,unique_exact_or_prefix,H3C IndexYear paired to same LongNTL calendar year by user instruction
济南市,2024,79.9,180222.75005933,H3C live AllCityOneInfo API snapshot matched to workbook; workbook_sha256=6C7ABE1A06917FBF9BEEE26C7462ED00557EA038A5374DFC0EDA9BEB240AB753; model-year semantics follow the user's explicit instruction that IndexYear is the DEI year,projects/empyrean-caster-430308-m2/assets/city; update_time=2024-10-08T06:01:06.845098Z; source/licence/reference-year unresolved; one static layer used for all years,projects/sat-io/open-datasets/npp-viirs-ntl band=b1,longntl_annual_native500m_positive_pixel_sum_v1,济南,济南市,156370100,unique_exact_or_prefix,H3C IndexYear paired to same LongNTL calendar year by user instruction
青岛市,2024,78.5,216359.485274586,H3C live AllCityOneInfo API snapshot matched to workbook; workbook_sha256=6C7ABE1A06917FBF9BEEE26C7462ED00557EA038A5374DFC0EDA9BEB240AB753; model-year semantics follow the user's explicit instruction that IndexYear is the DEI year,projects/empyrean-caster-430308-m2/assets/city; update_time=2024-10-08T06:01:06.845098Z; source/licence/reference-year unresolved; one static layer used for all years,projects/sat-io/open-datasets/npp-viirs-ntl band=b1,longntl_annual_native500m_positive_pixel_sum_v1,青岛,青岛市,156370200,unique_exact_or_prefix,H3C IndexYear paired to same LongNTL calendar year by user instruction
淄博市,2024,70.3,86732.8630100563,H3C live AllCityOneInfo API snapshot matched to workbook; workbook_sha256=6C7ABE1A06917FBF9BEEE26C7462ED00557EA038A5374DFC0EDA9BEB240AB753; model-year semantics follow the user's explicit instruction that IndexYear is the DEI year,projects/empyrean-caster-430308-m2/assets/city; update_time=2024-10-08T06:01:06.845098Z; source/licence/reference-year unresolved; one static layer used for all years,projects/sat-io/open-datasets/npp-viirs-ntl band=b1,longntl_annual_native500m_positive_pixel_sum_v1,淄博,淄博市,156370300,unique_exact_or_prefix,H3C IndexYear paired to same LongNTL calendar year by user instruction
枣庄市,2024,50.9,46532.551707645,H3C live AllCityOneInfo API snapshot matched to workbook; workbook_sha256=6C7ABE1A06917FBF9BEEE26C7462ED00557EA038A5374DFC0EDA9BEB240AB753; model-year semantics follow the user's explicit instruction that IndexYear is the DEI year,projects/empyrean-caster-430308-m2/assets/city; update_time=2024-10-08T06:01:06.845098Z; source/licence/reference-year unresolved; one static layer used for all years,projects/sat-io/open-datasets/npp-viirs-ntl band=b1,longntl_annual_native500m_positive_pixel_sum_v1,枣庄,枣庄市,156370400,unique_exact_or_prefix,H3C IndexYear paired to same LongNTL calendar year by user instruction
东营市,2024,62.7,101295.19401434,H3C live AllCityOneInfo API snapshot matched to workbook; workbook_sha256=6C7ABE1A06917FBF9BEEE26C7462ED00557EA038A5374DFC0EDA9BEB240AB753; model-year semantics follow the user's explicit instruction that IndexYear is the DEI year,projects/empyrean-caster-430308-m2/assets/city; update_time=2024-10-08T06:01:06.845098Z; source/licence/reference-year unresolved; one static layer used for all years,projects/sat-io/open-datasets/npp-viirs-ntl band=b1,longntl_annual_native500m_positive_pixel_sum_v1,东营,东营市,156370500,unique_exact_or_prefix,H3C IndexYear paired to same LongNTL calendar year by user instruction
烟台市,2024,75.5,126277.501528396,H3C live AllCityOneInfo API snapshot matched to workbook; workbook_sha256=6C7ABE1A06917FBF9BEEE26C7462ED00557EA038A5374DFC0EDA9BEB240AB753; model-year semantics follow the user's explicit instruction that IndexYear is the DEI year,projects/empyrean-caster-430308-m2/assets/city; update_time=2024-10-08T06:01:06.845098Z; source/licence/reference-year unresolved; one static layer used for all years,projects/sat-io/open-datasets/npp-viirs-ntl band=b1,longntl_annual_native500m_positive_pixel_sum_v1,烟台,烟台市,156370600,unique_exact_or_prefix,H3C IndexYear paired to same LongNTL calendar year by user instruction
潍坊市,2024,73.7,152720.169194021,H3C live AllCityOneInfo API snapshot matched to workbook; workbook_sha256=6C7ABE1A06917FBF9BEEE26C7462ED00557EA038A5374DFC0EDA9BEB240AB753; model-year semantics follow the user's explicit instruction that IndexYear is the DEI year,projects/empyrean-caster-430308-m2/assets/city; update_time=2024-10-08T06:01:06.845098Z; source/licence/reference-year unresolved; one static layer used for all years,projects/sat-io/open-datasets/npp-viirs-ntl band=b1,longntl_annual_native500m_positive_pixel_sum_v1,潍坊,潍坊市,156370700,unique_exact_or_prefix,H3C IndexYear paired to same LongNTL calendar year by user instruction
济宁市,2024,65.4,97659.1876091429,H3C live AllCityOneInfo API snapshot matched to workbook; workbook_sha256=6C7ABE1A06917FBF9BEEE26C7462ED00557EA038A5374DFC0EDA9BEB240AB753; model-year semantics follow the user's explicit instruction that IndexYear is the DEI year,projects/empyrean-caster-430308-m2/assets/city; update_time=2024-10-08T06:01:06.845098Z; source/licence/reference-year unresolved; one static layer used for all years,projects/sat-io/open-datasets/npp-viirs-ntl band=b1,longntl_annual_native500m_positive_pixel_sum_v1,济宁,济宁市,156370800,unique_exact_or_prefix,H3C IndexYear paired to same LongNTL calendar year by user instruction
泰安市,2024,58.7,52016.7469191383,H3C live AllCityOneInfo API snapshot matched to workbook; workbook_sha256=6C7ABE1A06917FBF9BEEE26C7462ED00557EA038A5374DFC0EDA9BEB240AB753; model-year semantics follow the user's explicit instruction that IndexYear is the DEI year,projects/empyrean-caster-430308-m2/assets/city; update_time=2024-10-08T06:01:06.845098Z; source/licence/reference-year unresolved; one static layer used for all years,projects/sat-io/open-datasets/npp-viirs-ntl band=b1,longntl_annual_native500m_positive_pixel_sum_v1,泰安,泰安市,156370900,unique_exact_or_prefix,H3C IndexYear paired to same LongNTL calendar year by user instruction
威海市,2024,69.5,55365.2174733746,H3C live AllCityOneInfo API snapshot matched to workbook; workbook_sha256=6C7ABE1A06917FBF9BEEE26C7462ED00557EA038A5374DFC0EDA9BEB240AB753; model-year semantics follow the user's explicit instruction that IndexYear is the DEI year,projects/empyrean-caster-430308-m2/assets/city; update_time=2024-10-08T06:01:06.845098Z; source/licence/reference-year unresolved; one static layer used for all years,projects/sat-io/open-datasets/npp-viirs-ntl band=b1,longntl_annual_native500m_positive_pixel_sum_v1,威海,威海市,156371000,unique_exact_or_prefix,H3C IndexYear paired to same LongNTL calendar year by user instruction
日照市,2024,53.1,37659.7253653381,H3C live AllCityOneInfo API snapshot matched to workbook; workbook_sha256=6C7ABE1A06917FBF9BEEE26C7462ED00557EA038A5374DFC0EDA9BEB240AB753; model-year semantics follow the user's explicit instruction that IndexYear is the DEI year,projects/empyrean-caster-430308-m2/assets/city; update_time=2024-10-08T06:01:06.845098Z; source/licence/reference-year unresolved; one static layer used for all years,projects/sat-io/open-datasets/npp-viirs-ntl band=b1,longntl_annual_native500m_positive_pixel_sum_v1,日照,日照市,156371100,unique_exact_or_prefix,H3C IndexYear paired to same LongNTL calendar year by user instruction
临沂市,2024,65.8,148554.905189696,H3C live AllCityOneInfo API snapshot matched to workbook; workbook_sha256=6C7ABE1A06917FBF9BEEE26C7462ED00557EA038A5374DFC0EDA9BEB240AB753; model-year semantics follow the user's explicit instruction that IndexYear is the DEI year,projects/empyrean-caster-430308-m2/assets/city; update_time=2024-10-08T06:01:06.845098Z; source/licence/reference-year unresolved; one static layer used for all years,projects/sat-io/open-datasets/npp-viirs-ntl band=b1,longntl_annual_native500m_positive_pixel_sum_v1,临沂,临沂市,156371300,unique_exact_or_prefix,H3C IndexYear paired to same LongNTL calendar year by user instruction
德州市,2024,63.1,67770.03927859,H3C live AllCityOneInfo API snapshot matched to workbook; workbook_sha256=6C7ABE1A06917FBF9BEEE26C7462ED00557EA038A5374DFC0EDA9BEB240AB753; model-year semantics follow the user's explicit instruction that IndexYear is the DEI year,projects/empyrean-caster-430308-m2/assets/city; update_time=2024-10-08T06:01:06.845098Z; source/licence/reference-year unresolved; one static layer used for all years,projects/sat-io/open-datasets/npp-viirs-ntl band=b1,longntl_annual_native500m_positive_pixel_sum_v1,德州,德州市,156371400,unique_exact_or_prefix,H3C IndexYear paired to same LongNTL calendar year by user instruction
聊城市,2024,52.6,74746.7076270721,H3C live AllCityOneInfo API snapshot matched to workbook; workbook_sha256=6C7ABE1A06917FBF9BEEE26C7462ED00557EA038A5374DFC0EDA9BEB240AB753; model-year semantics follow the user's explicit instruction that IndexYear is the DEI year,projects/empyrean-caster-430308-m2/assets/city; update_time=2024-10-08T06:01:06.845098Z; source/licence/reference-year unresolved; one static layer used for all years,projects/sat-io/open-datasets/npp-viirs-ntl band=b1,longntl_annual_native500m_positive_pixel_sum_v1,聊城,聊城市,156371500,unique_exact_or_prefix,H3C IndexYear paired to same LongNTL calendar year by user instruction
滨州市,2024,60.2,91395.8237028314,H3C live AllCityOneInfo API snapshot matched to workbook; workbook_sha256=6C7ABE1A06917FBF9BEEE26C7462ED00557EA038A5374DFC0EDA9BEB240AB753; model-year semantics follow the user's explicit instruction that IndexYear is the DEI year,projects/empyrean-caster-430308-m2/assets/city; update_time=2024-10-08T06:01:06.845098Z; source/licence/reference-year unresolved; one static layer used for all years,projects/sat-io/open-datasets/npp-viirs-ntl band=b1,longntl_annual_native500m_positive_pixel_sum_v1,滨州,滨州市,156371600,unique_exact_or_prefix,H3C IndexYear paired to same LongNTL calendar year by user instruction
菏泽市,2024,63.8,103350.977013723,H3C live AllCityOneInfo API snapshot matched to workbook; workbook_sha256=6C7ABE1A06917FBF9BEEE26C7462ED00557EA038A5374DFC0EDA9BEB240AB753; model-year semantics follow the user's explicit instruction that IndexYear is the DEI year,projects/empyrean-caster-430308-m2/assets/city; update_time=2024-10-08T06:01:06.845098Z; source/licence/reference-year unresolved; one static layer used for all years,projects/sat-io/open-datasets/npp-viirs-ntl band=b1,longntl_annual_native500m_positive_pixel_sum_v1,菏泽,菏泽市,156371700,unique_exact_or_prefix,H3C IndexYear paired to same LongNTL calendar year by user instruction
郑州市,2024,82.3,233266.332478562,H3C live AllCityOneInfo API snapshot matched to workbook; workbook_sha256=6C7ABE1A06917FBF9BEEE26C7462ED00557EA038A5374DFC0EDA9BEB240AB753; model-year semantics follow the user's explicit instruction that IndexYear is the DEI year,projects/empyrean-caster-430308-m2/assets/city; update_time=2024-10-08T06:01:06.845098Z; source/licence/reference-year unresolved; one static layer used for all years,projects/sat-io/open-datasets/npp-viirs-ntl band=b1,longntl_annual_native500m_positive_pixel_sum_v1,郑州,郑州市,156410100,unique_exact_or_prefix,H3C IndexYear paired to same LongNTL calendar year by user instruction
开封市,2024,57.2,59463.0329764731,H3C live AllCityOneInfo API snapshot matched to workbook; workbook_sha256=6C7ABE1A06917FBF9BEEE26C7462ED00557EA038A5374DFC0EDA9BEB240AB753; model-year semantics follow the user's explicit instruction that IndexYear is the DEI year,projects/empyrean-caster-430308-m2/assets/city; update_time=2024-10-08T06:01:06.845098Z; source/licence/reference-year unresolved; one static layer used for all years,projects/sat-io/open-datasets/npp-viirs-ntl band=b1,longntl_annual_native500m_positive_pixel_sum_v1,开封,开封市,156410200,unique_exact_or_prefix,H3C IndexYear paired to same LongNTL calendar year by user instruction
洛阳市,2024,66.3,95482.4309490302,H3C live AllCityOneInfo API snapshot matched to workbook; workbook_sha256=6C7ABE1A06917FBF9BEEE26C7462ED00557EA038A5374DFC0EDA9BEB240AB753; model-year semantics follow the user's explicit instruction that IndexYear is the DEI year,projects/empyrean-caster-430308-m2/assets/city; update_time=2024-10-08T06:01:06.845098Z; source/licence/reference-year unresolved; one static layer used for all years,projects/sat-io/open-datasets/npp-viirs-ntl band=b1,longntl_annual_native500m_positive_pixel_sum_v1,洛阳,洛阳市,156410300,unique_exact_or_prefix,H3C IndexYear paired to same LongNTL calendar year by user instruction
平顶山市,2024,55,50292.6500421678,H3C live AllCityOneInfo API snapshot matched to workbook; workbook_sha256=6C7ABE1A06917FBF9BEEE26C7462ED00557EA038A5374DFC0EDA9BEB240AB753; model-year semantics follow the user's explicit instruction that IndexYear is the DEI year,projects/empyrean-caster-430308-m2/assets/city; update_time=2024-10-08T06:01:06.845098Z; source/licence/reference-year unresolved; one static layer used for all years,projects/sat-io/open-datasets/npp-viirs-ntl band=b1,longntl_annual_native500m_positive_pixel_sum_v1,平顶山,平顶山市,156410400,unique_exact_or_prefix,H3C IndexYear paired to same LongNTL calendar year by user instruction
安阳市,2024,51.6,54696.560732374,H3C live AllCityOneInfo API snapshot matched to workbook; workbook_sha256=6C7ABE1A06917FBF9BEEE26C7462ED00557EA038A5374DFC0EDA9BEB240AB753; model-year semantics follow the user's explicit instruction that IndexYear is the DEI year,projects/empyrean-caster-430308-m2/assets/city; update_time=2024-10-08T06:01:06.845098Z; source/licence/reference-year unresolved; one static layer used for all years,projects/sat-io/open-datasets/npp-viirs-ntl band=b1,longntl_annual_native500m_positive_pixel_sum_v1,安阳,安阳市,156410500,unique_exact_or_prefix,H3C IndexYear paired to same LongNTL calendar year by user instruction
鹤壁市,2024,42.7,22883.8564942912,H3C live AllCityOneInfo API snapshot matched to workbook; workbook_sha256=6C7ABE1A06917FBF9BEEE26C7462ED00557EA038A5374DFC0EDA9BEB240AB753; model-year semantics follow the user's explicit instruction that IndexYear is the DEI year,projects/empyrean-caster-430308-m2/assets/city; update_time=2024-10-08T06:01:06.845098Z; source/licence/reference-year unresolved; one static layer used for all years,projects/sat-io/open-datasets/npp-viirs-ntl band=b1,longntl_annual_native500m_positive_pixel_sum_v1,鹤壁,鹤壁市,156410600,unique_exact_or_prefix,H3C IndexYear paired to same LongNTL calendar year by user instruction
新乡市,2024,57.9,80723.3681450923,H3C live AllCityOneInfo API snapshot matched to workbook; workbook_sha256=6C7ABE1A06917FBF9BEEE26C7462ED00557EA038A5374DFC0EDA9BEB240AB753; model-year semantics follow the user's explicit instruction that IndexYear is the DEI year,projects/empyrean-caster-430308-m2/assets/city; update_time=2024-10-08T06:01:06.845098Z; source/licence/reference-year unresolved; one static layer used for all years,projects/sat-io/open-datasets/npp-viirs-ntl band=b1,longntl_annual_native500m_positive_pixel_sum_v1,新乡,新乡市,156410700,unique_exact_or_prefix,H3C IndexYear paired to same LongNTL calendar year by user instruction
焦作市,2024,54,44357.3381721983,H3C live AllCityOneInfo API snapshot matched to workbook; workbook_sha256=6C7ABE1A06917FBF9BEEE26C7462ED00557EA038A5374DFC0EDA9BEB240AB753; model-year semantics follow the user's explicit instruction that IndexYear is the DEI year,projects/empyrean-caster-430308-m2/assets/city; update_time=2024-10-08T06:01:06.845098Z; source/licence/reference-year unresolved; one static layer used for all years,projects/sat-io/open-datasets/npp-viirs-ntl band=b1,longntl_annual_native500m_positive_pixel_sum_v1,焦作,焦作市,156410800,unique_exact_or_prefix,H3C IndexYear paired to same LongNTL calendar year by user instruction
濮阳市,2024,45.2,48072.8219776874,H3C live AllCityOneInfo API snapshot matched to workbook; workbook_sha256=6C7ABE1A06917FBF9BEEE26C7462ED00557EA038A5374DFC0EDA9BEB240AB753; model-year semantics follow the user's explicit instruction that IndexYear is the DEI year,projects/empyrean-caster-430308-m2/assets/city; update_time=2024-10-08T06:01:06.845098Z; source/licence/reference-year unresolved; one static layer used for all years,projects/sat-io/open-datasets/npp-viirs-ntl band=b1,longntl_annual_native500m_positive_pixel_sum_v1,濮阳,濮阳市,156410900,unique_exact_or_prefix,H3C IndexYear paired to same LongNTL calendar year by user instruction
许昌市,2024,59,41231.5002371975,H3C live AllCityOneInfo API snapshot matched to workbook; workbook_sha256=6C7ABE1A06917FBF9BEEE26C7462ED00557EA038A5374DFC0EDA9BEB240AB753; model-year semantics follow the user's explicit instruction that IndexYear is the DEI year,projects/empyrean-caster-430308-m2/assets/city; update_time=2024-10-08T06:01:06.845098Z; source/licence/reference-year unresolved; one static layer used for all years,projects/sat-io/open-datasets/npp-viirs-ntl band=b1,longntl_annual_native500m_positive_pixel_sum_v1,许昌,许昌市,156411000,unique_exact_or_prefix,H3C IndexYear paired to same LongNTL calendar year by user instruction
漯河市,2024,48.1,33359.2776418934,H3C live AllCityOneInfo API snapshot matched to workbook; workbook_sha256=6C7ABE1A06917FBF9BEEE26C7462ED00557EA038A5374DFC0EDA9BEB240AB753; model-year semantics follow the user's explicit instruction that IndexYear is the DEI year,projects/empyrean-caster-430308-m2/assets/city; update_time=2024-10-08T06:01:06.845098Z; source/licence/reference-year unresolved; one static layer used for all years,projects/sat-io/open-datasets/npp-viirs-ntl band=b1,longntl_annual_native500m_positive_pixel_sum_v1,漯河,漯河市,156411100,unique_exact_or_prefix,H3C IndexYear paired to same LongNTL calendar year by user instruction
三门峡市,2024,46.2,20391.2272146043,H3C live AllCityOneInfo API snapshot matched to workbook; workbook_sha256=6C7ABE1A06917FBF9BEEE26C7462ED00557EA038A5374DFC0EDA9BEB240AB753; model-year semantics follow the user's explicit instruction that IndexYear is the DEI year,projects/empyrean-caster-430308-m2/assets/city; update_time=2024-10-08T06:01:06.845098Z; source/licence/reference-year unresolved; one static layer used for all years,projects/sat-io/open-datasets/npp-viirs-ntl band=b1,longntl_annual_native500m_positive_pixel_sum_v1,三门峡,三门峡市,156411200,unique_exact_or_prefix,H3C IndexYear paired to same LongNTL calendar year by user instruction
南阳市,2024,61.9,73563.3178718992,H3C live AllCityOneInfo API snapshot matched to workbook; workbook_sha256=6C7ABE1A06917FBF9BEEE26C7462ED00557EA038A5374DFC0EDA9BEB240AB753; model-year semantics follow the user's explicit instruction that IndexYear is the DEI year,projects/empyrean-caster-430308-m2/assets/city; update_time=2024-10-08T06:01:06.845098Z; source/licence/reference-year unresolved; one static layer used for all years,projects/sat-io/open-datasets/npp-viirs-ntl band=b1,longntl_annual_native500m_positive_pixel_sum_v1,南阳,南阳市,156411300,unique_exact_or_prefix,H3C IndexYear paired to same LongNTL calendar year by user instruction
商丘市,2024,57.6,86166.3437679553,H3C live AllCityOneInfo API snapshot matched to workbook; workbook_sha256=6C7ABE1A06917FBF9BEEE26C7462ED00557EA038A5374DFC0EDA9BEB240AB753; model-year semantics follow the user's explicit instruction that IndexYear is the DEI year,projects/empyrean-caster-430308-m2/assets/city; update_time=2024-10-08T06:01:06.845098Z; source/licence/reference-year unresolved; one static layer used for all years,projects/sat-io/open-datasets/npp-viirs-ntl band=b1,longntl_annual_native500m_positive_pixel_sum_v1,商丘,商丘市,156411400,unique_exact_or_prefix,H3C IndexYear paired to same LongNTL calendar year by user instruction
信阳市,2024,56.5,44849.0801572159,H3C live AllCityOneInfo API snapshot matched to workbook; workbook_sha256=6C7ABE1A06917FBF9BEEE26C7462ED00557EA038A5374DFC0EDA9BEB240AB753; model-year semantics follow the user's explicit instruction that IndexYear is the DEI year,projects/empyrean-caster-430308-m2/assets/city; update_time=2024-10-08T06:01:06.845098Z; source/licence/reference-year unresolved; one static layer used for all years,projects/sat-io/open-datasets/npp-viirs-ntl band=b1,longntl_annual_native500m_positive_pixel_sum_v1,信阳,信阳市,156411500,unique_exact_or_prefix,H3C IndexYear paired to same LongNTL calendar year by user instruction
周口市,2024,60.6,87800.7383308093,H3C live AllCityOneInfo API snapshot matched to workbook; workbook_sha256=6C7ABE1A06917FBF9BEEE26C7462ED00557EA038A5374DFC0EDA9BEB240AB753; model-year semantics follow the user's explicit instruction that IndexYear is the DEI year,projects/empyrean-caster-430308-m2/assets/city; update_time=2024-10-08T06:01:06.845098Z; source/licence/reference-year unresolved; one static layer used for all years,projects/sat-io/open-datasets/npp-viirs-ntl band=b1,longntl_annual_native500m_positive_pixel_sum_v1,周口,周口市,156411600,unique_exact_or_prefix,H3C IndexYear paired to same LongNTL calendar year by user instruction
驻马店市,2024,53.8,67768.9985214556,H3C live AllCityOneInfo API snapshot matched to workbook; workbook_sha256=6C7ABE1A06917FBF9BEEE26C7462ED00557EA038A5374DFC0EDA9BEB240AB753; model-year semantics follow the user's explicit instruction that IndexYear is the DEI year,projects/empyrean-caster-430308-m2/assets/city; update_time=2024-10-08T06:01:06.845098Z; source/licence/reference-year unresolved; one static layer used for all years,projects/sat-io/open-datasets/npp-viirs-ntl band=b1,longntl_annual_native500m_positive_pixel_sum_v1,驻马店,驻马店市,156411700,unique_exact_or_prefix,H3C IndexYear paired to same LongNTL calendar year by user instruction
武汉市,2024,83.4,279651.861171562,H3C live AllCityOneInfo API snapshot matched to workbook; workbook_sha256=6C7ABE1A06917FBF9BEEE26C7462ED00557EA038A5374DFC0EDA9BEB240AB753; model-year semantics follow the user's explicit instruction that IndexYear is the DEI year,projects/empyrean-caster-430308-m2/assets/city; update_time=2024-10-08T06:01:06.845098Z; source/licence/reference-year unresolved; one static layer used for all years,projects/sat-io/open-datasets/npp-viirs-ntl band=b1,longntl_annual_native500m_positive_pixel_sum_v1,武汉,武汉市,156420100,unique_exact_or_prefix,H3C IndexYear paired to same LongNTL calendar year by user instruction
黄石市,2024,50.5,30134.3727534635,H3C live AllCityOneInfo API snapshot matched to workbook; workbook_sha256=6C7ABE1A06917FBF9BEEE26C7462ED00557EA038A5374DFC0EDA9BEB240AB753; model-year semantics follow the user's explicit instruction that IndexYear is the DEI year,projects/empyrean-caster-430308-m2/assets/city; update_time=2024-10-08T06:01:06.845098Z; source/licence/reference-year unresolved; one static layer used for all years,projects/sat-io/open-datasets/npp-viirs-ntl band=b1,longntl_annual_native500m_positive_pixel_sum_v1,黄石,黄石市,156420200,unique_exact_or_prefix,H3C IndexYear paired to same LongNTL calendar year by user instruction
十堰市,2024,51.5,22474.7581668148,H3C live AllCityOneInfo API snapshot matched to workbook; workbook_sha256=6C7ABE1A06917FBF9BEEE26C7462ED00557EA038A5374DFC0EDA9BEB240AB753; model-year semantics follow the user's explicit instruction that IndexYear is the DEI year,projects/empyrean-caster-430308-m2/assets/city; update_time=2024-10-08T06:01:06.845098Z; source/licence/reference-year unresolved; one static layer used for all years,projects/sat-io/open-datasets/npp-viirs-ntl band=b1,longntl_annual_native500m_positive_pixel_sum_v1,十堰,十堰市,156420300,unique_exact_or_prefix,H3C IndexYear paired to same LongNTL calendar year by user instruction
宜昌市,2024,67.4,50626.7913251779,H3C live AllCityOneInfo API snapshot matched to workbook; workbook_sha256=6C7ABE1A06917FBF9BEEE26C7462ED00557EA038A5374DFC0EDA9BEB240AB753; model-year semantics follow the user's explicit instruction that IndexYear is the DEI year,projects/empyrean-caster-430308-m2/assets/city; update_time=2024-10-08T06:01:06.845098Z; source/licence/reference-year unresolved; one static layer used for all years,projects/sat-io/open-datasets/npp-viirs-ntl band=b1,longntl_annual_native500m_positive_pixel_sum_v1,宜昌,宜昌市,156420500,unique_exact_or_prefix,H3C IndexYear paired to same LongNTL calendar year by user instruction
襄阳市,2024,66.9,49683.705691835,H3C live AllCityOneInfo API snapshot matched to workbook; workbook_sha256=6C7ABE1A06917FBF9BEEE26C7462ED00557EA038A5374DFC0EDA9BEB240AB753; model-year semantics follow the user's explicit instruction that IndexYear is the DEI year,projects/empyrean-caster-430308-m2/assets/city; update_time=2024-10-08T06:01:06.845098Z; source/licence/reference-year unresolved; one static layer used for all years,projects/sat-io/open-datasets/npp-viirs-ntl band=b1,longntl_annual_native500m_positive_pixel_sum_v1,襄阳,襄阳市,156420600,unique_exact_or_prefix,H3C IndexYear paired to same LongNTL calendar year by user instruction
鄂州市,2024,43.2,29512.5829543796,H3C live AllCityOneInfo API snapshot matched to workbook; workbook_sha256=6C7ABE1A06917FBF9BEEE26C7462ED00557EA038A5374DFC0EDA9BEB240AB753; model-year semantics follow the user's explicit instruction that IndexYear is the DEI year,projects/empyrean-caster-430308-m2/assets/city; update_time=2024-10-08T06:01:06.845098Z; source/licence/reference-year unresolved; one static layer used for all years,projects/sat-io/open-datasets/npp-viirs-ntl band=b1,longntl_annual_native500m_positive_pixel_sum_v1,鄂州,鄂州市,156420700,unique_exact_or_prefix,H3C IndexYear paired to same LongNTL calendar year by user instruction
荆门市,2024,50.6,21724.6159685392,H3C live AllCityOneInfo API snapshot matched to workbook; workbook_sha256=6C7ABE1A06917FBF9BEEE26C7462ED00557EA038A5374DFC0EDA9BEB240AB753; model-year semantics follow the user's explicit instruction that IndexYear is the DEI year,projects/empyrean-caster-430308-m2/assets/city; update_time=2024-10-08T06:01:06.845098Z; source/licence/reference-year unresolved; one static layer used for all years,projects/sat-io/open-datasets/npp-viirs-ntl band=b1,longntl_annual_native500m_positive_pixel_sum_v1,荆门,荆门市,156420800,unique_exact_or_prefix,H3C IndexYear paired to same LongNTL calendar year by user instruction
孝感市,2024,51.7,44422.2432053926,H3C live AllCityOneInfo API snapshot matched to workbook; workbook_sha256=6C7ABE1A06917FBF9BEEE26C7462ED00557EA038A5374DFC0EDA9BEB240AB753; model-year semantics follow the user's explicit instruction that IndexYear is the DEI year,projects/empyrean-caster-430308-m2/assets/city; update_time=2024-10-08T06:01:06.845098Z; source/licence/reference-year unresolved; one static layer used for all years,projects/sat-io/open-datasets/npp-viirs-ntl band=b1,longntl_annual_native500m_positive_pixel_sum_v1,孝感,孝感市,156420900,unique_exact_or_prefix,H3C IndexYear paired to same LongNTL calendar year by user instruction
荆州市,2024,52,48883.8882451632,H3C live AllCityOneInfo API snapshot matched to workbook; workbook_sha256=6C7ABE1A06917FBF9BEEE26C7462ED00557EA038A5374DFC0EDA9BEB240AB753; model-year semantics follow the user's explicit instruction that IndexYear is the DEI year,projects/empyrean-caster-430308-m2/assets/city; update_time=2024-10-08T06:01:06.845098Z; source/licence/reference-year unresolved; one static layer used for all years,projects/sat-io/open-datasets/npp-viirs-ntl band=b1,longntl_annual_native500m_positive_pixel_sum_v1,荆州,荆州市,156421000,unique_exact_or_prefix,H3C IndexYear paired to same LongNTL calendar year by user instruction
黄冈市,2024,52.1,43926.4482009818,H3C live AllCityOneInfo API snapshot matched to workbook; workbook_sha256=6C7ABE1A06917FBF9BEEE26C7462ED00557EA038A5374DFC0EDA9BEB240AB753; model-year semantics follow the user's explicit instruction that IndexYear is the DEI year,projects/empyrean-caster-430308-m2/assets/city; update_time=2024-10-08T06:01:06.845098Z; source/licence/reference-year unresolved; one static layer used for all years,projects/sat-io/open-datasets/npp-viirs-ntl band=b1,longntl_annual_native500m_positive_pixel_sum_v1,黄冈,黄冈市,156421100,unique_exact_or_prefix,H3C IndexYear paired to same LongNTL calendar year by user instruction
咸宁市,2024,44,21693.8296312131,H3C live AllCityOneInfo API snapshot matched to workbook; workbook_sha256=6C7ABE1A06917FBF9BEEE26C7462ED00557EA038A5374DFC0EDA9BEB240AB753; model-year semantics follow the user's explicit instruction that IndexYear is the DEI year,projects/empyrean-caster-430308-m2/assets/city; update_time=2024-10-08T06:01:06.845098Z; source/licence/reference-year unresolved; one static layer used for all years,projects/sat-io/open-datasets/npp-viirs-ntl band=b1,longntl_annual_native500m_positive_pixel_sum_v1,咸宁,咸宁市,156421200,unique_exact_or_prefix,H3C IndexYear paired to same LongNTL calendar year by user instruction
随州市,2024,42.9,13508.6788924876,H3C live AllCityOneInfo API snapshot matched to workbook; workbook_sha256=6C7ABE1A06917FBF9BEEE26C7462ED00557EA038A5374DFC0EDA9BEB240AB753; model-year semantics follow the user's explicit instruction that IndexYear is the DEI year,projects/empyrean-caster-430308-m2/assets/city; update_time=2024-10-08T06:01:06.845098Z; source/licence/reference-year unresolved; one static layer used for all years,projects/sat-io/open-datasets/npp-viirs-ntl band=b1,longntl_annual_native500m_positive_pixel_sum_v1,随州,随州市,156421300,unique_exact_or_prefix,H3C IndexYear paired to same LongNTL calendar year by user instruction
恩施土家族苗族自治州,2024,41.7,18775.2977973583,H3C live AllCityOneInfo API snapshot matched to workbook; workbook_sha256=6C7ABE1A06917FBF9BEEE26C7462ED00557EA038A5374DFC0EDA9BEB240AB753; model-year semantics follow the user's explicit instruction that IndexYear is the DEI year,projects/empyrean-caster-430308-m2/assets/city; update_time=2024-10-08T06:01:06.845098Z; source/licence/reference-year unresolved; one static layer used for all years,projects/sat-io/open-datasets/npp-viirs-ntl band=b1,longntl_annual_native500m_positive_pixel_sum_v1,恩施,恩施土家族苗族自治州,156422800,unique_exact_or_prefix,H3C IndexYear paired to same LongNTL calendar year by user instruction
长沙市,2024,77.8,174553.621235457,H3C live AllCityOneInfo API snapshot matched to workbook; workbook_sha256=6C7ABE1A06917FBF9BEEE26C7462ED00557EA038A5374DFC0EDA9BEB240AB753; model-year semantics follow the user's explicit instruction that IndexYear is the DEI year,projects/empyrean-caster-430308-m2/assets/city; update_time=2024-10-08T06:01:06.845098Z; source/licence/reference-year unresolved; one static layer used for all years,projects/sat-io/open-datasets/npp-viirs-ntl band=b1,longntl_annual_native500m_positive_pixel_sum_v1,长沙,长沙市,156430100,unique_exact_or_prefix,H3C IndexYear paired to same LongNTL calendar year by user instruction
株洲市,2024,56.9,27997.387433578,H3C live AllCityOneInfo API snapshot matched to workbook; workbook_sha256=6C7ABE1A06917FBF9BEEE26C7462ED00557EA038A5374DFC0EDA9BEB240AB753; model-year semantics follow the user's explicit instruction that IndexYear is the DEI year,projects/empyrean-caster-430308-m2/assets/city; update_time=2024-10-08T06:01:06.845098Z; source/licence/reference-year unresolved; one static layer used for all years,projects/sat-io/open-datasets/npp-viirs-ntl band=b1,longntl_annual_native500m_positive_pixel_sum_v1,株洲,株洲市,156430200,unique_exact_or_prefix,H3C IndexYear paired to same LongNTL calendar year by user instruction
湘潭市,2024,52.8,27161.3744788749,H3C live AllCityOneInfo API snapshot matched to workbook; workbook_sha256=6C7ABE1A06917FBF9BEEE26C7462ED00557EA038A5374DFC0EDA9BEB240AB753; model-year semantics follow the user's explicit instruction that IndexYear is the DEI year,projects/empyrean-caster-430308-m2/assets/city; update_time=2024-10-08T06:01:06.845098Z; source/licence/reference-year unresolved; one static layer used for all years,projects/sat-io/open-datasets/npp-viirs-ntl band=b1,longntl_annual_native500m_positive_pixel_sum_v1,湘潭,湘潭市,156430300,unique_exact_or_prefix,H3C IndexYear paired to same LongNTL calendar year by user instruction
衡阳市,2024,59.8,29181.5568578412,H3C live AllCityOneInfo API snapshot matched to workbook; workbook_sha256=6C7ABE1A06917FBF9BEEE26C7462ED00557EA038A5374DFC0EDA9BEB240AB753; model-year semantics follow the user's explicit instruction that IndexYear is the DEI year,projects/empyrean-caster-430308-m2/assets/city; update_time=2024-10-08T06:01:06.845098Z; source/licence/reference-year unresolved; one static layer used for all years,projects/sat-io/open-datasets/npp-viirs-ntl band=b1,longntl_annual_native500m_positive_pixel_sum_v1,衡阳,衡阳市,156430400,unique_exact_or_prefix,H3C IndexYear paired to same LongNTL calendar year by user instruction
邵阳市,2024,52.5,22008.843425553,H3C live AllCityOneInfo API snapshot matched to workbook; workbook_sha256=6C7ABE1A06917FBF9BEEE26C7462ED00557EA038A5374DFC0EDA9BEB240AB753; model-year semantics follow the user's explicit instruction that IndexYear is the DEI year,projects/empyrean-caster-430308-m2/assets/city; update_time=2024-10-08T06:01:06.845098Z; source/licence/reference-year unresolved; one static layer used for all years,projects/sat-io/open-datasets/npp-viirs-ntl band=b1,longntl_annual_native500m_positive_pixel_sum_v1,邵阳,邵阳市,156430500,unique_exact_or_prefix,H3C IndexYear paired to same LongNTL calendar year by user instruction
岳阳市,2024,60.5,38203.3423390692,H3C live AllCityOneInfo API snapshot matched to workbook; workbook_sha256=6C7ABE1A06917FBF9BEEE26C7462ED00557EA038A5374DFC0EDA9BEB240AB753; model-year semantics follow the user's explicit instruction that IndexYear is the DEI year,projects/empyrean-caster-430308-m2/assets/city; update_time=2024-10-08T06:01:06.845098Z; source/licence/reference-year unresolved; one static layer used for all years,projects/sat-io/open-datasets/npp-viirs-ntl band=b1,longntl_annual_native500m_positive_pixel_sum_v1,岳阳,岳阳市,156430600,unique_exact_or_prefix,H3C IndexYear paired to same LongNTL calendar year by user instruction
常德市,2024,63.2,31842.5322189499,H3C live AllCityOneInfo API snapshot matched to workbook; workbook_sha256=6C7ABE1A06917FBF9BEEE26C7462ED00557EA038A5374DFC0EDA9BEB240AB753; model-year semantics follow the user's explicit instruction that IndexYear is the DEI year,projects/empyrean-caster-430308-m2/assets/city; update_time=2024-10-08T06:01:06.845098Z; source/licence/reference-year unresolved; one static layer used for all years,projects/sat-io/open-datasets/npp-viirs-ntl band=b1,longntl_annual_native500m_positive_pixel_sum_v1,常德,常德市,156430700,unique_exact_or_prefix,H3C IndexYear paired to same LongNTL calendar year by user instruction
益阳市,2024,51.9,18272.4297557461,H3C live AllCityOneInfo API snapshot matched to workbook; workbook_sha256=6C7ABE1A06917FBF9BEEE26C7462ED00557EA038A5374DFC0EDA9BEB240AB753; model-year semantics follow the user's explicit instruction that IndexYear is the DEI year,projects/empyrean-caster-430308-m2/assets/city; update_time=2024-10-08T06:01:06.845098Z; source/licence/reference-year unresolved; one static layer used for all years,projects/sat-io/open-datasets/npp-viirs-ntl band=b1,longntl_annual_native500m_positive_pixel_sum_v1,益阳,益阳市,156430900,unique_exact_or_prefix,H3C IndexYear paired to same LongNTL calendar year by user instruction
郴州市,2024,53,21331.8700158026,H3C live AllCityOneInfo API snapshot matched to workbook; workbook_sha256=6C7ABE1A06917FBF9BEEE26C7462ED00557EA038A5374DFC0EDA9BEB240AB753; model-year semantics follow the user's explicit instruction that IndexYear is the DEI year,projects/empyrean-caster-430308-m2/assets/city; update_time=2024-10-08T06:01:06.845098Z; source/licence/reference-year unresolved; one static layer used for all years,projects/sat-io/open-datasets/npp-viirs-ntl band=b1,longntl_annual_native500m_positive_pixel_sum_v1,郴州,郴州市,156431000,unique_exact_or_prefix,H3C IndexYear paired to same LongNTL calendar year by user instruction
永州市,2024,51.6,24379.9148172935,H3C live AllCityOneInfo API snapshot matched to workbook; workbook_sha256=6C7ABE1A06917FBF9BEEE26C7462ED00557EA038A5374DFC0EDA9BEB240AB753; model-year semantics follow the user's explicit instruction that IndexYear is the DEI year,projects/empyrean-caster-430308-m2/assets/city; update_time=2024-10-08T06:01:06.845098Z; source/licence/reference-year unresolved; one static layer used for all years,projects/sat-io/open-datasets/npp-viirs-ntl band=b1,longntl_annual_native500m_positive_pixel_sum_v1,永州,永州市,156431100,unique_exact_or_prefix,H3C IndexYear paired to same LongNTL calendar year by user instruction
怀化市,2024,46.3,18947.9451164091,H3C live AllCityOneInfo API snapshot matched to workbook; workbook_sha256=6C7ABE1A06917FBF9BEEE26C7462ED00557EA038A5374DFC0EDA9BEB240AB753; model-year semantics follow the user's explicit instruction that IndexYear is the DEI year,projects/empyrean-caster-430308-m2/assets/city; update_time=2024-10-08T06:01:06.845098Z; source/licence/reference-year unresolved; one static layer used for all years,projects/sat-io/open-datasets/npp-viirs-ntl band=b1,longntl_annual_native500m_positive_pixel_sum_v1,怀化,怀化市,156431200,unique_exact_or_prefix,H3C IndexYear paired to same LongNTL calendar year by user instruction
娄底市,2024,46.6,21570.1610017071,H3C live AllCityOneInfo API snapshot matched to workbook; workbook_sha256=6C7ABE1A06917FBF9BEEE26C7462ED00557EA038A5374DFC0EDA9BEB240AB753; model-year semantics follow the user's explicit instruction that IndexYear is the DEI year,projects/empyrean-caster-430308-m2/assets/city; update_time=2024-10-08T06:01:06.845098Z; source/licence/reference-year unresolved; one static layer used for all years,projects/sat-io/open-datasets/npp-viirs-ntl band=b1,longntl_annual_native500m_positive_pixel_sum_v1,娄底,娄底市,156431300,unique_exact_or_prefix,H3C IndexYear paired to same LongNTL calendar year by user instruction
广州市,2024,88.5,332885.586175759,H3C live AllCityOneInfo API snapshot matched to workbook; workbook_sha256=6C7ABE1A06917FBF9BEEE26C7462ED00557EA038A5374DFC0EDA9BEB240AB753; model-year semantics follow the user's explicit instruction that IndexYear is the DEI year,projects/empyrean-caster-430308-m2/assets/city; update_time=2024-10-08T06:01:06.845098Z; source/licence/reference-year unresolved; one static layer used for all years,projects/sat-io/open-datasets/npp-viirs-ntl band=b1,longntl_annual_native500m_positive_pixel_sum_v1,广州,广州市,156440100,unique_exact_or_prefix,H3C IndexYear paired to same LongNTL calendar year by user instruction
韶关市,2024,45.4,37341.6509789308,H3C live AllCityOneInfo API snapshot matched to workbook; workbook_sha256=6C7ABE1A06917FBF9BEEE26C7462ED00557EA038A5374DFC0EDA9BEB240AB753; model-year semantics follow the user's explicit instruction that IndexYear is the DEI year,projects/empyrean-caster-430308-m2/assets/city; update_time=2024-10-08T06:01:06.845098Z; source/licence/reference-year unresolved; one static layer used for all years,projects/sat-io/open-datasets/npp-viirs-ntl band=b1,longntl_annual_native500m_positive_pixel_sum_v1,韶关,韶关市,156440200,unique_exact_or_prefix,H3C IndexYear paired to same LongNTL calendar year by user instruction
深圳市,2024,92.2,220171.53018901,H3C live AllCityOneInfo API snapshot matched to workbook; workbook_sha256=6C7ABE1A06917FBF9BEEE26C7462ED00557EA038A5374DFC0EDA9BEB240AB753; model-year semantics follow the user's explicit instruction that IndexYear is the DEI year,projects/empyrean-caster-430308-m2/assets/city; update_time=2024-10-08T06:01:06.845098Z; source/licence/reference-year unresolved; one static layer used for all years,projects/sat-io/open-datasets/npp-viirs-ntl band=b1,longntl_annual_native500m_positive_pixel_sum_v1,深圳,深圳市,156440300,unique_exact_or_prefix,H3C IndexYear paired to same LongNTL calendar year by user instruction
珠海市,2024,68.2,67511.8360570389,H3C live AllCityOneInfo API snapshot matched to workbook; workbook_sha256=6C7ABE1A06917FBF9BEEE26C7462ED00557EA038A5374DFC0EDA9BEB240AB753; model-year semantics follow the user's explicit instruction that IndexYear is the DEI year,projects/empyrean-caster-430308-m2/assets/city; update_time=2024-10-08T06:01:06.845098Z; source/licence/reference-year unresolved; one static layer used for all years,projects/sat-io/open-datasets/npp-viirs-ntl band=b1,longntl_annual_native500m_positive_pixel_sum_v1,珠海,珠海市,156440400,unique_exact_or_prefix,H3C IndexYear paired to same LongNTL calendar year by user instruction
汕头市,2024,62.8,98052.076727632,H3C live AllCityOneInfo API snapshot matched to workbook; workbook_sha256=6C7ABE1A06917FBF9BEEE26C7462ED00557EA038A5374DFC0EDA9BEB240AB753; model-year semantics follow the user's explicit instruction that IndexYear is the DEI year,projects/empyrean-caster-430308-m2/assets/city; update_time=2024-10-08T06:01:06.845098Z; source/licence/reference-year unresolved; one static layer used for all years,projects/sat-io/open-datasets/npp-viirs-ntl band=b1,longntl_annual_native500m_positive_pixel_sum_v1,汕头,汕头市,156440500,unique_exact_or_prefix,H3C IndexYear paired to same LongNTL calendar year by user instruction
佛山市,2024,75.1,199314.677840194,H3C live AllCityOneInfo API snapshot matched to workbook; workbook_sha256=6C7ABE1A06917FBF9BEEE26C7462ED00557EA038A5374DFC0EDA9BEB240AB753; model-year semantics follow the user's explicit instruction that IndexYear is the DEI year,projects/empyrean-caster-430308-m2/assets/city; update_time=2024-10-08T06:01:06.845098Z; source/licence/reference-year unresolved; one static layer used for all years,projects/sat-io/open-datasets/npp-viirs-ntl band=b1,longntl_annual_native500m_positive_pixel_sum_v1,佛山,佛山市,156440600,unique_exact_or_prefix,H3C IndexYear paired to same LongNTL calendar year by user instruction
江门市,2024,64.1,106884.514962926,H3C live AllCityOneInfo API snapshot matched to workbook; workbook_sha256=6C7ABE1A06917FBF9BEEE26C7462ED00557EA038A5374DFC0EDA9BEB240AB753; model-year semantics follow the user's explicit instruction that IndexYear is the DEI year,projects/empyrean-caster-430308-m2/assets/city; update_time=2024-10-08T06:01:06.845098Z; source/licence/reference-year unresolved; one static layer used for all years,projects/sat-io/open-datasets/npp-viirs-ntl band=b1,longntl_annual_native500m_positive_pixel_sum_v1,江门,江门市,156440700,unique_exact_or_prefix,H3C IndexYear paired to same LongNTL calendar year by user instruction
湛江市,2024,63,98551.4028126595,H3C live AllCityOneInfo API snapshot matched to workbook; workbook_sha256=6C7ABE1A06917FBF9BEEE26C7462ED00557EA038A5374DFC0EDA9BEB240AB753; model-year semantics follow the user's explicit instruction that IndexYear is the DEI year,projects/empyrean-caster-430308-m2/assets/city; update_time=2024-10-08T06:01:06.845098Z; source/licence/reference-year unresolved; one static layer used for all years,projects/sat-io/open-datasets/npp-viirs-ntl band=b1,longntl_annual_native500m_positive_pixel_sum_v1,湛江,湛江市,156440800,unique_exact_or_prefix,H3C IndexYear paired to same LongNTL calendar year by user instruction
茂名市,2024,58.6,61998.0345476006,H3C live AllCityOneInfo API snapshot matched to workbook; workbook_sha256=6C7ABE1A06917FBF9BEEE26C7462ED00557EA038A5374DFC0EDA9BEB240AB753; model-year semantics follow the user's explicit instruction that IndexYear is the DEI year,projects/empyrean-caster-430308-m2/assets/city; update_time=2024-10-08T06:01:06.845098Z; source/licence/reference-year unresolved; one static layer used for all years,projects/sat-io/open-datasets/npp-viirs-ntl band=b1,longntl_annual_native500m_positive_pixel_sum_v1,茂名,茂名市,156440900,unique_exact_or_prefix,H3C IndexYear paired to same LongNTL calendar year by user instruction
肇庆市,2024,55.6,64708.6183423884,H3C live AllCityOneInfo API snapshot matched to workbook; workbook_sha256=6C7ABE1A06917FBF9BEEE26C7462ED00557EA038A5374DFC0EDA9BEB240AB753; model-year semantics follow the user's explicit instruction that IndexYear is the DEI year,projects/empyrean-caster-430308-m2/assets/city; update_time=2024-10-08T06:01:06.845098Z; source/licence/reference-year unresolved; one static layer used for all years,projects/sat-io/open-datasets/npp-viirs-ntl band=b1,longntl_annual_native500m_positive_pixel_sum_v1,肇庆,肇庆市,156441200,unique_exact_or_prefix,H3C IndexYear paired to same LongNTL calendar year by user instruction
惠州市,2024,69.3,169690.497385523,H3C live AllCityOneInfo API snapshot matched to workbook; workbook_sha256=6C7ABE1A06917FBF9BEEE26C7462ED00557EA038A5374DFC0EDA9BEB240AB753; model-year semantics follow the user's explicit instruction that IndexYear is the DEI year,projects/empyrean-caster-430308-m2/assets/city; update_time=2024-10-08T06:01:06.845098Z; source/licence/reference-year unresolved; one static layer used for all years,projects/sat-io/open-datasets/npp-viirs-ntl band=b1,longntl_annual_native500m_positive_pixel_sum_v1,惠州,惠州市,156441300,unique_exact_or_prefix,H3C IndexYear paired to same LongNTL calendar year by user instruction
梅州市,2024,42.6,35488.185216525,H3C live AllCityOneInfo API snapshot matched to workbook; workbook_sha256=6C7ABE1A06917FBF9BEEE26C7462ED00557EA038A5374DFC0EDA9BEB240AB753; model-year semantics follow the user's explicit instruction that IndexYear is the DEI year,projects/empyrean-caster-430308-m2/assets/city; update_time=2024-10-08T06:01:06.845098Z; source/licence/reference-year unresolved; one static layer used for all years,projects/sat-io/open-datasets/npp-viirs-ntl band=b1,longntl_annual_native500m_positive_pixel_sum_v1,梅州,梅州市,156441400,unique_exact_or_prefix,H3C IndexYear paired to same LongNTL calendar year by user instruction
汕尾市,2024,41.7,55199.0279035933,H3C live AllCityOneInfo API snapshot matched to workbook; workbook_sha256=6C7ABE1A06917FBF9BEEE26C7462ED00557EA038A5374DFC0EDA9BEB240AB753; model-year semantics follow the user's explicit instruction that IndexYear is the DEI year,projects/empyrean-caster-430308-m2/assets/city; update_time=2024-10-08T06:01:06.845098Z; source/licence/reference-year unresolved; one static layer used for all years,projects/sat-io/open-datasets/npp-viirs-ntl band=b1,longntl_annual_native500m_positive_pixel_sum_v1,汕尾,汕尾市,156441500,unique_exact_or_prefix,H3C IndexYear paired to same LongNTL calendar year by user instruction
河源市,2024,40.9,33040.0752074999,H3C live AllCityOneInfo API snapshot matched to workbook; workbook_sha256=6C7ABE1A06917FBF9BEEE26C7462ED00557EA038A5374DFC0EDA9BEB240AB753; model-year semantics follow the user's explicit instruction that IndexYear is the DEI year,projects/empyrean-caster-430308-m2/assets/city; update_time=2024-10-08T06:01:06.845098Z; source/licence/reference-year unresolved; one static layer used for all years,projects/sat-io/open-datasets/npp-viirs-ntl band=b1,longntl_annual_native500m_positive_pixel_sum_v1,河源,河源市,156441600,unique_exact_or_prefix,H3C IndexYear paired to same LongNTL calendar year by user instruction
阳江市,2024,45.7,37620.5705515408,H3C live AllCityOneInfo API snapshot matched to workbook; workbook_sha256=6C7ABE1A06917FBF9BEEE26C7462ED00557EA038A5374DFC0EDA9BEB240AB753; model-year semantics follow the user's explicit instruction that IndexYear is the DEI year,projects/empyrean-caster-430308-m2/assets/city; update_time=2024-10-08T06:01:06.845098Z; source/licence/reference-year unresolved; one static layer used for all years,projects/sat-io/open-datasets/npp-viirs-ntl band=b1,longntl_annual_native500m_positive_pixel_sum_v1,阳江,阳江市,156441700,unique_exact_or_prefix,H3C IndexYear paired to same LongNTL calendar year by user instruction
清远市,2024,49.9,58485.2183867118,H3C live AllCityOneInfo API snapshot matched to workbook; workbook_sha256=6C7ABE1A06917FBF9BEEE26C7462ED00557EA038A5374DFC0EDA9BEB240AB753; model-year semantics follow the user's explicit instruction that IndexYear is the DEI year,projects/empyrean-caster-430308-m2/assets/city; update_time=2024-10-08T06:01:06.845098Z; source/licence/reference-year unresolved; one static layer used for all years,projects/sat-io/open-datasets/npp-viirs-ntl band=b1,longntl_annual_native500m_positive_pixel_sum_v1,清远,清远市,156441800,unique_exact_or_prefix,H3C IndexYear paired to same LongNTL calendar year by user instruction
东莞市,2024,74.8,241383.985994599,H3C live AllCityOneInfo API snapshot matched to workbook; workbook_sha256=6C7ABE1A06917FBF9BEEE26C7462ED00557EA038A5374DFC0EDA9BEB240AB753; model-year semantics follow the user's explicit instruction that IndexYear is the DEI year,projects/empyrean-caster-430308-m2/assets/city; update_time=2024-10-08T06:01:06.845098Z; source/licence/reference-year unresolved; one static layer used for all years,projects/sat-io/open-datasets/npp-viirs-ntl band=b1,longntl_annual_native500m_positive_pixel_sum_v1,东莞,东莞市,156441900,unique_exact_or_prefix,H3C IndexYear paired to same LongNTL calendar year by user instruction
中山市,2024,64.7,105789.410345877,H3C live AllCityOneInfo API snapshot matched to workbook; workbook_sha256=6C7ABE1A06917FBF9BEEE26C7462ED00557EA038A5374DFC0EDA9BEB240AB753; model-year semantics follow the user's explicit instruction that IndexYear is the DEI year,projects/empyrean-caster-430308-m2/assets/city; update_time=2024-10-08T06:01:06.845098Z; source/licence/reference-year unresolved; one static layer used for all years,projects/sat-io/open-datasets/npp-viirs-ntl band=b1,longntl_annual_native500m_positive_pixel_sum_v1,中山,中山市,156442000,unique_exact_or_prefix,H3C IndexYear paired to same LongNTL calendar year by user instruction
潮州市,2024,43.1,45228.9359659457,H3C live AllCityOneInfo API snapshot matched to workbook; workbook_sha256=6C7ABE1A06917FBF9BEEE26C7462ED00557EA038A5374DFC0EDA9BEB240AB753; model-year semantics follow the user's explicit instruction that IndexYear is the DEI year,projects/empyrean-caster-430308-m2/assets/city; update_time=2024-10-08T06:01:06.845098Z; source/licence/reference-year unresolved; one static layer used for all years,projects/sat-io/open-datasets/npp-viirs-ntl band=b1,longntl_annual_native500m_positive_pixel_sum_v1,潮州,潮州市,156445100,unique_exact_or_prefix,H3C IndexYear paired to same LongNTL calendar year by user instruction
揭阳市,2024,52.7,94744.0361375453,H3C live AllCityOneInfo API snapshot matched to workbook; workbook_sha256=6C7ABE1A06917FBF9BEEE26C7462ED00557EA038A5374DFC0EDA9BEB240AB753; model-year semantics follow the user's explicit instruction that IndexYear is the DEI year,projects/empyrean-caster-430308-m2/assets/city; update_time=2024-10-08T06:01:06.845098Z; source/licence/reference-year unresolved; one static layer used for all years,projects/sat-io/open-datasets/npp-viirs-ntl band=b1,longntl_annual_native500m_positive_pixel_sum_v1,揭阳,揭阳市,156445200,unique_exact_or_prefix,H3C IndexYear paired to same LongNTL calendar year by user instruction
云浮市,2024,40.3,22974.9079390643,H3C live AllCityOneInfo API snapshot matched to workbook; workbook_sha256=6C7ABE1A06917FBF9BEEE26C7462ED00557EA038A5374DFC0EDA9BEB240AB753; model-year semantics follow the user's explicit instruction that IndexYear is the DEI year,projects/empyrean-caster-430308-m2/assets/city; update_time=2024-10-08T06:01:06.845098Z; source/licence/reference-year unresolved; one static layer used for all years,projects/sat-io/open-datasets/npp-viirs-ntl band=b1,longntl_annual_native500m_positive_pixel_sum_v1,云浮,云浮市,156445300,unique_exact_or_prefix,H3C IndexYear paired to same LongNTL calendar year by user instruction
南宁市,2024,72.1,105168.812182173,H3C live AllCityOneInfo API snapshot matched to workbook; workbook_sha256=6C7ABE1A06917FBF9BEEE26C7462ED00557EA038A5374DFC0EDA9BEB240AB753; model-year semantics follow the user's explicit instruction that IndexYear is the DEI year,projects/empyrean-caster-430308-m2/assets/city; update_time=2024-10-08T06:01:06.845098Z; source/licence/reference-year unresolved; one static layer used for all years,projects/sat-io/open-datasets/npp-viirs-ntl band=b1,longntl_annual_native500m_positive_pixel_sum_v1,南宁,南宁市,156450100,unique_exact_or_prefix,H3C IndexYear paired to same LongNTL calendar year by user instruction
柳州市,2024,64.9,42417.1553084046,H3C live AllCityOneInfo API snapshot matched to workbook; workbook_sha256=6C7ABE1A06917FBF9BEEE26C7462ED00557EA038A5374DFC0EDA9BEB240AB753; model-year semantics follow the user's explicit instruction that IndexYear is the DEI year,projects/empyrean-caster-430308-m2/assets/city; update_time=2024-10-08T06:01:06.845098Z; source/licence/reference-year unresolved; one static layer used for all years,projects/sat-io/open-datasets/npp-viirs-ntl band=b1,longntl_annual_native500m_positive_pixel_sum_v1,柳州,柳州市,156450200,unique_exact_or_prefix,H3C IndexYear paired to same LongNTL calendar year by user instruction
桂林市,2024,55.6,29615.1871882088,H3C live AllCityOneInfo API snapshot matched to workbook; workbook_sha256=6C7ABE1A06917FBF9BEEE26C7462ED00557EA038A5374DFC0EDA9BEB240AB753; model-year semantics follow the user's explicit instruction that IndexYear is the DEI year,projects/empyrean-caster-430308-m2/assets/city; update_time=2024-10-08T06:01:06.845098Z; source/licence/reference-year unresolved; one static layer used for all years,projects/sat-io/open-datasets/npp-viirs-ntl band=b1,longntl_annual_native500m_positive_pixel_sum_v1,桂林,桂林市,156450300,unique_exact_or_prefix,H3C IndexYear paired to same LongNTL calendar year by user instruction
梧州市,2024,42.5,18644.564530424,H3C live AllCityOneInfo API snapshot matched to workbook; workbook_sha256=6C7ABE1A06917FBF9BEEE26C7462ED00557EA038A5374DFC0EDA9BEB240AB753; model-year semantics follow the user's explicit instruction that IndexYear is the DEI year,projects/empyrean-caster-430308-m2/assets/city; update_time=2024-10-08T06:01:06.845098Z; source/licence/reference-year unresolved; one static layer used for all years,projects/sat-io/open-datasets/npp-viirs-ntl band=b1,longntl_annual_native500m_positive_pixel_sum_v1,梧州,梧州市,156450400,unique_exact_or_prefix,H3C IndexYear paired to same LongNTL calendar year by user instruction
北海市,2024,55.5,26247.2378153474,H3C live AllCityOneInfo API snapshot matched to workbook; workbook_sha256=6C7ABE1A06917FBF9BEEE26C7462ED00557EA038A5374DFC0EDA9BEB240AB753; model-year semantics follow the user's explicit instruction that IndexYear is the DEI year,projects/empyrean-caster-430308-m2/assets/city; update_time=2024-10-08T06:01:06.845098Z; source/licence/reference-year unresolved; one static layer used for all years,projects/sat-io/open-datasets/npp-viirs-ntl band=b1,longntl_annual_native500m_positive_pixel_sum_v1,北海,北海市,156450500,unique_exact_or_prefix,H3C IndexYear paired to same LongNTL calendar year by user instruction
钦州市,2024,47.1,24353.0760765431,H3C live AllCityOneInfo API snapshot matched to workbook; workbook_sha256=6C7ABE1A06917FBF9BEEE26C7462ED00557EA038A5374DFC0EDA9BEB240AB753; model-year semantics follow the user's explicit instruction that IndexYear is the DEI year,projects/empyrean-caster-430308-m2/assets/city; update_time=2024-10-08T06:01:06.845098Z; source/licence/reference-year unresolved; one static layer used for all years,projects/sat-io/open-datasets/npp-viirs-ntl band=b1,longntl_annual_native500m_positive_pixel_sum_v1,钦州,钦州市,156450700,unique_exact_or_prefix,H3C IndexYear paired to same LongNTL calendar year by user instruction
贵港市,2024,42.8,23139.6712852665,H3C live AllCityOneInfo API snapshot matched to workbook; workbook_sha256=6C7ABE1A06917FBF9BEEE26C7462ED00557EA038A5374DFC0EDA9BEB240AB753; model-year semantics follow the user's explicit instruction that IndexYear is the DEI year,projects/empyrean-caster-430308-m2/assets/city; update_time=2024-10-08T06:01:06.845098Z; source/licence/reference-year unresolved; one static layer used for all years,projects/sat-io/open-datasets/npp-viirs-ntl band=b1,longntl_annual_native500m_positive_pixel_sum_v1,贵港,贵港市,156450800,unique_exact_or_prefix,H3C IndexYear paired to same LongNTL calendar year by user instruction
玉林市,2024,49.6,32414.223473518,H3C live AllCityOneInfo API snapshot matched to workbook; workbook_sha256=6C7ABE1A06917FBF9BEEE26C7462ED00557EA038A5374DFC0EDA9BEB240AB753; model-year semantics follow the user's explicit instruction that IndexYear is the DEI year,projects/empyrean-caster-430308-m2/assets/city; update_time=2024-10-08T06:01:06.845098Z; source/licence/reference-year unresolved; one static layer used for all years,projects/sat-io/open-datasets/npp-viirs-ntl band=b1,longntl_annual_native500m_positive_pixel_sum_v1,玉林,玉林市,156450900,unique_exact_or_prefix,H3C IndexYear paired to same LongNTL calendar year by user instruction
百色市,2024,42.8,23375.3172461454,H3C live AllCityOneInfo API snapshot matched to workbook; workbook_sha256=6C7ABE1A06917FBF9BEEE26C7462ED00557EA038A5374DFC0EDA9BEB240AB753; model-year semantics follow the user's explicit instruction that IndexYear is the DEI year,projects/empyrean-caster-430308-m2/assets/city; update_time=2024-10-08T06:01:06.845098Z; source/licence/reference-year unresolved; one static layer used for all years,projects/sat-io/open-datasets/npp-viirs-ntl band=b1,longntl_annual_native500m_positive_pixel_sum_v1,百色,百色市,156451000,unique_exact_or_prefix,H3C IndexYear paired to same LongNTL calendar year by user instruction
河池市,2024,38.5,12332.4053649842,H3C live AllCityOneInfo API snapshot matched to workbook; workbook_sha256=6C7ABE1A06917FBF9BEEE26C7462ED00557EA038A5374DFC0EDA9BEB240AB753; model-year semantics follow the user's explicit instruction that IndexYear is the DEI year,projects/empyrean-caster-430308-m2/assets/city; update_time=2024-10-08T06:01:06.845098Z; source/licence/reference-year unresolved; one static layer used for all years,projects/sat-io/open-datasets/npp-viirs-ntl band=b1,longntl_annual_native500m_positive_pixel_sum_v1,河池,河池市,156451200,unique_exact_or_prefix,H3C IndexYear paired to same LongNTL calendar year by user instruction
崇左市,2024,39.6,21064.292059983,H3C live AllCityOneInfo API snapshot matched to workbook; workbook_sha256=6C7ABE1A06917FBF9BEEE26C7462ED00557EA038A5374DFC0EDA9BEB240AB753; model-year semantics follow the user's explicit instruction that IndexYear is the DEI year,projects/empyrean-caster-430308-m2/assets/city; update_time=2024-10-08T06:01:06.845098Z; source/licence/reference-year unresolved; one static layer used for all years,projects/sat-io/open-datasets/npp-viirs-ntl band=b1,longntl_annual_native500m_positive_pixel_sum_v1,崇左,崇左市,156451400,unique_exact_or_prefix,H3C IndexYear paired to same LongNTL calendar year by user instruction
海口市,2024,62.9,48232.5783889397,H3C live AllCityOneInfo API snapshot matched to workbook; workbook_sha256=6C7ABE1A06917FBF9BEEE26C7462ED00557EA038A5374DFC0EDA9BEB240AB753; model-year semantics follow the user's explicit instruction that IndexYear is the DEI year,projects/empyrean-caster-430308-m2/assets/city; update_time=2024-10-08T06:01:06.845098Z; source/licence/reference-year unresolved; one static layer used for all years,projects/sat-io/open-datasets/npp-viirs-ntl band=b1,longntl_annual_native500m_positive_pixel_sum_v1,海口,海口市,156460100,unique_exact_or_prefix,H3C IndexYear paired to same LongNTL calendar year by user instruction
重庆市,2024,84.3,333637.225057578,H3C live AllCityOneInfo API snapshot matched to workbook; workbook_sha256=6C7ABE1A06917FBF9BEEE26C7462ED00557EA038A5374DFC0EDA9BEB240AB753; model-year semantics follow the user's explicit instruction that IndexYear is the DEI year,projects/empyrean-caster-430308-m2/assets/city; update_time=2024-10-08T06:01:06.845098Z; source/licence/reference-year unresolved; one static layer used for all years,projects/sat-io/open-datasets/npp-viirs-ntl band=b1,longntl_annual_native500m_positive_pixel_sum_v1,重庆,重庆市,156500000,unique_exact_or_prefix,H3C IndexYear paired to same LongNTL calendar year by user instruction
成都市,2024,90.5,378168.2409886,H3C live AllCityOneInfo API snapshot matched to workbook; workbook_sha256=6C7ABE1A06917FBF9BEEE26C7462ED00557EA038A5374DFC0EDA9BEB240AB753; model-year semantics follow the user's explicit instruction that IndexYear is the DEI year,projects/empyrean-caster-430308-m2/assets/city; update_time=2024-10-08T06:01:06.845098Z; source/licence/reference-year unresolved; one static layer used for all years,projects/sat-io/open-datasets/npp-viirs-ntl band=b1,longntl_annual_native500m_positive_pixel_sum_v1,成都,成都市,156510100,unique_exact_or_prefix,H3C IndexYear paired to same LongNTL calendar year by user instruction
自贡市,2024,44.5,21387.1698910367,H3C live AllCityOneInfo API snapshot matched to workbook; workbook_sha256=6C7ABE1A06917FBF9BEEE26C7462ED00557EA038A5374DFC0EDA9BEB240AB753; model-year semantics follow the user's explicit instruction that IndexYear is the DEI year,projects/empyrean-caster-430308-m2/assets/city; update_time=2024-10-08T06:01:06.845098Z; source/licence/reference-year unresolved; one static layer used for all years,projects/sat-io/open-datasets/npp-viirs-ntl band=b1,longntl_annual_native500m_positive_pixel_sum_v1,自贡,自贡市,156510300,unique_exact_or_prefix,H3C IndexYear paired to same LongNTL calendar year by user instruction
攀枝花市,2024,43.7,15206.3285717534,H3C live AllCityOneInfo API snapshot matched to workbook; workbook_sha256=6C7ABE1A06917FBF9BEEE26C7462ED00557EA038A5374DFC0EDA9BEB240AB753; model-year semantics follow the user's explicit instruction that IndexYear is the DEI year,projects/empyrean-caster-430308-m2/assets/city; update_time=2024-10-08T06:01:06.845098Z; source/licence/reference-year unresolved; one static layer used for all years,projects/sat-io/open-datasets/npp-viirs-ntl band=b1,longntl_annual_native500m_positive_pixel_sum_v1,攀枝花,攀枝花市,156510400,unique_exact_or_prefix,H3C IndexYear paired to same LongNTL calendar year by user instruction
泸州市,2024,52.2,25374.9003579004,H3C live AllCityOneInfo API snapshot matched to workbook; workbook_sha256=6C7ABE1A06917FBF9BEEE26C7462ED00557EA038A5374DFC0EDA9BEB240AB753; model-year semantics follow the user's explicit instruction that IndexYear is the DEI year,projects/empyrean-caster-430308-m2/assets/city; update_time=2024-10-08T06:01:06.845098Z; source/licence/reference-year unresolved; one static layer used for all years,projects/sat-io/open-datasets/npp-viirs-ntl band=b1,longntl_annual_native500m_positive_pixel_sum_v1,泸州,泸州市,156510500,unique_exact_or_prefix,H3C IndexYear paired to same LongNTL calendar year by user instruction
德阳市,2024,58.2,56943.0403972812,H3C live AllCityOneInfo API snapshot matched to workbook; workbook_sha256=6C7ABE1A06917FBF9BEEE26C7462ED00557EA038A5374DFC0EDA9BEB240AB753; model-year semantics follow the user's explicit instruction that IndexYear is the DEI year,projects/empyrean-caster-430308-m2/assets/city; update_time=2024-10-08T06:01:06.845098Z; source/licence/reference-year unresolved; one static layer used for all years,projects/sat-io/open-datasets/npp-viirs-ntl band=b1,longntl_annual_native500m_positive_pixel_sum_v1,德阳,德阳市,156510600,unique_exact_or_prefix,H3C IndexYear paired to same LongNTL calendar year by user instruction
绵阳市,2024,64.9,55550.8058772466,H3C live AllCityOneInfo API snapshot matched to workbook; workbook_sha256=6C7ABE1A06917FBF9BEEE26C7462ED00557EA038A5374DFC0EDA9BEB240AB753; model-year semantics follow the user's explicit instruction that IndexYear is the DEI year,projects/empyrean-caster-430308-m2/assets/city; update_time=2024-10-08T06:01:06.845098Z; source/licence/reference-year unresolved; one static layer used for all years,projects/sat-io/open-datasets/npp-viirs-ntl band=b1,longntl_annual_native500m_positive_pixel_sum_v1,绵阳,绵阳市,156510700,unique_exact_or_prefix,H3C IndexYear paired to same LongNTL calendar year by user instruction
广元市,2024,38.8,16088.8483825029,H3C live AllCityOneInfo API snapshot matched to workbook; workbook_sha256=6C7ABE1A06917FBF9BEEE26C7462ED00557EA038A5374DFC0EDA9BEB240AB753; model-year semantics follow the user's explicit instruction that IndexYear is the DEI year,projects/empyrean-caster-430308-m2/assets/city; update_time=2024-10-08T06:01:06.845098Z; source/licence/reference-year unresolved; one static layer used for all years,projects/sat-io/open-datasets/npp-viirs-ntl band=b1,longntl_annual_native500m_positive_pixel_sum_v1,广元,广元市,156510800,unique_exact_or_prefix,H3C IndexYear paired to same LongNTL calendar year by user instruction
遂宁市,2024,42.3,35013.8386475025,H3C live AllCityOneInfo API snapshot matched to workbook; workbook_sha256=6C7ABE1A06917FBF9BEEE26C7462ED00557EA038A5374DFC0EDA9BEB240AB753; model-year semantics follow the user's explicit instruction that IndexYear is the DEI year,projects/empyrean-caster-430308-m2/assets/city; update_time=2024-10-08T06:01:06.845098Z; source/licence/reference-year unresolved; one static layer used for all years,projects/sat-io/open-datasets/npp-viirs-ntl band=b1,longntl_annual_native500m_positive_pixel_sum_v1,遂宁,遂宁市,156510900,unique_exact_or_prefix,H3C IndexYear paired to same LongNTL calendar year by user instruction
内江市,2024,43.2,21766.0166794094,H3C live AllCityOneInfo API snapshot matched to workbook; workbook_sha256=6C7ABE1A06917FBF9BEEE26C7462ED00557EA038A5374DFC0EDA9BEB240AB753; model-year semantics follow the user's explicit instruction that IndexYear is the DEI year,projects/empyrean-caster-430308-m2/assets/city; update_time=2024-10-08T06:01:06.845098Z; source/licence/reference-year unresolved; one static layer used for all years,projects/sat-io/open-datasets/npp-viirs-ntl band=b1,longntl_annual_native500m_positive_pixel_sum_v1,内江,内江市,156511000,unique_exact_or_prefix,H3C IndexYear paired to same LongNTL calendar year by user instruction
乐山市,2024,47.7,26694.0351436334,H3C live AllCityOneInfo API snapshot matched to workbook; workbook_sha256=6C7ABE1A06917FBF9BEEE26C7462ED00557EA038A5374DFC0EDA9BEB240AB753; model-year semantics follow the user's explicit instruction that IndexYear is the DEI year,projects/empyrean-caster-430308-m2/assets/city; update_time=2024-10-08T06:01:06.845098Z; source/licence/reference-year unresolved; one static layer used for all years,projects/sat-io/open-datasets/npp-viirs-ntl band=b1,longntl_annual_native500m_positive_pixel_sum_v1,乐山,乐山市,156511100,unique_exact_or_prefix,H3C IndexYear paired to same LongNTL calendar year by user instruction
南充市,2024,55.2,49988.1150843181,H3C live AllCityOneInfo API snapshot matched to workbook; workbook_sha256=6C7ABE1A06917FBF9BEEE26C7462ED00557EA038A5374DFC0EDA9BEB240AB753; model-year semantics follow the user's explicit instruction that IndexYear is the DEI year,projects/empyrean-caster-430308-m2/assets/city; update_time=2024-10-08T06:01:06.845098Z; source/licence/reference-year unresolved; one static layer used for all years,projects/sat-io/open-datasets/npp-viirs-ntl band=b1,longntl_annual_native500m_positive_pixel_sum_v1,南充,南充市,156511300,unique_exact_or_prefix,H3C IndexYear paired to same LongNTL calendar year by user instruction
眉山市,2024,43,41759.900682045,H3C live AllCityOneInfo API snapshot matched to workbook; workbook_sha256=6C7ABE1A06917FBF9BEEE26C7462ED00557EA038A5374DFC0EDA9BEB240AB753; model-year semantics follow the user's explicit instruction that IndexYear is the DEI year,projects/empyrean-caster-430308-m2/assets/city; update_time=2024-10-08T06:01:06.845098Z; source/licence/reference-year unresolved; one static layer used for all years,projects/sat-io/open-datasets/npp-viirs-ntl band=b1,longntl_annual_native500m_positive_pixel_sum_v1,眉山,眉山市,156511400,unique_exact_or_prefix,H3C IndexYear paired to same LongNTL calendar year by user instruction
宜宾市,2024,57.3,47295.1341594322,H3C live AllCityOneInfo API snapshot matched to workbook; workbook_sha256=6C7ABE1A06917FBF9BEEE26C7462ED00557EA038A5374DFC0EDA9BEB240AB753; model-year semantics follow the user's explicit instruction that IndexYear is the DEI year,projects/empyrean-caster-430308-m2/assets/city; update_time=2024-10-08T06:01:06.845098Z; source/licence/reference-year unresolved; one static layer used for all years,projects/sat-io/open-datasets/npp-viirs-ntl band=b1,longntl_annual_native500m_positive_pixel_sum_v1,宜宾,宜宾市,156511500,unique_exact_or_prefix,H3C IndexYear paired to same LongNTL calendar year by user instruction
广安市,2024,42.8,24262.1425873565,H3C live AllCityOneInfo API snapshot matched to workbook; workbook_sha256=6C7ABE1A06917FBF9BEEE26C7462ED00557EA038A5374DFC0EDA9BEB240AB753; model-year semantics follow the user's explicit instruction that IndexYear is the DEI year,projects/empyrean-caster-430308-m2/assets/city; update_time=2024-10-08T06:01:06.845098Z; source/licence/reference-year unresolved; one static layer used for all years,projects/sat-io/open-datasets/npp-viirs-ntl band=b1,longntl_annual_native500m_positive_pixel_sum_v1,广安,广安市,156511600,unique_exact_or_prefix,H3C IndexYear paired to same LongNTL calendar year by user instruction
达州市,2024,51.1,32954.969563868,H3C live AllCityOneInfo API snapshot matched to workbook; workbook_sha256=6C7ABE1A06917FBF9BEEE26C7462ED00557EA038A5374DFC0EDA9BEB240AB753; model-year semantics follow the user's explicit instruction that IndexYear is the DEI year,projects/empyrean-caster-430308-m2/assets/city; update_time=2024-10-08T06:01:06.845098Z; source/licence/reference-year unresolved; one static layer used for all years,projects/sat-io/open-datasets/npp-viirs-ntl band=b1,longntl_annual_native500m_positive_pixel_sum_v1,达州,达州市,156511700,unique_exact_or_prefix,H3C IndexYear paired to same LongNTL calendar year by user instruction
雅安市,2024,40.5,10568.0602570482,H3C live AllCityOneInfo API snapshot matched to workbook; workbook_sha256=6C7ABE1A06917FBF9BEEE26C7462ED00557EA038A5374DFC0EDA9BEB240AB753; model-year semantics follow the user's explicit instruction that IndexYear is the DEI year,projects/empyrean-caster-430308-m2/assets/city; update_time=2024-10-08T06:01:06.845098Z; source/licence/reference-year unresolved; one static layer used for all years,projects/sat-io/open-datasets/npp-viirs-ntl band=b1,longntl_annual_native500m_positive_pixel_sum_v1,雅安,雅安市,156511800,unique_exact_or_prefix,H3C IndexYear paired to same LongNTL calendar year by user instruction
资阳市,2024,38.3,16012.6678290872,H3C live AllCityOneInfo API snapshot matched to workbook; workbook_sha256=6C7ABE1A06917FBF9BEEE26C7462ED00557EA038A5374DFC0EDA9BEB240AB753; model-year semantics follow the user's explicit instruction that IndexYear is the DEI year,projects/empyrean-caster-430308-m2/assets/city; update_time=2024-10-08T06:01:06.845098Z; source/licence/reference-year unresolved; one static layer used for all years,projects/sat-io/open-datasets/npp-viirs-ntl band=b1,longntl_annual_native500m_positive_pixel_sum_v1,资阳,资阳市,156512000,unique_exact_or_prefix,H3C IndexYear paired to same LongNTL calendar year by user instruction
凉山彝族自治州,2024,43.2,39623.551358776,H3C live AllCityOneInfo API snapshot matched to workbook; workbook_sha256=6C7ABE1A06917FBF9BEEE26C7462ED00557EA038A5374DFC0EDA9BEB240AB753; model-year semantics follow the user's explicit instruction that IndexYear is the DEI year,projects/empyrean-caster-430308-m2/assets/city; update_time=2024-10-08T06:01:06.845098Z; source/licence/reference-year unresolved; one static layer used for all years,projects/sat-io/open-datasets/npp-viirs-ntl band=b1,longntl_annual_native500m_positive_pixel_sum_v1,凉山,凉山彝族自治州,156513400,unique_exact_or_prefix,H3C IndexYear paired to same LongNTL calendar year by user instruction
贵阳市,2024,71.5,69352.544260989,H3C live AllCityOneInfo API snapshot matched to workbook; workbook_sha256=6C7ABE1A06917FBF9BEEE26C7462ED00557EA038A5374DFC0EDA9BEB240AB753; model-year semantics follow the user's explicit instruction that IndexYear is the DEI year,projects/empyrean-caster-430308-m2/assets/city; update_time=2024-10-08T06:01:06.845098Z; source/licence/reference-year unresolved; one static layer used for all years,projects/sat-io/open-datasets/npp-viirs-ntl band=b1,longntl_annual_native500m_positive_pixel_sum_v1,贵阳,贵阳市,156520100,unique_exact_or_prefix,H3C IndexYear paired to same LongNTL calendar year by user instruction
六盘水市,2024,42.7,18490.7323397879,H3C live AllCityOneInfo API snapshot matched to workbook; workbook_sha256=6C7ABE1A06917FBF9BEEE26C7462ED00557EA038A5374DFC0EDA9BEB240AB753; model-year semantics follow the user's explicit instruction that IndexYear is the DEI year,projects/empyrean-caster-430308-m2/assets/city; update_time=2024-10-08T06:01:06.845098Z; source/licence/reference-year unresolved; one static layer used for all years,projects/sat-io/open-datasets/npp-viirs-ntl band=b1,longntl_annual_native500m_positive_pixel_sum_v1,六盘水,六盘水市,156520200,unique_exact_or_prefix,H3C IndexYear paired to same LongNTL calendar year by user instruction
遵义市,2024,64.5,45737.7772118064,H3C live AllCityOneInfo API snapshot matched to workbook; workbook_sha256=6C7ABE1A06917FBF9BEEE26C7462ED00557EA038A5374DFC0EDA9BEB240AB753; model-year semantics follow the user's explicit instruction that IndexYear is the DEI year,projects/empyrean-caster-430308-m2/assets/city; update_time=2024-10-08T06:01:06.845098Z; source/licence/reference-year unresolved; one static layer used for all years,projects/sat-io/open-datasets/npp-viirs-ntl band=b1,longntl_annual_native500m_positive_pixel_sum_v1,遵义,遵义市,156520300,unique_exact_or_prefix,H3C IndexYear paired to same LongNTL calendar year by user instruction
安顺市,2024,39.5,17597.4155846488,H3C live AllCityOneInfo API snapshot matched to workbook; workbook_sha256=6C7ABE1A06917FBF9BEEE26C7462ED00557EA038A5374DFC0EDA9BEB240AB753; model-year semantics follow the user's explicit instruction that IndexYear is the DEI year,projects/empyrean-caster-430308-m2/assets/city; update_time=2024-10-08T06:01:06.845098Z; source/licence/reference-year unresolved; one static layer used for all years,projects/sat-io/open-datasets/npp-viirs-ntl band=b1,longntl_annual_native500m_positive_pixel_sum_v1,安顺,安顺市,156520400,unique_exact_or_prefix,H3C IndexYear paired to same LongNTL calendar year by user instruction
毕节市,2024,48.6,26515.2569217443,H3C live AllCityOneInfo API snapshot matched to workbook; workbook_sha256=6C7ABE1A06917FBF9BEEE26C7462ED00557EA038A5374DFC0EDA9BEB240AB753; model-year semantics follow the user's explicit instruction that IndexYear is the DEI year,projects/empyrean-caster-430308-m2/assets/city; update_time=2024-10-08T06:01:06.845098Z; source/licence/reference-year unresolved; one static layer used for all years,projects/sat-io/open-datasets/npp-viirs-ntl band=b1,longntl_annual_native500m_positive_pixel_sum_v1,毕节,毕节市,156520500,unique_exact_or_prefix,H3C IndexYear paired to same LongNTL calendar year by user instruction
铜仁市,2024,42.8,20467.4755714477,H3C live AllCityOneInfo API snapshot matched to workbook; workbook_sha256=6C7ABE1A06917FBF9BEEE26C7462ED00557EA038A5374DFC0EDA9BEB240AB753; model-year semantics follow the user's explicit instruction that IndexYear is the DEI year,projects/empyrean-caster-430308-m2/assets/city; update_time=2024-10-08T06:01:06.845098Z; source/licence/reference-year unresolved; one static layer used for all years,projects/sat-io/open-datasets/npp-viirs-ntl band=b1,longntl_annual_native500m_positive_pixel_sum_v1,铜仁,铜仁市,156520600,unique_exact_or_prefix,H3C IndexYear paired to same LongNTL calendar year by user instruction
黔西南布依族苗族自治州,2024,42.6,13759.8058304955,H3C live AllCityOneInfo API snapshot matched to workbook; workbook_sha256=6C7ABE1A06917FBF9BEEE26C7462ED00557EA038A5374DFC0EDA9BEB240AB753; model-year semantics follow the user's explicit instruction that IndexYear is the DEI year,projects/empyrean-caster-430308-m2/assets/city; update_time=2024-10-08T06:01:06.845098Z; source/licence/reference-year unresolved; one static layer used for all years,projects/sat-io/open-datasets/npp-viirs-ntl band=b1,longntl_annual_native500m_positive_pixel_sum_v1,黔西南州,黔西南布依族苗族自治州,156522300,explicit_alias,H3C IndexYear paired to same LongNTL calendar year by user instruction
黔东南苗族侗族自治州,2024,41,22721.3611388959,H3C live AllCityOneInfo API snapshot matched to workbook; workbook_sha256=6C7ABE1A06917FBF9BEEE26C7462ED00557EA038A5374DFC0EDA9BEB240AB753; model-year semantics follow the user's explicit instruction that IndexYear is the DEI year,projects/empyrean-caster-430308-m2/assets/city; update_time=2024-10-08T06:01:06.845098Z; source/licence/reference-year unresolved; one static layer used for all years,projects/sat-io/open-datasets/npp-viirs-ntl band=b1,longntl_annual_native500m_positive_pixel_sum_v1,黔东南,黔东南苗族侗族自治州,156522600,unique_exact_or_prefix,H3C IndexYear paired to same LongNTL calendar year by user instruction
黔南布依族苗族自治州,2024,47.3,27961.5980131467,H3C live AllCityOneInfo API snapshot matched to workbook; workbook_sha256=6C7ABE1A06917FBF9BEEE26C7462ED00557EA038A5374DFC0EDA9BEB240AB753; model-year semantics follow the user's explicit instruction that IndexYear is the DEI year,projects/empyrean-caster-430308-m2/assets/city; update_time=2024-10-08T06:01:06.845098Z; source/licence/reference-year unresolved; one static layer used for all years,projects/sat-io/open-datasets/npp-viirs-ntl band=b1,longntl_annual_native500m_positive_pixel_sum_v1,黔南,黔南布依族苗族自治州,156522700,unique_exact_or_prefix,H3C IndexYear paired to same LongNTL calendar year by user instruction
昆明市,2024,73.9,148262.915364902,H3C live AllCityOneInfo API snapshot matched to workbook; workbook_sha256=6C7ABE1A06917FBF9BEEE26C7462ED00557EA038A5374DFC0EDA9BEB240AB753; model-year semantics follow the user's explicit instruction that IndexYear is the DEI year,projects/empyrean-caster-430308-m2/assets/city; update_time=2024-10-08T06:01:06.845098Z; source/licence/reference-year unresolved; one static layer used for all years,projects/sat-io/open-datasets/npp-viirs-ntl band=b1,longntl_annual_native500m_positive_pixel_sum_v1,昆明,昆明市,156530100,unique_exact_or_prefix,H3C IndexYear paired to same LongNTL calendar year by user instruction
曲靖市,2024,58.3,52244.7019715968,H3C live AllCityOneInfo API snapshot matched to workbook; workbook_sha256=6C7ABE1A06917FBF9BEEE26C7462ED00557EA038A5374DFC0EDA9BEB240AB753; model-year semantics follow the user's explicit instruction that IndexYear is the DEI year,projects/empyrean-caster-430308-m2/assets/city; update_time=2024-10-08T06:01:06.845098Z; source/licence/reference-year unresolved; one static layer used for all years,projects/sat-io/open-datasets/npp-viirs-ntl band=b1,longntl_annual_native500m_positive_pixel_sum_v1,曲靖,曲靖市,156530300,unique_exact_or_prefix,H3C IndexYear paired to same LongNTL calendar year by user instruction
玉溪市,2024,54.4,28018.0309109711,H3C live AllCityOneInfo API snapshot matched to workbook; workbook_sha256=6C7ABE1A06917FBF9BEEE26C7462ED00557EA038A5374DFC0EDA9BEB240AB753; model-year semantics follow the user's explicit instruction that IndexYear is the DEI year,projects/empyrean-caster-430308-m2/assets/city; update_time=2024-10-08T06:01:06.845098Z; source/licence/reference-year unresolved; one static layer used for all years,projects/sat-io/open-datasets/npp-viirs-ntl band=b1,longntl_annual_native500m_positive_pixel_sum_v1,玉溪,玉溪市,156530400,unique_exact_or_prefix,H3C IndexYear paired to same LongNTL calendar year by user instruction
保山市,2024,40.6,17425.9491473296,H3C live AllCityOneInfo API snapshot matched to workbook; workbook_sha256=6C7ABE1A06917FBF9BEEE26C7462ED00557EA038A5374DFC0EDA9BEB240AB753; model-year semantics follow the user's explicit instruction that IndexYear is the DEI year,projects/empyrean-caster-430308-m2/assets/city; update_time=2024-10-08T06:01:06.845098Z; source/licence/reference-year unresolved; one static layer used for all years,projects/sat-io/open-datasets/npp-viirs-ntl band=b1,longntl_annual_native500m_positive_pixel_sum_v1,保山,保山市,156530500,unique_exact_or_prefix,H3C IndexYear paired to same LongNTL calendar year by user instruction
昭通市,2024,41.4,28476.6479317226,H3C live AllCityOneInfo API snapshot matched to workbook; workbook_sha256=6C7ABE1A06917FBF9BEEE26C7462ED00557EA038A5374DFC0EDA9BEB240AB753; model-year semantics follow the user's explicit instruction that IndexYear is the DEI year,projects/empyrean-caster-430308-m2/assets/city; update_time=2024-10-08T06:01:06.845098Z; source/licence/reference-year unresolved; one static layer used for all years,projects/sat-io/open-datasets/npp-viirs-ntl band=b1,longntl_annual_native500m_positive_pixel_sum_v1,昭通,昭通市,156530600,unique_exact_or_prefix,H3C IndexYear paired to same LongNTL calendar year by user instruction
普洱市,2024,38.6,11927.4373233159,H3C live AllCityOneInfo API snapshot matched to workbook; workbook_sha256=6C7ABE1A06917FBF9BEEE26C7462ED00557EA038A5374DFC0EDA9BEB240AB753; model-year semantics follow the user's explicit instruction that IndexYear is the DEI year,projects/empyrean-caster-430308-m2/assets/city; update_time=2024-10-08T06:01:06.845098Z; source/licence/reference-year unresolved; one static layer used for all years,projects/sat-io/open-datasets/npp-viirs-ntl band=b1,longntl_annual_native500m_positive_pixel_sum_v1,普洱,普洱市,156530800,unique_exact_or_prefix,H3C IndexYear paired to same LongNTL calendar year by user instruction
临沧市,2024,39.1,16954.6315640141,H3C live AllCityOneInfo API snapshot matched to workbook; workbook_sha256=6C7ABE1A06917FBF9BEEE26C7462ED00557EA038A5374DFC0EDA9BEB240AB753; model-year semantics follow the user's explicit instruction that IndexYear is the DEI year,projects/empyrean-caster-430308-m2/assets/city; update_time=2024-10-08T06:01:06.845098Z; source/licence/reference-year unresolved; one static layer used for all years,projects/sat-io/open-datasets/npp-viirs-ntl band=b1,longntl_annual_native500m_positive_pixel_sum_v1,临沧,临沧市,156530900,unique_exact_or_prefix,H3C IndexYear paired to same LongNTL calendar year by user instruction
楚雄彝族自治州,2024,42.1,24269.8207080818,H3C live AllCityOneInfo API snapshot matched to workbook; workbook_sha256=6C7ABE1A06917FBF9BEEE26C7462ED00557EA038A5374DFC0EDA9BEB240AB753; model-year semantics follow the user's explicit instruction that IndexYear is the DEI year,projects/empyrean-caster-430308-m2/assets/city; update_time=2024-10-08T06:01:06.845098Z; source/licence/reference-year unresolved; one static layer used for all years,projects/sat-io/open-datasets/npp-viirs-ntl band=b1,longntl_annual_native500m_positive_pixel_sum_v1,楚雄,楚雄彝族自治州,156532300,unique_exact_or_prefix,H3C IndexYear paired to same LongNTL calendar year by user instruction
红河哈尼族彝族自治州,2024,51.8,39185.9917178131,H3C live AllCityOneInfo API snapshot matched to workbook; workbook_sha256=6C7ABE1A06917FBF9BEEE26C7462ED00557EA038A5374DFC0EDA9BEB240AB753; model-year semantics follow the user's explicit instruction that IndexYear is the DEI year,projects/empyrean-caster-430308-m2/assets/city; update_time=2024-10-08T06:01:06.845098Z; source/licence/reference-year unresolved; one static layer used for all years,projects/sat-io/open-datasets/npp-viirs-ntl band=b1,longntl_annual_native500m_positive_pixel_sum_v1,红河,红河哈尼族彝族自治州,156532500,unique_exact_or_prefix,H3C IndexYear paired to same LongNTL calendar year by user instruction
文山壮族苗族自治州,2024,39.9,20685.855169336,H3C live AllCityOneInfo API snapshot matched to workbook; workbook_sha256=6C7ABE1A06917FBF9BEEE26C7462ED00557EA038A5374DFC0EDA9BEB240AB753; model-year semantics follow the user's explicit instruction that IndexYear is the DEI year,projects/empyrean-caster-430308-m2/assets/city; update_time=2024-10-08T06:01:06.845098Z; source/licence/reference-year unresolved; one static layer used for all years,projects/sat-io/open-datasets/npp-viirs-ntl band=b1,longntl_annual_native500m_positive_pixel_sum_v1,文山,文山壮族苗族自治州,156532600,unique_exact_or_prefix,H3C IndexYear paired to same LongNTL calendar year by user instruction
大理白族自治州,2024,44.3,34721.8112028304,H3C live AllCityOneInfo API snapshot matched to workbook; workbook_sha256=6C7ABE1A06917FBF9BEEE26C7462ED00557EA038A5374DFC0EDA9BEB240AB753; model-year semantics follow the user's explicit instruction that IndexYear is the DEI year,projects/empyrean-caster-430308-m2/assets/city; update_time=2024-10-08T06:01:06.845098Z; source/licence/reference-year unresolved; one static layer used for all years,projects/sat-io/open-datasets/npp-viirs-ntl band=b1,longntl_annual_native500m_positive_pixel_sum_v1,大理,大理白族自治州,156532900,unique_exact_or_prefix,H3C IndexYear paired to same LongNTL calendar year by user instruction
拉萨市,2024,58.1,36418.9418264796,H3C live AllCityOneInfo API snapshot matched to workbook; workbook_sha256=6C7ABE1A06917FBF9BEEE26C7462ED00557EA038A5374DFC0EDA9BEB240AB753; model-year semantics follow the user's explicit instruction that IndexYear is the DEI year,projects/empyrean-caster-430308-m2/assets/city; update_time=2024-10-08T06:01:06.845098Z; source/licence/reference-year unresolved; one static layer used for all years,projects/sat-io/open-datasets/npp-viirs-ntl band=b1,longntl_annual_native500m_positive_pixel_sum_v1,拉萨,拉萨市,156540100,unique_exact_or_prefix,H3C IndexYear paired to same LongNTL calendar year by user instruction
西安市,2024,76.3,254763.818945268,H3C live AllCityOneInfo API snapshot matched to workbook; workbook_sha256=6C7ABE1A06917FBF9BEEE26C7462ED00557EA038A5374DFC0EDA9BEB240AB753; model-year semantics follow the user's explicit instruction that IndexYear is the DEI year,projects/empyrean-caster-430308-m2/assets/city; update_time=2024-10-08T06:01:06.845098Z; source/licence/reference-year unresolved; one static layer used for all years,projects/sat-io/open-datasets/npp-viirs-ntl band=b1,longntl_annual_native500m_positive_pixel_sum_v1,西安,西安市,156610100,unique_exact_or_prefix,H3C IndexYear paired to same LongNTL calendar year by user instruction
铜川市,2024,42.9,11548.5994031228,H3C live AllCityOneInfo API snapshot matched to workbook; workbook_sha256=6C7ABE1A06917FBF9BEEE26C7462ED00557EA038A5374DFC0EDA9BEB240AB753; model-year semantics follow the user's explicit instruction that IndexYear is the DEI year,projects/empyrean-caster-430308-m2/assets/city; update_time=2024-10-08T06:01:06.845098Z; source/licence/reference-year unresolved; one static layer used for all years,projects/sat-io/open-datasets/npp-viirs-ntl band=b1,longntl_annual_native500m_positive_pixel_sum_v1,铜川,铜川市,156610200,unique_exact_or_prefix,H3C IndexYear paired to same LongNTL calendar year by user instruction
宝鸡市,2024,54.6,38158.9106260547,H3C live AllCityOneInfo API snapshot matched to workbook; workbook_sha256=6C7ABE1A06917FBF9BEEE26C7462ED00557EA038A5374DFC0EDA9BEB240AB753; model-year semantics follow the user's explicit instruction that IndexYear is the DEI year,projects/empyrean-caster-430308-m2/assets/city; update_time=2024-10-08T06:01:06.845098Z; source/licence/reference-year unresolved; one static layer used for all years,projects/sat-io/open-datasets/npp-viirs-ntl band=b1,longntl_annual_native500m_positive_pixel_sum_v1,宝鸡,宝鸡市,156610300,unique_exact_or_prefix,H3C IndexYear paired to same LongNTL calendar year by user instruction
咸阳市,2024,63.3,106755.944853512,H3C live AllCityOneInfo API snapshot matched to workbook; workbook_sha256=6C7ABE1A06917FBF9BEEE26C7462ED00557EA038A5374DFC0EDA9BEB240AB753; model-year semantics follow the user's explicit instruction that IndexYear is the DEI year,projects/empyrean-caster-430308-m2/assets/city; update_time=2024-10-08T06:01:06.845098Z; source/licence/reference-year unresolved; one static layer used for all years,projects/sat-io/open-datasets/npp-viirs-ntl band=b1,longntl_annual_native500m_positive_pixel_sum_v1,咸阳,咸阳市,156610400,unique_exact_or_prefix,H3C IndexYear paired to same LongNTL calendar year by user instruction
渭南市,2024,47.5,49588.1593711984,H3C live AllCityOneInfo API snapshot matched to workbook; workbook_sha256=6C7ABE1A06917FBF9BEEE26C7462ED00557EA038A5374DFC0EDA9BEB240AB753; model-year semantics follow the user's explicit instruction that IndexYear is the DEI year,projects/empyrean-caster-430308-m2/assets/city; update_time=2024-10-08T06:01:06.845098Z; source/licence/reference-year unresolved; one static layer used for all years,projects/sat-io/open-datasets/npp-viirs-ntl band=b1,longntl_annual_native500m_positive_pixel_sum_v1,渭南,渭南市,156610500,unique_exact_or_prefix,H3C IndexYear paired to same LongNTL calendar year by user instruction
延安市,2024,51.5,51891.2329545685,H3C live AllCityOneInfo API snapshot matched to workbook; workbook_sha256=6C7ABE1A06917FBF9BEEE26C7462ED00557EA038A5374DFC0EDA9BEB240AB753; model-year semantics follow the user's explicit instruction that IndexYear is the DEI year,projects/empyrean-caster-430308-m2/assets/city; update_time=2024-10-08T06:01:06.845098Z; source/licence/reference-year unresolved; one static layer used for all years,projects/sat-io/open-datasets/npp-viirs-ntl band=b1,longntl_annual_native500m_positive_pixel_sum_v1,延安,延安市,156610600,unique_exact_or_prefix,H3C IndexYear paired to same LongNTL calendar year by user instruction
汉中市,2024,50.7,31163.4409320317,H3C live AllCityOneInfo API snapshot matched to workbook; workbook_sha256=6C7ABE1A06917FBF9BEEE26C7462ED00557EA038A5374DFC0EDA9BEB240AB753; model-year semantics follow the user's explicit instruction that IndexYear is the DEI year,projects/empyrean-caster-430308-m2/assets/city; update_time=2024-10-08T06:01:06.845098Z; source/licence/reference-year unresolved; one static layer used for all years,projects/sat-io/open-datasets/npp-viirs-ntl band=b1,longntl_annual_native500m_positive_pixel_sum_v1,汉中,汉中市,156610700,unique_exact_or_prefix,H3C IndexYear paired to same LongNTL calendar year by user instruction
榆林市,2024,62.8,158401.662327517,H3C live AllCityOneInfo API snapshot matched to workbook; workbook_sha256=6C7ABE1A06917FBF9BEEE26C7462ED00557EA038A5374DFC0EDA9BEB240AB753; model-year semantics follow the user's explicit instruction that IndexYear is the DEI year,projects/empyrean-caster-430308-m2/assets/city; update_time=2024-10-08T06:01:06.845098Z; source/licence/reference-year unresolved; one static layer used for all years,projects/sat-io/open-datasets/npp-viirs-ntl band=b1,longntl_annual_native500m_positive_pixel_sum_v1,榆林,榆林市,156610800,unique_exact_or_prefix,H3C IndexYear paired to same LongNTL calendar year by user instruction
安康市,2024,39.4,15675.6069293471,H3C live AllCityOneInfo API snapshot matched to workbook; workbook_sha256=6C7ABE1A06917FBF9BEEE26C7462ED00557EA038A5374DFC0EDA9BEB240AB753; model-year semantics follow the user's explicit instruction that IndexYear is the DEI year,projects/empyrean-caster-430308-m2/assets/city; update_time=2024-10-08T06:01:06.845098Z; source/licence/reference-year unresolved; one static layer used for all years,projects/sat-io/open-datasets/npp-viirs-ntl band=b1,longntl_annual_native500m_positive_pixel_sum_v1,安康,安康市,156610900,unique_exact_or_prefix,H3C IndexYear paired to same LongNTL calendar year by user instruction
兰州市,2024,65,70924.5832184132,H3C live AllCityOneInfo API snapshot matched to workbook; workbook_sha256=6C7ABE1A06917FBF9BEEE26C7462ED00557EA038A5374DFC0EDA9BEB240AB753; model-year semantics follow the user's explicit instruction that IndexYear is the DEI year,projects/empyrean-caster-430308-m2/assets/city; update_time=2024-10-08T06:01:06.845098Z; source/licence/reference-year unresolved; one static layer used for all years,projects/sat-io/open-datasets/npp-viirs-ntl band=b1,longntl_annual_native500m_positive_pixel_sum_v1,兰州,兰州市,156620100,unique_exact_or_prefix,H3C IndexYear paired to same LongNTL calendar year by user instruction
酒泉市,2024,43.2,36912.734820565,H3C live AllCityOneInfo API snapshot matched to workbook; workbook_sha256=6C7ABE1A06917FBF9BEEE26C7462ED00557EA038A5374DFC0EDA9BEB240AB753; model-year semantics follow the user's explicit instruction that IndexYear is the DEI year,projects/empyrean-caster-430308-m2/assets/city; update_time=2024-10-08T06:01:06.845098Z; source/licence/reference-year unresolved; one static layer used for all years,projects/sat-io/open-datasets/npp-viirs-ntl band=b1,longntl_annual_native500m_positive_pixel_sum_v1,酒泉,酒泉市,156620900,unique_exact_or_prefix,H3C IndexYear paired to same LongNTL calendar year by user instruction
庆阳市,2024,39.3,31500.2961938316,H3C live AllCityOneInfo API snapshot matched to workbook; workbook_sha256=6C7ABE1A06917FBF9BEEE26C7462ED00557EA038A5374DFC0EDA9BEB240AB753; model-year semantics follow the user's explicit instruction that IndexYear is the DEI year,projects/empyrean-caster-430308-m2/assets/city; update_time=2024-10-08T06:01:06.845098Z; source/licence/reference-year unresolved; one static layer used for all years,projects/sat-io/open-datasets/npp-viirs-ntl band=b1,longntl_annual_native500m_positive_pixel_sum_v1,庆阳,庆阳市,156621000,unique_exact_or_prefix,H3C IndexYear paired to same LongNTL calendar year by user instruction
西宁市,2024,59.1,49226.2648081934,H3C live AllCityOneInfo API snapshot matched to workbook; workbook_sha256=6C7ABE1A06917FBF9BEEE26C7462ED00557EA038A5374DFC0EDA9BEB240AB753; model-year semantics follow the user's explicit instruction that IndexYear is the DEI year,projects/empyrean-caster-430308-m2/assets/city; update_time=2024-10-08T06:01:06.845098Z; source/licence/reference-year unresolved; one static layer used for all years,projects/sat-io/open-datasets/npp-viirs-ntl band=b1,longntl_annual_native500m_positive_pixel_sum_v1,西宁,西宁市,156630100,unique_exact_or_prefix,H3C IndexYear paired to same LongNTL calendar year by user instruction
银川市,2024,57.5,120743.84520567,H3C live AllCityOneInfo API snapshot matched to workbook; workbook_sha256=6C7ABE1A06917FBF9BEEE26C7462ED00557EA038A5374DFC0EDA9BEB240AB753; model-year semantics follow the user's explicit instruction that IndexYear is the DEI year,projects/empyrean-caster-430308-m2/assets/city; update_time=2024-10-08T06:01:06.845098Z; source/licence/reference-year unresolved; one static layer used for all years,projects/sat-io/open-datasets/npp-viirs-ntl band=b1,longntl_annual_native500m_positive_pixel_sum_v1,银川,银川市,156640100,unique_exact_or_prefix,H3C IndexYear paired to same LongNTL calendar year by user instruction
乌鲁木齐市,2024,68.9,141639.141633568,H3C live AllCityOneInfo API snapshot matched to workbook; workbook_sha256=6C7ABE1A06917FBF9BEEE26C7462ED00557EA038A5374DFC0EDA9BEB240AB753; model-year semantics follow the user's explicit instruction that IndexYear is the DEI year,projects/empyrean-caster-430308-m2/assets/city; update_time=2024-10-08T06:01:06.845098Z; source/licence/reference-year unresolved; one static layer used for all years,projects/sat-io/open-datasets/npp-viirs-ntl band=b1,longntl_annual_native500m_positive_pixel_sum_v1,乌鲁木齐,乌鲁木齐市,156650100,unique_exact_or_prefix,H3C IndexYear paired to same LongNTL calendar year by user instruction
克拉玛依市,2024,43.4,45959.7408535149,H3C live AllCityOneInfo API snapshot matched to workbook; workbook_sha256=6C7ABE1A06917FBF9BEEE26C7462ED00557EA038A5374DFC0EDA9BEB240AB753; model-year semantics follow the user's explicit instruction that IndexYear is the DEI year,projects/empyrean-caster-430308-m2/assets/city; update_time=2024-10-08T06:01:06.845098Z; source/licence/reference-year unresolved; one static layer used for all years,projects/sat-io/open-datasets/npp-viirs-ntl band=b1,longntl_annual_native500m_positive_pixel_sum_v1,克拉玛依,克拉玛依市,156650200,unique_exact_or_prefix,H3C IndexYear paired to same LongNTL calendar year by user instruction
昌吉回族自治州,2024,50,98601.2110997883,H3C live AllCityOneInfo API snapshot matched to workbook; workbook_sha256=6C7ABE1A06917FBF9BEEE26C7462ED00557EA038A5374DFC0EDA9BEB240AB753; model-year semantics follow the user's explicit instruction that IndexYear is the DEI year,projects/empyrean-caster-430308-m2/assets/city; update_time=2024-10-08T06:01:06.845098Z; source/licence/reference-year unresolved; one static layer used for all years,projects/sat-io/open-datasets/npp-viirs-ntl band=b1,longntl_annual_native500m_positive_pixel_sum_v1,昌吉,昌吉回族自治州,156652300,unique_exact_or_prefix,H3C IndexYear paired to same LongNTL calendar year by user instruction
巴音郭楞蒙古自治州,2024,41.5,70148.0414708628,H3C live AllCityOneInfo API snapshot matched to workbook; workbook_sha256=6C7ABE1A06917FBF9BEEE26C7462ED00557EA038A5374DFC0EDA9BEB240AB753; model-year semantics follow the user's explicit instruction that IndexYear is the DEI year,projects/empyrean-caster-430308-m2/assets/city; update_time=2024-10-08T06:01:06.845098Z; source/licence/reference-year unresolved; one static layer used for all years,projects/sat-io/open-datasets/npp-viirs-ntl band=b1,longntl_annual_native500m_positive_pixel_sum_v1,巴音郭楞,巴音郭楞蒙古自治州,156652800,unique_exact_or_prefix,H3C IndexYear paired to same LongNTL calendar year by user instruction
阿克苏地区,2024,43.3,93384.2787824299,H3C live AllCityOneInfo API snapshot matched to workbook; workbook_sha256=6C7ABE1A06917FBF9BEEE26C7462ED00557EA038A5374DFC0EDA9BEB240AB753; model-year semantics follow the user's explicit instruction that IndexYear is the DEI year,projects/empyrean-caster-430308-m2/assets/city; update_time=2024-10-08T06:01:06.845098Z; source/licence/reference-year unresolved; one static layer used for all years,projects/sat-io/open-datasets/npp-viirs-ntl band=b1,longntl_annual_native500m_positive_pixel_sum_v1,阿克苏,阿克苏地区,156652900,unique_exact_or_prefix,H3C IndexYear paired to same LongNTL calendar year by user instruction
喀什地区,2024,41.3,65892.5808020657,H3C live AllCityOneInfo API snapshot matched to workbook; workbook_sha256=6C7ABE1A06917FBF9BEEE26C7462ED00557EA038A5374DFC0EDA9BEB240AB753; model-year semantics follow the user's explicit instruction that IndexYear is the DEI year,projects/empyrean-caster-430308-m2/assets/city; update_time=2024-10-08T06:01:06.845098Z; source/licence/reference-year unresolved; one static layer used for all years,projects/sat-io/open-datasets/npp-viirs-ntl band=b1,longntl_annual_native500m_positive_pixel_sum_v1,喀什,喀什地区,156653100,unique_exact_or_prefix,H3C IndexYear paired to same LongNTL calendar year by user instruction
伊犁哈萨克自治州,2024,49,62616.5961404455,H3C live AllCityOneInfo API snapshot matched to workbook; workbook_sha256=6C7ABE1A06917FBF9BEEE26C7462ED00557EA038A5374DFC0EDA9BEB240AB753; model-year semantics follow the user's explicit instruction that IndexYear is the DEI year,projects/empyrean-caster-430308-m2/assets/city; update_time=2024-10-08T06:01:06.845098Z; source/licence/reference-year unresolved; one static layer used for all years,projects/sat-io/open-datasets/npp-viirs-ntl band=b1,longntl_annual_native500m_positive_pixel_sum_v1,伊犁,伊犁哈萨克自治州,156654000,unique_exact_or_prefix,H3C IndexYear paired to same LongNTL calendar year by user instruction
