track,model,split,objective_score,text_score,overall_score,objective_weight,text_weight
fine_tune,lora7b_mock,private_test,0.9239032129210818,0.9212144258674004,0.9230965768049774,0.7,0.3
fine_tune,lora7b_mock,public_test,0.9200631827516412,0.8911144075072744,0.9113785501783312,0.7,0.3
fine_tune,lora7b_mock,val,0.907591850025496,0.917486497922841,0.9105602443946996,0.7,0.3
zero_shot,api_mock_random,private_test,0.4501784941046641,0.2452739471950887,0.3887071300317914,0.7,0.3
zero_shot,api_mock_random,public_test,0.4483178627024642,0.2553469717967191,0.3904265954307407,0.7,0.3
zero_shot,api_mock_random,val,0.4530489281593067,0.2478130150761562,0.3914781542343615,0.7,0.3
zero_shot,api_mock_strong,private_test,0.8797306827252225,0.8740050524339013,0.878012993637826,0.7,0.3
zero_shot,api_mock_strong,public_test,0.8911055255434207,0.8439020827030281,0.8769444926913028,0.7,0.3
zero_shot,api_mock_strong,val,0.8811619389633375,0.8799368522940912,0.8807944129625636,0.7,0.3
